recency_days,frequency_monthly,monetary_monthly,n_services,ovo_points_balance,tier_encoded,RFM_score,freq_trend,spend_trend,promo_sensitivity,points_to_expiry,churn_label,churn_prob_xgb,segment_rfm,tier,user_id
63,2,347000.0,1,3199,2,6,-0.5079977155840145,-33750.83493730964,0.3477521126942222,302,0,0.5198139,Hibernating,Silver,USR004098
11,12,327000.0,3,3031,2,11,12.762258590557952,1306.0987127657413,0.21024383082864198,354,0,0.22754282,Champions,Silver,USR002542
18,4,206000.0,1,2397,2,7,-4.192700488248479,569.7800121654373,0.025093929400120583,347,0,0.24716215,Promising,Silver,USR006910
9,29,2031000.0,3,19449,4,12,-1.0235834425817356,164.5746177387359,0.59187578648758,356,0,0.010671368,Champions,Platinum,USR000876
11,10,336000.0,2,3376,2,10,10.395748717986478,-625.1126178710412,0.15782924243356056,354,0,0.14684735,Champions,Silver,USR002760
9,14,754000.0,1,8214,3,12,-14.456402243300598,-77131.80369892594,0.47151418570417447,356,0,0.36987248,Champions,Gold,USR002677
18,9,306000.0,1,2608,2,9,-0.266418134389962,-1001.8147955623887,0.19903063551897773,347,0,0.20111585,Loyal,Silver,USR002302
229,0,13000.0,1,126,1,3,0.2144055902165028,2075.2730116603034,0.3600189602685689,136,1,0.9093414,Hibernating,Member,USR009724
15,7,145000.0,3,1169,1,8,7.421975700259465,28.348207458837393,0.38375042157506767,350,0,0.43659022,Loyal,Member,USR007922
89,5,324000.0,3,3528,2,6,-0.4311534680818405,-326.14564729774344,0.21615202758670887,276,0,0.6613013,Hibernating,Silver,USR005366
9,29,2355000.0,4,26410,4,12,0.5843613971156183,496.9857196237791,0.4833934976521091,356,0,0.062727325,Champions,Platinum,USR001423
14,3,171000.0,3,1446,1,7,-0.29156141566214905,16278.087223582104,0.12293293070996955,351,0,0.41701332,Promising,Member,USR006835
86,4,258000.0,1,2889,2,6,4.588604393708457,-788.8815353355542,0.6578018088829168,279,0,0.42190734,Hibernating,Silver,USR005022
362,0,74000.0,3,672,1,3,1.172026889416313,-9927.165604016593,0.29306479048149414,3,0,0.92863894,Hibernating,Member,USR008541
15,12,769000.0,2,8937,3,11,0.13991079797213857,78316.67484072392,0.08538893417059115,350,0,0.059755344,Loyal,Gold,USR003074
25,10,406000.0,1,3503,2,8,10.336378393599711,329.7862262602962,0.20585613598525357,340,1,0.19054358,At_Risk,Silver,USR002996
19,5,85000.0,3,838,1,6,-4.51475577019331,-436.06931804636434,0.10055495079071973,346,0,0.45570052,Promising,Member,USR006669
330,0,53000.0,1,619,1,3,-0.02504029942823332,-3709.217348956642,0.5952340586308466,35,1,0.8794663,Hibernating,Member,USR009470
7,16,1399000.0,3,15791,3,12,-0.531629343265639,-139486.16826151608,0.1999621810767452,358,0,0.06283006,Champions,Gold,USR000026
82,2,135000.0,1,1159,1,4,2.725170129379531,-672.5122630100434,0.4139459811520406,283,0,0.6220789,Hibernating,Member,USR005141
14,5,103000.0,1,858,1,6,-0.17030203887188336,-9893.1042427037,0.2607472675651697,351,0,0.28601497,Promising,Member,USR006049
18,5,112000.0,2,1143,1,6,4.584356052259055,-13047.597557017561,0.3006731568984652,347,1,0.30137753,Promising,Member,USR007393
7,5,118000.0,2,1080,1,8,-0.47324539799421406,11428.740421605984,0.22508796014342117,358,0,0.40360016,Promising,Member,USR007377
25,11,659000.0,3,5799,3,9,11.04767513716639,-930.6495645577362,0.2722584338902084,340,0,0.19544591,At_Risk,Gold,USR003071
232,0,44000.0,1,468,1,3,-0.280830278462713,2716.150197032931,0.05990412779912772,133,1,0.91735876,Hibernating,Member,USR009948
10,17,1654000.0,2,19485,4,12,-16.82761251370385,-1257.7036658592413,0.18849528169203433,355,0,0.006411812,Champions,Platinum,USR001116
18,8,731000.0,4,7646,3,10,-7.749418964965774,-430.62860179013427,0.24181326078649704,347,0,0.08854106,Loyal,Gold,USR002797
191,0,24000.0,1,238,1,3,1.0134085580211962,-431.3168505814919,0.2797002678954359,174,1,0.96611863,Hibernating,Member,USR009942
28,10,503000.0,1,4566,2,8,10.3739976993136,-874.4078870912738,0.17002055850220624,337,0,0.107467614,At_Risk,Silver,USR002736
59,4,234000.0,4,2118,2,6,0.20632068072148285,-678.870215685374,0.4855929470359143,306,1,0.4796331,Hibernating,Silver,USR004951
15,6,227000.0,2,2348,2,8,5.831898131666618,21493.699296848186,0.10595382822191901,350,0,0.42529282,Loyal,Silver,USR006562
13,18,2390000.0,4,26607,4,11,0.37602319180941485,-941.6859762946027,0.5797007841287396,352,0,0.0389216,Loyal,Platinum,USR000124
84,5,293000.0,4,3435,2,6,-4.199003672693293,1724.278249169265,0.4898972124185893,281,1,0.5288998,Hibernating,Silver,USR004054
10,12,592000.0,2,6357,2,11,-0.12258621092569286,-58927.65931986837,0.12241428269338744,355,0,0.1337895,Champions,Silver,USR003532
8,6,94000.0,2,799,1,8,-0.6646795294670319,-8727.354887952975,0.29730562010834444,357,0,0.28871417,Loyal,Member,USR007838
5,20,1392000.0,3,14652,3,12,20.30347130419332,-140044.13772369418,0.06350556561203057,360,0,0.018726524,Champions,Gold,USR000453
26,13,531000.0,2,4413,2,9,-0.17575668837944944,-54912.35728267211,0.24599075580317106,339,0,0.17711508,At_Risk,Silver,USR002297
202,0,31000.0,2,307,1,3,0.0317689775784085,-547.3351646642454,0.0866965798776602,163,1,0.9424246,Hibernating,Member,USR009285
7,10,629000.0,1,7371,3,11,-9.105280644461313,-964.5255932833192,0.05464928549434958,358,0,0.105565265,Champions,Gold,USR002125
67,5,332000.0,2,3668,2,8,-0.24622205620610838,-318.2449147568354,0.49453428537111577,298,1,0.49014717,At_Risk,Silver,USR004517
255,0,50000.0,1,478,1,3,1.008903224396515,4967.443905778581,0.4148712631105079,110,1,0.9431915,Hibernating,Member,USR008740
70,4,190000.0,1,2162,1,6,3.7556114775432965,18507.729205976335,0.17508611243872457,295,1,0.61383224,Hibernating,Member,USR004406
260,0,19000.0,1,178,1,3,0.9477536729956776,-2552.552903952607,0.13843186155651824,105,1,0.9144703,Hibernating,Member,USR009444
78,5,288000.0,1,2948,2,8,-0.08381576274418201,-29852.924619462465,0.36445084277098844,287,1,0.67435503,At_Risk,Silver,USR005565
122,0,39000.0,2,466,1,3,0.5285217095826829,-4086.808542893019,0.19296485984587072,243,1,0.93810636,Hibernating,Member,USR009029
62,4,155000.0,4,1361,1,6,-3.327441413194106,-423.95915744353726,0.11596795563622822,303,1,0.6155198,Hibernating,Member,USR005982
12,9,793000.0,1,6877,3,10,-0.42233863164662494,-78501.8922869156,0.6858995027703518,353,0,0.18586248,Loyal,Gold,USR002842
3,28,1064000.0,1,11945,3,12,-0.05179394732353235,-105994.12607429741,0.14971295036082674,362,0,0.10815057,Champions,Gold,USR001242
71,2,112000.0,1,1266,1,4,0.7756888605047466,12915.191810921317,0.27003358237447983,294,0,0.71590054,Hibernating,Member,USR005150
3,16,1838000.0,2,15736,4,12,-16.31461688169371,492.1250509796739,0.2769404703075491,362,0,0.035725098,Champions,Platinum,USR001430
16,6,226000.0,3,1914,2,8,-6.185018306284099,24092.72262869163,0.15845350079558335,349,0,0.4401898,Loyal,Silver,USR007890
25,13,710000.0,1,8436,3,10,13.386699908033806,-2030.7962694660584,0.37212353515842833,340,1,0.062469788,At_Risk,Gold,USR002953
19,7,244000.0,1,2716,2,9,6.95167304519093,-222.5909840039387,0.18324760678210844,346,1,0.31608257,Loyal,Silver,USR006394
12,12,426000.0,3,3939,2,9,11.471944215406456,-42536.55327133466,0.19099204579967122,353,0,0.07672951,Loyal,Silver,USR003541
46,3,183000.0,3,1973,1,6,3.200714829683731,-199.69908193814328,0.35030550600322297,319,0,0.63801557,Hibernating,Member,USR005769
26,8,616000.0,2,5086,3,9,-8.225184095628334,-62513.16155632666,0.2182070088712344,339,0,0.25571302,At_Risk,Gold,USR002487
4,6,104000.0,2,837,1,8,5.637191271718357,-9509.529910765063,0.30101673380147476,361,1,0.6376801,Loyal,Member,USR006519
64,5,204000.0,2,2077,2,6,-0.33191655141284515,-19698.177969719323,0.10513555624490063,301,1,0.63491327,Hibernating,Silver,USR005987
13,26,1958000.0,3,18772,4,11,-25.786921720176906,2862.077893122814,0.2772308333548081,352,0,0.023852037,Loyal,Platinum,USR001173
9,4,238000.0,1,2351,2,8,-0.6796006343316615,-249.35658055626288,0.6678442528436401,356,0,0.4354835,Promising,Silver,USR006025
55,5,247000.0,1,2614,2,7,-5.493329513862055,23506.02881697408,0.17793948434325765,310,1,0.50816333,Hibernating,Silver,USR005379
81,5,254000.0,2,2171,2,6,5.314469554848237,158.18350084720674,0.08905658186905363,284,0,0.57364976,Hibernating,Silver,USR005751
252,0,56000.0,2,464,1,3,-0.983547281453077,1245.0090488116948,0.3497528345430434,113,1,0.86993957,Hibernating,Member,USR009653
5,5,222000.0,2,1977,2,8,-0.435795235534214,-1727.259490938908,0.04388333766809917,360,0,0.20757292,Promising,Silver,USR006984
28,13,411000.0,2,4643,2,9,12.431653440539593,42374.118092607576,0.03469008049478193,337,0,0.14050183,At_Risk,Silver,USR003475
239,0,10000.0,3,94,1,3,0.1297394115432383,-173.73339869054234,0.12019426648137838,126,1,0.9335554,Hibernating,Member,USR008485
5,22,1871000.0,3,19972,4,12,21.868512542992146,-188286.19241573883,0.13721562048218974,360,0,0.08223555,Champions,Platinum,USR000939
15,3,213000.0,1,2391,2,7,-3.0211339992173967,2195.8471620885807,0.05853639297227614,350,0,0.23516738,Promising,Silver,USR006226
9,6,125000.0,4,1364,1,9,-5.370619380119965,944.1600582111546,0.05705098049125469,356,1,0.25243953,Loyal,Member,USR006401
355,0,62000.0,2,709,1,3,-0.11286131580606751,6715.586845353519,0.2833726289676042,10,1,0.9595474,Hibernating,Member,USR009703
197,0,76000.0,3,760,1,3,-0.1564182365257611,8148.978464203705,0.04259961135877459,168,0,0.9504347,Hibernating,Member,USR009123
16,7,217000.0,1,1797,2,8,-0.7710964470936115,-20731.297479294124,0.22138745307763552,349,1,0.28776923,Loyal,Silver,USR006327
5,7,93000.0,4,792,1,8,7.3852317978436135,206.1867036845048,0.3540420474153185,360,1,0.5554579,Loyal,Member,USR007911
3,3,205000.0,1,1676,2,8,2.872812791486719,-1053.0827448757445,0.22830666137176123,362,0,0.45561913,Promising,Silver,USR006654
55,2,125000.0,1,1264,1,5,0.5501964461393646,1440.5742979076167,0.04479936713861999,310,0,0.62977546,Hibernating,Member,USR005146
82,2,124000.0,3,1175,1,4,-1.2100965212992252,13204.314341420253,0.36002032096723824,283,1,0.77169067,Hibernating,Member,USR005680
313,0,79000.0,1,742,1,3,-0.12385359921724866,864.4058427070802,0.23150847179533057,52,1,0.9212976,Hibernating,Member,USR008812
20,5,154000.0,4,1565,1,8,-0.27524413013381477,-16346.328169170294,0.5240922021252375,345,0,0.245872,Loyal,Member,USR007800
12,16,1352000.0,4,12829,3,11,0.9073245836615389,134367.68453045326,0.44886403978104883,353,0,0.022201275,Loyal,Gold,USR000499
15,3,136000.0,2,1257,1,7,0.7150151944606846,-497.7660870338409,0.1755278421055801,350,0,0.37194276,Promising,Member,USR006471
123,0,46000.0,2,532,1,3,-0.17100867290238753,-5899.678552330366,0.17887631152460529,242,1,0.9358647,Hibernating,Member,USR008441
22,13,713000.0,1,6320,3,10,-13.857854159319064,-70969.26996490253,0.3373784049478787,343,0,0.19329417,At_Risk,Gold,USR002020
17,3,107000.0,4,1003,1,6,-0.47998625957202046,10898.22519329196,0.192388610958517,348,0,0.3302695,Promising,Member,USR006232
16,6,220000.0,1,2571,2,8,-5.602620738764033,-1334.509072112128,0.43053019867062714,349,1,0.35339397,Loyal,Silver,USR006434
25,9,604000.0,2,7064,3,9,0.23378745624107855,-61197.34484973551,0.40610888913219056,340,1,0.083672434,At_Risk,Gold,USR001776
323,0,30000.0,2,304,1,3,0.3336915515702843,-148.93543072163772,0.19749523625491816,42,0,0.9569578,Hibernating,Member,USR008038
15,3,242000.0,1,2535,2,8,3.83199313990405,-637.2256980459022,0.18188455696076997,350,1,0.34240305,Promising,Silver,USR006939
25,9,631000.0,1,5545,3,9,-0.04692280811168326,63109.06005375675,0.051322264491296905,340,0,0.05865754,At_Risk,Gold,USR003363
139,0,43000.0,1,483,1,3,-0.19515207455584963,-2709.512238712222,0.6131754162387278,226,1,0.9614031,Hibernating,Member,USR008071
244,0,57000.0,1,592,1,3,0.2542676588135654,-340.8195920585093,0.19175277068497884,121,1,0.93922246,Hibernating,Member,USR009371
16,5,155000.0,1,1652,1,7,-0.3864168654444819,14200.91096507453,0.2754838704954215,349,0,0.33674908,Promising,Member,USR006908
112,0,20000.0,2,179,1,3,0.47485019213893487,1477.8501378866124,0.0931284850640972,253,1,0.9422635,Hibernating,Member,USR008077
19,5,109000.0,1,978,1,6,0.027815061882894274,-13292.484831541118,0.16552672348082945,346,1,0.37036824,Promising,Member,USR006334
69,5,157000.0,2,1284,1,7,-0.09379941063841987,15281.342941643654,0.2380017112674871,296,0,0.64053434,At_Risk,Member,USR005759
1,29,1071000.0,2,10902,3,12,-0.40969341524939534,109126.19597719397,0.059809635870507256,364,0,0.012855466,Champions,Gold,USR000020
77,2,349000.0,1,3423,2,6,2.31279565125328,-35675.37900413656,0.20494463249064837,288,1,0.61915493,Hibernating,Silver,USR004354
187,0,14000.0,2,117,1,3,-1.0307615560561247,1229.1137382160462,0.18386626934192035,178,1,0.904659,Hibernating,Member,USR009213
2,25,2036000.0,3,19314,4,12,0.8641646902831667,532.2623999156976,0.14101899162608186,363,0,0.117693566,Champions,Platinum,USR000937
3,24,1192000.0,3,10224,3,12,23.681900779398937,-120954.82905973509,0.45202259271210854,362,0,0.0143410545,Champions,Gold,USR000944
13,5,227000.0,1,2424,2,7,0.04818856155701794,-20977.767689401782,0.8101267867635817,352,1,0.11193772,Promising,Silver,USR006678
16,5,174000.0,2,1950,1,7,-0.49019412574173743,-693.1154268296173,0.2508516901282353,349,0,0.29550973,Promising,Member,USR007495
149,0,48000.0,1,475,1,3,-0.2535141313955118,-3678.0322625721747,0.25716451148841973,216,1,0.9334697,Hibernating,Member,USR009360
12,22,2406000.0,4,27172,4,11,22.005584004753164,240360.3533703454,0.18894758620935606,353,0,0.062097564,Loyal,Platinum,USR000899
106,0,8000.0,2,92,1,3,0.012323689105271474,339.4850471226065,0.08734129527723562,259,1,0.8971261,Hibernating,Member,USR008017
166,0,16000.0,3,137,1,3,0.20682394914118676,2852.575371442821,0.21530911132840105,199,1,0.92458385,Hibernating,Member,USR008005
321,0,61000.0,2,680,1,3,0.37847636806391005,7295.049759610986,0.4814107669912648,44,1,0.93112826,Hibernating,Member,USR008902
83,5,145000.0,4,1728,1,5,0.3433870352516775,14451.004031359456,0.24405633811799254,282,0,0.64549005,Hibernating,Member,USR004220
8,10,684000.0,2,5835,3,11,-9.315065888319044,-68517.2963722299,0.8012716325446034,357,0,0.06349081,Champions,Gold,USR003098
19,11,302000.0,1,2983,2,9,0.38189988618162996,-1278.7014707710064,0.20335421731132997,346,0,0.15174837,Loyal,Silver,USR001860
86,3,203000.0,1,2351,2,5,2.4964025062365107,157.77131125366864,0.44722916943779434,279,1,0.4231795,Hibernating,Silver,USR004484
334,0,45000.0,1,452,1,3,-0.4516465553895546,-4558.20605313308,0.17619825771104763,31,1,0.89337605,Hibernating,Member,USR009606
78,5,177000.0,1,1744,1,6,5.387837649807844,-18663.670292447554,0.27172762180130633,287,1,0.63703614,Hibernating,Member,USR004371
13,9,482000.0,1,4495,2,9,8.826947864109993,48024.02594538338,0.4561661760508229,352,0,0.15138389,Loyal,Silver,USR002234
10,17,2272000.0,4,19655,4,12,16.593093179035534,311.1864967043543,0.2378968971264024,355,0,0.016422978,Champions,Platinum,USR000756
3,17,1870000.0,2,17913,4,12,-1.0307027120114525,-373.21817937666424,0.34887463292105986,362,0,0.06959961,Champions,Platinum,USR001280
85,3,259000.0,2,2876,2,6,2.897080070039328,-25546.69356017263,0.49727301365357973,280,1,0.6148522,Hibernating,Silver,USR005100
224,0,65000.0,1,714,1,3,1.2244061528701136,5509.0870459179105,0.21300605894361316,141,1,0.94708836,Hibernating,Member,USR009500
83,4,166000.0,3,1715,1,5,0.191727507427108,-985.5001835803399,0.023490349693693024,282,1,0.75833225,Hibernating,Member,USR004350
6,21,1504000.0,1,16996,4,12,0.2940786322179326,-149637.81841680108,0.3540894230335866,359,0,0.119716145,Champions,Platinum,USR001419
20,8,774000.0,1,7854,3,10,-7.885906355519523,76736.44835566229,0.24900198528154185,345,0,0.18422832,Loyal,Gold,USR001590
2,20,1126000.0,4,13237,3,12,-19.48063647027891,-113029.74666344396,0.09541420941976962,363,0,0.010295169,Champions,Gold,USR000896
234,0,46000.0,1,392,1,3,0.147597684079418,5149.892886416624,0.37371613300724355,131,1,0.94534504,Hibernating,Member,USR009044
83,4,162000.0,1,1318,1,5,-0.10028559032788428,-1494.5778710292361,0.14723017275311373,282,0,0.5694118,Hibernating,Member,USR004174
301,0,80000.0,1,815,1,3,-0.6090880334036595,7099.0707815337955,0.15062680851576885,64,1,0.92535627,Hibernating,Member,USR009616
8,9,315000.0,2,3436,2,10,-9.735605872139576,686.7996204689136,0.043270110774007775,357,0,0.066022165,Champions,Silver,USR002983
9,28,2473000.0,2,21611,4,12,27.979359613303814,1572.1263364721447,0.21351157528077108,356,0,0.02531814,Champions,Platinum,USR000660
92,0,72000.0,2,671,1,3,0.6721422876172982,-6613.150765204388,0.21472281582748887,273,1,0.89057064,Hibernating,Member,USR009286
51,2,132000.0,4,1260,1,5,-1.5961302220079245,13548.079883698492,0.06188938324754273,314,1,0.5665179,Hibernating,Member,USR005993
360,0,47000.0,1,560,1,3,-0.23297548903602538,680.5505378190821,0.1776836012017887,5,1,0.945299,Hibernating,Member,USR008909
4,27,2046000.0,4,18262,4,12,27.41128646060024,535.5541388113065,0.26151564671961275,361,0,0.01427274,Champions,Platinum,USR001426
82,5,302000.0,3,2539,2,7,5.343144270865907,-30167.416929500414,0.21808615207910007,283,1,0.6389609,At_Risk,Silver,USR005535
2,29,1414000.0,2,13489,3,12,0.27564166638779375,141512.69850904695,0.5231473209029366,363,0,0.03294585,Champions,Gold,USR001206
18,3,136000.0,1,1160,1,7,-0.39077992961229246,13873.927307596283,0.1893623659004444,347,1,0.37584874,Promising,Member,USR007455
16,13,497000.0,2,4640,2,10,-0.35005879590770667,49586.177372510574,0.44437938982879027,349,0,0.16535796,Loyal,Silver,USR002172
276,0,61000.0,3,727,1,3,0.8314657235949188,5818.369484027253,0.33090726621893984,89,1,0.9539456,Hibernating,Member,USR008310
72,3,270000.0,3,2503,2,7,-2.121811006186004,27153.253499318114,0.21122643372221528,293,1,0.6335262,Hibernating,Silver,USR005633
14,6,218000.0,3,2509,2,8,-6.341690518260065,22155.048606596156,0.5169026666187264,351,0,0.36668375,Loyal,Silver,USR006932
21,9,429000.0,1,3964,2,9,-0.4392493954847524,42825.40641484483,0.17632979203300375,344,0,0.15895382,Loyal,Silver,USR002153
13,8,346000.0,1,3082,2,9,-8.9896648474982,-726.7437429665786,0.17038375253049684,352,0,0.14960065,Loyal,Silver,USR001907
18,6,207000.0,2,1694,2,8,5.907367042534821,90.75304716246792,0.28869453472305934,347,0,0.37226096,Loyal,Silver,USR006198
335,0,7000.0,3,74,1,3,-0.8485480716447277,-1480.5188533131738,0.11107575798627659,30,1,0.8872445,Hibernating,Member,USR009801
6,6,128000.0,2,1143,1,9,5.495759286356842,467.6580186903612,0.15361488016397812,359,1,0.47965991,Loyal,Member,USR006274
9,5,176000.0,1,1709,1,8,-4.236433807922435,18797.67922453351,0.07903594554077199,356,1,0.47819513,Promising,Member,USR007706
87,3,194000.0,2,1633,1,5,-3.2397297054752294,360.9888250414084,0.44878563397872623,278,0,0.5963342,Hibernating,Member,USR005276
27,13,307000.0,1,3133,2,9,-13.166136350625044,122.75782140935802,0.12691115283008012,338,0,0.14736153,At_Risk,Silver,USR001534
50,3,264000.0,4,2801,2,7,3.4959631549434773,25763.719650274797,0.23836798236114176,315,0,0.62781334,Hibernating,Silver,USR004191
27,12,776000.0,4,7406,3,10,12.500663067399795,-75488.21764936837,0.2150230210051723,338,0,0.07488826,At_Risk,Gold,USR003900
61,4,176000.0,1,1646,1,6,3.8300081388242404,17202.076989192577,0.46860655032316045,304,0,0.5830797,Hibernating,Member,USR004706
3,28,1112000.0,3,13112,3,12,0.1033388142695581,1855.9359135339641,0.0990622374286915,362,0,0.011595914,Champions,Gold,USR000122
12,23,1634000.0,2,15312,4,11,-23.328979063832755,-1062.7117606434356,0.5260326256655004,353,0,0.0073492383,Loyal,Platinum,USR001083
11,22,1626000.0,2,15296,4,12,22.361498467312163,-164140.6671311913,0.06612849631022678,354,0,0.014566532,Champions,Platinum,USR000722
13,9,581000.0,3,5140,2,9,-9.135557574180954,-31.39033582737019,0.28776890501303737,352,0,0.20695533,Loyal,Silver,USR001548
15,7,148000.0,4,1464,1,8,0.01737061676951211,-1868.3113111391456,0.17843226993434277,350,0,0.29954395,Loyal,Member,USR006164
14,7,86000.0,4,724,1,7,6.066775923618263,8266.437522796165,0.3891790161669498,351,0,0.4505154,Loyal,Member,USR006460
7,7,233000.0,3,2002,2,9,-8.625166738097853,24935.599730102094,0.2648213023044375,358,0,0.3952066,Loyal,Silver,USR007524
12,10,575000.0,3,5382,2,9,-10.136566071859626,-57757.56593460529,0.23703117175268382,353,1,0.11454014,Loyal,Silver,USR003121
10,7,144000.0,4,1707,1,9,6.7201729095874185,-14684.346357474342,0.3625408840151186,355,0,0.21813862,Loyal,Member,USR007327
24,13,481000.0,1,4512,2,9,-0.5981699496051059,-2457.4002679538485,0.366244602099032,341,0,0.18464653,At_Risk,Silver,USR003897
6,3,240000.0,2,2510,2,8,-0.4190882411657657,-21797.784855317826,0.4499534958586713,359,0,0.3387842,Promising,Silver,USR007261
7,14,676000.0,1,5477,3,12,-14.215213849400358,-1377.94017655884,0.36163948968418397,358,1,0.3814718,Champions,Gold,USR003509
9,5,249000.0,2,2257,2,9,-5.450080113936831,15.695613275823723,0.11626229734892515,356,0,0.3547603,Promising,Silver,USR006117
327,0,41000.0,1,464,1,3,0.13504220567388203,4273.465665668649,0.3151277809728235,38,1,0.93288696,Hibernating,Member,USR009157
8,9,423000.0,1,4056,2,10,-8.735865030542447,42244.564320875805,0.35879645468487553,357,0,0.21746306,Champions,Silver,USR003874
110,0,13000.0,2,104,1,3,0.04092216726476941,673.4214070919132,0.3295862073747488,255,0,0.8657566,Hibernating,Member,USR009217
56,2,154000.0,4,1400,1,5,1.9222887837361202,-66.45212366792694,0.3495140502652746,309,1,0.7405323,Hibernating,Member,USR004519
27,12,590000.0,1,5487,2,9,-0.015580182400738808,970.1670531946444,0.21146969427273557,338,1,0.27166948,At_Risk,Silver,USR003650
128,0,27000.0,2,314,1,3,-0.46730445629511563,-3683.3516905833867,0.4026110835774261,237,1,0.92315114,Hibernating,Member,USR009119
8,11,396000.0,4,4310,2,10,11.513941945716704,-840.5797480802279,0.5007516999196078,357,0,0.06486762,Champions,Silver,USR003115
131,0,71000.0,3,753,1,3,0.10839563880224665,-2747.2321421142715,0.35658526406794516,234,1,0.8676568,Hibernating,Member,USR009514
6,26,836000.0,4,7400,3,12,0.30676806459259415,85013.78240385935,0.05658004588924806,359,0,0.010254253,Champions,Gold,USR001388
15,3,247000.0,1,2297,2,8,-0.0741415689637015,-906.6321640953793,0.37200015062005287,350,1,0.32584965,Promising,Silver,USR006404
24,13,340000.0,2,3712,2,9,-12.56995746612859,-473.525630282306,0.20562366671530521,341,0,0.13489003,At_Risk,Silver,USR002078
97,0,72000.0,1,719,1,3,0.7714440527695592,-9260.49382007117,0.30036870625455414,268,1,0.86310107,Hibernating,Member,USR008300
137,0,50000.0,1,598,1,3,0.021711704408205506,1542.7487877357553,0.0480807599233274,228,1,0.91888845,Hibernating,Member,USR009895
26,8,681000.0,1,7572,3,9,-7.445396008706634,-470.0138660676501,0.40663957472035867,339,0,0.08265689,At_Risk,Gold,USR002050
88,5,204000.0,1,1684,2,5,4.290283401727495,-20990.524569839425,0.3178144032411053,277,0,0.42238957,Hibernating,Silver,USR004343
69,5,155000.0,1,1465,1,6,-5.115393076051361,201.5196711487438,0.288316834327376,296,1,0.51503336,Hibernating,Member,USR005111
199,0,4000.0,3,46,1,3,-0.6291481926254527,2421.3421166717644,0.31917731646502506,166,1,0.8970288,Hibernating,Member,USR008906
266,0,19000.0,2,227,1,3,-0.5773171693644221,-1329.5209583181736,0.08133992856532249,99,1,0.85223824,Hibernating,Member,USR009862
5,6,141000.0,2,1360,1,9,-0.2234887764030204,914.8105363496998,0.29032066158348485,360,0,0.37218845,Loyal,Member,USR006927
18,7,160000.0,3,1786,1,8,0.11346597190012393,17244.69452702385,0.10072932682907404,347,0,0.40385985,Loyal,Member,USR006874
62,3,304000.0,1,3162,2,7,2.361314433224691,-945.4066391951711,0.2800842701016119,303,0,0.58678013,Hibernating,Silver,USR005697
19,9,765000.0,4,7177,3,10,0.64981564265172,-76742.82037189422,0.41201123043188437,346,1,0.13094084,Loyal,Gold,USR003200
5,23,1295000.0,4,12477,3,12,0.18365969392459833,-252.2898602867978,0.18584066051619552,360,0,0.01124831,Champions,Gold,USR000517
25,11,779000.0,1,9054,3,9,0.5280208032292772,76828.30136948431,0.12831748065048976,340,0,0.043875013,At_Risk,Gold,USR002460
3,17,1790000.0,2,21316,4,12,0.13799292471026986,-666.9805191119143,0.2151621327608026,362,0,0.024770327,Champions,Platinum,USR000806
24,8,403000.0,1,3371,2,8,8.021602024342751,-125.11660997129617,0.6479509397830427,341,0,0.120864436,At_Risk,Silver,USR003807
51,3,116000.0,1,1080,1,6,3.165306630545203,-13110.94576734007,0.2849209514338298,314,0,0.48742524,Hibernating,Member,USR004767
6,15,2224000.0,3,20528,4,12,15.135605737639986,-223424.23088723473,0.07368836084319783,359,0,0.03488339,Champions,Platinum,USR000832
17,10,640000.0,1,5513,3,10,10.69278761697074,-430.84641761581776,0.36155868885553716,348,0,0.1464474,Loyal,Gold,USR003580
26,13,614000.0,3,7336,3,10,-12.376917501061028,155.15197528065528,0.17452562324842902,339,0,0.054544833,At_Risk,Gold,USR002557
21,14,496000.0,4,5947,2,10,0.06404944217949333,-49094.08461199944,0.32726974106513596,344,0,0.18236695,Loyal,Silver,USR003675
64,5,281000.0,1,2868,2,7,-0.21171829158963879,27287.415447300853,0.14424484853689812,301,1,0.39070272,Hibernating,Silver,USR005685
21,10,536000.0,1,6340,2,9,-9.956017861262863,-552.0690810595465,0.10041704623897577,344,0,0.10915408,Loyal,Silver,USR002593
66,3,235000.0,3,2462,2,6,0.03473905811053932,22470.27640231392,0.12412803946207279,299,1,0.57675904,Hibernating,Silver,USR005347
1,28,1315000.0,3,13361,3,12,28.151481153749366,349.79276652962886,0.3669239104922852,364,0,0.010372766,Champions,Gold,USR000505
24,11,631000.0,1,6387,3,9,0.47274865232969737,64345.58823698008,0.010915811231650826,341,0,0.29873252,At_Risk,Gold,USR001782
16,6,158000.0,3,1806,1,8,-0.11542448395185526,-15614.540561883054,0.4332324118624189,349,0,0.2809974,Loyal,Member,USR007809
50,5,213000.0,1,2499,2,7,0.42845263525255,20538.88653109191,0.06246121398194394,315,0,0.5011838,At_Risk,Silver,USR005645
165,0,45000.0,1,523,1,3,-0.2649964658517377,-6977.903509100612,0.27447982348702854,200,0,0.9089144,Hibernating,Member,USR008873
50,3,228000.0,1,2675,2,6,-0.32905674654584727,22841.054368431047,0.33305452953379305,315,1,0.6241997,Hibernating,Silver,USR005393
13,8,464000.0,1,5089,2,9,-7.637585313257084,46869.480217992306,0.5480631729835186,352,0,0.35297358,Loyal,Silver,USR002377
18,10,515000.0,4,5386,2,9,-9.773618706075967,-51019.81125492796,0.3521373434775392,347,0,0.15692069,Loyal,Silver,USR002211
54,2,315000.0,3,2888,2,6,-2.2432463077727425,178.20680497499222,0.23527656776387443,311,1,0.57637644,Hibernating,Silver,USR005104
4,22,1457000.0,2,15502,3,12,-22.29724886121336,-145574.45160867085,0.08242337833576634,361,0,0.015461447,Champions,Gold,USR000308
10,3,192000.0,1,1654,1,8,-0.7014645362065555,1122.3679453011257,0.19230495655476704,355,1,0.41191405,Promising,Member,USR007906
20,10,529000.0,1,4624,2,9,-0.43208603958698244,-273.58801891233037,0.25917955725011044,345,0,0.13940129,Loyal,Silver,USR003796
309,0,38000.0,2,377,1,3,-0.3978275669129038,-4431.3994202708345,0.19775462602084037,56,0,0.9442442,Hibernating,Member,USR008015
3,7,115000.0,3,1338,1,9,-0.5365951370335247,-1874.233998697129,0.3056213140451371,362,0,0.3102595,Loyal,Member,USR006607
73,2,149000.0,2,1736,1,5,-0.8066841181024699,-16678.278101255066,0.027537306988489725,292,0,0.7135669,Hibernating,Member,USR004292
16,12,757000.0,4,6145,3,11,-12.04900048339167,-25.788507486763148,0.5086109895830618,349,0,0.1928591,Loyal,Gold,USR002999
9,12,400000.0,3,3516,2,10,-0.66242289046637,-225.0322689615891,0.16457391357569554,356,0,0.15426008,Champions,Silver,USR003061
357,0,47000.0,1,487,1,3,-0.3482305448933442,4586.4282578983675,0.4042149658506797,8,1,0.9352667,Hibernating,Member,USR009209
192,0,52000.0,2,485,1,3,-0.7757687104840634,3977.236576776124,0.2474236825673133,173,0,0.9351298,Hibernating,Member,USR009214
13,11,436000.0,1,5085,2,9,-10.473344860179065,43384.45767908109,0.23435955338868483,352,0,0.15786476,Loyal,Silver,USR002192
176,0,72000.0,1,663,1,3,-0.5560931506392792,241.55679420538098,0.09719280053255568,189,0,0.92970073,Hibernating,Member,USR008030
188,0,4000.0,4,37,1,3,-0.29253158569829973,29.491194598528804,0.5501866849920588,177,1,0.87380916,Hibernating,Member,USR009969
107,0,58000.0,1,660,1,3,0.7664891237655423,-2547.6066726620525,0.17816071976294226,258,1,0.9210526,Hibernating,Member,USR008632
19,6,218000.0,1,2395,2,8,6.037203335963073,-22898.02330895772,0.20747250234349976,346,0,0.37720805,Loyal,Silver,USR006758
12,4,152000.0,3,1269,1,7,-3.3637583345756203,15630.364862834513,0.11979828274347816,353,0,0.54217947,Promising,Member,USR007197
55,5,348000.0,3,2915,2,8,4.9178931079792525,144.23793223703035,0.06898360133086284,310,1,0.55759686,At_Risk,Silver,USR004155
14,9,365000.0,2,3838,2,9,-9.594470559026675,176.02763667750972,0.14632891210743998,351,0,0.14293864,Loyal,Silver,USR001915
19,8,309000.0,4,3086,2,9,0.7641657817431228,-31145.949784545606,0.17744567747374806,346,0,0.2922151,Loyal,Silver,USR001593
297,0,78000.0,3,670,1,3,0.09055614444471494,2244.40673789221,0.3957300097458537,68,1,0.93498814,Hibernating,Member,USR008637
13,5,96000.0,1,1126,1,6,5.034103391301418,9723.990784065809,0.5639700452889435,352,0,0.39666498,Promising,Member,USR007536
3,17,2033000.0,3,20191,4,12,-0.20252547647277638,-202906.97721669526,0.30671263849746844,362,0,0.02782521,Champions,Platinum,USR001301
17,12,762000.0,1,7152,3,11,-13.080651943151182,74984.639017393,0.44629662573641277,348,0,0.48191735,Loyal,Gold,USR002619
13,5,228000.0,1,2414,2,7,5.27934764146091,-725.3471292064455,0.5394563648011778,352,0,0.38218245,Promising,Silver,USR007829
101,0,50000.0,1,545,1,3,-0.17566746772785585,5791.070986113584,0.14136921835153907,264,1,0.95276415,Hibernating,Member,USR009437
51,4,239000.0,1,2428,2,6,-0.11246011546776086,456.5331732460514,0.6004876518368439,314,0,0.6813058,Hibernating,Silver,USR005715
60,2,185000.0,1,1898,1,5,0.24095081602016932,19173.54416230882,0.7040463870566369,305,0,0.5997115,Hibernating,Member,USR005002
128,0,46000.0,1,441,1,3,0.23165075511711541,156.83216653619,0.3000417525228976,237,1,0.92210543,Hibernating,Member,USR008467
51,4,114000.0,4,1171,1,6,3.7048890168471824,-1976.5943199957308,0.28429534147225977,314,0,0.54931426,Hibernating,Member,USR005070
129,0,43000.0,1,481,1,3,0.6491672448877084,3074.5454527810884,0.2581039977769657,236,0,0.9438829,Hibernating,Member,USR008449
53,3,157000.0,1,1293,1,6,2.1473961961119916,633.6370719826829,0.3795427445058297,312,1,0.62914747,Hibernating,Member,USR005753
13,7,188000.0,1,2172,1,8,-6.851713661652846,1825.7245471685153,0.05742203790470403,352,0,0.20058191,Loyal,Member,USR007606
83,2,213000.0,2,2453,2,4,-0.20005983065056548,768.9718918985177,0.2549678662783069,282,0,0.6596117,Hibernating,Silver,USR004902
10,14,501000.0,1,4148,2,11,13.544203311706926,170.10647865734285,0.2462981133782229,355,0,0.1277888,Champions,Silver,USR002646
72,2,317000.0,1,3178,2,6,-1.4963478212633687,-1506.6164641123082,0.32535077719195765,293,1,0.60652,Hibernating,Silver,USR005234
159,0,60000.0,1,623,1,3,0.07098995693700266,6850.233051837019,0.1367025382298291,206,0,0.91176826,Hibernating,Member,USR008243
12,27,1259000.0,2,13017,3,11,27.124862743526798,125741.16401962747,0.20428182947188278,353,0,0.010488027,Loyal,Gold,USR000232
4,15,1611000.0,2,13556,4,12,-15.13253249844429,-160376.12031339944,0.24410944078303726,361,0,0.011471214,Champions,Platinum,USR000333
313,0,21000.0,1,220,1,3,0.07626294144880828,4084.9768824952152,0.04939030913798028,52,1,0.9027765,Hibernating,Member,USR009828
9,9,472000.0,1,4870,2,10,-9.153296537339191,2348.87597041423,0.32701004660987987,356,0,0.28646085,Champions,Silver,USR002581
23,8,568000.0,2,5913,2,8,7.870520582616243,-169.25328582761372,0.16829620857082855,342,0,0.11430842,At_Risk,Silver,USR003557
337,0,43000.0,1,370,1,3,-0.06665790325905313,-237.47733654357458,0.33941670450650235,28,1,0.9314261,Hibernating,Member,USR009824
17,7,89000.0,1,806,1,7,-0.14014135653859036,-9247.805164639836,0.17774434491125085,348,1,0.24326663,Loyal,Member,USR007467
9,25,815000.0,2,9676,3,12,-25.21699523110798,-84005.03458948153,0.07455700361801924,356,0,0.039670072,Champions,Gold,USR000323
10,12,786000.0,3,6611,3,12,12.247261246024387,-77817.25192877014,0.1376058725972598,355,0,0.06638538,Champions,Gold,USR001756
9,8,612000.0,1,6907,3,11,-7.435521632408526,61524.64790491986,0.15009517953568557,356,0,0.3143257,Champions,Gold,USR003347
12,3,218000.0,3,2255,2,7,0.3929870494327302,-22028.978669193806,0.21862909379069892,353,0,0.32577413,Promising,Silver,USR006387
4,3,236000.0,4,2234,2,8,-0.5131768111949481,22800.398425053838,0.16415486384050731,361,0,0.37713632,Promising,Silver,USR007880
9,13,610000.0,3,5081,3,12,1.018605319859179,-59255.00373227207,0.0889378712892621,356,0,0.07475467,Champions,Gold,USR001516
10,28,2301000.0,1,24414,4,12,0.1000470295641968,-2704.7045204249252,0.33171543962317285,355,0,0.036737576,Champions,Platinum,USR000974
14,3,193000.0,3,2113,1,7,-2.903690426206532,-18385.054737471688,0.4632544410260448,351,1,0.2286921,Promising,Member,USR007610
113,0,43000.0,4,385,1,3,0.26000219040040495,-3115.058632378953,0.15566469266636968,252,0,0.9293224,Hibernating,Member,USR009992
8,7,170000.0,1,1824,1,9,0.41766671768241764,15312.643824822288,0.20892032423852122,357,1,0.3535565,Loyal,Member,USR006632
17,3,143000.0,3,1652,1,7,-2.7375675041374357,-14565.37358112884,0.3841487496395198,348,1,0.27087238,Promising,Member,USR007035
10,20,1018000.0,1,10774,3,12,-19.63071698039897,-101890.69916131847,0.5343659396039923,355,0,0.07886305,Champions,Gold,USR000609
19,5,214000.0,2,2200,2,7,-5.121187729052556,-539.4260614593801,0.4287463570135022,346,1,0.27712303,Promising,Silver,USR007774
58,5,165000.0,3,1822,1,6,0.7990554478758795,16187.153404394023,0.1379127662950775,307,0,0.5134591,Hibernating,Member,USR005517
12,3,208000.0,2,2129,2,7,-0.1931185443556837,-19068.307011346376,0.28197504181506045,353,1,0.3324423,Promising,Silver,USR007426
233,0,57000.0,1,494,1,3,0.12270487088566995,4473.794924346254,0.6177996502597951,132,1,0.9572177,Hibernating,Member,USR009551
5,4,229000.0,2,2653,2,8,-0.4985301636816312,-1185.6837912439094,0.3066306080169695,360,0,0.2767236,Promising,Silver,USR007306
85,4,318000.0,1,3439,2,6,-0.5869366631530144,-30363.431648273163,0.5178210507194055,280,0,0.62331915,Hibernating,Silver,USR004742
3,18,1304000.0,3,13130,3,12,-17.902522453793907,-129419.72100889063,0.3751274517310035,362,1,0.01997624,Champions,Gold,USR000590
24,12,705000.0,3,8009,3,10,-0.4602443938697891,-1006.6300727987933,0.36220800276826415,341,1,0.103208505,At_Risk,Gold,USR001694
29,11,507000.0,1,4424,2,8,-11.479866167416468,1380.3195745797507,0.05493913907902186,336,0,0.06486049,At_Risk,Silver,USR002597
15,14,718000.0,3,7699,3,11,-0.4207537294557656,-72031.07973691294,0.4448960048762777,350,0,0.16989756,Loyal,Gold,USR003112
78,4,203000.0,3,1790,2,6,-0.5609840599747077,-18446.18382440991,0.3928562832322523,287,1,0.6251043,Hibernating,Silver,USR004325
15,5,202000.0,1,2292,2,7,0.2035451916994159,19342.611900100874,0.1280444710951406,350,1,0.31260985,Promising,Silver,USR006832
11,10,658000.0,1,6597,3,11,9.708139677155287,-65863.57935767013,0.625045702848478,354,0,0.1459709,Champions,Gold,USR002160
23,9,640000.0,1,6844,3,9,9.53271236179879,-63468.46963693174,0.4807629204285133,342,0,0.13238198,At_Risk,Gold,USR002231
4,25,1354000.0,2,12345,3,12,-24.85271159972984,135129.7346156586,0.17084182661143427,361,0,0.03450896,Champions,Gold,USR000829
24,8,361000.0,1,3474,2,8,0.5016829463645728,1955.5414172892074,0.4034807857054117,341,0,0.18267037,At_Risk,Silver,USR003286
52,3,320000.0,1,3459,2,7,-0.023248290563278963,31182.79639633728,0.326379385512784,313,1,0.56467605,Hibernating,Silver,USR005350
16,8,727000.0,3,7316,3,10,-0.7361770307553889,-73593.1142316154,0.09925257850295958,349,0,0.047573715,Loyal,Gold,USR002513
355,0,14000.0,3,149,1,3,-0.7452464328684467,1152.0223028453768,0.30088293769160435,10,0,0.80601305,Hibernating,Member,USR008862
354,0,77000.0,1,673,1,3,0.12444698456662821,897.197552273546,0.3767901429138253,11,1,0.9246863,Hibernating,Member,USR009786
71,4,117000.0,1,994,1,6,-3.438929133040238,-2450.4639832400694,0.11384961621385796,294,0,0.64951134,Hibernating,Member,USR005962
224,0,55000.0,1,465,1,3,-0.3244992602365788,4047.2790974675927,0.3286848065949616,141,1,0.90962154,Hibernating,Member,USR008384
13,6,122000.0,1,1020,1,8,-6.020830011690667,1824.8891519232368,0.07653078184367879,352,0,0.45654672,Loyal,Member,USR007178
78,3,345000.0,2,4106,2,7,3.175980537104028,-136.62660272656117,0.33794123683242083,287,0,0.4906057,Hibernating,Silver,USR005437
297,0,42000.0,4,499,1,3,-0.12494686790602307,-851.2536975641632,0.3603421824572352,68,1,0.943224,Hibernating,Member,USR008973
341,0,28000.0,2,248,1,3,0.008609791365280282,-4821.345151183173,0.39322434408892226,24,1,0.940451,Hibernating,Member,USR008253
51,4,303000.0,1,2798,2,7,-4.729379196265347,31012.724569409307,0.021525361430125484,314,1,0.4044829,Hibernating,Silver,USR005440
206,0,29000.0,3,251,1,3,-0.518897736509092,-2586.8369121206774,0.6488031205760898,159,1,0.946755,Hibernating,Member,USR009479
234,0,23000.0,2,190,1,3,0.35892311449813336,-46.16205106956747,0.37403640253693965,131,1,0.925134,Hibernating,Member,USR009640
350,0,43000.0,2,484,1,3,0.27983078516218435,-4052.430718611464,0.1463248929102675,15,0,0.94333625,Hibernating,Member,USR008399
151,0,45000.0,4,362,1,3,1.3353376874315324,-1824.1581653989601,0.38208530098109056,214,1,0.9329965,Hibernating,Member,USR009415
11,16,2179000.0,2,21247,4,12,-0.7857445937881365,218853.45129822587,0.2740727200474408,354,0,0.06660419,Champions,Platinum,USR001422
16,3,141000.0,1,1589,1,7,0.49915228428919173,15081.309757442963,0.27238154583962565,349,0,0.44668925,Promising,Member,USR006722
68,3,154000.0,1,1699,1,6,2.538511550812953,-839.7175571153463,0.29143142139148126,297,0,0.62133867,Hibernating,Member,USR004173
70,3,330000.0,3,3576,2,7,-0.6557745689493408,-34650.48918354501,0.1925807133774908,295,0,0.7773549,Hibernating,Silver,USR005082
12,12,537000.0,1,4390,2,10,-0.012367710401200535,-53817.729489861646,0.10933792688834709,353,0,0.12283767,Loyal,Silver,USR002642
9,3,200000.0,3,2294,1,8,-2.4259545668012836,-776.0573868428163,0.38762027901361484,356,0,0.34222835,Promising,Member,USR006255
79,3,134000.0,1,1095,1,5,3.483478322672408,-12802.051386007262,0.43640023668810624,286,0,0.50474954,Hibernating,Member,USR004217
16,6,157000.0,3,1624,1,8,-6.61211250417779,-17496.783245876893,0.02957084855287577,349,0,0.23112445,Loyal,Member,USR006979
9,8,430000.0,2,4023,2,10,7.732613871971098,-73.3097821141441,0.09568846731985445,356,0,0.1127192,Champions,Silver,USR002370
12,8,473000.0,1,5574,2,9,0.39925245230783446,-48726.19602177512,0.31663278777715287,353,0,0.102991074,Loyal,Silver,USR001990
7,13,608000.0,2,5715,3,12,-0.24810293787075371,293.3596425638347,0.02385484975024882,358,0,0.051617246,Champions,Gold,USR002209
216,0,21000.0,2,243,1,3,0.20327106913334747,1106.9406333011843,0.6494572600529399,149,1,0.9350809,Hibernating,Member,USR008230
70,3,312000.0,1,3172,2,7,-3.565493694242793,29971.541221448966,0.1784631016128657,295,1,0.6262385,Hibernating,Silver,USR004089
148,0,14000.0,1,149,1,3,-0.6549937558658838,-13.973682229795102,0.1830638877129917,217,0,0.8690213,Hibernating,Member,USR009790
4,3,170000.0,3,1971,1,8,-2.4764116724985015,16384.6372812339,0.3224387066492824,361,0,0.4458282,Promising,Member,USR007098
4,16,1284000.0,1,13115,3,12,-0.09630321938040301,-80.17991687325322,0.39788038598192493,361,0,0.048396293,Champions,Gold,USR000548
278,0,61000.0,2,689,1,3,0.6458578037606197,4804.3724511038645,0.4135348732169551,87,0,0.96584433,Hibernating,Member,USR008194
10,19,1617000.0,3,19076,4,12,0.5375517269044695,161141.2426035529,0.4299578103496962,355,0,0.023361309,Champions,Platinum,USR000191
10,4,172000.0,1,1841,1,8,-0.3456062188955586,-1.9846241380282945,0.46890867240374645,355,1,0.3292242,Promising,Member,USR007725
10,13,394000.0,2,4226,2,11,-0.10595529673874052,-445.6097162722504,0.3077490109441681,355,0,0.09178862,Champions,Silver,USR002502
50,2,231000.0,3,2005,2,5,-0.3346831195593767,23002.92632303766,0.30715666481448617,315,1,0.6577121,Hibernating,Silver,USR004146
11,5,121000.0,4,1071,1,8,-0.2940092595184835,10979.2052625079,0.4208071811222891,354,0,0.33915263,Promising,Member,USR007765
17,11,576000.0,4,6009,2,9,-10.304478762472026,706.8636331492262,0.4813367631412901,348,0,0.24327323,Loyal,Silver,USR002216
7,5,141000.0,2,1162,1,9,4.479497390858106,14640.58077049296,0.5331957150109731,358,0,0.46249437,Loyal,Member,USR007274
6,23,1693000.0,1,14544,4,12,22.69461867213413,-171047.363148671,0.21829347781669173,359,0,0.08143879,Champions,Platinum,USR000160
11,3,176000.0,3,1440,1,8,-2.391638253751027,-224.8603638828204,0.2573145316630491,354,0,0.42991295,Promising,Member,USR006752
78,5,233000.0,2,2255,2,6,4.251383802757913,23723.462491601418,0.3974920621708425,287,1,0.6423928,Hibernating,Silver,USR004438
362,0,11000.0,2,119,1,3,0.5046474778899046,888.2547981923957,0.21558592456556383,3,1,0.8396343,Hibernating,Member,USR009755
19,12,643000.0,3,6401,3,11,-12.399260196092014,-63696.83419097935,0.3852554999008932,346,0,0.14415775,Loyal,Gold,USR003174
128,0,75000.0,4,846,1,3,0.3484653174813788,-8102.052900364038,0.14605889643031264,237,1,0.8620514,Hibernating,Member,USR008548
8,8,679000.0,3,7209,3,11,-0.29557341496280526,-68295.729773711,0.5692746064464079,357,0,0.050042637,Champions,Gold,USR001507
17,4,172000.0,2,2015,1,7,-3.4292727108393644,-17140.85405769252,0.3721444022649627,348,0,0.26409096,Promising,Member,USR006602
13,4,138000.0,1,1160,1,7,0.33698257585502484,-1624.1006779780382,0.21543588957691232,352,0,0.3424446,Promising,Member,USR007971
89,3,208000.0,1,2050,2,5,3.3325530257607396,19496.589171964413,0.32888922915398777,276,0,0.7153237,Hibernating,Silver,USR004138
25,8,585000.0,3,6783,2,8,0.06187732126213853,-59664.31177439721,0.4051914095999341,340,0,0.19733045,At_Risk,Silver,USR003128
58,2,283000.0,3,2718,2,6,-0.5520727283319595,-27316.862898694344,0.2260827700814827,307,0,0.58610743,Hibernating,Silver,USR005326
10,13,384000.0,3,3598,2,11,13.275278466413116,-38115.51753700349,0.38779072637734935,355,0,0.056046892,Champions,Silver,USR002591
54,2,331000.0,1,2834,2,6,-2.314221344577673,391.01583484358434,0.17332144935374827,311,0,0.29508415,Hibernating,Silver,USR004279
356,0,32000.0,2,263,1,3,0.840382856694095,-244.95358295933244,0.48945660458678664,9,0,0.97104317,Hibernating,Member,USR009188
174,0,2000.0,1,22,1,3,-1.4681004718890576,-262.0882414565972,0.4422322086107774,191,1,0.81213444,Hibernating,Member,USR009307
127,0,32000.0,3,280,1,3,-0.12954202954031543,-3137.447537847464,0.3087199386551933,238,1,0.91716206,Hibernating,Member,USR009530
28,12,329000.0,4,2882,2,9,12.61090234248835,-34289.875732804365,0.1566825647356289,337,0,0.13527454,At_Risk,Silver,USR003245
16,11,473000.0,3,4672,2,9,-11.283903921092053,-47098.367062659854,0.20065511470487804,349,0,0.24146469,Loyal,Silver,USR002636
244,0,21000.0,1,232,1,3,0.2206199110851356,-2885.7502436841537,0.32849223322401544,121,1,0.9061968,Hibernating,Member,USR009818
2,21,1745000.0,3,17834,4,12,-0.7381152401546992,175154.0934488513,0.46244036554904394,363,0,0.077385515,Champions,Platinum,USR000424
24,9,716000.0,4,7112,3,9,-0.32246423016114895,385.68916486149897,0.1931326572868794,341,1,0.08749569,At_Risk,Gold,USR003382
50,4,102000.0,2,1035,1,5,-4.216675277542263,-618.4956850543406,0.08115846231235073,315,0,0.68029493,Hibernating,Member,USR004141
8,10,375000.0,4,4310,2,10,-0.38625430319608006,-364.0012345478949,0.17545733627152696,357,0,0.1159354,Champions,Silver,USR003671
11,7,123000.0,1,1327,1,9,-0.2631954325553389,-52.98153989670182,0.33101225904841647,354,0,0.35870776,Loyal,Member,USR006452
5,29,1775000.0,3,20518,4,12,28.93330483894419,-176573.82919518,0.44600169416323576,360,0,0.018584477,Champions,Platinum,USR000584
88,2,289000.0,3,2969,2,5,0.47157960050008335,398.8307312045092,0.5530967117240518,277,1,0.7072923,Hibernating,Silver,USR005688
19,6,188000.0,1,1773,1,8,-5.062387305758306,19533.203672240365,0.12770327976394089,346,0,0.47622758,Loyal,Member,USR007034
22,13,484000.0,1,4011,2,9,-0.16195442660796092,1041.7101985426293,0.32863072654716363,343,0,0.2521015,At_Risk,Silver,USR003123
25,13,387000.0,2,4636,2,9,13.007327954935063,37600.31091306447,0.6901112493922978,340,0,0.12596865,At_Risk,Silver,USR002909
7,9,766000.0,2,7699,3,11,-8.915086663708156,78631.95102462108,0.4436763019339384,358,0,0.23438539,Champions,Gold,USR002090
54,3,152000.0,3,1459,1,6,-0.11069912909254744,13264.310894480315,0.20229033155253381,311,1,0.7620151,Hibernating,Member,USR005486
9,16,2156000.0,1,22055,4,12,-0.20835274179552876,-308.3461394938386,0.11621207364655249,356,0,0.044868823,Champions,Platinum,USR001240
23,12,420000.0,3,4511,2,9,-12.174154197522004,41010.868853064414,0.20210869747943336,342,0,0.21857451,At_Risk,Silver,USR003561
17,13,697000.0,1,8237,3,11,0.16342620313046716,-68901.17519143672,0.25966565944364445,348,0,0.071097925,Loyal,Gold,USR003511
8,7,208000.0,1,2129,2,9,-0.46246290785963695,-21218.2135122051,0.22068118546647017,357,0,0.26456708,Loyal,Silver,USR006620
21,11,544000.0,1,5353,2,9,-11.244153893355746,-55223.69977519992,0.3185425051428158,344,0,0.11329658,Loyal,Silver,USR002803
3,17,1597000.0,3,18591,4,12,0.5193271436598675,158951.60172605302,0.12378598961167714,362,0,0.02557596,Champions,Platinum,USR000928
77,2,350000.0,3,2860,2,6,1.5806711812397076,-33840.796808530096,0.20909749960458335,288,1,0.7558145,Hibernating,Silver,USR005551
16,3,172000.0,4,1607,1,7,-2.162864616964435,-221.67347212510063,0.1156958115097232,349,1,0.3878532,Promising,Member,USR007361
6,28,1813000.0,4,16435,4,12,-28.718325896089624,-182492.20055336572,0.24190707729747,359,0,0.014535647,Champions,Platinum,USR000714
13,25,976000.0,3,9064,3,11,24.586261624369087,-96942.86609205676,0.4733831087030984,352,0,0.00993479,Loyal,Gold,USR000608
45,4,100000.0,1,811,1,5,-4.055191590323018,-10969.632435295756,0.1361737039069396,320,1,0.302357,Hibernating,Member,USR004066
10,28,821000.0,1,7979,3,12,0.1485800119041108,-880.9525834765903,0.035456396727627015,355,0,0.05564353,Champions,Gold,USR000088
20,10,525000.0,4,4649,2,9,-0.16702654102842274,-51603.49581699176,0.12543602816442026,345,0,0.18052186,Loyal,Silver,USR003719
13,4,238000.0,2,1957,2,7,0.13384812717933095,23275.09101325922,0.18763120172188186,352,0,0.43117422,Promising,Silver,USR006930
29,8,548000.0,1,6220,2,8,-8.495597108812277,-174.16766528098634,0.5108134673155243,336,0,0.11251886,At_Risk,Silver,USR003731
69,3,276000.0,3,2637,2,7,-0.17547637106904404,1624.4871869349258,0.44970653124140475,296,1,0.6398933,Hibernating,Silver,USR004820
14,10,776000.0,4,7025,3,10,-9.373920481516945,-573.4215137672173,0.6582608342392384,351,0,0.099317305,Loyal,Gold,USR002284
193,0,80000.0,2,733,1,3,-0.33949017323156605,-6422.925177672836,0.4396096191688348,172,1,0.8812774,Hibernating,Member,USR008846
29,10,482000.0,1,5424,2,8,10.514438720839472,164.9871397741829,0.17800309545603565,336,0,0.11692464,At_Risk,Silver,USR001633
11,7,150000.0,3,1704,1,9,-0.03154877647717322,-13297.979049498073,0.10069036111326084,354,0,0.3955298,Loyal,Member,USR007219
12,4,105000.0,2,1030,1,6,-3.6779675385213886,-647.2934525843182,0.10776090908444318,353,1,0.3429801,Promising,Member,USR006203
25,11,331000.0,1,3750,2,8,-0.5254705830944802,-610.8408893562828,0.13956045340019002,340,0,0.12759249,At_Risk,Silver,USR002214
158,0,13000.0,3,153,1,3,0.25850015125696757,-2509.2710414969606,0.296276034218292,207,0,0.9005795,Hibernating,Member,USR008592
19,12,372000.0,1,4036,2,10,12.521095288491509,36973.66558360933,0.13505136370173754,346,0,0.12268759,Loyal,Silver,USR001582
18,9,621000.0,2,7235,3,10,0.15365467686816914,62750.645628367136,0.2563105615827194,347,0,0.0738625,Loyal,Gold,USR002290
119,0,25000.0,1,278,1,3,0.1959143538580508,1580.8149062932332,0.31057509126688015,246,1,0.9321621,Hibernating,Member,USR008072
84,4,239000.0,1,2242,2,5,-4.242009811598139,535.1336235116191,0.2415937467298936,281,0,0.5737357,Hibernating,Silver,USR004073
69,4,166000.0,2,1345,1,6,-3.764065026061662,-143.5575086815076,0.14022951597373026,296,0,0.6603945,Hibernating,Member,USR005259
182,0,51000.0,2,474,1,3,-0.09733184751233998,-5458.549499638411,0.2974345177243821,183,1,0.9550975,Hibernating,Member,USR008665
78,2,145000.0,1,1484,1,5,2.2351963710045784,-14809.108016453092,0.20755227930839043,287,1,0.67357373,Hibernating,Member,USR005524
10,13,751000.0,2,7473,3,12,0.28672374667769945,74297.81556078194,0.05208460005960308,355,0,0.019427564,Champions,Gold,USR001595
71,3,311000.0,1,3686,2,7,2.5537675161421713,-9.068630142160622,0.3156678551438096,294,0,0.5840707,Hibernating,Silver,USR004531
8,20,1396000.0,2,12410,3,12,19.295548047787296,-196.7204253506947,0.07319256070305566,357,0,0.044078995,Champions,Gold,USR001440
6,24,1673000.0,3,17331,4,12,-24.246442456191858,1284.0533990474369,0.2896410952630138,359,0,0.025661686,Champions,Platinum,USR000553
9,5,186000.0,1,2033,1,9,-4.967975577491149,19049.23101318499,0.5763690245960323,356,0,0.47392225,Loyal,Member,USR006305
47,3,162000.0,2,1873,1,6,-0.40363888500518535,15208.06449749688,0.47260959417670273,318,0,0.68698853,Hibernating,Member,USR004285
7,12,364000.0,1,4301,2,11,-0.9177852384354374,-229.15313590075417,0.025059610187053067,358,0,0.16860862,Champions,Silver,USR003752
220,0,46000.0,3,528,1,3,0.661670461244969,-3011.900667639582,0.08125551027123303,145,1,0.9410823,Hibernating,Member,USR009741
7,4,196000.0,2,2204,1,8,-4.001874266900926,-332.2510498068877,0.19843667829537384,358,0,0.46978652,Promising,Member,USR006257
11,3,175000.0,1,1960,1,8,3.299297545722196,-17835.212793176917,0.32363199030768214,354,0,0.28434446,Promising,Member,USR007480
8,22,964000.0,2,10649,3,12,0.29251066614389915,97701.62563813038,0.3610925356796622,357,0,0.018884564,Champions,Gold,USR000416
60,2,104000.0,3,976,1,4,0.039601464344821806,-1939.6468151979664,0.3382801306487026,305,0,0.60067177,Hibernating,Member,USR005599
6,7,135000.0,3,1154,1,9,-0.6704860179906399,-13164.506347850609,0.20344290062319711,359,1,0.25031006,Loyal,Member,USR006207
11,8,652000.0,2,5580,3,11,0.5123869003325054,-128.63592182953928,0.2996718263083913,354,0,0.15859383,Champions,Gold,USR003089
6,16,966000.0,4,11231,3,12,0.3280581009301354,96116.50512242898,0.13602633162018093,359,0,0.014274102,Champions,Gold,USR000640
29,12,307000.0,3,2689,2,9,-0.27139948585848256,-29804.903537258717,0.09804706826765011,336,0,0.40952033,At_Risk,Silver,USR003377
241,0,29000.0,1,269,1,3,0.777141220805513,3001.211611899997,0.2357736861773473,124,1,0.97282547,Hibernating,Member,USR008584
321,0,27000.0,1,233,1,3,0.7731993435949146,2884.956619911165,0.08581747405934208,44,1,0.9596169,Hibernating,Member,USR009168
115,0,76000.0,2,863,1,3,1.0834796336234829,8094.149344805352,0.2139201149985506,250,1,0.88403,Hibernating,Member,USR009686
5,24,1345000.0,4,13514,3,12,23.78899705164546,-1406.8224117784064,0.6674944058888251,360,0,0.0023425182,Champions,Gold,USR001319
169,0,15000.0,3,131,1,3,-0.6013455144474338,-1534.6822590459935,0.18122335073038207,196,0,0.90636927,Hibernating,Member,USR008945
64,3,331000.0,2,3048,2,7,-0.1699105841541486,-31276.86086797506,0.06582873751578568,301,0,0.6801585,Hibernating,Silver,USR005142
327,0,16000.0,3,158,1,3,-0.5695307538081755,-1102.6715696347785,0.15436013053206604,38,1,0.9356608,Hibernating,Member,USR009591
204,0,47000.0,3,426,1,3,-0.331581187904645,-3382.5988303426816,0.31213175197323606,161,1,0.9302369,Hibernating,Member,USR008751
25,10,792000.0,2,6442,3,9,-10.511829873065357,80034.76243469008,0.33262711025801145,340,0,0.27178538,At_Risk,Gold,USR001777
248,0,21000.0,2,170,1,3,0.15735497119537986,-2602.830893818628,0.1494871861002451,117,1,0.91237146,Hibernating,Member,USR008542
9,27,2469000.0,3,27775,4,12,0.006287884800157119,339.59860858214887,0.18457547556734297,356,0,0.02910495,Champions,Platinum,USR000378
23,11,642000.0,3,7503,3,9,10.989318813779262,63499.67283697286,0.3702830124436057,342,0,0.046737004,At_Risk,Gold,USR003712
12,15,1902000.0,2,15895,4,11,14.734709822176395,-641.6675462469028,0.48864438739187604,353,0,0.0164485,Loyal,Platinum,USR001394
8,25,1953000.0,4,17397,4,12,-1.0076109527161883,194223.63603341283,0.5167180471627583,357,0,0.022378875,Champions,Platinum,USR001023
13,11,412000.0,3,3927,2,9,10.062553967976234,40938.50753542398,0.5464577047667352,352,1,0.17845151,Loyal,Silver,USR003790
28,13,576000.0,4,5366,2,9,0.4271846601747107,-935.4007444451926,0.2290330785555962,337,0,0.17558411,At_Risk,Silver,USR002411
3,20,2249000.0,2,19074,4,12,19.24638708980803,475.84037684396674,0.38236112153609625,362,0,0.07787547,Champions,Platinum,USR000568
29,14,508000.0,2,6065,2,9,-0.21984100445922483,51422.302677407875,0.37085453105966965,336,0,0.1735141,At_Risk,Silver,USR003158
52,5,348000.0,3,3828,2,7,4.075870734960793,34317.897482031076,0.22262221237465052,313,1,0.7385483,Hibernating,Silver,USR004140
10,17,1796000.0,1,16554,4,12,-17.213917107858936,-178840.6591697533,0.3532400825021082,355,0,0.046993934,Champions,Platinum,USR000187
10,13,376000.0,2,4012,2,11,13.530754578587922,36744.88184313329,0.5203619517183716,355,0,0.07364183,Champions,Silver,USR002549
201,0,3000.0,3,27,1,3,0.09293894181113317,87.32562039774427,0.34912476957113775,164,1,0.8882809,Hibernating,Member,USR008135
6,25,2295000.0,3,26542,4,12,-24.670589877655267,228668.3334039463,0.16472797606514794,359,0,0.056908093,Champions,Platinum,USR000302
291,0,39000.0,2,395,1,3,0.2247167579736311,-892.9905170802298,0.29642562828228386,74,1,0.93646604,Hibernating,Member,USR008500
15,11,797000.0,2,9269,3,10,-0.17375014985295523,81026.82673477028,0.32569974652292105,350,0,0.11324316,Loyal,Gold,USR003592
10,4,159000.0,3,1682,1,8,-0.25991707286261306,-1134.39053537121,0.12094758040538697,355,1,0.33195424,Promising,Member,USR007924
5,6,107000.0,4,956,1,8,-5.554061182714863,-10043.355475462822,0.24932986334202856,360,1,0.18656194,Loyal,Member,USR006210
8,23,2348000.0,4,24075,4,12,-23.75477581123498,-234033.98534464304,0.028517394159255156,357,0,0.01636078,Champions,Platinum,USR000022
71,3,143000.0,2,1294,1,6,-0.6212820013998528,15282.587381311287,0.06530522856161132,294,1,0.6523082,Hibernating,Member,USR004211
313,0,29000.0,3,307,1,3,0.26925157831952173,3986.056522693717,0.42136531799608307,52,1,0.9400262,Hibernating,Member,USR008495
332,0,53000.0,1,584,1,3,-0.5693914684881065,6646.013822926348,0.13948757965541103,33,1,0.8856426,Hibernating,Member,USR008682
221,0,17000.0,3,160,1,3,0.42440272886572455,-539.5682349507531,0.2392579188711614,144,0,0.93165183,Hibernating,Member,USR008702
5,16,947000.0,1,10503,3,12,0.33115307118415105,1320.825750164865,0.11222603073865375,360,0,0.032522477,Champions,Gold,USR000501
13,4,219000.0,1,2346,2,7,-3.8328126265633506,-21995.920676073878,0.2401622473564343,352,0,0.26113942,Promising,Silver,USR007445
85,3,146000.0,3,1509,1,5,-0.13847954711358282,12712.906475802158,0.3199265290260025,280,0,0.75908464,Hibernating,Member,USR005730
13,17,1402000.0,1,11824,3,11,-16.78346802662934,140099.7776506218,0.06875890658606061,352,0,0.041743945,Loyal,Gold,USR000982
183,0,33000.0,1,286,1,3,0.33563506835267676,5011.300515310464,0.4418981627415285,182,1,0.9451002,Hibernating,Member,USR008036
6,24,1846000.0,3,21631,4,12,24.096960738441968,-185488.4262990748,0.30437553934301387,359,0,0.012084054,Champions,Platinum,USR000098
9,25,1468000.0,3,13053,3,12,24.598478799467877,-148016.93050696014,0.7952446097620245,356,0,0.002768637,Champions,Gold,USR000760
105,0,71000.0,2,570,1,3,-0.45831934668177354,-2255.1457211251945,0.10026262139706416,260,1,0.8345361,Hibernating,Member,USR009623
181,0,22000.0,3,220,1,3,0.015141818276481901,477.71598010434883,0.5000540275938022,184,1,0.94129294,Hibernating,Member,USR009243
8,4,237000.0,1,2553,2,8,-3.0839401962113495,23199.64710717529,0.16007171867560355,357,1,0.49957967,Promising,Silver,USR006664
286,0,67000.0,1,752,1,3,0.8748832529404151,-7049.906866288726,0.1149851282228565,79,1,0.88059455,Hibernating,Member,USR009748
333,0,26000.0,3,294,1,3,-0.33477616318790526,462.7710452982171,0.40639977058699267,32,1,0.91120374,Hibernating,Member,USR009970
12,19,1745000.0,2,14820,4,11,19.635422810537776,-174902.48008046683,0.24457060664631677,353,0,0.034241393,Loyal,Platinum,USR001448
13,11,606000.0,1,5748,3,10,11.036943468062278,516.0827786355244,0.1382765434316976,352,0,0.15229599,Loyal,Gold,USR001669
172,0,49000.0,4,497,1,3,-0.330073933668238,4828.28848362459,0.16977597807582573,193,1,0.9427049,Hibernating,Member,USR009915
12,9,386000.0,2,3350,2,9,0.12611573995964903,-39408.4963992004,0.3271917688573753,353,1,0.1893463,Loyal,Silver,USR001693
9,13,434000.0,1,3854,2,11,-13.663438779683512,43449.24993591967,0.11216990031075823,356,0,0.18908076,Champions,Silver,USR001714
10,8,332000.0,1,3477,2,10,-8.439060851802726,-2012.6753139890714,0.33982189730449275,355,0,0.17070669,Champions,Silver,USR003502
126,0,0.0,1,0,1,3,-0.38834702648607194,553.489663557822,0.36822124506444726,239,1,0.88763255,Hibernating,Member,USR008095
3,23,1975000.0,2,21466,4,12,-22.91806429913177,-653.9007570945464,0.015847931256098693,362,0,0.02874578,Champions,Platinum,USR000498
222,0,23000.0,2,252,1,3,0.35761829194561634,1321.9736775218466,0.12794562497513048,143,0,0.95588034,Hibernating,Member,USR008701
209,0,37000.0,2,412,1,3,-0.4277413479627907,-2310.391446231174,0.22335723176610117,156,1,0.9141515,Hibernating,Member,USR008779
11,4,104000.0,3,1006,1,7,0.8079362450611568,11278.53255847485,0.18522615323030134,354,0,0.4825075,Promising,Member,USR006149
8,4,147000.0,3,1244,1,8,-4.3661497748685445,4.981303939588323,0.2504350761974984,357,0,0.33958852,Promising,Member,USR007920
5,16,1675000.0,3,19374,4,12,16.986289952223466,-167589.76488727384,0.29281011362112047,360,0,0.03312083,Champions,Platinum,USR000128
22,10,566000.0,2,6755,2,8,9.330638146932213,54641.53463459666,0.0318321761987108,343,0,0.050526395,At_Risk,Silver,USR001995
54,4,123000.0,3,1357,1,6,3.7267258518817625,-12612.130412525445,0.34478084760551375,311,0,0.54945755,Hibernating,Member,USR005145
53,3,241000.0,1,2644,2,6,-2.8284207229012917,-24346.57391312149,0.21034785628392583,312,1,0.6494498,Hibernating,Silver,USR005559
12,21,1103000.0,4,11030,3,11,-21.092774267296427,-110241.09920668016,0.3722520696830769,353,0,0.12602237,Loyal,Gold,USR000431
66,2,328000.0,1,3263,2,6,1.3650384563362263,-1862.1407592453436,0.26783531361656837,299,1,0.55321604,Hibernating,Silver,USR005590
2,20,2335000.0,1,25015,4,12,-0.21992663155020295,-235028.04040800934,0.17283516034149563,363,0,0.21120493,Champions,Platinum,USR000364
6,16,2273000.0,4,20893,4,12,0.05263931195483897,1222.3934376505747,0.14103042898903417,359,0,0.037143648,Champions,Platinum,USR000029
8,10,556000.0,2,5982,2,10,10.469305539312746,-1331.176797385621,0.5090332418734631,357,0,0.12342779,Champions,Silver,USR001946
61,3,282000.0,2,2384,2,7,0.0732378058266591,-728.1768467966099,0.5727899381037456,304,1,0.5094582,Hibernating,Silver,USR005550
87,5,229000.0,3,2480,2,5,0.3519823383971168,-22984.043411927465,0.05763268390311376,278,1,0.54807675,Hibernating,Silver,USR005972
8,7,218000.0,1,2462,2,9,-6.8049139035599575,-22110.259713920466,0.0702278210583625,357,1,0.5009779,Loyal,Silver,USR007767
10,23,2362000.0,3,26136,4,12,0.29194151114200056,1597.6993259609155,0.1977104826042862,355,1,0.04864002,Champions,Platinum,USR000733
240,0,2000.0,1,16,1,3,0.6336368231591909,-1662.3316091448005,0.4649000260638795,125,1,0.8764878,Hibernating,Member,USR009815
190,0,59000.0,3,517,1,3,0.6308805801975,589.6379087761363,0.5852011269506978,175,1,0.9633626,Hibernating,Member,USR009172
15,14,700000.0,1,8199,3,11,14.449780688369154,611.9485672465433,0.5532139857020066,350,0,0.09409277,Loyal,Gold,USR002312
63,3,116000.0,4,1064,1,6,-1.1456464034420326,-12606.412503058877,0.23301816957979693,302,0,0.6873127,Hibernating,Member,USR004007
45,2,277000.0,2,3270,2,6,-2.6041517578296665,853.8235753356543,0.1526138489476411,320,0,0.7782783,Hibernating,Silver,USR004441
5,25,1194000.0,3,13382,3,12,0.10870292636350172,-1005.3964638043744,0.19214721544006258,360,0,0.01782903,Champions,Gold,USR001219
132,0,30000.0,2,313,1,3,-0.5252188143779837,-4430.858583932382,0.37428409286904835,233,0,0.9184191,Hibernating,Member,USR008403
53,4,177000.0,2,1676,1,6,3.157253803565711,-18696.10333638968,0.45328578476985437,312,0,0.54663277,Hibernating,Member,USR005236
12,24,2339000.0,3,20647,4,11,-23.295477016793956,234653.1566108862,0.2182381360088333,353,0,0.2776259,Loyal,Platinum,USR001187
10,25,1675000.0,4,15432,4,12,25.42052063848081,-168133.01382231378,0.1456710992985199,355,0,0.015167551,Champions,Platinum,USR001375
7,5,113000.0,2,912,1,8,-0.8481581175581111,-793.9410426254988,0.2723497361989407,358,1,0.4428231,Promising,Member,USR007823
14,7,188000.0,1,2113,1,8,-0.1889347269806756,-19029.124627009736,0.33065583188055975,351,0,0.25716022,Loyal,Member,USR007878
9,13,419000.0,2,3623,2,11,0.2882805602544973,40744.040413569564,0.2632125948378195,356,0,0.09232956,Champions,Silver,USR002606
16,4,110000.0,1,990,1,6,-3.2627513162147426,295.81193540846266,0.36423829491076065,349,0,0.45487094,Promising,Member,USR007866
12,29,1559000.0,2,14733,4,11,0.31273800015202546,1256.7252018433608,0.3779770153925338,353,0,0.019511575,Loyal,Platinum,USR000857
346,0,22000.0,4,255,1,3,0.2568046472076109,-1471.1633827566036,0.3533438801375228,19,1,0.930205,Hibernating,Member,USR009097
18,4,203000.0,1,1866,2,7,-4.672173002415276,2624.626679162744,0.15825287040542696,347,0,0.30506003,Promising,Silver,USR006333
335,0,25000.0,1,277,1,3,0.05325270070959323,658.0734261856237,0.14722347747616762,30,1,0.90859884,Hibernating,Member,USR008457
17,7,161000.0,1,1853,1,8,6.539088171839893,15185.58359788779,0.40343377176391704,348,0,0.2769456,Loyal,Member,USR006130
340,0,6000.0,3,57,1,3,-0.14367943707481726,-912.1020917208218,0.4469115836989248,25,1,0.9292304,Hibernating,Member,USR008647
9,10,422000.0,3,4781,2,10,-0.4600761157288429,42166.21030441984,0.1095166058511188,356,0,0.12508142,Champions,Silver,USR003378
1,22,1916000.0,4,15658,4,12,0.30307484987923455,-193934.28120888333,0.16732047691703714,364,0,0.017043736,Champions,Platinum,USR001043
10,21,1030000.0,3,9376,3,12,-0.10635995846545968,101751.31167233778,0.16367360233449485,355,0,0.032239377,Champions,Gold,USR000691
17,5,133000.0,4,1434,1,8,-5.616227195415113,61.97257396594714,0.19613150184117575,348,1,0.32169706,Loyal,Member,USR007629
12,24,2217000.0,2,19205,4,11,0.6743465993227561,220434.04017619966,0.2908299086674529,353,0,0.14633375,Loyal,Platinum,USR000415
51,3,113000.0,4,1090,1,6,3.076881914772353,-12763.072072773197,0.60110923284364,314,0,0.36735034,Hibernating,Member,USR005951
354,0,7000.0,3,63,1,3,0.155093258414352,639.34091820081,0.10857125047252958,11,0,0.8210414,Hibernating,Member,USR009492
47,2,102000.0,1,1080,1,4,0.37006283205262214,-11203.208019863652,0.3413882822509308,318,0,0.42615837,Hibernating,Member,USR005447
8,9,532000.0,1,5471,2,10,-0.23747835226068872,-1486.4476379004168,0.04971398031766117,357,0,0.082826056,Champions,Silver,USR001591
220,0,75000.0,3,668,1,3,0.43877377672571033,-7298.674032378386,0.2691112877804112,145,1,0.89764094,Hibernating,Member,USR008214
46,4,184000.0,1,1502,1,6,4.491005493060795,2405.6796744394483,0.39687588706978105,319,1,0.66584146,Hibernating,Member,USR004204
21,9,505000.0,2,5343,2,9,0.4123508703930487,-50295.80253138591,0.32324894388762,344,0,0.090358704,Loyal,Silver,USR001948
79,5,294000.0,3,2805,2,6,-0.4307217147321432,-30176.736208247148,0.13577020102136791,286,0,0.6015766,Hibernating,Silver,USR004598
4,6,172000.0,2,1822,1,9,-5.75662924892097,-15145.79816640896,0.3878906458663517,361,0,0.23588632,Loyal,Member,USR006537
87,5,127000.0,3,1396,1,5,-0.11725376757294548,-189.56773665150024,0.07654928328762813,278,0,0.8051187,Hibernating,Member,USR005438
18,4,227000.0,1,2319,2,7,4.65008826340657,20734.451005559877,0.5466525753706764,347,1,0.46223563,Promising,Silver,USR006192
13,11,516000.0,3,4765,2,9,11.331798934280382,50323.51747333351,0.33148215350465116,352,0,0.060404036,Loyal,Silver,USR003550
6,20,2183000.0,4,25261,4,12,20.010014874412175,-218752.66034861744,0.14904341848622793,359,0,0.02899575,Champions,Platinum,USR001012
12,24,1057000.0,3,11917,3,11,0.04273862517414866,105738.6915016428,0.13963776694047964,353,0,0.047369067,Loyal,Gold,USR000614
16,4,162000.0,3,1699,1,7,-4.0814781554029205,-441.92910989469806,0.1167456210425285,349,1,0.3906465,Promising,Member,USR007339
243,0,11000.0,2,89,1,3,0.23225108260710625,-281.75633220534166,0.42436889173822134,122,1,0.9012627,Hibernating,Member,USR009656
86,2,304000.0,3,2973,2,5,-0.29224671639719935,-91.17490907576877,0.11627293991973582,279,0,0.66217846,Hibernating,Silver,USR004796
27,12,731000.0,3,7787,3,10,11.115921544123385,-73956.47608912757,0.4199810182654423,338,0,0.07213845,At_Risk,Gold,USR001672
9,7,226000.0,2,2577,2,9,6.932477699068613,-23709.336332221177,0.6189026213332516,356,1,0.33120698,Loyal,Silver,USR006667
6,4,160000.0,4,1859,1,8,0.20135909463491083,914.2130009833046,0.20042342933036172,359,0,0.34204274,Promising,Member,USR006635
83,5,342000.0,2,4064,2,6,-5.172383289936828,818.0681929587361,0.4319477332860024,282,0,0.6696731,Hibernating,Silver,USR004044
23,14,580000.0,1,5921,2,9,-13.690458415305995,58803.94814197255,0.11649962429273814,342,0,0.093005486,At_Risk,Silver,USR002260
324,0,30000.0,3,261,1,3,0.37666558588910587,-662.8566309997144,0.16155988845237618,41,1,0.9554018,Hibernating,Member,USR008347
70,2,329000.0,1,2758,2,6,0.14122488202780023,-34278.218703519975,0.02422234379540172,295,1,0.6085399,Hibernating,Silver,USR005803
155,0,69000.0,1,748,1,3,0.07287931966382863,-219.27328531388417,0.22866557462805326,210,1,0.8495136,Hibernating,Member,USR009983
54,5,209000.0,1,2485,2,6,0.7168168044089389,-2089.2334738433788,0.35993894560526435,311,1,0.6081916,Hibernating,Silver,USR004447
102,0,37000.0,4,317,1,3,-0.18071709817515613,1243.403439843132,0.4356692504309919,263,1,0.90414864,Hibernating,Member,USR008631
127,0,77000.0,3,878,1,3,0.33857498706664657,-6107.068847202643,0.09749955306146119,238,1,0.80854017,Hibernating,Member,USR008580
12,24,858000.0,3,8012,3,11,-23.90910938370642,2518.9502068882134,0.3963492579036044,353,0,0.102796644,Loyal,Gold,USR000041
84,3,263000.0,2,2688,2,6,3.8073916271236636,1488.4708301231753,0.40317144787044235,281,0,0.62984216,Hibernating,Silver,USR005807
6,4,220000.0,2,2040,2,8,0.11756764968309426,218.50758604612068,0.125638921158258,359,0,0.34882066,Promising,Silver,USR007930
326,0,2000.0,1,18,1,3,-0.011696980121973111,907.8403000269388,0.3414156720381083,39,1,0.89984673,Hibernating,Member,USR008863
20,8,456000.0,1,4655,2,9,-7.371193443711674,-337.80411896225445,0.35191934139556036,345,1,0.16973971,Loyal,Silver,USR003773
14,14,779000.0,4,9151,3,11,13.973722919039904,1150.4365197361399,0.09609415436357377,351,0,0.10243403,Loyal,Gold,USR003683
52,2,251000.0,2,2398,2,6,-0.39910303817907705,24228.81004621533,0.30520205161104136,313,0,0.58464897,Hibernating,Silver,USR005617
319,0,41000.0,2,433,1,3,0.4534352673051425,-5117.314888987104,0.15318947615612846,46,1,0.9436485,Hibernating,Member,USR009180
78,2,303000.0,2,2438,2,6,1.3897928945944575,-93.71867695910272,0.2821976263986569,287,0,0.70986056,Hibernating,Silver,USR005947
51,3,113000.0,2,1100,1,6,-2.4349176538669415,-12413.480661391959,0.25992848217930137,314,1,0.53816664,Hibernating,Member,USR004946
273,0,41000.0,1,378,1,3,-0.005950411547114049,-880.908984196598,0.33853698616555844,92,1,0.89791995,Hibernating,Member,USR008282
27,13,554000.0,1,6257,2,9,12.637807417438916,712.0364593609529,0.15072732791858892,338,0,0.13665025,At_Risk,Silver,USR003552
20,10,689000.0,1,6477,3,10,10.797460104043008,69007.98088911649,0.29018244776273106,345,0,0.20194131,Loyal,Gold,USR003567
85,2,151000.0,2,1616,1,4,0.1950963053027014,-926.717162470084,0.11440272775156737,280,0,0.75444597,Hibernating,Member,USR005283
130,0,72000.0,1,634,1,3,-0.3607845411700146,-8080.715031106958,0.21220238232179914,235,1,0.8676382,Hibernating,Member,USR008720
12,12,763000.0,2,8394,3,11,-0.2101320155794143,282.58929888958556,0.06664375191003148,353,0,0.026864557,Loyal,Gold,USR003556
47,4,300000.0,3,3490,2,7,1.129801013871239,439.1986597509187,0.24375217120203518,318,1,0.6626222,Hibernating,Silver,USR004910
184,0,12000.0,1,97,1,3,0.11793253287478543,345.51727128286257,0.18058411619873857,181,1,0.94708335,Hibernating,Member,USR009302
14,5,91000.0,2,978,1,7,-0.4225192558581378,-7855.5493906966,0.27535761567671,351,0,0.47424462,Loyal,Member,USR006456
10,7,178000.0,4,1933,1,9,-6.030268225214938,16650.704394957058,0.22598110528238233,355,0,0.5235694,Loyal,Member,USR006283
18,12,554000.0,3,5198,2,10,10.90177686917845,-638.954850802772,0.14832131141317786,347,0,0.102867,Loyal,Silver,USR002694
18,4,148000.0,2,1681,1,7,0.7571237999904435,-13792.803143998071,0.06732497000716042,347,0,0.32498226,Promising,Member,USR006713
18,3,126000.0,2,1047,1,7,0.279279076640786,1251.364898518949,0.4695725526590238,347,0,0.35402128,Promising,Member,USR006042
130,0,9000.0,3,74,1,3,0.4408482134788711,-1142.7145884487668,0.43119593075355916,235,1,0.8997128,Hibernating,Member,USR009413
77,3,253000.0,1,2321,2,7,-0.11695399272244722,-24711.388153967153,0.16187842620428605,288,1,0.54652673,Hibernating,Silver,USR005632
20,6,89000.0,2,923,1,7,-6.27770019972117,-9926.016954903922,0.21389232229368174,345,0,0.258027,Loyal,Member,USR007230
62,3,303000.0,3,3312,2,7,3.584290182136691,-30772.817395554084,0.11029463556459183,303,1,0.66955954,Hibernating,Silver,USR005155
11,22,1848000.0,3,19810,4,12,21.54410885616568,244.2085948870853,0.4091516984760521,354,0,0.010989171,Champions,Platinum,USR000720
3,6,185000.0,2,2072,1,9,-6.8611284669787596,17634.13073308219,0.07939099821162106,362,1,0.48233977,Loyal,Member,USR006085
8,6,96000.0,1,926,1,8,-5.921954630771574,9916.104993689378,0.4702124922598918,357,0,0.2581113,Loyal,Member,USR007661
67,4,254000.0,3,2899,2,7,-0.7072315056831604,-25864.035760746814,0.347853337190768,298,0,0.4697982,Hibernating,Silver,USR004129
63,4,263000.0,1,2399,2,7,-4.3550077214457765,-820.7966522775152,0.17934241827216818,302,0,0.5239482,Hibernating,Silver,USR004833
20,8,304000.0,2,2452,2,9,-0.7599340186877546,390.8378128203229,0.4532674574372303,345,0,0.2134183,Loyal,Silver,USR003157
266,0,63000.0,1,632,1,3,0.3579323147855736,-6310.919962050984,0.37310131445623196,99,1,0.92083645,Hibernating,Member,USR008162
264,0,6000.0,1,61,1,3,0.28432230800638525,-452.4419266144223,0.2322407456111004,101,1,0.9330814,Hibernating,Member,USR008413
16,4,152000.0,1,1468,1,7,-0.24960099913796513,-15102.692182556691,0.5864262222302444,349,0,0.28479415,Promising,Member,USR007435
12,3,86000.0,1,741,1,6,2.828404215656644,1035.946140314855,0.41929063960165786,353,0,0.33442205,Promising,Member,USR007300
81,3,269000.0,2,2920,2,6,-3.6558683461225625,-27696.467544891217,0.13700883662404703,284,1,0.5858901,Hibernating,Silver,USR004753
12,28,2241000.0,3,24311,4,11,27.511689842068222,-224154.70847125398,0.13893728186472357,353,0,0.029215556,Loyal,Platinum,USR001496
12,15,2398000.0,2,19355,4,11,0.2481732055352461,239268.8769772011,0.43208705151596266,353,0,0.047352802,Loyal,Platinum,USR000851
54,4,275000.0,3,2775,2,7,0.13262851179020113,-195.9993431701443,0.27129029339512023,311,0,0.63978374,Hibernating,Silver,USR004912
12,3,238000.0,2,1993,2,7,0.04891324592613377,24189.98586163352,0.4577052359801681,353,0,0.43326634,Promising,Silver,USR006656
9,24,1913000.0,4,21857,4,12,24.24905599782227,1672.8626370124957,0.59853143167451,356,0,0.0030023856,Champions,Platinum,USR001139
15,3,187000.0,3,2211,1,7,2.2982206852181686,19042.995114071306,0.3379063805677481,350,0,0.36662248,Promising,Member,USR006681
45,3,185000.0,1,1622,1,6,-3.225334088784004,-483.975877588959,0.3924122075199951,320,1,0.6356067,Hibernating,Member,USR004175
62,2,143000.0,3,1268,1,5,-0.08558968489819971,-13553.257757189125,0.15716246899550237,303,1,0.6171879,Hibernating,Member,USR005676
15,4,240000.0,1,2258,2,7,-3.6018299901255837,-968.6672777067142,0.15993940650803282,350,1,0.32162473,Promising,Silver,USR006449
3,7,100000.0,2,1106,1,8,7.246218669577083,784.0689769583305,0.3829982030253476,362,0,0.22134638,Loyal,Member,USR007064
22,14,720000.0,1,8544,3,10,-0.22758589197688195,-73091.88057173506,0.4043254923943024,343,0,0.1724813,At_Risk,Gold,USR003309
17,4,92000.0,3,989,1,6,4.06471083840765,-443.4141473921472,0.4910284573248984,348,0,0.4597094,Promising,Member,USR007506
49,5,323000.0,1,3561,2,8,0.05033775154946704,-31310.869843199907,0.19246010528976173,316,0,0.70875216,At_Risk,Silver,USR005510
27,14,715000.0,3,6678,3,10,-13.959818837018485,-73530.27515134733,0.19402051163467743,338,0,0.079224914,At_Risk,Gold,USR002580
16,13,523000.0,1,4643,2,10,13.80467168780494,53648.23004442513,0.25643903007513885,349,0,0.104194395,Loyal,Silver,USR002974
151,0,15000.0,4,121,1,3,-0.6296477759400191,2060.9713851557212,0.29867455305642693,214,1,0.8736032,Hibernating,Member,USR008639
58,4,287000.0,4,3122,2,7,3.388887140204023,-30729.185619440028,0.4416204568828348,307,0,0.6897685,Hibernating,Silver,USR005907
83,5,188000.0,2,1816,1,5,4.274082627415782,18884.21658894644,0.6856574524971065,282,0,0.62934214,Hibernating,Member,USR005027
29,14,762000.0,1,9068,3,10,13.54218385182077,75431.93496256869,0.4120862434107397,336,1,0.02078475,At_Risk,Gold,USR003710
12,6,89000.0,3,875,1,7,-0.12090895626449005,7663.205109503975,0.31738465521511683,353,0,0.3645035,Loyal,Member,USR007937
8,9,432000.0,2,3819,2,10,-9.020102367268189,-91.81338373759046,0.2011324671602547,357,0,0.2598133,Champions,Silver,USR002755
3,24,1451000.0,2,13812,3,12,-23.133279330307868,-462.8811315313491,0.1776826833131241,362,0,0.0075182267,Champions,Gold,USR000054
9,8,768000.0,1,6559,3,11,-8.396610598603518,77181.51245100108,0.21293155061943633,356,0,0.42892438,Champions,Gold,USR002436
19,4,234000.0,2,2237,2,7,-0.34517593306314454,23600.250093166833,0.2944270762098219,346,0,0.4234841,Promising,Silver,USR006259
87,5,277000.0,3,3311,2,6,5.105604699612228,1120.1894604068468,0.37277350931648773,278,1,0.61411,Hibernating,Silver,USR004102
243,0,71000.0,1,760,1,3,0.00911549856855858,1996.1697209412298,0.2919530328273358,122,1,0.92494375,Hibernating,Member,USR009598
8,13,632000.0,1,6854,3,12,-0.5857415649854931,455.4008401944966,0.045125792734420876,357,0,0.10305118,Champions,Gold,USR003923
351,0,70000.0,2,698,1,3,-0.05824417631551738,7081.637037719547,0.33243435477648803,14,1,0.96022034,Hibernating,Member,USR009027
16,3,198000.0,1,2213,1,7,-2.111352615984773,19509.536824338735,0.07709933020007728,349,0,0.44583896,Promising,Member,USR006094
15,5,242000.0,4,1990,2,8,4.23750752992797,686.1835565047076,0.16496151265876627,350,0,0.37173358,Promising,Silver,USR007207
52,3,206000.0,2,1991,2,6,-0.04680451168318325,20913.843031904566,0.31402180733864377,313,0,0.70494866,Hibernating,Silver,USR004880
8,22,2344000.0,3,20772,4,12,-0.005278217440426658,-234972.5605925533,0.3187240192378292,357,0,0.060367294,Champions,Platinum,USR000075
5,3,234000.0,1,2546,2,8,3.29800433649306,-1476.277916432227,0.18974934728694054,360,0,0.3917794,Promising,Silver,USR006564
3,15,1275000.0,2,13496,3,12,-14.187334845462402,705.6556992382529,0.6558996412729706,362,0,0.023620108,Champions,Gold,USR000751
72,4,321000.0,1,3350,2,7,-4.632606017999098,633.7653673765664,0.23496201031474956,293,0,0.5025241,Hibernating,Silver,USR004603
248,0,33000.0,2,309,1,3,0.27329486284431936,-269.2952258682943,0.39396115264747344,117,1,0.9177422,Hibernating,Member,USR009136
179,0,30000.0,2,266,1,3,-0.19149960724172885,3401.462499205369,0.3850426609635433,186,1,0.9561983,Hibernating,Member,USR009245
280,0,21000.0,1,182,1,3,0.2852923500599298,1416.3317960565817,0.31327847940244147,85,0,0.92042804,Hibernating,Member,USR009985
288,0,74000.0,2,865,1,3,-0.18440163259443434,-6232.731461032573,0.056778165210411825,77,1,0.9182663,Hibernating,Member,USR008309
362,0,65000.0,2,752,1,3,-0.0033019552416823626,967.7687879834664,0.5624405930032833,3,1,0.91809434,Hibernating,Member,USR009978
9,9,439000.0,2,4828,2,10,8.057067691067896,43255.085383023725,0.08331195864504241,356,0,0.16935949,Champions,Silver,USR002250
17,9,747000.0,1,8041,3,10,0.432679354525035,-1537.155483089032,0.11007075555386342,348,0,0.07656525,Loyal,Gold,USR002800
6,22,1176000.0,4,9785,3,12,22.213838385504964,-115811.66164653725,0.35153354513938523,359,0,0.027722565,Champions,Gold,USR000859
15,6,139000.0,3,1259,1,8,0.1334878915637801,-139.28836222950224,0.010704463117212444,350,0,0.37411743,Loyal,Member,USR007762
11,5,117000.0,2,1325,1,8,-4.932072049216854,12715.646732999716,0.46756468536245693,354,0,0.29390776,Promising,Member,USR007931
17,11,341000.0,1,3210,2,9,10.829453533929195,35070.60417661837,0.11125046022420353,348,0,0.15261559,Loyal,Silver,USR002406
1,19,1142000.0,4,10585,3,12,-0.4724072451208601,-113689.45278410634,0.18409232099591305,364,0,0.054394256,Champions,Gold,USR000358
157,0,8000.0,3,69,1,3,0.46019808062724243,968.0925754107817,0.1261306025884315,208,1,0.92025155,Hibernating,Member,USR009607
87,2,132000.0,3,1431,1,4,-1.2098301145885153,-13688.91742334139,0.37260127529736486,278,0,0.6690226,Hibernating,Member,USR005294
77,4,337000.0,2,3890,2,7,-3.9245661857442187,708.0687853118299,0.22945010589663117,288,1,0.56682235,Hibernating,Silver,USR005567
19,6,102000.0,2,1131,1,7,6.363585629766974,8744.034957565378,0.287414536097379,346,1,0.43023846,Loyal,Member,USR006308
27,12,662000.0,1,5682,3,9,-0.09902988160945321,-67467.00197612128,0.28670915756313925,338,0,0.24336159,At_Risk,Gold,USR002823
15,9,764000.0,2,7331,3,10,-8.989143490757579,766.5080008396467,0.10245083432918865,350,0,0.14675884,Loyal,Gold,USR002212
236,0,28000.0,2,293,1,3,-0.20058658587369455,1494.7455139552205,0.47509195537967963,129,0,0.9425684,Hibernating,Member,USR009901
10,6,213000.0,1,2322,2,9,-0.04316892912336344,-361.59738167651847,0.260345579250866,355,0,0.39975232,Loyal,Silver,USR007396
170,0,75000.0,2,812,1,3,0.3064126608346607,-383.7295452849299,0.14688658463734508,195,0,0.92974627,Hibernating,Member,USR009218
6,6,100000.0,4,1198,1,8,-5.070598682209742,-721.7160452723303,0.32669282478343087,359,0,0.16563989,Loyal,Member,USR007967
29,9,760000.0,4,7134,3,9,-9.325046877654328,675.4013279510187,0.13905457316727768,336,0,0.10098745,At_Risk,Gold,USR003594
7,3,200000.0,2,1969,1,8,-0.16237096754098693,-20252.731093357335,0.022421966660969333,358,0,0.35485467,Promising,Member,USR007068
9,3,220000.0,1,2004,2,8,0.1793680719983081,-22607.046301726223,0.5537310755237644,356,0,0.37811738,Promising,Silver,USR006788
12,18,2445000.0,4,25945,4,11,-18.282776381201213,244250.86932510146,0.14457714951967635,353,0,0.09034416,Loyal,Platinum,USR000456
52,5,231000.0,2,1989,2,6,-0.27151097319289486,21529.650868455195,0.2991132244423599,313,0,0.5780038,Hibernating,Silver,USR004097
294,0,6000.0,1,57,1,3,0.2646499669718346,112.31093267047038,0.4097079968579511,71,1,0.9386108,Hibernating,Member,USR008597
8,3,120000.0,2,1349,1,8,-0.33154608691269394,-399.96134955586496,0.3760799841662037,357,0,0.4166392,Promising,Member,USR006926
132,0,32000.0,2,308,1,3,-1.0805279986746354,-3806.845771293485,0.31962013885026036,233,0,0.89364755,Hibernating,Member,USR009524
20,4,140000.0,1,1247,1,7,0.32846453317104407,13055.04372922025,0.07896713565714152,345,0,0.416868,Promising,Member,USR006631
20,5,240000.0,1,2218,2,7,-0.07694888699281764,-1214.5270310881417,0.43416526777747816,345,1,0.32762322,Promising,Silver,USR006135
69,4,346000.0,2,3601,2,7,-0.12938220593618938,-410.16222283119674,0.30353824792826334,296,1,0.5751453,Hibernating,Silver,USR005994
4,29,1890000.0,2,20168,4,12,-28.37190128029316,188618.04371247167,0.6242638843303133,361,1,0.051620938,Champions,Platinum,USR000252
27,12,561000.0,4,6328,2,9,12.611789829879637,-55751.98247618732,0.08237399966998919,338,1,0.2173736,At_Risk,Silver,USR001610
45,2,219000.0,1,1898,2,5,-2.2181315160900144,525.2009660156798,0.14762232011825457,320,1,0.64077055,Hibernating,Silver,USR005467
8,10,779000.0,1,6957,3,11,9.997479564888236,763.1642927279919,0.06894911433184495,357,0,0.16090907,Champions,Gold,USR002146
8,14,422000.0,2,4228,2,11,-14.312386291388808,-42674.74345479679,0.1689754477317055,357,0,0.09067854,Champions,Silver,USR003103
8,11,456000.0,2,4238,2,10,-0.7276444879506078,614.8468630582221,0.10829609097493403,357,0,0.17169592,Champions,Silver,USR002489
9,6,208000.0,2,2053,2,9,-0.7226999183903791,108.06923456106026,0.07726988805298925,356,1,0.42517623,Loyal,Silver,USR007818
7,14,795000.0,3,8030,3,12,14.289788923556923,-753.649710906341,0.15847910099942794,358,0,0.14360136,Champions,Gold,USR003366
165,0,19000.0,1,224,1,3,-0.4019601721197106,-25.30158856295822,0.3302449050276517,200,1,0.83797103,Hibernating,Member,USR008804
54,3,147000.0,1,1397,1,6,3.24600202705148,-16353.814377321734,0.4975632804362798,311,1,0.6196776,Hibernating,Member,USR004639
53,4,321000.0,2,3124,2,7,4.245907200543981,-31491.719041072905,0.3617619369538471,312,1,0.72420967,Hibernating,Silver,USR005929
82,3,228000.0,1,2029,2,5,3.783895754897832,-23877.61896452416,0.24790672920407897,283,0,0.57613415,Hibernating,Silver,USR005487
13,21,964000.0,3,7946,3,11,20.120020558925376,-526.6993329346014,0.31424109408135575,352,0,0.058695108,Loyal,Gold,USR000046
26,14,376000.0,2,3065,2,9,14.080134428708789,38865.5034894003,0.18451695619409525,339,0,0.27626172,At_Risk,Silver,USR001957
59,2,292000.0,1,2715,2,6,-0.11963657357592569,29424.944150537023,0.19079519334027178,306,1,0.6338659,Hibernating,Silver,USR005627
58,3,118000.0,1,962,1,6,2.8468022864567404,-11371.227809864458,0.1052692773702054,307,0,0.48986956,Hibernating,Member,USR004461
18,3,167000.0,3,1431,1,7,3.77490930316417,-17076.261408056132,0.06648401597608664,347,0,0.34807873,Promising,Member,USR007947
14,9,477000.0,1,4739,2,9,9.317481436806275,48426.62082234112,0.20295063676756367,351,1,0.20412675,Loyal,Silver,USR003223
11,16,1842000.0,1,17533,4,12,15.695880425967731,-129.19830979034094,0.24691057859058532,354,1,0.044759378,Champions,Platinum,USR000032
14,4,105000.0,3,989,1,6,-3.896747187427085,11271.508537815434,0.48663108938675115,351,0,0.3773211,Promising,Member,USR006140
3,25,995000.0,3,10851,3,12,-24.0888035837243,99093.24153556659,0.3237519171753083,362,0,0.020049948,Champions,Gold,USR000830
19,4,232000.0,3,2780,2,7,0.00579692966268572,-1089.670435986672,0.4427981654618046,346,0,0.26281393,Promising,Silver,USR007002
7,3,92000.0,1,756,1,7,-2.262272934478853,-9395.439189061524,0.39462322066954003,358,0,0.24855521,Promising,Member,USR007781
17,5,80000.0,1,767,1,7,5.348315750608873,-8093.459855741852,0.3238941572283901,348,0,0.5986336,Loyal,Member,USR006799
15,5,88000.0,3,1049,1,7,0.5804763453712807,-7688.574043155953,0.5073131102569091,350,1,0.36728328,Loyal,Member,USR006528
72,2,261000.0,2,2346,2,6,-0.3608482270077213,1802.959455472518,0.7130976759873966,293,0,0.5747356,Hibernating,Silver,USR005451
7,18,895000.0,3,10456,3,12,-18.106429941378185,1752.2731900835547,0.526991802873274,358,0,0.015893476,Champions,Gold,USR000090
10,6,191000.0,3,2255,1,9,-0.2697148968892093,18552.89407123571,0.3352737672597286,355,0,0.3078515,Loyal,Member,USR006377
9,9,328000.0,2,2706,2,10,8.248805509155241,-32134.00045297863,0.4133936978847796,356,0,0.53837746,Champions,Silver,USR003300
55,3,166000.0,2,1430,1,6,-2.3943672517534935,-15389.28079626783,0.4897478656982874,310,1,0.64842016,Hibernating,Member,USR005299
27,10,579000.0,3,4764,2,8,10.610275301965617,-59878.94017379683,0.38232734007448743,338,0,0.21624796,At_Risk,Silver,USR003284
195,0,63000.0,4,602,1,3,-0.7585365184528163,112.89353700788084,0.5742123952748052,170,0,0.9094267,Hibernating,Member,USR009690
15,4,135000.0,3,1373,1,7,-3.29257993177037,14224.604978443354,0.35780531764631085,350,0,0.4848889,Promising,Member,USR007121
29,14,491000.0,2,4898,2,9,13.166167366904569,49492.15435790884,0.6619884827848971,336,0,0.12285989,At_Risk,Silver,USR002351
7,5,235000.0,2,2800,2,8,-5.10984352251192,-28.99568454134113,0.732979111626181,358,0,0.12311993,Promising,Silver,USR007520
192,0,1000.0,2,9,1,3,0.2056801387848539,530.3092737415597,0.2561384643349669,173,1,0.9339294,Hibernating,Member,USR008653
1,26,2473000.0,2,23318,4,12,25.0925580852593,-246564.63917335798,0.3604482997020082,364,0,0.028285502,Champions,Platinum,USR000410
1,25,999000.0,3,10068,3,12,-25.08713351723346,100003.57652177507,0.43627550569860285,364,0,0.013804793,Champions,Gold,USR000821
18,9,457000.0,2,3938,2,9,0.37914119305896055,47148.11766104496,0.5335887051794191,347,0,0.1771953,Loyal,Silver,USR003839
3,3,138000.0,2,1270,1,8,-2.9128162061158482,12713.054675683272,0.39347764824519865,362,0,0.49501494,Promising,Member,USR007115
176,0,66000.0,2,684,1,3,-0.7286368290997265,-5813.569891883271,0.5997151692538653,189,1,0.9029703,Hibernating,Member,USR009380
18,6,183000.0,2,2118,1,8,6.5414207169581955,-19697.09893283049,0.8265081594749514,347,0,0.111257024,Loyal,Member,USR007899
49,5,332000.0,1,2741,2,7,5.326040118677454,-33446.85917167262,0.08894985260363342,316,1,0.57744896,Hibernating,Silver,USR004935
57,3,141000.0,1,1267,1,6,-3.5199840758085257,14597.932765602101,0.5262885998680893,308,0,0.6096763,Hibernating,Member,USR005490
17,4,105000.0,2,1086,1,6,-0.2259680690029953,11480.671995687862,0.4012072781959712,348,0,0.23301564,Promising,Member,USR006035
77,3,245000.0,1,2808,2,7,0.04243272918055208,-1377.4366498828958,0.3450571574828757,288,0,0.53107935,Hibernating,Silver,USR005702
7,4,184000.0,2,1834,1,8,4.0343750283817865,70.96581559454476,0.5068255467714741,358,0,0.31056815,Promising,Member,USR007004
219,0,4000.0,2,46,1,3,0.5234772672141046,-871.5402502782231,0.04233417201254978,146,1,0.9627978,Hibernating,Member,USR008979
9,5,240000.0,1,2809,2,8,-0.7385822081561908,1190.401988425349,0.4561372183333482,356,0,0.36754018,Promising,Silver,USR006817
187,0,7000.0,2,63,1,3,-0.24851534533295436,-458.80557652750883,0.15912202057479288,178,1,0.9279764,Hibernating,Member,USR008064
18,6,95000.0,2,1001,1,7,5.756065455963102,-439.8883197490957,0.35423529685166233,347,1,0.53546095,Loyal,Member,USR007479
89,5,247000.0,2,2129,2,6,4.725324954399335,23019.102714355773,0.05823163788757847,276,1,0.79032856,Hibernating,Silver,USR004310
1,22,1247000.0,1,10705,3,12,22.44520400259342,233.96803030236322,0.12067703534338634,364,0,0.04523562,Champions,Gold,USR000282
82,4,142000.0,2,1630,1,5,4.011990009507796,1540.4289516874608,0.32251655118417083,283,1,0.6465378,Hibernating,Member,USR005638
259,0,29000.0,1,254,1,3,-0.07490535937289548,1648.529437638606,0.3261748647648495,106,1,0.9294283,Hibernating,Member,USR008984
288,0,58000.0,1,685,1,3,0.051482621232305265,-212.84316312475184,0.487529910191275,77,1,0.9378109,Hibernating,Member,USR008168
254,0,45000.0,2,392,1,3,-0.05442431253458085,3748.4159194354097,0.130827547726528,111,1,0.95280945,Hibernating,Member,USR008246
10,18,1031000.0,2,11824,3,12,0.5432400614451909,103276.83761528532,0.24253950995126033,355,0,0.029538298,Champions,Gold,USR001323
135,0,18000.0,1,169,1,3,-0.18357178552361567,570.2614878310887,0.2752464302545183,230,1,0.94473284,Hibernating,Member,USR008936
108,0,32000.0,3,335,1,3,1.1745542790125163,-4156.746076577285,0.14535587150478343,257,1,0.9496965,Hibernating,Member,USR008688
347,0,7000.0,1,78,1,3,1.007056861679872,-1302.4597108220128,0.34230682585971484,18,1,0.9018791,Hibernating,Member,USR009151
278,0,68000.0,1,580,1,3,0.3814791283569857,7103.37780870011,0.5598237629907226,87,0,0.9157696,Hibernating,Member,USR008331
94,0,49000.0,3,521,1,3,-0.5223332653156216,150.9413542027429,0.0786582326411723,271,1,0.90024674,Hibernating,Member,USR008553
17,6,153000.0,1,1784,1,8,-6.170009895311728,-13741.90121466606,0.12251562362216062,348,1,0.4254464,Loyal,Member,USR007264
24,10,320000.0,2,3584,2,8,-0.5408255481320304,625.6913711088117,0.6440507468317079,341,0,0.18382649,At_Risk,Silver,USR003193
3,18,2393000.0,3,23221,4,12,17.75037619275267,-237747.4509348532,0.08813900011451616,362,0,0.035157897,Champions,Platinum,USR000879
9,21,2312000.0,2,25119,4,12,-0.19636311921290878,229978.42450933848,0.13249662301109688,356,0,0.2178126,Champions,Platinum,USR001416
221,0,57000.0,1,562,1,3,0.39738701923016784,-16.81184682324336,0.22051007997405025,144,1,0.92900884,Hibernating,Member,USR009293
185,0,13000.0,3,154,1,3,-0.41716909329133134,815.3240350613962,0.2229626066610297,180,0,0.89693326,Hibernating,Member,USR009532
61,4,263000.0,3,2880,2,7,0.10051675185828532,179.28157945071473,0.3995275684838274,304,0,0.42716557,Hibernating,Silver,USR005059
21,10,410000.0,1,4727,2,9,9.24886737382986,41241.07999919922,0.32070278093251064,344,0,0.1260905,Loyal,Silver,USR002890
14,9,546000.0,1,5667,2,9,0.06499911290079764,1082.7097735429156,0.16727907730042962,351,0,0.20049247,Loyal,Silver,USR003894
29,9,419000.0,3,4432,2,8,8.948996859936369,-719.4137495011888,0.2304896516452073,336,1,0.18156615,At_Risk,Silver,USR001626
12,23,971000.0,3,8705,3,11,-23.43982183777562,609.3508955780412,0.12430862534451835,353,0,0.116413034,Loyal,Gold,USR000513
326,0,55000.0,2,618,1,3,-0.4536904763816603,-56.602639364627535,0.2644561306340154,39,1,0.9152309,Hibernating,Member,USR009225
23,9,383000.0,1,3807,2,8,0.08484254542887563,244.7850879665718,0.2229618832639543,342,0,0.17852949,At_Risk,Silver,USR001518
11,6,93000.0,2,1027,1,8,5.1211062880289635,1883.2043683309012,0.3351589877716622,354,0,0.57888776,Loyal,Member,USR007260
24,10,412000.0,4,3447,2,8,9.899290049961513,-38490.72335152896,0.1179439646619697,341,1,0.3216353,At_Risk,Silver,USR002754
77,2,102000.0,2,1116,1,5,0.2146753568306354,-2477.3433929375024,0.2413813786888031,288,1,0.57551074,Hibernating,Member,USR005249
16,9,568000.0,2,6714,2,9,0.16191963316372515,55987.58159299919,0.5520557729755976,349,0,0.1342412,Loyal,Silver,USR002243
70,2,191000.0,2,1807,1,5,-0.42969960540860036,21145.27991766605,0.497798117577459,295,0,0.7647726,Hibernating,Member,USR004862
9,4,163000.0,4,1623,1,8,-0.9394904723769136,-14697.035653078334,0.197447047665613,356,0,0.20312537,Promising,Member,USR007929
19,13,782000.0,1,9337,3,11,12.843934316229356,523.9133210551074,0.7065504218843489,346,0,0.04958191,Loyal,Gold,USR003993
21,10,425000.0,3,4131,2,9,-10.76036076481706,1350.7701305538724,0.4783638304517685,344,0,0.14073935,Loyal,Silver,USR001872
5,28,1566000.0,2,16118,4,12,-28.351578231127906,155978.7656350678,0.5156792119436655,360,0,0.01887732,Champions,Platinum,USR000598
1,20,943000.0,3,8300,3,12,19.686229998627965,-354.75181962885,0.16413243750378317,364,0,0.027749961,Champions,Gold,USR000994
50,4,189000.0,2,1979,1,6,1.237656900468051,17817.330452035345,0.5405690461982983,315,1,0.6037635,Hibernating,Member,USR004437
1,16,855000.0,3,9950,3,12,15.543705900911187,-958.8038543707613,0.3541731104513089,364,0,0.018461643,Champions,Gold,USR000682
255,0,47000.0,2,531,1,3,-1.3772608141991864,615.4780045559826,0.18697869186752106,110,1,0.91673476,Hibernating,Member,USR008589
23,8,387000.0,3,4361,2,8,-8.404783401044787,-844.7591476159557,0.02756618225776116,342,0,0.07885085,At_Risk,Silver,USR002503
354,0,6000.0,1,62,1,3,0.27540641759175244,-132.62222315395184,0.6138921782228931,11,1,0.9427615,Hibernating,Member,USR008692
359,0,57000.0,1,630,1,3,0.5156902626386655,1137.9766126058337,0.46440400411939736,6,1,0.9548391,Hibernating,Member,USR008174
7,26,1415000.0,3,12272,3,12,-25.93603639881271,-140847.8973814328,0.49124758586656886,358,0,0.041681282,Champions,Gold,USR001195
7,13,753000.0,2,8582,3,12,-13.587071186240557,-543.6930431123843,0.19903670743218457,358,0,0.05943214,Champions,Gold,USR003862
18,14,619000.0,3,5816,3,11,-14.107347273693419,61487.72113667278,0.313046476949163,347,0,0.17031367,Loyal,Gold,USR003444
17,6,164000.0,2,1929,1,8,-6.117582439125549,-943.8467555786535,0.24691750401803325,348,1,0.27628124,Loyal,Member,USR006689
173,0,78000.0,3,797,1,3,-0.5289183093051172,7497.711556906495,0.2253147919199481,192,0,0.9332938,Hibernating,Member,USR008304
17,10,658000.0,1,6908,3,10,-0.7950956616271491,-1760.3305128316795,0.5549339758157095,348,0,0.16111888,Loyal,Gold,USR001950
45,5,212000.0,3,2229,2,6,4.959958500875453,-579.5210911996718,0.22538439255170886,320,0,0.5492345,Hibernating,Silver,USR005069
23,8,447000.0,1,5000,2,8,-0.36007698851078335,45800.96094836263,0.5110134459316455,342,0,0.2427151,At_Risk,Silver,USR002488
11,8,706000.0,1,6061,3,11,0.014282881388793063,794.8518354882873,0.40395095869920294,354,0,0.36527455,Champions,Gold,USR002934
12,7,232000.0,1,2578,2,8,0.0621923834538571,547.5302274932272,0.18071626627715495,353,1,0.31973958,Loyal,Silver,USR006462
345,0,58000.0,2,467,1,3,-0.003964293726685202,-6367.910676513211,0.4350208075017784,20,1,0.9351815,Hibernating,Member,USR009464
18,11,775000.0,3,6666,3,10,10.342280867056369,76113.03452442815,0.22570059234394216,347,0,0.27910325,Loyal,Gold,USR002623
253,0,25000.0,1,284,1,3,-0.564742788797702,1808.6093100071382,0.37551008243235157,112,1,0.87198895,Hibernating,Member,USR009450
208,0,50000.0,1,587,1,3,0.35160912742837197,1441.5557425112338,0.452792039111439,157,1,0.92415553,Hibernating,Member,USR009498
20,7,107000.0,1,1087,1,7,-6.269141491871441,468.7029672494095,0.28511314486765216,345,0,0.33294216,Loyal,Member,USR006997
84,4,297000.0,3,2436,2,6,-0.40707662829880176,991.0713165974248,0.1050968775609975,281,0,0.6718762,Hibernating,Silver,USR005651
24,13,678000.0,1,6852,3,10,-0.31179844016631963,-870.9435506647399,0.21793157871811022,341,0,0.27427828,At_Risk,Gold,USR003884
112,0,1000.0,4,10,1,3,-0.12345916374472732,-164.39244143960707,0.28030248800973484,253,1,0.8155906,Hibernating,Member,USR009767
16,12,636000.0,3,7480,3,11,0.14814768275183382,63144.987535294254,0.5059759150765166,349,0,0.17112835,Loyal,Gold,USR001625
85,5,250000.0,4,2505,2,6,-1.167976809400718,-261.98474917413046,0.19799790322569905,280,1,0.64135724,Hibernating,Silver,USR005889
24,11,604000.0,3,4933,3,9,11.05599096631063,61992.978364881856,0.2000172477188881,341,0,0.097479805,At_Risk,Gold,USR001984
61,2,168000.0,2,1515,1,5,1.5295113693586415,269.9637940215828,0.11696149373109106,304,1,0.66535753,Hibernating,Member,USR005367
13,6,209000.0,1,2498,2,8,5.682347315189167,-2058.5260888332477,0.5565545586624123,352,0,0.33036807,Loyal,Silver,USR006818
3,7,239000.0,2,2657,2,9,7.383525109246355,22946.220120197966,0.2033810950503081,362,0,0.6204727,Loyal,Silver,USR007060
75,5,262000.0,2,2304,2,7,0.0026026309474731905,-26526.02931655747,0.13856725876019726,290,1,0.53086036,Hibernating,Silver,USR005761
26,14,675000.0,1,6868,3,10,13.93110706940386,67723.6794864242,0.5626322840823276,339,0,0.15183134,At_Risk,Gold,USR003747
1,29,2070000.0,3,22749,4,12,-0.6990410199593916,-205965.80532920233,0.2673229698556719,364,0,0.021450294,Champions,Platinum,USR000390
200,0,0.0,3,0,1,3,-0.5140193295464318,407.51614482073995,0.586240085199247,165,1,0.92924947,Hibernating,Member,USR008130
78,5,326000.0,1,2805,2,8,5.661202162405865,33600.04614313169,0.21468857221206344,287,1,0.6507029,At_Risk,Silver,USR004186
16,10,397000.0,3,3496,2,9,-0.012348821542496115,685.7060264814841,0.26358187418296497,349,0,0.16716515,Loyal,Silver,USR002827
3,3,249000.0,2,2114,2,9,-2.9467822917843556,25363.07684656225,0.012802967393450038,362,1,0.30631194,Promising,Silver,USR007777
176,0,57000.0,3,528,1,3,-0.3706276837547416,5081.271955194703,0.38172228021344295,189,1,0.9409023,Hibernating,Member,USR009457
128,0,41000.0,2,337,1,3,0.3805961863507543,4274.18088196227,0.6426892748197716,237,1,0.95307016,Hibernating,Member,USR009031
63,2,298000.0,1,3447,2,6,2.987039343872512,29980.17235549695,0.08963396020122644,302,1,0.5541779,Hibernating,Silver,USR005938
88,5,289000.0,3,2585,2,6,-0.17533669682929823,2.5040613663185605,0.47793113486729794,277,0,0.5904083,Hibernating,Silver,USR005077
10,3,177000.0,3,1814,1,8,2.263427061676735,-198.68111556839855,0.5549247335262192,355,1,0.39501625,Promising,Member,USR006279
124,0,55000.0,1,560,1,3,-0.13933945141977858,3860.5121250763586,0.08514710603353093,241,1,0.9434247,Hibernating,Member,USR009837
7,5,205000.0,1,2061,2,8,-5.261552153442248,1564.8304050350646,0.3113938955928443,358,1,0.32771423,Promising,Silver,USR007044
16,10,550000.0,2,4643,2,9,-10.014408300794312,55609.5559689958,0.2132437025919356,349,0,0.1622247,Loyal,Silver,USR003666
57,4,194000.0,1,1717,1,6,4.102076935998014,-20436.248654818224,0.0656383470974642,308,0,0.5457732,Hibernating,Member,USR004015
10,27,1823000.0,3,20550,4,12,26.968955650892855,-181952.4012290252,0.1738780438789569,355,0,0.0132994745,Champions,Platinum,USR000564
76,4,322000.0,4,2597,2,7,-3.8747848584994777,-873.5354123833501,0.18115585782133015,289,1,0.5334728,Hibernating,Silver,USR005091
8,11,700000.0,4,6008,3,11,-11.023929463826379,-69801.33374729603,0.11589038590510617,357,0,0.12772152,Champions,Gold,USR001720
110,0,70000.0,1,745,1,3,0.3125383985020364,-6204.223425974413,0.44044233819555173,255,1,0.84918934,Hibernating,Member,USR009845
3,19,1040000.0,4,11777,3,12,-18.951291328467843,103994.8107866712,0.23419036625775363,362,1,0.01535676,Champions,Gold,USR000826
13,11,477000.0,1,5680,2,9,-11.639823924174621,-48387.22813780823,0.23457921911671709,352,0,0.1363171,Loyal,Silver,USR001565
10,10,525000.0,1,6210,2,10,-10.898098877667275,-1178.2188256696058,0.18228518356350917,355,0,0.23015419,Champions,Silver,USR002998
9,6,124000.0,2,1055,1,9,-0.4755540233712323,11509.803924043134,0.6949691225038753,356,0,0.40319517,Loyal,Member,USR007630
7,6,195000.0,1,2235,1,9,0.38409706405292393,-18736.796380724343,0.07758459410290312,358,0,0.39247924,Loyal,Member,USR007020
11,22,1906000.0,4,16902,4,12,0.18853045481419992,119.37232666396395,0.12063595833580483,354,0,0.039040357,Champions,Platinum,USR000953
16,14,555000.0,2,4774,2,10,-14.28333529648072,56927.81661927244,0.10650337690950101,349,0,0.07554497,Loyal,Silver,USR001847
84,3,306000.0,1,2501,2,6,-0.12541683590561542,30932.424711020456,0.17641444121127842,281,1,0.6762491,Hibernating,Silver,USR004419
9,6,111000.0,3,1082,1,8,-5.616468655255149,-2050.2938925247718,0.04963866304399629,356,0,0.39328948,Loyal,Member,USR007731
11,28,1840000.0,3,16864,4,12,0.1732635091565002,-184389.31972298532,0.2464951316705583,354,0,0.01980725,Champions,Platinum,USR001402
24,8,536000.0,2,4367,2,8,8.3582151018287,-52147.35872338612,0.22020451444273,341,1,0.11606091,At_Risk,Silver,USR002649
201,0,64000.0,1,629,1,3,-0.17995554678333578,5896.50092914204,0.2956353175145763,164,1,0.9501414,Hibernating,Member,USR009855
58,4,348000.0,1,3566,2,7,-0.5148276278462097,36109.848411660416,0.5750048735238231,307,1,0.5460839,Hibernating,Silver,USR004430
203,0,51000.0,4,495,1,3,0.021131532482489595,3490.585856582537,0.42562080660396556,162,0,0.9479899,Hibernating,Member,USR009113
98,0,32000.0,2,302,1,3,0.08562202384249788,-412.206452497665,0.053642880281756074,267,0,0.908803,Hibernating,Member,USR009955
224,0,58000.0,1,590,1,3,-0.07516418688185496,-6019.878964758324,0.34070725081489667,141,1,0.9117563,Hibernating,Member,USR009237
271,0,56000.0,3,524,1,3,0.6667195830164825,5390.188303546425,0.39653779668285766,94,1,0.96674,Hibernating,Member,USR008815
6,6,206000.0,3,1698,2,9,0.5816410663971043,-21045.79271549194,0.2357257699137097,359,1,0.36477727,Loyal,Silver,USR007356
5,24,930000.0,4,9916,3,12,-0.9754502333946905,-93595.30722343214,0.13121348408526845,360,0,0.035056844,Champions,Gold,USR000270
55,2,336000.0,3,3945,2,6,2.8428508770174856,32434.639900156577,0.30521387458635374,310,0,0.41911867,Hibernating,Silver,USR005386
309,0,77000.0,1,666,1,3,0.2872808587683577,7396.574371515356,0.3299294074049118,56,0,0.9447834,Hibernating,Member,USR008620
3,17,1271000.0,2,13971,3,12,0.28313535402934414,630.5308163254753,0.04237205835120023,362,0,0.012687651,Champions,Gold,USR000846
251,0,9000.0,3,76,1,3,-0.9397334819730832,338.5598932444734,0.41505911438721277,114,1,0.7834922,Hibernating,Member,USR008312
46,4,177000.0,1,1787,1,6,-4.060250529111662,-19100.059263224244,0.13355515815733615,319,0,0.5979822,Hibernating,Member,USR005577
27,8,309000.0,1,3212,2,8,-0.19642194538360364,-29895.20915778089,0.27959708422657115,338,0,0.20795149,At_Risk,Silver,USR002530
18,9,320000.0,3,2590,2,9,-0.31013214833383934,207.06572414105804,0.4443632843288805,347,0,0.17414854,Loyal,Silver,USR003983
216,0,65000.0,1,581,1,3,0.03159680192511342,53.04703161147295,0.1923128161173164,149,1,0.9059506,Hibernating,Member,USR009849
11,5,83000.0,2,910,1,7,4.739895493272959,-54.01874296848923,0.27407550283076043,354,0,0.66967577,Promising,Member,USR006591
234,0,40000.0,4,452,1,3,0.2929958844893909,-4272.846796340006,0.11290750186310834,131,1,0.94477224,Hibernating,Member,USR008029
81,5,298000.0,2,2936,2,7,-5.690981392493502,31903.910958422228,0.3514144852461611,284,1,0.58312386,At_Risk,Silver,USR005827
2,15,2268000.0,2,18360,4,12,-0.08340737034919662,-225859.60043105387,0.2597456648274888,363,0,0.06047447,Champions,Platinum,USR000036
230,0,57000.0,2,564,1,3,-0.22336343286141438,1523.5969171024628,0.515197868133264,135,0,0.9229822,Hibernating,Member,USR008349
72,5,335000.0,1,3818,2,7,-4.907940300835915,-33952.957089538075,0.022768356381146045,293,1,0.43178755,Hibernating,Silver,USR004981
1,18,1566000.0,2,17490,4,12,17.705373134602468,874.9911853679771,0.3439842004733438,364,0,0.04274044,Champions,Platinum,USR000290
350,0,7000.0,1,81,1,3,-0.37092158050423774,548.0286120879263,0.1529578399249034,15,1,0.8567111,Hibernating,Member,USR009734
86,4,128000.0,3,1303,1,5,-3.904538134122447,183.15203870928056,0.3493502202080553,279,0,0.60333824,Hibernating,Member,USR004105
60,3,209000.0,1,1722,2,6,2.996162968157748,19802.727069875007,0.0808277616193854,305,0,0.60002,Hibernating,Silver,USR005400
24,14,561000.0,3,6118,2,9,-13.86304445657641,-55575.796738782934,0.3249448563600595,341,0,0.20063558,At_Risk,Silver,USR001530
7,10,509000.0,2,4411,2,10,0.44835388918435176,350.82176702292,0.16874673451402153,358,1,0.15710579,Champions,Silver,USR003769
25,14,429000.0,1,4504,2,9,12.974473796073072,463.15296353797066,0.39499592595856403,340,0,0.1156054,At_Risk,Silver,USR002445
52,4,174000.0,1,1839,1,6,-0.6129461317199729,899.5710138851431,0.3444731536995354,313,0,0.62232447,Hibernating,Member,USR004715
60,5,285000.0,1,2478,2,8,5.01882368608468,29028.254446656658,0.12181501902898273,305,1,0.51761115,At_Risk,Silver,USR004854
5,25,1551000.0,1,16537,4,12,-0.25281029295959423,-154727.5592871892,0.3562039037133531,360,0,0.1011557,Champions,Platinum,USR000133
9,16,1609000.0,3,16807,4,12,15.150774715799875,267.5920219842707,0.18402858603732963,356,0,0.020842602,Champions,Platinum,USR000165
65,2,272000.0,2,2469,2,6,-0.08929113475711269,-28261.500987634674,0.0847661901422312,300,0,0.7041438,Hibernating,Silver,USR005442
75,5,109000.0,2,1010,1,5,5.83462347118825,-10832.64870221922,0.07034760525900946,290,0,0.7208451,Hibernating,Member,USR004874
10,29,2261000.0,2,25119,4,12,0.2244713590964988,225363.33120910462,0.4112598431503947,355,0,0.07599731,Champions,Platinum,USR001251
47,3,208000.0,1,2069,2,6,-0.5234608750534531,20077.443911539503,0.15215983819775286,318,0,0.67738944,Hibernating,Silver,USR004588
1,16,2144000.0,3,24240,4,12,-0.8975645983099342,-213767.59995504504,0.2557101016463041,364,0,0.028941944,Champions,Platinum,USR000268
2,25,1865000.0,3,15544,4,12,-0.6361188136159817,-1047.4080504160518,0.16642572611107476,363,0,0.08764062,Champions,Platinum,USR000652
260,0,16000.0,2,178,1,3,-0.022821426666897703,1886.4962908089394,0.2776733081979797,105,1,0.9211997,Hibernating,Member,USR008258
58,2,222000.0,3,1880,2,5,1.6569692367281605,-23123.968010634228,0.5888834628669428,307,1,0.4891951,Hibernating,Silver,USR005752
19,8,738000.0,2,8176,3,10,8.375638852571305,-74069.73318370667,0.11412392388717459,346,1,0.07925094,Loyal,Gold,USR002190
86,4,127000.0,2,1098,1,5,-3.5717700934256067,-13438.0184398825,0.362772689787781,279,0,0.6138923,Hibernating,Member,USR005813
49,2,107000.0,1,1037,1,4,-1.6058541716819983,113.99358939169315,0.7266806578210946,316,0,0.5963169,Hibernating,Member,USR004575
13,18,1264000.0,4,14352,3,11,-17.432615692566618,2485.031975996529,0.26871641748269454,352,1,0.01220405,Loyal,Gold,USR000414
7,22,1235000.0,3,13218,3,12,0.10069727935764054,711.2192726828655,0.5148029416752947,358,0,0.028959973,Champions,Gold,USR000544
176,0,11000.0,3,91,1,3,-1.2461948257915336,-878.7876662106349,0.11605745276545508,189,0,0.92518145,Hibernating,Member,USR008562
4,3,181000.0,3,1813,1,8,-2.8718376735155733,-897.8434207927971,0.5337255774138213,361,0,0.31414768,Promising,Member,USR006316
25,10,597000.0,1,5781,2,8,-9.955588518860607,-58954.7488913558,0.15019416964271856,340,0,0.21338452,At_Risk,Silver,USR003136
8,29,1653000.0,2,13858,4,12,-0.13791997994822827,1191.1433727480355,0.49036046997836286,357,0,0.029000746,Champions,Platinum,USR000315
12,24,1991000.0,3,17361,4,11,-23.959807480618174,199779.01193078683,0.3998536922378894,353,0,0.0825681,Loyal,Platinum,USR000687
283,0,64000.0,2,733,1,3,0.46840283856653003,-8167.892105961541,0.2363291868429975,82,1,0.9020893,Hibernating,Member,USR008004
8,11,565000.0,2,6489,2,10,11.716039301952282,-57034.62209529611,0.2723679053029944,357,0,0.1127359,Champions,Silver,USR002442
143,0,5000.0,2,40,1,3,-0.25514557978153163,-1282.4507396686233,0.2522564275216332,222,1,0.89290905,Hibernating,Member,USR008131
63,3,219000.0,2,1829,2,6,-2.887105982957239,22296.53307927951,0.24340775485719168,302,1,0.64796305,Hibernating,Silver,USR004121
51,4,261000.0,1,2497,2,7,0.3921423766318759,-44.10943312889722,0.09982367461709638,314,0,0.6399831,Hibernating,Silver,USR005263
352,0,75000.0,1,728,1,3,-0.1393323857122939,-1592.1323341379825,0.4141134171073958,13,1,0.9297659,Hibernating,Member,USR009558
364,0,15000.0,2,165,1,3,0.20872351720539992,438.32542947664376,0.14420047080417286,1,1,0.93010914,Hibernating,Member,USR009192
12,23,2397000.0,3,21723,4,11,22.49578348973443,-240522.07669496167,0.2962977815722781,353,0,0.03247566,Loyal,Platinum,USR000852
25,10,522000.0,1,4499,2,8,-9.904894520328579,51156.236901732416,0.43363994795461547,340,0,0.12223687,At_Risk,Silver,USR003049
15,7,210000.0,1,2319,2,8,7.260088210800136,-20181.04224397194,0.2986873965067784,350,1,0.3376511,Loyal,Silver,USR007957
67,5,130000.0,2,1356,1,6,-0.0674951139885307,-13053.596098952903,0.44431576855657967,298,0,0.6190207,Hibernating,Member,USR004525
210,0,57000.0,1,562,1,3,-0.6336383441863651,1689.9198345068216,0.15873786082809802,155,1,0.9315791,Hibernating,Member,USR008126
28,11,669000.0,2,7602,3,9,10.64902135085244,-68420.69638737713,0.3931298808576204,337,0,0.043423243,At_Risk,Gold,USR002127
68,5,200000.0,1,1640,1,6,-1.1496788481185307,-18748.56244040454,0.2674767724606533,297,0,0.5951335,Hibernating,Member,USR005800
50,4,199000.0,3,1952,1,6,-3.8413186833723194,-17860.016177831476,0.42533101866956624,315,1,0.5779671,Hibernating,Member,USR005180
20,5,117000.0,2,1229,1,7,5.51359739412143,-10618.440618986948,0.19347644666095543,345,0,0.25398928,Promising,Member,USR006098
29,14,526000.0,3,5737,2,9,13.41480820094783,-681.1269601357584,0.20432077316829467,336,0,0.3319319,At_Risk,Silver,USR001806
25,14,536000.0,2,4362,2,9,-0.07062091053426589,920.2154051909595,0.5095868791782356,340,0,0.19170426,At_Risk,Silver,USR003406
14,13,455000.0,3,3898,2,10,13.166380239318505,479.9328107989457,0.3223033769194986,351,0,0.14474602,Loyal,Silver,USR001793
55,2,232000.0,1,1968,2,5,0.4782747308936343,24387.589949396526,0.48813868855424436,310,1,0.67899036,Hibernating,Silver,USR004124
6,18,1836000.0,4,17906,4,12,0.350911520271672,-183484.84519616223,0.3304089073174032,359,0,0.037813142,Champions,Platinum,USR000967
53,2,341000.0,2,3444,2,6,0.020540432047377086,434.4251153781248,0.27960228406734744,312,0,0.46250916,Hibernating,Silver,USR004259
60,4,262000.0,1,2591,2,7,-3.714429378980963,-24288.336114542228,0.29467969454855103,305,0,0.5591185,Hibernating,Silver,USR004511
54,2,332000.0,3,3876,2,6,0.9147812981606196,-35306.04385759419,0.26379293310051766,311,0,0.5147148,Hibernating,Silver,USR005520
16,4,242000.0,2,2773,2,8,-0.212962299658783,-432.1939034953052,0.506692571134887,349,0,0.22968236,Promising,Silver,USR007303
10,19,1930000.0,3,20580,4,12,0.3948660623160038,-193535.26270451033,0.026666045242481905,355,0,0.012519818,Champions,Platinum,USR000632
71,3,171000.0,4,2011,1,6,-3.362459671445801,112.56725527078223,0.042150332612331094,294,1,0.46365017,Hibernating,Member,USR004434
20,9,322000.0,1,2946,2,9,-8.26153898889265,-32464.15287372515,0.34086452014244906,345,0,0.37333554,Loyal,Silver,USR003496
16,8,741000.0,3,6107,3,10,8.40477094412647,-72406.04206038201,0.08553944743829282,349,0,0.09326315,Loyal,Gold,USR003589
11,7,125000.0,2,1369,1,9,-0.3740454914243313,-640.7438657156224,0.14842373275054804,354,0,0.33275783,Loyal,Member,USR007812
18,3,206000.0,1,1811,2,7,-2.343896003199234,-21346.23263770001,0.3907023819216233,347,0,0.3468408,Promising,Silver,USR007562
310,0,59000.0,2,683,1,3,-0.4973858589658477,619.9160472041115,0.04712738443045424,55,1,0.8849508,Hibernating,Member,USR009241
190,0,1000.0,2,10,1,3,0.4322923958758855,-481.39002127999004,0.19471476841125676,175,1,0.8701336,Hibernating,Member,USR009663
82,5,128000.0,3,1180,1,5,-4.424167208476263,13097.961556164457,0.1620296528678946,283,0,0.57660913,Hibernating,Member,USR005398
252,0,77000.0,3,909,1,3,0.009629654515606208,8540.368820426056,0.5313829798062168,113,1,0.9157939,Hibernating,Member,USR008288
173,0,16000.0,2,163,1,3,0.005604076597949543,-1483.503304307309,0.06832824467132416,192,1,0.92390335,Hibernating,Member,USR008125
8,12,546000.0,3,5735,2,11,12.16816148466064,-1142.3820250394406,0.7397610231057289,357,0,0.04212376,Champions,Silver,USR003344
2,17,1870000.0,3,19309,4,12,17.516328758311005,-0.06124562755371822,0.18538141773956063,363,1,0.039900497,Champions,Platinum,USR000014
14,8,562000.0,1,6486,2,9,8.661308920630386,1214.1436360610967,0.4453636237441069,351,0,0.16156574,Loyal,Silver,USR003203
2,18,1695000.0,2,15954,4,12,-17.24194190982248,1105.3383380101166,0.12650361517990716,363,0,0.014307425,Champions,Platinum,USR000455
308,0,51000.0,3,543,1,3,-0.429237945586321,-4376.179984259493,0.7296070190998446,57,1,0.96612865,Hibernating,Member,USR008564
6,4,195000.0,3,2166,1,8,3.5665577075582666,-19322.798926030937,0.19948213135457804,359,0,0.3399939,Promising,Member,USR006410
7,27,1222000.0,3,14482,3,12,-26.193565814646437,194.15959569499654,0.19983123835331335,358,0,0.018775651,Champions,Gold,USR001095
16,7,230000.0,2,2404,2,8,0.24563701036314142,-402.93984913927324,0.05281037338769996,349,0,0.14943284,Loyal,Silver,USR006824
2,29,1704000.0,2,20093,4,12,-29.196696218977866,-169985.7072332634,0.28784999335345,363,0,0.022175387,Champions,Platinum,USR000574
10,14,720000.0,3,6056,3,12,13.91227078247912,-71054.00203723014,0.06581130177133179,355,0,0.066768676,Champions,Gold,USR001663
13,21,2051000.0,4,17635,4,11,21.473121835807657,-205427.3499603226,0.24593931317124598,352,0,0.06402556,Loyal,Platinum,USR000423
228,0,29000.0,1,336,1,3,-0.2907215431713785,-3758.3875339011756,0.5539009496131595,137,1,0.90535164,Hibernating,Member,USR008903
8,23,1302000.0,1,14387,3,12,0.900764203916093,438.546498827135,0.3809653591569589,357,0,0.0990406,Champions,Gold,USR001287
23,14,347000.0,2,2807,2,9,-13.601784816678945,33725.84265822196,0.061524115024271686,342,1,0.12741688,At_Risk,Silver,USR003396
18,7,183000.0,4,1505,1,8,0.6900694694342574,-19413.69151508827,0.5276109094655828,347,0,0.2369337,Loyal,Member,USR006850
188,0,64000.0,3,688,1,3,0.3873128176375753,-5408.386757437635,0.15983518595783472,177,0,0.92573214,Hibernating,Member,USR008396
7,4,113000.0,3,1076,1,7,-3.8435888816165766,487.2493587651452,0.36087129678341123,358,1,0.36980423,Promising,Member,USR006081
14,3,138000.0,1,1306,1,7,-0.0416661003121735,1562.8232656437503,0.4025678135046902,351,0,0.35161185,Promising,Member,USR007908
15,8,509000.0,1,5641,2,9,-7.673053694864488,-1232.1846779285618,0.2687182824441506,350,0,0.20048806,Loyal,Silver,USR002877
148,0,39000.0,2,386,1,3,0.5792359982366638,176.26381517049737,0.26338465502306524,217,1,0.926567,Hibernating,Member,USR008836
100,0,80000.0,1,887,1,3,0.08470153745603476,9141.863510283778,0.23789408780781757,265,1,0.8249947,Hibernating,Member,USR008375
50,2,172000.0,1,1873,1,5,-1.658673746353706,-16063.42329585587,0.2312160586116361,315,1,0.6444547,Hibernating,Member,USR004547
9,14,402000.0,1,3283,2,11,-14.391920869542343,40161.82849489258,0.17634437287294466,356,0,0.1554446,Champions,Silver,USR002634
8,25,1674000.0,3,16379,4,12,24.115792287180962,167429.13489042007,0.4106786844092295,357,0,0.008945709,Champions,Platinum,USR001446
7,8,511000.0,1,4234,2,10,0.16239079705505727,-49077.82514117139,0.474632534166003,358,0,0.12754731,Champions,Silver,USR003497
12,14,699000.0,3,7809,3,11,-14.300948580466306,68105.30834108412,0.4089112338985274,353,0,0.1709755,Loyal,Gold,USR003256
7,11,720000.0,1,6498,3,11,-11.449245243386422,73122.97994008289,0.16705451052637924,358,0,0.3580903,Champions,Gold,USR003179
9,12,610000.0,3,7172,3,12,-12.586908998549212,-61675.518378182474,0.5161216151221029,356,0,0.1183524,Champions,Gold,USR003840
2,25,2158000.0,2,18596,4,12,-24.649895076240618,-208.78675673793776,0.6097232946031735,363,0,0.008178204,Champions,Platinum,USR001436
18,5,190000.0,3,1546,1,7,5.16948794683413,-17809.461015627214,0.22535427792298166,347,0,0.3589675,Promising,Member,USR006790
75,2,139000.0,3,1144,1,5,-2.2780262787397016,307.40309334188584,0.39938841646533774,290,0,0.75647086,Hibernating,Member,USR004524
16,13,742000.0,2,7936,3,11,-12.82279671626283,73710.60888757603,0.2963126346088947,349,1,0.33569723,Loyal,Gold,USR002695
28,8,304000.0,2,2613,2,8,-0.3102704377228303,-31481.26592954589,0.0922413598864565,337,0,0.43392992,At_Risk,Silver,USR001585
25,14,365000.0,2,4015,2,9,-0.37413732738884775,-36691.67108697226,0.12435331003266376,340,0,0.26335505,At_Risk,Silver,USR003890
52,4,271000.0,1,2874,2,7,0.393638146561457,27137.56046741981,0.3303191515750638,313,1,0.54459536,Hibernating,Silver,USR004253
9,10,602000.0,3,6769,3,11,-0.1993508912415947,1944.3303158147735,0.4776566580074606,356,0,0.17474768,Champions,Gold,USR001892
151,0,12000.0,1,130,1,3,-0.4882127698657992,1238.9022312783422,0.33564551122540054,214,1,0.8874134,Hibernating,Member,USR008853
6,25,1410000.0,3,13872,3,12,25.05333482768352,140090.63068328917,0.20206583582571316,359,0,0.010957665,Champions,Gold,USR000203
13,22,1586000.0,3,15614,4,11,0.31454270450700017,160073.19151297575,0.06469462652382413,352,0,0.039403725,Loyal,Platinum,USR000887
28,10,344000.0,3,2935,2,8,-10.099964961559209,448.72288939255935,0.4121794278222474,337,0,0.15386635,At_Risk,Silver,USR003321
13,5,190000.0,1,1785,1,7,1.292987587841948,-20990.116737248936,0.3290859087909573,352,0,0.370469,Promising,Member,USR007620
10,29,2213000.0,2,19159,4,12,-0.3020149427373855,-222067.7996167439,0.21826663766608112,355,0,0.025215853,Champions,Platinum,USR000339
81,4,319000.0,1,3181,2,6,5.134495805829727,-32.44122887933026,0.21304218185880447,284,0,0.6493718,Hibernating,Silver,USR005991
213,0,9000.0,2,86,1,3,-0.1101047648170387,708.5492820377493,0.15666014018425975,152,1,0.9426403,Hibernating,Member,USR008259
273,0,12000.0,2,98,1,3,0.2604328462807863,-1777.7361470731944,0.2470152992598628,92,0,0.8962573,Hibernating,Member,USR008954
4,24,1243000.0,2,12455,3,12,0.11827109680743153,125077.5357723292,0.29123570886146805,361,0,0.028225327,Champions,Gold,USR000134
2,28,1982000.0,3,19463,4,12,-28.877883928879026,198751.36030190333,0.3306748157339962,363,0,0.05396419,Champions,Platinum,USR000645
6,28,850000.0,3,8841,3,12,-0.0036278492328305828,-599.1223927055405,0.36101073623068003,359,0,0.016187867,Champions,Gold,USR000223
22,12,326000.0,4,2646,2,9,12.216486464021818,-205.53766491716777,0.4085290316336726,343,0,0.15401612,At_Risk,Silver,USR002793
24,11,725000.0,2,8373,3,9,11.79185877281977,-74837.67156429135,0.09307932788373836,341,0,0.115117945,At_Risk,Gold,USR001998
59,5,228000.0,4,2017,2,6,-4.333032180056026,-731.2245690511621,0.1569866048548192,306,0,0.5569577,Hibernating,Silver,USR005571
8,8,670000.0,1,5651,3,11,-0.4302619339906195,66599.57193949139,0.24405805554961446,357,0,0.3314159,Champions,Gold,USR003346
20,4,102000.0,3,1187,1,6,4.031215851663721,9758.763754927464,0.15041184944268068,345,0,0.38904595,Promising,Member,USR007502
12,7,243000.0,1,2369,2,9,6.836183281345019,-24795.157648087927,0.2978289970935856,353,1,0.252953,Loyal,Silver,USR006730
49,2,122000.0,2,1042,1,5,0.38071531203044656,13985.259808828847,0.20557997857242033,316,0,0.79431564,Hibernating,Member,USR004909
4,28,2062000.0,3,17432,4,12,27.72691694789099,-2076.9735223943803,0.09089767603945398,361,0,0.0610154,Champions,Platinum,USR000527
13,13,611000.0,1,5132,3,11,-0.071142846222574,61859.688250018175,0.1260595633947823,352,0,0.16926225,Loyal,Gold,USR003004
19,11,313000.0,1,3366,2,9,-11.266071945086551,31395.05522373371,0.37448853437319646,346,0,0.20214741,Loyal,Silver,USR002926
3,21,1916000.0,2,19955,4,12,0.17368170175806236,-428.8086087040098,0.09441881779742015,362,0,0.023723044,Champions,Platinum,USR000370
12,11,337000.0,1,3047,2,9,11.155269818957102,34791.13863319648,0.43804952114344464,353,0,0.14956394,Loyal,Silver,USR002084
58,4,238000.0,3,2205,2,6,4.4046293140616495,24517.695170186635,0.19303717810101223,307,1,0.6616298,Hibernating,Silver,USR005405
261,0,28000.0,1,304,1,3,0.5543372099778621,410.77033919289613,0.17080845600990924,104,1,0.9455616,Hibernating,Member,USR009617
6,27,1885000.0,3,18212,4,12,0.49214822259852287,-188419.3327412138,0.15044937239355172,359,0,0.024034342,Champions,Platinum,USR000804
22,10,721000.0,1,6252,3,9,0.16543351420317562,-71782.45724298099,0.17597101472453708,343,0,0.25362915,At_Risk,Gold,USR003011
16,12,672000.0,3,7892,3,11,-11.995093129801798,1177.7054781319164,0.2756002319706077,349,0,0.24601884,Loyal,Gold,USR002723
7,8,365000.0,3,3781,2,10,8.046210573669619,-37881.68003411005,0.6589318805392158,358,0,0.08605379,Champions,Silver,USR003612
18,8,486000.0,2,5573,2,9,7.919286050983591,48335.39170363736,0.4335132598959889,347,0,0.14852597,Loyal,Silver,USR001949
267,0,3000.0,2,24,1,3,-0.6387183019226713,1728.06379864183,0.4224324692885781,98,1,0.87816656,Hibernating,Member,USR009977
293,0,50000.0,3,440,1,3,0.14044556330058575,-68.10362457713282,0.44624393166425624,72,1,0.9235579,Hibernating,Member,USR008993
8,21,2272000.0,2,19064,4,12,-20.420622582745064,-704.3151487438896,0.10850418820841277,357,0,0.028613033,Champions,Platinum,USR000175
5,6,233000.0,1,2183,2,9,7.161304612631383,-22395.177880880605,0.2774412595957727,360,0,0.4059226,Loyal,Silver,USR007945
2,18,1750000.0,1,14234,4,12,-18.6366063869567,-1841.7597051832238,0.4593047999810952,363,0,0.03020383,Champions,Platinum,USR000721
66,5,291000.0,1,3062,2,7,4.642016388408029,29076.86648091579,0.13345882410900992,299,1,0.5333999,Hibernating,Silver,USR004864
12,4,109000.0,1,1235,1,6,3.5829204766417098,9451.16556086724,0.74402286199826,353,0,0.12424882,Promising,Member,USR007061
19,3,144000.0,1,1350,1,7,-3.2377423705947215,14327.701000437108,0.13924247947154786,346,0,0.38174692,Promising,Member,USR006497
9,5,91000.0,1,816,1,7,-0.2973364935810844,7791.981025535843,0.20373040743367976,356,0,0.23489448,Promising,Member,USR007803
12,9,473000.0,2,4675,2,9,-8.965562680243115,-928.9820588202949,0.24283199883593876,353,0,0.1489883,Loyal,Silver,USR002033
3,6,213000.0,3,2228,2,9,-0.30801377185897794,1590.464272289736,0.3265304677875442,362,1,0.24795267,Loyal,Silver,USR007675
89,5,169000.0,2,1585,1,5,-5.589286392385087,-1549.9966260186716,0.28838101544057787,276,0,0.46250466,Hibernating,Member,USR005427
13,5,202000.0,2,1947,2,7,-0.23262271458454054,873.6037442094436,0.6116507842424459,352,0,0.32484704,Promising,Silver,USR007127
28,12,435000.0,3,3623,2,9,0.1100946571025664,-1112.9552500593381,0.4317702022709356,337,0,0.17764837,At_Risk,Silver,USR002303
75,5,148000.0,2,1547,1,6,-4.381130947125388,-2330.6634780373925,0.4188770407827192,290,1,0.5630786,Hibernating,Member,USR005120
4,3,182000.0,4,1826,1,8,0.42191438724281227,-145.76844551003782,0.08920917317486762,361,0,0.35591123,Promising,Member,USR007955
58,4,232000.0,1,2023,2,6,0.05040193522988706,22791.228015157852,0.2233364786444825,307,1,0.6472009,Hibernating,Silver,USR005624
13,26,1778000.0,3,17290,4,11,0.34341374772641925,178503.82615353973,0.4017251778324137,352,0,0.04828468,Loyal,Platinum,USR001025
13,5,122000.0,1,1032,1,7,-4.819046081819506,-12892.566394807085,0.0265452231359675,352,0,0.30608082,Promising,Member,USR007354
27,9,357000.0,3,4281,2,8,0.6468765779329801,-451.98374693854623,0.36179222864857574,338,0,0.17489685,At_Risk,Silver,USR003340
10,4,226000.0,2,2451,2,8,4.079696598888111,-21022.151866762513,0.6267049815997843,355,0,0.31962326,Promising,Silver,USR007039
125,0,78000.0,2,733,1,3,0.050381411450799385,2208.4077700637313,0.2801993129936663,240,1,0.88922393,Hibernating,Member,USR009399
11,25,1648000.0,3,16632,4,12,-24.658292663219985,164577.9574313679,0.13863235668558846,354,0,0.029643998,Champions,Platinum,USR000129
3,6,103000.0,1,882,1,8,6.27029477090612,-1213.029828958047,0.011909480086867815,362,0,0.6973841,Loyal,Member,USR007535
16,13,422000.0,3,5009,2,10,-0.054375511416808936,1731.252309290564,0.2399403815392563,349,0,0.17533179,Loyal,Silver,USR003373
80,5,105000.0,1,1188,1,4,0.05071148211982894,10591.320923041936,0.10566498987115329,285,0,0.5657285,Hibernating,Member,USR004720
15,6,155000.0,1,1503,1,8,-0.7419895297337088,-247.11640090441676,0.5198768648537198,350,0,0.2806152,Loyal,Member,USR006373
23,14,754000.0,1,7600,3,10,13.080181063718848,-879.9206025050698,0.5325177574568561,342,0,0.062415298,At_Risk,Gold,USR003751
12,23,2039000.0,3,20330,4,11,-22.831699286218917,-204435.40625874497,0.5444342011900993,353,0,0.013199144,Loyal,Platinum,USR000409
83,2,334000.0,1,3446,2,5,0.5446899180773038,446.9353149066785,0.5151446085952106,282,1,0.40478534,Hibernating,Silver,USR005441
20,13,567000.0,2,4832,2,10,-0.4697825836269791,-21.28038015727883,0.3442807364940006,345,0,0.11839087,Loyal,Silver,USR002531
21,12,497000.0,1,5794,2,10,-11.533580553818881,-1063.8250700947506,0.46708029555207636,344,0,0.10031731,Loyal,Silver,USR002113
10,28,1102000.0,2,11781,3,12,27.68645358761385,110250.44744277446,0.1979411435114429,355,0,0.022244304,Champions,Gold,USR000135
20,7,184000.0,3,2109,1,8,7.677902669715751,-20361.42040913304,0.1107223541998909,345,0,0.36552483,Loyal,Member,USR006605
13,23,1918000.0,2,21974,4,11,22.371922362746307,-192065.96112633293,0.16161400225900055,352,0,0.07937233,Loyal,Platinum,USR001069
6,7,148000.0,1,1226,1,9,6.308266343772007,-14061.55483381881,0.23192812389588782,359,1,0.2691013,Loyal,Member,USR007875
126,0,25000.0,2,236,1,3,0.4876678674443798,134.85670649458643,0.1817619938935761,239,1,0.94509506,Hibernating,Member,USR009973
15,12,333000.0,2,2787,2,9,-11.65883060897017,1718.9215737230124,0.5846817104266723,350,0,0.25682697,Loyal,Silver,USR002802
14,3,172000.0,1,2040,1,7,1.7169403070337932,-16895.866271548504,0.25646909568036597,351,0,0.23120582,Promising,Member,USR006809
66,4,299000.0,2,3439,2,7,-4.3926589601316195,-31291.885421227522,0.3194877380166665,299,1,0.6380002,Hibernating,Silver,USR004661
28,12,452000.0,1,3919,2,9,-0.09640304365370624,44366.28272147127,0.2950294777858595,337,0,0.20116901,At_Risk,Silver,USR003202
7,7,110000.0,3,1295,1,8,7.755641562055371,-12118.436503777213,0.2617783997578427,358,0,0.18653035,Loyal,Member,USR006593
102,0,66000.0,3,595,1,3,-0.24361047083411105,-402.9510756171176,0.5428388991228913,263,1,0.81512904,Hibernating,Member,USR008916
12,10,648000.0,1,6094,3,10,8.872104334452626,64421.87541963041,0.2566231454268721,353,0,0.15740399,Loyal,Gold,USR003387
290,0,57000.0,3,656,1,3,0.4541112620458645,4744.150001597983,0.42434109286698346,75,0,0.95230585,Hibernating,Member,USR009991
78,5,185000.0,1,1748,1,6,-5.4162383108616945,575.8341602044829,0.26135689343619956,287,1,0.40788788,Hibernating,Member,USR005461
334,0,27000.0,1,295,1,3,0.051558962858602425,1209.6889778458421,0.25254768216613144,31,1,0.9146054,Hibernating,Member,USR009629
59,2,199000.0,3,1768,1,5,-1.301077846484251,-1950.1707845243989,0.10232473773428961,306,0,0.56402487,Hibernating,Member,USR005190
4,17,2263000.0,3,19866,4,12,-17.834356931173065,225968.06680976992,0.34562822275030886,361,0,0.023264337,Champions,Platinum,USR000749
8,14,301000.0,2,2560,2,11,-14.026606218136491,1564.4967739405472,0.0373248255523444,357,0,0.13475062,Champions,Silver,USR001940
86,3,137000.0,3,1623,1,5,-3.302359433317739,12762.92971564067,0.201389494551893,279,1,0.665975,Hibernating,Member,USR005446
61,4,327000.0,4,3527,2,7,5.49640528503032,81.44723446283578,0.21080291777345478,304,0,0.5243549,Hibernating,Silver,USR005665
219,0,38000.0,1,412,1,3,0.0878017749021851,3475.8909170008974,0.005774082341059164,146,0,0.9648749,Hibernating,Member,USR009018
21,12,606000.0,2,5021,3,11,-12.989192458286542,-58892.77881504614,0.20276320537790238,344,0,0.5092014,Loyal,Gold,USR003078
24,11,780000.0,2,7073,3,9,-10.79395826756427,-79185.94220316813,0.1645973238071734,341,0,0.06369024,At_Risk,Gold,USR002533
74,2,115000.0,2,1024,1,5,-0.32687101490348375,-10544.98650988794,0.3242772050837905,291,1,0.66920334,Hibernating,Member,USR005092
19,10,316000.0,3,2940,2,9,9.888487159366798,-30931.606629409212,0.18949635304953524,346,0,0.1780322,Loyal,Silver,USR003025
24,14,639000.0,2,5580,3,10,0.34684897750657245,-63803.34608331256,0.029110163108528334,341,0,0.15570372,At_Risk,Gold,USR003270
73,2,231000.0,4,2427,2,5,-0.03238612989893826,-23021.536106551586,0.4990128658754688,292,0,0.49343997,Hibernating,Silver,USR005053
20,13,671000.0,1,6829,3,11,0.07170298053565222,-82.15585949035527,0.12614935874665664,345,0,0.28708288,Loyal,Gold,USR003761
70,5,329000.0,1,3913,2,8,4.560196845418005,-33667.33129270804,0.2957521053403357,295,0,0.48504484,At_Risk,Silver,USR005445
11,27,2021000.0,3,23581,4,12,27.58850031839517,-201754.68380542463,0.19814957611675857,354,1,0.011995912,Champions,Platinum,USR000509
364,0,79000.0,3,854,1,3,-0.14474504021680978,9186.307121608803,0.21590683046939985,1,1,0.9250572,Hibernating,Member,USR008188
22,14,615000.0,1,5842,3,10,13.63626759677286,158.99369125532638,0.14691612799370143,343,0,0.31125987,At_Risk,Gold,USR002051
13,7,133000.0,3,1193,1,8,-6.574295031618673,184.23808059768376,0.12566217085233683,352,0,0.45195425,Loyal,Member,USR006225
16,11,510000.0,2,5420,2,9,10.055738293642296,52791.88744407471,0.4359652256066013,349,0,0.069009446,Loyal,Silver,USR003259
24,14,537000.0,3,6130,2,9,14.043678712630133,-52051.214034270044,0.23224149466908406,341,0,0.26787055,At_Risk,Silver,USR002963
18,3,178000.0,2,2112,1,7,2.9249260839912807,-18290.76982400304,0.39154524334018076,347,1,0.296322,Promising,Member,USR007075
25,14,786000.0,1,8555,3,10,-13.949184973233288,78381.31938477949,0.47876292901551515,340,0,0.18571809,At_Risk,Gold,USR002685
262,0,12000.0,1,124,1,3,0.5487424856765818,150.79889063409982,0.38154149247909525,103,1,0.8906792,Hibernating,Member,USR008814
259,0,79000.0,2,838,1,3,-0.040639774006792875,1046.909740924715,0.4155699783745371,106,1,0.9010218,Hibernating,Member,USR008272
15,6,201000.0,3,2252,2,8,-5.842618719272418,-61.334156340440444,0.18407741743991954,350,0,0.396979,Loyal,Silver,USR007856
58,5,310000.0,1,2501,2,7,0.11908565306981414,31115.292269570193,0.39497025795255053,307,1,0.61069125,Hibernating,Silver,USR005861
17,6,115000.0,1,1207,1,8,-6.4593082292615165,664.1932702735925,0.20671884962189896,348,0,0.40011165,Loyal,Member,USR006803
5,26,1936000.0,2,16502,4,12,-25.832419716732442,-1080.166776115136,0.38914464638909696,360,0,0.017562035,Champions,Platinum,USR000753
10,10,750000.0,2,7675,3,11,0.6713738016583829,2029.2099804702982,0.540405687250177,355,0,0.16237259,Champions,Gold,USR001605
257,0,57000.0,1,538,1,3,-0.4255902412237425,-477.9282687772126,0.15518620300654856,108,1,0.9097991,Hibernating,Member,USR009362
4,3,107000.0,1,1162,1,7,-4.391858111899049,-8910.733939232918,0.46314684228949,361,0,0.27637437,Promising,Member,USR007285
2,25,2005000.0,2,20547,4,12,-0.008963984124899365,338.4878021042733,0.2285749828415008,363,0,0.038748156,Champions,Platinum,USR001329
20,13,561000.0,4,5369,2,10,0.5031253997163576,-55306.46236559749,0.6210260097498591,345,1,0.10104,Loyal,Silver,USR003644
22,12,702000.0,2,7958,3,10,11.935460005976573,-69826.48742028156,0.4543726741960896,343,0,0.06923032,At_Risk,Gold,USR003267
3,16,1822000.0,2,19706,4,12,-16.437099635007076,1756.9290581994085,0.2674335220353989,362,0,0.00648582,Champions,Platinum,USR000023
12,10,426000.0,1,4009,2,9,-0.26858213119416,-41079.78814330742,0.4170901173299949,353,0,0.09668939,Loyal,Silver,USR002305
3,27,999000.0,2,10731,3,12,27.017901300017922,1267.3951828291295,0.13988157365926956,362,0,0.014521972,Champions,Gold,USR000723
19,5,214000.0,1,2101,2,7,5.448398666016618,-19981.514967396528,0.2878623155356289,346,0,0.4375058,Promising,Silver,USR007142
4,17,2154000.0,2,23986,4,12,0.4609683006426779,-708.2341265480233,0.3672026773801651,361,0,0.03746393,Champions,Platinum,USR000674
3,27,1962000.0,3,21623,4,12,26.236439602332123,196879.11733154944,0.5661404960899414,362,0,0.106312074,Champions,Platinum,USR000186
19,6,175000.0,1,1702,1,8,-5.502491210192055,-606.6949152173058,0.33422548267336577,346,1,0.2609875,Loyal,Member,USR006293
350,0,74000.0,1,735,1,3,-0.4019123241213726,-235.3016772655414,0.10175816739627344,15,0,0.8732826,Hibernating,Member,USR009320
86,4,280000.0,1,2364,2,6,-0.48073590675525335,29450.760021086095,0.3553736326023148,279,1,0.60035765,Hibernating,Silver,USR005974
87,2,145000.0,3,1300,1,4,2.508587107085078,-866.7453933444455,0.2609397629165889,278,1,0.5576504,Hibernating,Member,USR004200
23,9,421000.0,1,3415,2,8,0.482632192190224,-211.11389571485958,0.252789900200855,342,0,0.16587014,At_Risk,Silver,USR001695
6,24,2034000.0,3,19348,4,12,-0.6077716060255285,204341.9721325923,0.23031583103128445,359,0,0.12670515,Champions,Platinum,USR001380
21,12,513000.0,1,5367,2,10,-12.44205457051496,50810.00163033866,0.25609490115209416,344,0,0.12373407,Loyal,Silver,USR003789
18,9,624000.0,4,5026,3,10,-10.437886713814137,-60739.2529818413,0.09968161102665395,347,1,0.19485702,Loyal,Gold,USR002547
11,13,454000.0,1,4267,2,11,-0.8840283595871986,46599.24899841376,0.17081370181403768,354,0,0.29990393,Champions,Silver,USR001576
13,3,196000.0,1,2179,1,7,-3.245297870951716,297.9661384893192,0.13472789388384848,352,0,0.31461248,Promising,Member,USR007389
5,21,994000.0,2,8846,3,12,-21.41718815587737,100164.51890851605,0.3636165302986146,360,0,0.0360554,Champions,Gold,USR001252
1,25,1949000.0,3,21906,4,12,1.0304132819513294,297.540540517137,0.5741546961639512,364,0,0.05512621,Champions,Platinum,USR000154
16,9,524000.0,2,5830,2,9,9.32673949097587,52753.95813997888,0.5803589715892977,349,0,0.114956886,Loyal,Silver,USR003782
6,29,1859000.0,4,19505,4,12,0.3612478847214685,-185207.12744548998,0.4950424525806336,359,0,0.020941269,Champions,Platinum,USR001449
161,0,8000.0,1,75,1,3,0.06031738044672706,1618.286758761509,0.3412518671439107,204,1,0.84103185,Hibernating,Member,USR008478
15,12,666000.0,4,6516,3,11,-0.13555484632339723,67545.47148199256,0.14217069137206415,350,0,0.44037664,Loyal,Gold,USR003645
88,2,194000.0,2,2167,1,4,0.7107516426165468,-19502.546330661462,0.29197932109488295,277,1,0.6443852,Hibernating,Member,USR004666
3,7,221000.0,1,2264,2,9,7.360006765918126,258.5585707663054,0.46548817250670477,362,0,0.38077247,Loyal,Silver,USR006339
266,0,41000.0,3,340,1,3,0.6796457121682551,885.5832342134345,0.41370584835878976,99,1,0.94398826,Hibernating,Member,USR008711
19,7,214000.0,4,1983,2,8,7.92269984062519,-1421.6328800766414,0.17330266468705283,346,0,0.26203907,Loyal,Silver,USR006133
17,13,663000.0,1,6259,3,11,-0.12577595009206818,65777.12718662605,0.13494949665984307,348,0,0.47922382,Loyal,Gold,USR003463
18,4,136000.0,2,1094,1,7,-3.709313470330538,-12424.476028644081,0.2825750665755061,347,0,0.23339166,Promising,Member,USR007284
23,9,434000.0,2,3894,2,8,-0.13394936707924937,759.9232213413075,0.6481071349857146,342,0,0.2241376,At_Risk,Silver,USR001502
3,15,1444000.0,2,16044,3,12,0.20843653129502018,-145351.65282361722,0.24421431585626793,362,0,0.044625908,Champions,Gold,USR001479
195,0,44000.0,1,405,1,3,-0.12052710729698213,-6718.660596436981,0.4915988456264468,170,1,0.91743314,Hibernating,Member,USR008865
12,4,167000.0,1,1811,1,7,0.6791785832153026,18579.05062386477,0.23482640749384945,353,1,0.54868174,Promising,Member,USR006679
235,0,45000.0,2,483,1,3,-0.09384696571088261,1128.309054562671,0.10259282106774342,130,0,0.95116687,Hibernating,Member,USR008938
13,14,397000.0,2,4222,2,10,14.288114359797813,352.44165399968097,0.3822456476718756,352,0,0.071012035,Loyal,Silver,USR002400
9,21,1237000.0,3,11509,3,12,-20.542235104137628,-699.266655869942,0.22303334749591225,356,0,0.18545732,Champions,Gold,USR001205
203,0,22000.0,4,234,1,3,0.8854787766738725,2638.7350400574755,0.30730236714458997,162,1,0.96671325,Hibernating,Member,USR008727
219,0,78000.0,1,852,1,3,-0.7274460826446553,1239.479443746453,0.26408604612106756,146,1,0.8801833,Hibernating,Member,USR008628
51,5,246000.0,2,2915,2,7,5.415080686173152,23838.146455989576,0.1700073605636897,314,1,0.42559928,Hibernating,Silver,USR004344
171,0,48000.0,2,562,1,3,-0.4540769743038352,652.697520157137,0.31623568710498023,194,1,0.9345029,Hibernating,Member,USR009352
5,3,211000.0,2,2159,2,8,-3.1841663550195882,-20039.40022544469,0.20283138111158516,360,0,0.39347103,Promising,Silver,USR007985
71,5,261000.0,2,2553,2,8,4.233889106379844,26435.81711995437,0.2368939328697344,294,1,0.65935093,At_Risk,Silver,USR005179
59,3,221000.0,1,2283,2,6,3.384058476215347,21432.13289094562,0.4415873907733548,306,0,0.5759029,Hibernating,Silver,USR005387
28,11,382000.0,1,4005,2,8,10.698351575610923,-38969.84590357367,0.574510898691401,337,0,0.11480872,At_Risk,Silver,USR002177
16,14,313000.0,2,2646,2,10,0.7121417071369287,790.9746721224698,0.4673390156113835,349,0,0.24617404,Loyal,Silver,USR001519
50,2,274000.0,1,3007,2,6,1.8463768871691342,-102.18777971711089,0.43123745093928295,315,0,0.6997551,Hibernating,Silver,USR004802
191,0,80000.0,3,921,1,3,0.5487113437113534,-5575.600009335621,0.18768897343780247,174,1,0.90212184,Hibernating,Member,USR008987
17,8,549000.0,2,4883,2,9,-8.529710703541028,-54930.47150742416,0.16046059122324338,348,0,0.14154512,Loyal,Silver,USR002368
21,11,343000.0,1,4088,2,9,-11.558470442051181,381.60842039535703,0.6528011531873645,344,0,0.15025367,Loyal,Silver,USR002354
11,23,1479000.0,3,16853,3,12,23.107266459443206,150290.2945049507,0.33250589272997993,354,0,0.013562513,Champions,Gold,USR001054
64,2,227000.0,1,2286,2,5,-0.6606046159280645,22975.1884167743,0.1745378951519009,301,0,0.6282903,Hibernating,Silver,USR005893
229,0,48000.0,1,496,1,3,0.06999104816067686,-3460.603877560843,0.5177102754696072,136,1,0.92372733,Hibernating,Member,USR009731
9,3,120000.0,1,1372,1,8,0.5824954412819615,-12668.367624731245,0.2530127793463348,356,1,0.25220034,Promising,Member,USR006213
11,5,202000.0,3,2225,2,8,-6.08101614996372,19106.923248321258,0.5644291587019563,354,0,0.3747924,Promising,Silver,USR007144
18,10,458000.0,2,4789,2,9,10.236670591692572,45492.04293186017,0.5633992944983378,347,0,0.22772062,Loyal,Silver,USR001796
10,5,222000.0,2,1978,2,9,-0.265005379389983,20906.003120749876,0.2983898310899209,355,0,0.34313306,Loyal,Silver,USR006044
13,10,350000.0,1,3402,2,9,0.05089416685366375,370.1696348203371,0.32257960060147794,352,0,0.14699411,Loyal,Silver,USR002609
183,0,77000.0,1,820,1,3,-0.4245117160410177,-8968.923842465872,0.28432220531253427,182,1,0.89516574,Hibernating,Member,USR009079
3,25,2045000.0,2,23852,4,12,0.900522598269667,204167.82216840086,0.4329898382813106,362,0,0.37585196,Champions,Platinum,USR001428
7,9,359000.0,1,3900,2,10,8.820434185945563,34972.72658160449,0.37306987587649015,358,0,0.17175435,Champions,Silver,USR001831
26,8,400000.0,1,4084,2,8,-7.944388332579571,-2151.052682721887,0.444380938312897,339,0,0.10269984,At_Risk,Silver,USR001706
322,0,33000.0,1,372,1,3,0.354514887659152,4261.493290198412,0.58263156469123,43,1,0.93923956,Hibernating,Member,USR009678
234,0,36000.0,2,381,1,3,0.21013426452828074,-731.4974169465272,0.3800065792205744,131,1,0.90729284,Hibernating,Member,USR008201
45,3,274000.0,3,2367,2,7,-3.4164316375772676,-26305.277115760317,0.19702724278844239,320,0,0.5709712,Hibernating,Silver,USR004665
10,19,828000.0,3,9836,3,12,-0.18731140966302745,164.92143792507125,0.49839762863723247,355,0,0.01792436,Champions,Gold,USR000938
13,13,323000.0,1,2745,2,10,12.828332412073776,32516.740087864975,0.6329687943811352,352,1,0.29217917,Loyal,Silver,USR002252
52,2,223000.0,1,1887,2,5,0.2719033269440589,501.20418238412134,0.26185623358944166,313,1,0.6440523,Hibernating,Silver,USR004493
20,13,407000.0,1,3670,2,10,-13.060248706949679,393.1363835222252,0.0017012939773057196,345,1,0.22895813,Loyal,Silver,USR003848
12,14,753000.0,2,8332,3,11,14.016978442582584,-76076.70132609973,0.4071542640826159,353,0,0.0449865,Loyal,Gold,USR003851
7,4,217000.0,1,2032,2,8,4.277993716845069,22515.76143642512,0.5442144428677117,358,1,0.48807657,Promising,Silver,USR006640
178,0,55000.0,2,583,1,3,0.6457344445326817,6267.372161226475,0.3274006826246253,187,1,0.9587251,Hibernating,Member,USR009226
356,0,72000.0,2,764,1,3,-0.26897198316657017,70.09895894239774,0.6153360612969697,9,1,0.93362045,Hibernating,Member,USR009534
20,6,149000.0,1,1213,1,8,0.1222272248027749,1934.302166337711,0.12466623598724555,345,0,0.4425715,Loyal,Member,USR007980
20,9,706000.0,1,8185,3,10,0.8732453157973108,-70931.44645960836,0.19126049478038412,345,0,0.065202385,Loyal,Gold,USR001543
19,8,402000.0,1,4171,2,9,-0.005805057227521765,41162.082932741294,0.4236285604059899,346,0,0.102136955,Loyal,Silver,USR003435
62,4,227000.0,1,2541,2,6,0.03999792762179108,-23000.862444709273,0.2462088373056884,303,0,0.6144811,Hibernating,Silver,USR005556
16,3,160000.0,3,1384,1,7,0.05527455977606539,13390.100635816769,0.16917754257968573,349,1,0.2902401,Promising,Member,USR007703
18,8,475000.0,3,4979,2,9,0.2830287294160336,-48990.22617566021,0.19985414356490333,347,0,0.115357004,Loyal,Silver,USR003630
7,11,590000.0,4,5070,2,10,10.102008632707989,-335.71395638839283,0.3257569543384187,358,0,0.07472343,Champions,Silver,USR003838
47,2,243000.0,2,1945,2,6,-2.162489722130663,-189.00637214838346,0.2026545876954219,318,0,0.6808304,Hibernating,Silver,USR005017
20,5,234000.0,1,2657,2,7,0.15656170859649582,-1247.2748846293912,0.1477646731201519,345,1,0.3504902,Promising,Silver,USR007764
72,3,160000.0,2,1366,1,6,0.49720726410379223,17007.955901802008,0.32463717328171643,293,1,0.7188055,Hibernating,Member,USR005711
22,10,675000.0,1,5531,3,9,-9.72777006523627,-67405.55667450135,0.5303565676880007,343,0,0.1679943,At_Risk,Gold,USR001642
64,2,228000.0,4,2233,2,5,0.814659258720806,-91.94895767303233,0.2350378926615911,301,1,0.58624554,Hibernating,Silver,USR005358
152,0,52000.0,2,581,1,3,-0.35740362949573523,4356.409977104433,0.1237329630560205,213,1,0.9437226,Hibernating,Member,USR008593
3,5,152000.0,2,1466,1,8,-5.018858974882796,-15865.384438996181,0.1766068838544832,362,1,0.3456152,Promising,Member,USR007296
326,0,3000.0,2,25,1,3,0.16617318573600173,867.4276913469608,0.19727469365398345,39,1,0.9173388,Hibernating,Member,USR008422
27,13,433000.0,3,4891,2,9,-13.280176578029922,-44051.94162114865,0.31750604341519606,338,0,0.16471289,At_Risk,Silver,USR003484
18,7,100000.0,2,912,1,7,6.956425803832287,9115.388696364147,0.5049114760349747,347,0,0.32997164,Loyal,Member,USR006170
10,5,140000.0,3,1300,1,8,-0.22849591691261573,14766.60691116421,0.36871450748809637,355,0,0.50522095,Promising,Member,USR007501
317,0,58000.0,3,505,1,3,-0.4644632412303652,-1912.6784014656564,0.21426385933706543,48,1,0.93362975,Hibernating,Member,USR009054
16,5,156000.0,2,1456,1,7,-5.554087348242374,-15260.81832902916,0.7342890727605291,349,0,0.07922957,Promising,Member,USR007873
2,26,1503000.0,3,13418,4,12,25.903422387575212,-126.48945692255282,0.2905950201717998,363,0,0.01038503,Champions,Platinum,USR001204
27,8,632000.0,2,7133,3,9,-0.23342770519995973,-62941.094405903044,0.07913621632752804,338,0,0.033107236,At_Risk,Gold,USR003228
3,24,2352000.0,3,25262,4,12,-23.75168269251005,-233895.02755915024,0.14248273268820594,362,0,0.027468972,Champions,Platinum,USR000050
203,0,44000.0,4,452,1,3,0.2862357058898679,205.40077260191012,0.5129092626752926,162,1,0.94704485,Hibernating,Member,USR009579
49,2,219000.0,1,1992,2,5,0.36203752537215206,20754.121807029624,0.4836697741061105,316,0,0.6955984,Hibernating,Silver,USR004758
20,13,708000.0,2,6287,3,11,0.06073928966452891,70296.4418745873,0.020268054995037563,345,0,0.15991127,Loyal,Gold,USR002175
5,18,1055000.0,2,9086,3,12,-1.036177590847999,-106564.53342036171,0.29637394723188154,360,0,0.065030895,Champions,Gold,USR000360
11,12,320000.0,2,2913,2,10,-12.168938887736903,-646.8396770854272,0.28181538042654275,354,0,0.17282334,Champions,Silver,USR003999
16,7,112000.0,3,1261,1,7,6.037011090777449,-12415.784440783227,0.07077984808037131,349,1,0.5621437,Loyal,Member,USR006838
8,5,209000.0,2,2495,2,8,-1.11417121997489,-20940.85233955941,0.4242902830230309,357,0,0.27291924,Promising,Silver,USR006553
21,13,617000.0,1,7053,3,11,13.024424196604743,-61165.51251348543,0.07149329448828523,344,0,0.16144377,Loyal,Gold,USR002679
5,27,1376000.0,3,15266,3,12,1.0177657283597974,-40.7260787451847,0.065388233032043,360,0,0.010322642,Champions,Gold,USR000019
1,15,905000.0,3,10015,3,12,-0.0903266910228605,89538.1170331946,0.08095910100783738,364,0,0.017262893,Champions,Gold,USR000355
54,5,304000.0,1,3483,2,8,0.3265039691549519,1828.6422237434826,0.20837068968067637,311,0,0.5163769,At_Risk,Silver,USR004719
7,8,738000.0,3,7734,3,11,0.20854024900432233,-519.4201740895246,0.3996558253959126,358,0,0.06478827,Champions,Gold,USR003714
146,0,34000.0,2,333,1,3,0.11924946283652707,3021.5984720379083,0.4733808375328795,219,1,0.9320307,Hibernating,Member,USR008483
48,4,278000.0,1,2327,2,7,-0.5187208482041628,-27774.65712053115,0.17820667933650236,317,1,0.5547234,Hibernating,Silver,USR005864
75,5,185000.0,2,2119,1,6,-5.152172435526976,18751.9456183627,0.31761522805180936,290,1,0.64170474,Hibernating,Member,USR004004
3,24,1590000.0,2,17800,4,12,-24.163662787536197,-160217.25953690975,0.08920787846573798,362,0,0.009343771,Champions,Platinum,USR001158
344,0,9000.0,1,90,1,3,0.15569496884821357,-2542.519032310562,0.26006607538185667,21,1,0.8262609,Hibernating,Member,USR008307
12,6,249000.0,3,2667,2,9,-6.169454272837917,-200.92780194905384,0.3837300846182685,353,0,0.38293627,Loyal,Silver,USR006811
16,13,347000.0,3,3367,2,10,13.459593076838477,-35135.648499132185,0.22829488293595795,349,0,0.426498,Loyal,Silver,USR002613
14,5,192000.0,1,1606,1,8,-4.181947444701841,20015.9781301279,0.3688216740066693,351,1,0.40854752,Loyal,Member,USR006881
7,7,245000.0,2,2451,2,10,-6.788992820294653,-26500.9438349276,0.2836722099814196,358,0,0.32281137,Champions,Silver,USR006172
1,27,1605000.0,1,13692,4,12,27.06038523277568,680.8862123789486,0.22947327475949147,364,0,0.016513804,Champions,Platinum,USR000327
3,15,1961000.0,4,17036,4,12,15.302012423474777,-197317.79270879526,0.29993460470802125,362,0,0.02375214,Champions,Platinum,USR000342
12,3,148000.0,3,1420,1,7,0.09397088821637822,-15652.907067140903,0.21483178983462786,353,0,0.3320489,Promising,Member,USR007428
16,9,762000.0,3,7717,3,10,-1.0936904574880215,383.3579367775718,0.03673945847585155,349,0,0.034656014,Loyal,Gold,USR003215
7,10,680000.0,4,5963,3,11,-0.07597556173599293,-68908.47003430138,0.1838957659718478,358,0,0.14994255,Champions,Gold,USR002012
17,5,98000.0,2,1155,1,7,0.28860282626397543,-9170.633097398848,0.06954684819952545,348,0,0.26967376,Loyal,Member,USR006540
17,5,91000.0,3,913,1,6,5.344356372277384,9527.69745763359,0.0885065319672201,348,0,0.64375484,Promising,Member,USR006718
24,13,352000.0,3,2970,2,9,-12.966862631327883,723.6235110528239,0.187755950868435,341,0,0.20694144,At_Risk,Silver,USR001735
85,3,174000.0,4,1831,1,5,-0.0005355667687070927,16126.75712747763,0.17160980889605215,280,0,0.6677515,Hibernating,Member,USR005915
14,4,225000.0,2,1909,2,7,0.010006902500805243,23567.993044503488,0.15485247196402044,351,0,0.40800503,Promising,Silver,USR006312
48,3,163000.0,4,1425,1,6,-0.5577100017651031,-15737.89715996701,0.567931024486846,317,0,0.5845867,Hibernating,Member,USR004005
223,0,1000.0,3,9,1,3,-0.23766170884109444,-851.7788172640965,0.15404210525196735,142,0,0.91030854,Hibernating,Member,USR009880
25,9,479000.0,3,4195,2,8,0.38636418895969665,-48826.49384287602,0.4169559858549376,340,1,0.16627498,At_Risk,Silver,USR003367
56,4,153000.0,3,1673,1,6,0.3136992428106704,1301.6471347954262,0.18285975244702737,309,0,0.5852565,Hibernating,Member,USR005207
16,5,241000.0,3,2130,2,7,6.078607943723869,-23484.836796316762,0.43897477450008987,349,0,0.34598088,Promising,Silver,USR006499
13,8,703000.0,1,7097,3,10,-0.1476006265513481,70227.9193212311,0.2877222910949966,352,0,0.2143156,Loyal,Gold,USR003735
19,12,438000.0,1,4916,2,10,-0.8523929528950572,-46434.31824800893,0.06170925143728067,346,0,0.08067915,Loyal,Silver,USR002997
22,8,362000.0,1,2902,2,8,-0.27542873516433086,192.78400358849524,0.4382878508642764,343,0,0.13082018,At_Risk,Silver,USR003867
24,9,724000.0,1,6183,3,9,-0.5827207631105285,-71653.94206111447,0.0679331666996578,341,0,0.081761464,At_Risk,Gold,USR003749
21,11,336000.0,2,2745,2,9,-0.24329062317736894,33736.97004078857,0.42855424385603796,344,0,0.14961569,Loyal,Silver,USR003568
2,25,2188000.0,2,25695,4,12,-24.39246719720418,219761.95866253902,0.3285042761952892,363,0,0.053868826,Champions,Platinum,USR000972
63,5,137000.0,2,1463,1,6,-0.7742915168106962,12955.230687840265,0.1936395053020318,302,1,0.6321227,Hibernating,Member,USR004643
57,3,312000.0,2,3101,2,7,0.25438166552465225,31858.984733474208,0.31027072582102144,308,0,0.6924365,Hibernating,Silver,USR005646
358,0,65000.0,4,571,1,3,0.15351961862591093,-6936.020898180736,0.10186512620302256,7,1,0.89592725,Hibernating,Member,USR009239
55,2,150000.0,4,1495,1,5,-2.4923168435089775,-901.3519426236237,0.3949569812820137,310,1,0.7657537,Hibernating,Member,USR005250
355,0,56000.0,2,509,1,3,0.6805033523848868,4335.313964909712,0.06951407842934276,10,1,0.9410922,Hibernating,Member,USR009528
50,5,269000.0,1,3161,2,8,0.10815270562415816,26905.470578005374,0.4578659259638382,315,1,0.5251636,At_Risk,Silver,USR005844
53,3,311000.0,2,2558,2,7,-2.728898496545476,31534.161238778906,0.5015205789404511,312,1,0.70007193,Hibernating,Silver,USR005653
163,0,52000.0,2,537,1,3,-0.8377902248120472,6190.505424422525,0.33717972734039436,202,1,0.92533636,Hibernating,Member,USR009129
11,27,2373000.0,2,28299,4,12,26.83872564488669,-237706.39569370632,0.10787091344096668,354,0,0.044620086,Champions,Platinum,USR001196
52,2,138000.0,3,1513,1,5,0.4938642579622998,13682.075620451136,0.4266810926671185,313,0,0.77472305,Hibernating,Member,USR004046
4,7,177000.0,1,1476,1,9,-0.41409028193675407,55.03581903054495,0.14613052767884083,361,0,0.2868152,Loyal,Member,USR007573
2,22,2144000.0,1,23195,4,12,21.654861883381397,1568.1467055717571,0.3042128830268777,363,0,0.055111606,Champions,Platinum,USR000393
8,23,1635000.0,4,17920,4,12,-23.085905231901336,1128.446660369111,0.35957899250629144,357,0,0.014752942,Champions,Platinum,USR000868
221,0,25000.0,1,287,1,3,0.2390702877779042,-3111.642888204911,0.18551157202828308,144,1,0.93179744,Hibernating,Member,USR008933
14,7,231000.0,2,2425,2,8,0.9162806201780063,-21244.735890423635,0.27279990598496207,351,1,0.2566526,Loyal,Silver,USR006727
18,3,127000.0,3,1408,1,7,3.1504841883212054,11084.027211255701,0.11336800457243888,347,1,0.29751062,Promising,Member,USR006960
89,5,162000.0,2,1339,1,5,5.179527546740183,519.5098881083026,0.09225127616679979,276,0,0.5836622,Hibernating,Member,USR004513
11,20,2264000.0,4,26153,4,12,-19.760440436108613,-619.3895114379889,0.29135573115875135,354,0,0.00992541,Champions,Platinum,USR000395
13,14,524000.0,1,4749,2,10,-13.664486994305575,-52646.96476839223,0.557363328955799,352,0,0.43380496,Loyal,Silver,USR001968
8,3,144000.0,4,1180,1,8,3.7157944526070557,14000.964996844397,0.24575487163590579,357,0,0.40319362,Promising,Member,USR006772
10,22,965000.0,2,9683,3,12,0.31659758933595766,97918.30746992593,0.2704275478494634,355,0,0.016195174,Champions,Gold,USR000182
15,7,150000.0,2,1662,1,8,-0.24782437643967026,14470.472458546346,0.4235014630899997,350,0,0.349552,Loyal,Member,USR006509
16,7,176000.0,1,1819,1,8,-0.009840377164134686,-18457.472651625147,0.3588323752781624,349,1,0.2521331,Loyal,Member,USR006107
64,5,321000.0,4,2714,2,8,-1.2148776488412725,31324.303351898772,0.5297985036928604,301,0,0.6360409,At_Risk,Silver,USR004875
20,5,92000.0,4,1091,1,6,4.618446823277262,8931.286553929389,0.10820706233425963,345,1,0.40831155,Promising,Member,USR006459
246,0,12000.0,2,103,1,3,0.7525979994395198,763.9611575801684,0.14869892586720457,119,1,0.9422786,Hibernating,Member,USR009257
99,0,8000.0,2,78,1,3,-0.13905993218316703,-192.8726961503229,0.1893359534954793,266,1,0.8800229,Hibernating,Member,USR009329
22,9,732000.0,3,7477,3,9,-9.21739734668611,805.6694031809299,0.06331774011559511,343,1,0.07316536,At_Risk,Gold,USR002089
254,0,73000.0,1,781,1,3,0.5836088666521865,-79.9110976714992,0.3573478027986875,111,1,0.93460345,Hibernating,Member,USR008930
15,3,126000.0,2,1028,1,7,-2.1610170815156513,1271.5559134708565,0.2160047258001423,350,0,0.50136787,Promising,Member,USR006260
7,7,185000.0,1,1983,1,9,-7.326568694964971,-18896.88014487779,0.29479933696874727,358,1,0.2820404,Loyal,Member,USR007364
13,18,1503000.0,3,15059,4,11,-0.21110034240237216,-150418.3802555302,0.24386945385326697,352,0,0.062001035,Loyal,Platinum,USR001493
16,4,172000.0,1,1634,1,7,-4.541798272336269,-213.96572322661913,0.4342243595599833,349,0,0.25260437,Promising,Member,USR006883
26,9,407000.0,2,3591,2,8,-1.364702192461867,40010.4026538801,0.5619091483579036,339,0,0.16179468,At_Risk,Silver,USR003022
15,13,639000.0,3,6776,3,11,-13.738328611759027,-605.7754148985526,0.3592788995034868,350,0,0.1844628,Loyal,Gold,USR002615
203,0,66000.0,1,727,1,3,-0.26054448106545813,-6345.2973963539,0.023199587640497163,162,1,0.93605965,Hibernating,Member,USR009852
13,13,533000.0,1,5014,2,10,12.851025317593388,-52208.18646634554,0.5676086135286972,352,0,0.06087611,Loyal,Silver,USR003794
178,0,32000.0,2,318,1,3,0.22791883919407,-3206.275232844127,0.4210891974114639,187,1,0.9224935,Hibernating,Member,USR008477
8,9,791000.0,1,9263,3,11,1.3239421067785437,78324.63098824289,0.07761158014554802,357,1,0.062173087,Champions,Gold,USR001938
7,5,119000.0,2,1148,1,8,-0.24785297328744985,10812.23137770243,0.1358695410206756,358,0,0.37783635,Promising,Member,USR007614
11,22,1805000.0,3,15152,4,12,21.66667740352101,662.607186675204,0.36965506241614876,354,0,0.027467543,Champions,Platinum,USR001387
7,21,1771000.0,3,18282,4,12,-20.591959477943032,675.0818408121937,0.23937676652144516,358,0,0.03584151,Champions,Platinum,USR001499
10,28,1918000.0,3,17390,4,12,-0.15022140441377577,190434.39629666234,0.13603717454047817,355,0,0.08063833,Champions,Platinum,USR000224
75,5,279000.0,4,2722,2,7,0.3018566202720981,-261.54715385343974,0.2995857347330132,290,1,0.5407124,Hibernating,Silver,USR004302
13,19,2117000.0,4,22552,4,11,-18.949336411569767,210528.87343596315,0.38443878644420126,352,0,0.01935784,Loyal,Platinum,USR000386
4,5,195000.0,2,1719,1,9,5.449914748066479,-19646.744572894837,0.06532050790072301,361,0,0.49406448,Loyal,Member,USR007795
14,10,457000.0,2,4532,2,9,9.0148457093243,-1085.7663232621032,0.30561043552485045,351,0,0.14611377,Loyal,Silver,USR002168
10,7,160000.0,3,1905,1,9,-7.220688751647314,13912.284109942899,0.057611129350176524,355,0,0.30304036,Loyal,Member,USR006421
12,8,447000.0,2,5036,2,9,-7.260259119069564,46440.05726919673,0.21654032654204752,353,0,0.33917344,Loyal,Silver,USR003776
75,4,307000.0,2,2741,2,7,4.5227301202411265,30487.327143310482,0.6899781257526925,290,1,0.44607008,Hibernating,Silver,USR004787
46,2,100000.0,1,1176,1,4,2.073538413722987,-72.10315977034799,0.23104883204917384,319,0,0.45513877,Hibernating,Member,USR005098
13,5,248000.0,3,2708,2,9,-4.607555656252908,22310.462908464593,0.30504114837665874,352,0,0.36747134,Loyal,Silver,USR007397
54,2,239000.0,4,2678,2,5,2.7295804970943456,-23300.51247643182,0.15873123051166885,311,0,0.43981245,Hibernating,Silver,USR004939
6,29,1755000.0,4,17368,4,12,1.2622546383037474,-648.2807758522027,0.2785804286260983,359,0,0.017326502,Champions,Platinum,USR001211
4,3,240000.0,3,2750,2,8,0.06758812067133455,23233.038393217957,0.48067466650940754,361,1,0.37574786,Promising,Silver,USR006291
4,3,127000.0,3,1216,1,8,3.0739110451516223,220.2450785316865,0.39959065216612843,361,0,0.33761296,Promising,Member,USR007943
50,5,306000.0,2,2919,2,7,4.408457242375118,30185.19237282913,0.33582233770542186,315,1,0.48893425,Hibernating,Silver,USR004518
8,23,1223000.0,3,10659,3,12,-0.385113491555071,-442.12309402591524,0.30074016449507435,357,0,0.04367873,Champions,Gold,USR000521
125,0,70000.0,1,603,1,3,-1.1198958151830605,-6073.4995146884985,0.23795139671946272,240,1,0.82607645,Hibernating,Member,USR009222
224,0,47000.0,1,397,1,3,-0.002131468821938082,577.9517823440513,0.16062068016895606,141,1,0.9560821,Hibernating,Member,USR009636
4,4,89000.0,1,1017,1,7,4.810079342478353,10755.584036399337,0.39995361220891873,361,0,0.47749823,Promising,Member,USR006917
9,26,2079000.0,3,17355,4,12,0.2917167845779826,-207853.32466034414,0.37718851203723075,356,0,0.061029546,Champions,Platinum,USR001389
222,0,24000.0,3,224,1,3,-1.1416402287636152,2206.77779564145,0.4083236148102435,143,1,0.9260579,Hibernating,Member,USR009631
20,7,94000.0,3,925,1,7,-7.679128493061244,10698.370004446755,0.44882123502590865,345,1,0.25144258,Loyal,Member,USR007135
12,6,207000.0,2,2293,2,8,-0.6624165278513173,-20267.22322163395,0.5986131413688209,353,0,0.2532284,Loyal,Silver,USR006982
79,3,253000.0,2,2686,2,6,-2.3607825210171427,-355.8291274035128,0.728221312108876,286,1,0.49567938,Hibernating,Silver,USR005990
321,0,42000.0,2,423,1,3,0.5144245768047973,-966.520600012575,0.11646325489165686,44,1,0.95489085,Hibernating,Member,USR009812
19,9,781000.0,3,7144,3,10,0.10835982106144149,-360.3015187600214,0.05132464312707975,346,0,0.041015953,Loyal,Gold,USR002605
28,11,302000.0,2,2883,2,8,-0.302981491973755,434.75052987282754,0.28246366737059464,337,0,0.1288709,At_Risk,Silver,USR001802
10,10,363000.0,2,4195,2,10,-0.4489709928201152,37645.48895620512,0.43068557282529013,355,0,0.1328475,Champions,Silver,USR002202
17,4,167000.0,2,1385,1,7,0.05751278317140357,-16227.760422356132,0.3166558392316871,348,0,0.25657916,Promising,Member,USR006102
155,0,3000.0,3,30,1,3,0.019039009698229564,-1030.7838340448288,0.2698994609118652,210,1,0.88709605,Hibernating,Member,USR008675
11,5,159000.0,3,1748,1,8,4.570270138275991,-15573.3215016903,0.30786959804029684,354,1,0.30450657,Promising,Member,USR006945
28,8,504000.0,2,4136,2,8,-0.10841352511107169,-49848.48199153042,0.1182379545529086,337,0,0.21716909,At_Risk,Silver,USR002301
304,0,27000.0,3,307,1,3,-0.25145482501900956,3562.56650124738,0.16771904137866595,61,1,0.9420473,Hibernating,Member,USR009160
18,4,246000.0,2,2108,2,8,-0.2571047221815131,153.43038651465162,0.12809335550509943,347,0,0.27099237,Promising,Silver,USR007603
279,0,53000.0,3,551,1,3,-0.16674314048484762,-4569.842835968558,0.24396277626553095,86,0,0.95505023,Hibernating,Member,USR009335
13,19,1109000.0,1,10795,3,11,-19.064648728517753,109645.81336568132,0.03223632587143916,352,0,0.04122754,Loyal,Gold,USR000179
313,0,54000.0,1,444,1,3,-0.21960888241090637,-63.057648391603784,0.2680423353064376,52,1,0.92393476,Hibernating,Member,USR009294
87,5,310000.0,3,3052,2,6,0.8646504330223782,-31884.588486017477,0.23282390587977103,278,0,0.5821757,Hibernating,Silver,USR004608
13,7,170000.0,2,2032,1,8,6.835279447637583,-525.5713514535266,0.2966089357401827,352,0,0.18034679,Loyal,Member,USR007778
314,0,70000.0,1,744,1,3,-0.11660424910319699,339.8853097518809,0.6022975227044893,51,1,0.95269215,Hibernating,Member,USR009993
6,4,99000.0,3,827,1,7,-0.4557137187689819,-10502.143622540727,0.2130956573806007,359,1,0.2523318,Promising,Member,USR007101
334,0,71000.0,1,771,1,3,0.020153849665123912,-654.6254142120443,0.09983845540809148,31,1,0.847578,Hibernating,Member,USR008452
8,4,237000.0,2,2248,2,8,4.556146224945864,24956.75049754658,0.12931396135944714,357,0,0.4786581,Promising,Silver,USR006786
3,25,2067000.0,4,16582,4,12,25.015531713199465,-724.4888613832093,0.2909058712546268,362,0,0.0064703315,Champions,Platinum,USR000379
8,18,2468000.0,2,23817,4,12,17.147612127885978,245356.41155058725,0.3327324915285832,357,0,0.034894686,Champions,Platinum,USR000747
4,24,2455000.0,3,23019,4,12,24.33416661480308,-244248.77088953584,0.5621704329143105,361,0,0.012580465,Champions,Platinum,USR001243
4,23,2046000.0,4,17258,4,12,-23.48703007845911,203988.8949179455,0.36796310838623975,361,0,0.078151256,Champions,Platinum,USR000942
82,4,261000.0,1,2523,2,6,4.650548346732811,-25078.420466680567,0.18599331683088596,283,1,0.60541016,Hibernating,Silver,USR005174
322,0,73000.0,1,871,1,3,0.019457914008665148,773.0533060459779,0.34494254582102735,43,0,0.8641917,Hibernating,Member,USR008594
10,29,2345000.0,4,18965,4,12,29.59258151571967,-233738.3715358536,0.29929041174405246,355,0,0.013887509,Champions,Platinum,USR000151
3,23,1674000.0,1,13784,4,12,0.4103037379543356,-167354.31567343965,0.20345444984754651,362,1,0.07932689,Champions,Platinum,USR000848
171,0,56000.0,1,630,1,3,0.679859106500448,5750.634340318443,0.5263876413567293,194,1,0.9604981,Hibernating,Member,USR008590
259,0,47000.0,4,404,1,3,-0.3403877831625901,-3993.290398213963,0.5264241609830913,106,1,0.8878122,Hibernating,Member,USR009370
87,4,221000.0,2,2512,2,5,-3.6235544592531075,-962.500002933258,0.12384108028682835,278,0,0.6169177,Hibernating,Silver,USR005628
10,3,91000.0,2,1035,1,7,3.763654112097299,11523.506123466825,0.6850435787304234,355,0,0.37877837,Promising,Member,USR006267
12,13,406000.0,1,3868,2,10,-13.548963181533523,40566.310328295534,0.5674178496961442,353,0,0.440475,Loyal,Silver,USR003888
356,0,76000.0,2,766,1,3,-0.15015907128273637,329.17467307223546,0.46628090314953574,9,1,0.9594213,Hibernating,Member,USR008645
10,10,514000.0,1,5272,2,10,-9.687033952013548,-50490.576703593135,0.3828991023216984,355,0,0.20072076,Champions,Silver,USR002318
14,8,785000.0,1,8814,3,10,-7.0759799041145754,496.6024096759404,0.14387573576075455,351,1,0.105282925,Loyal,Gold,USR002932
28,14,419000.0,1,4990,2,9,-0.5766300863376294,1182.4416310929473,0.3665887186130671,337,0,0.16102973,At_Risk,Silver,USR002279
334,0,17000.0,2,158,1,3,0.6729375015888583,-1594.568877050979,0.38298270533294027,31,1,0.9181024,Hibernating,Member,USR008374
7,7,133000.0,1,1247,1,9,0.9624191810399327,122.79585125108176,0.15149766371951706,358,0,0.36165738,Loyal,Member,USR007080
16,7,111000.0,3,1248,1,7,-0.10622936251713475,-1467.6545636611738,0.36521304621779654,349,1,0.4079175,Loyal,Member,USR006578
19,4,237000.0,2,2537,2,7,-3.326160957243688,261.635998567489,0.140605361536395,346,0,0.50819784,Promising,Silver,USR007799
172,0,3000.0,2,26,1,3,-0.23497893658657573,1030.2577791562278,0.6064653296499131,193,1,0.9446034,Hibernating,Member,USR008538
60,3,164000.0,1,1457,1,6,-2.861260379331267,729.2151829307869,0.22992067333324048,305,1,0.5555071,Hibernating,Member,USR004491
21,12,778000.0,1,6679,3,11,12.141176331989826,886.4591021364524,0.2508758221364402,344,0,0.2527313,Loyal,Gold,USR003198
333,0,42000.0,1,484,1,3,0.01540356749897507,820.6642269566928,0.14133204770833713,32,0,0.9274063,Hibernating,Member,USR008616
28,14,335000.0,3,3573,2,9,14.135791100076796,2021.7874907996495,0.03329661865761469,337,0,0.19069651,At_Risk,Silver,USR001712
79,2,103000.0,2,999,1,3,2.166188416759805,-10849.70840215671,0.22242027655317012,286,1,0.5099504,Hibernating,Member,USR005572
133,0,51000.0,2,514,1,3,-0.3577722098792637,904.4343506765078,0.10219816706690789,232,1,0.9070052,Hibernating,Member,USR009596
49,2,288000.0,1,2420,2,6,2.3819514542878224,27797.22244336252,0.1902128959782845,316,0,0.58447963,Hibernating,Silver,USR005857
17,3,190000.0,3,1952,1,7,-1.877658872284872,20311.57138682794,0.027168445564700227,348,1,0.24497104,Promising,Member,USR007067
289,0,52000.0,1,423,1,3,-0.014901890925720317,3537.6734170713125,0.46570096664896593,76,1,0.94895333,Hibernating,Member,USR008294
10,4,200000.0,1,1662,1,8,-0.8440171625988391,506.9082002928592,0.2540193867624147,355,1,0.45508295,Promising,Member,USR006913
11,4,98000.0,1,1109,1,7,0.07782914883587054,-9770.382412665938,0.06318261471999549,354,0,0.28805113,Promising,Member,USR006082
8,17,1217000.0,3,11881,3,12,-16.41850955980408,-121863.8308303392,0.5090204997485925,357,0,0.048794057,Champions,Gold,USR000659
13,12,720000.0,2,7489,3,11,-12.074094645201821,72567.52425030383,0.26151262386188984,352,0,0.10599425,Loyal,Gold,USR001525
11,9,681000.0,2,6143,3,11,9.626529105121957,-70005.57357886378,0.1910288614064297,354,0,0.10367558,Champions,Gold,USR002939
85,3,337000.0,1,3057,2,6,-0.15909035876334143,-33406.23471241592,0.4266276500688351,280,0,0.6770332,Hibernating,Silver,USR005093
361,0,61000.0,4,593,1,3,0.9309574390750863,-5690.850155084948,0.30825886941271585,4,0,0.9488836,Hibernating,Member,USR009971
10,11,681000.0,3,6073,3,11,0.4329362942921717,959.4235570618448,0.10605564511570642,355,0,0.20992821,Champions,Gold,USR003545
16,8,581000.0,2,5829,2,9,0.23996987057413932,-58095.90156254947,0.2830108905417977,349,0,0.099070914,Loyal,Silver,USR003889
12,22,2266000.0,3,24521,4,11,-21.381897510870203,224867.16124582826,0.22627396569493738,353,0,0.17091154,Loyal,Platinum,USR000762
116,0,10000.0,2,109,1,3,0.22981865903740797,692.732375463719,0.29150703479884477,249,1,0.9045195,Hibernating,Member,USR009618
21,11,321000.0,3,3050,2,9,-10.981218324309443,31762.09467363777,0.156381351925257,344,0,0.22274838,Loyal,Silver,USR003459
65,4,157000.0,4,1865,1,6,-3.9728298529290624,-15525.141703741096,0.5003874767552764,300,0,0.51234514,Hibernating,Member,USR005160
55,4,324000.0,3,2799,2,7,-4.461559592118265,30389.567704311354,0.45348948140954476,310,1,0.5979632,Hibernating,Silver,USR004673
1,18,1123000.0,3,10609,3,12,0.6373419248397432,369.9945072275205,0.10281697381147065,364,0,0.03346474,Champions,Gold,USR001330
87,4,326000.0,3,3463,2,6,4.963172702860567,-31684.037191397892,0.2246126920581344,278,1,0.524536,Hibernating,Silver,USR005338
250,0,1000.0,2,9,1,3,0.4250021339847965,230.45342520921724,0.2829312148298981,115,0,0.9377896,Hibernating,Member,USR008673
6,25,2128000.0,1,23759,4,12,0.7730542802157049,212810.00834680855,0.05818348991202113,359,0,0.09409971,Champions,Platinum,USR000504
11,9,382000.0,2,3931,2,10,-9.48698352212455,129.7264914981929,0.4043763329497481,354,0,0.10682148,Champions,Silver,USR002717
10,3,115000.0,3,1145,1,8,3.321139128335516,-386.7476624776022,0.14504270825508572,355,0,0.44974917,Promising,Member,USR006179
118,0,47000.0,1,522,1,3,0.33163669063223894,-5532.396208333263,0.4899390621891944,247,1,0.93264914,Hibernating,Member,USR008796
9,13,481000.0,1,5167,2,11,12.182354864964223,-48369.16933049589,0.2851072074457494,356,0,0.14111803,Champions,Silver,USR002181
91,0,7000.0,4,57,1,3,-0.3736109161102424,530.5862065927699,0.2338097805357393,274,1,0.88473624,Hibernating,Member,USR008661
85,4,222000.0,4,1909,2,5,-0.31511603682321954,-2321.403263050222,0.016875447503451945,280,1,0.69043434,Hibernating,Silver,USR005799
6,5,249000.0,3,2954,2,10,-5.417097046936892,-81.8380112638594,0.3406719310502608,359,0,0.1738126,Champions,Silver,USR007849
28,14,780000.0,1,6541,3,10,13.785698881525645,-78060.40929475256,0.4621140031685422,337,0,0.2809204,At_Risk,Gold,USR003036
8,4,111000.0,2,1177,1,7,-0.5844904551062499,-166.0561178166235,0.24730710938693662,357,1,0.34964612,Promising,Member,USR006825
51,2,239000.0,1,2465,2,5,0.6557404094801476,23698.508100086627,0.15640193055479598,314,1,0.6676158,Hibernating,Silver,USR005661
138,0,69000.0,1,651,1,3,0.09210861476504674,-6777.751446803996,0.30417456460055686,227,1,0.8799905,Hibernating,Member,USR008876
29,10,745000.0,1,8698,3,9,-10.933122967424795,74788.92486144195,0.487639461724612,336,0,0.08642519,At_Risk,Gold,USR002598
88,3,320000.0,3,3387,2,6,-3.286851572146326,32309.32349872022,0.10647891828057227,277,0,0.7036262,Hibernating,Silver,USR005152
4,3,111000.0,1,1040,1,7,-3.3140489175398917,-707.2114456978758,0.1914803869719823,361,0,0.32225162,Promising,Member,USR006518
15,12,572000.0,2,5981,2,10,-11.396287125421676,-57766.70848208575,0.2474357034260965,350,0,0.10634279,Loyal,Silver,USR001985
7,7,193000.0,2,2312,1,9,-8.049093731635601,19883.162712482805,0.676193413749838,358,0,0.3529948,Loyal,Member,USR007344
79,5,265000.0,1,3088,2,7,-4.689501217063633,-27555.947794725285,0.24674481949536492,286,1,0.6222731,At_Risk,Silver,USR005895
60,2,287000.0,1,3183,2,6,0.5220125647211898,27469.203393743574,0.2636531749599181,305,1,0.6992227,Hibernating,Silver,USR005502
8,27,1771000.0,3,17901,4,12,27.4922964474479,178592.651178834,0.16645104785235718,357,0,0.021034107,Champions,Platinum,USR000418
287,0,42000.0,1,420,1,3,0.5462689168041516,-1336.3564310295296,0.19859037945356933,78,1,0.93518513,Hibernating,Member,USR008104
74,4,143000.0,1,1314,1,6,-0.01894641589734472,165.8189426639553,0.33710630840276584,291,0,0.6045741,Hibernating,Member,USR005476
83,5,273000.0,3,3050,2,6,5.74558320214009,28283.14022779459,0.11433948936633485,282,0,0.7317802,Hibernating,Silver,USR005733
9,11,582000.0,1,5118,2,10,0.6957289834779711,58493.050188818444,0.03064071238054875,356,0,0.1073807,Champions,Silver,USR003392
20,5,244000.0,1,2280,2,8,0.3725934409469139,-25474.913294339058,0.08829771805296123,345,0,0.47065076,Promising,Silver,USR006815
62,4,301000.0,2,2456,2,7,4.058520517790631,-2184.7980018276594,0.1584161691970624,303,1,0.5336247,Hibernating,Silver,USR004748
246,0,37000.0,1,438,1,3,0.3134385317645109,-766.0884247427251,0.39549807964437067,119,1,0.93544555,Hibernating,Member,USR008985
137,0,26000.0,1,239,1,3,0.32302267171436577,652.7431539021201,0.5746319417614552,228,1,0.9338908,Hibernating,Member,USR008649
96,0,40000.0,1,432,1,3,-0.4228446557232612,-3869.217889808464,0.1519604192325625,269,1,0.89997077,Hibernating,Member,USR009253
18,5,223000.0,1,2614,2,7,5.042486481317914,1320.9921885493195,0.13548438134447144,347,0,0.27542117,Promising,Silver,USR006109
4,28,1996000.0,3,20138,4,12,28.05761993348601,-199059.86367815515,0.2569944292742263,361,0,0.010691206,Champions,Platinum,USR001273
21,9,319000.0,3,2588,2,9,-8.569451005496663,-31785.925832906058,0.21280898336242948,344,0,0.4941058,Loyal,Silver,USR002009
13,10,739000.0,2,8597,3,10,9.967235442255525,-74849.40236266286,0.1742152000450554,352,0,0.07216292,Loyal,Gold,USR003072
317,0,25000.0,4,208,1,3,-0.8978066103211584,585.3573347956043,0.14554445710515498,48,1,0.94495517,Hibernating,Member,USR009865
25,11,396000.0,4,4134,2,8,0.2791160534391516,-40622.29851403384,0.279157575401264,340,0,0.15584436,At_Risk,Silver,USR003395
52,5,150000.0,1,1572,1,6,0.3926728015051415,985.6209133365973,0.10652478467492417,313,0,0.57311434,Hibernating,Member,USR005794
12,9,549000.0,1,6036,2,9,-0.3283851791758582,-54281.45150841425,0.1841881400907655,353,0,0.16333999,Loyal,Silver,USR002878
4,3,169000.0,2,1736,1,8,-3.4411946515393104,16346.051658937984,0.4960273500778588,361,0,0.41990313,Promising,Member,USR007069
20,7,105000.0,3,1148,1,7,-6.833017425161905,10069.490710407641,0.21542504961727071,345,0,0.31155065,Loyal,Member,USR006466
225,0,23000.0,4,213,1,3,-0.4774345407920382,2704.211914600221,0.18684203881869899,140,1,0.93070203,Hibernating,Member,USR008040
24,9,555000.0,1,4558,2,8,0.026010325219809876,-55063.17528280761,0.3494793442440539,341,0,0.1656741,At_Risk,Silver,USR001893
22,12,375000.0,1,3716,2,9,-0.12290956335552876,38735.36660045964,0.1691412708132526,343,0,0.16601415,At_Risk,Silver,USR003414
22,10,679000.0,2,7385,3,9,0.215181320753249,67414.54637861431,0.23852609807164746,343,0,0.076968744,At_Risk,Gold,USR003110
29,14,753000.0,1,8164,3,10,0.4879184458119089,-610.5347675728249,0.2289247053009448,336,0,0.06244966,At_Risk,Gold,USR002521
10,6,115000.0,4,928,1,9,-6.176560090001224,-1010.5908273937865,0.15907201522173578,355,0,0.48177153,Loyal,Member,USR007881
6,7,150000.0,3,1405,1,9,0.4442234651792772,14502.002444106332,0.027307739933754696,359,0,0.26817197,Loyal,Member,USR007503
73,4,330000.0,1,3501,2,7,-4.640707489889013,32394.191425845638,0.21674654745240715,292,1,0.5761854,Hibernating,Silver,USR004920
9,13,586000.0,3,5153,2,11,0.4205407693032079,358.8793304465783,0.297108534091279,356,0,0.11865597,Champions,Silver,USR001878
17,8,393000.0,1,3760,2,9,8.123058853188292,-41402.70175355796,0.39626133526325574,348,0,0.074223146,Loyal,Silver,USR002951
20,7,201000.0,1,2167,2,8,-6.4514623467936865,18656.306391299364,0.5339582547104852,345,0,0.3695953,Loyal,Silver,USR006703
9,18,1795000.0,3,20781,4,12,-0.40014664080368834,179445.9221506995,0.5105035943927857,356,0,0.036718953,Champions,Platinum,USR000477
1,20,1302000.0,3,14559,3,12,19.459445326087945,-130660.73551692854,0.26623326700082045,364,0,0.039628495,Champions,Gold,USR001125
16,6,85000.0,3,878,1,7,0.14161247930535922,8204.07604762678,0.15330270508218988,349,0,0.3038518,Loyal,Member,USR007665
86,3,300000.0,1,3486,2,6,-2.6937941735423125,790.5328301777777,0.10182992423633912,279,0,0.5038458,Hibernating,Silver,USR004653
11,9,510000.0,2,5135,2,10,0.4879116686442817,51048.155554219506,0.07764200877970136,354,0,0.07284789,Champions,Silver,USR001760
12,4,187000.0,1,1533,1,7,-0.4062922571276335,-17058.68755341872,0.32825697292359124,353,0,0.2762667,Promising,Member,USR007427
220,0,46000.0,3,382,1,3,-0.06427551719256487,-3585.1027460619816,0.11505565631573939,145,1,0.96259874,Hibernating,Member,USR008547
11,5,152000.0,1,1800,1,8,-0.8261213386767449,14557.192199762092,0.05886320461698756,354,0,0.34910655,Promising,Member,USR007436
6,6,91000.0,4,775,1,8,-6.471852715715038,-8143.75084979936,0.4114384134546984,359,0,0.28625423,Loyal,Member,USR006068
57,3,133000.0,2,1191,1,6,2.9758401606328277,-14204.13137399193,0.0690812347271125,308,0,0.62216043,Hibernating,Member,USR005504
12,4,162000.0,3,1305,1,7,0.675496952863758,-14900.20266957206,0.2964833328395225,353,0,0.30273366,Promising,Member,USR006160
74,3,146000.0,3,1502,1,6,2.5578098923188977,13788.944075968591,0.04539591298746533,291,0,0.6317286,Hibernating,Member,USR004422
109,0,64000.0,2,537,1,3,0.2165920336357713,-8079.8992414887125,0.27289715248097995,256,0,0.8721417,Hibernating,Member,USR009706
211,0,48000.0,1,560,1,3,-0.621679368804677,-4400.640687103344,0.4428968284034005,154,1,0.9033939,Hibernating,Member,USR009878
195,0,65000.0,2,536,1,3,0.37488331424459254,-7184.057640581392,0.1328874184411152,170,1,0.84581643,Hibernating,Member,USR008858
11,29,1054000.0,3,9226,3,12,-0.5629354135725622,-104316.14477916856,0.31538039205636875,354,0,0.025340961,Champions,Gold,USR000854
22,13,641000.0,2,7375,3,10,13.381031936931299,-181.13208997942533,0.13487017490810518,343,1,0.1044393,At_Risk,Gold,USR001875
15,7,125000.0,4,1075,1,8,-6.275353785798087,-907.1442050203588,0.1885559825455991,350,0,0.34638456,Loyal,Member,USR006190
231,0,21000.0,1,184,1,3,0.22396536638647346,-1703.9540355977838,0.23730604446049347,134,1,0.90042144,Hibernating,Member,USR009941
19,7,91000.0,4,1033,1,7,0.14097443690452557,351.6188365547248,0.16050741184281467,346,0,0.46629304,Loyal,Member,USR007626
59,2,213000.0,2,1854,2,5,-2.1553146199184403,20301.629056362006,0.270489077345018,306,0,0.7440324,Hibernating,Silver,USR005452
19,8,733000.0,1,6491,3,10,-0.034727568925509676,-389.68442783540576,0.37950440756324394,346,0,0.18013428,Loyal,Gold,USR002940
17,4,235000.0,4,2648,2,7,-0.8945061952507206,23744.67203434694,0.6350148833927062,348,0,0.3925007,Promising,Silver,USR007182
8,6,168000.0,1,1997,1,9,0.23269203840958783,171.91790926597707,0.4109921798552705,357,1,0.28013262,Loyal,Member,USR007797
49,3,235000.0,1,2262,2,6,0.497977464113203,-24762.84252216432,0.343489759257789,316,1,0.6164896,Hibernating,Silver,USR005888
21,9,561000.0,3,6411,2,9,-9.016327951870155,53102.926560756496,0.1919651337166896,344,0,0.18002625,Loyal,Silver,USR002331
13,26,1821000.0,3,14950,4,11,25.996832929767372,182355.4028999456,0.39538136363653853,352,0,0.009265045,Loyal,Platinum,USR001292
27,9,595000.0,1,5017,2,8,0.09865670614513328,-60099.161917545935,0.26543727179079674,338,0,0.30207855,At_Risk,Silver,USR002456
20,5,127000.0,1,1499,1,7,0.020589758474467444,-10802.645905941179,0.34240486268126297,345,0,0.31496224,Promising,Member,USR006745
16,8,346000.0,2,3698,2,9,-8.104687806655956,-233.482902574614,0.21600765341255052,349,1,0.25249,Loyal,Silver,USR001803
8,12,518000.0,2,5009,2,11,11.557165907996792,292.6072415056034,0.07463142851946378,357,0,0.077426836,Champions,Silver,USR002399
11,16,1982000.0,4,20017,4,12,15.7130326834629,-235.33263872448669,0.26634964090324775,354,0,0.017227078,Champions,Platinum,USR001059
286,0,72000.0,4,704,1,3,-0.45266808375742623,-456.79626967092406,0.09600124362066273,79,1,0.8942232,Hibernating,Member,USR009207
19,9,494000.0,1,4264,2,9,-8.487612943859135,-626.9406355510714,0.24072889116231752,346,0,0.112476416,Loyal,Silver,USR002956
20,8,656000.0,3,6160,3,10,-0.6936432567154331,-1519.1735588465338,0.3194694225151686,345,1,0.25186306,Loyal,Gold,USR003293
87,2,134000.0,1,1471,1,4,2.5372648951149657,506.95553540349334,0.09623729119891289,278,0,0.5454245,Hibernating,Member,USR004779
356,0,7000.0,1,68,1,3,0.5787598029049789,-1722.7433246542719,0.12197643856786088,9,1,0.8738781,Hibernating,Member,USR009531
83,3,133000.0,1,1094,1,5,-2.5253684128588456,13986.838133265137,0.2144653156411535,282,0,0.6779962,Hibernating,Member,USR004687
25,12,553000.0,3,6469,2,9,-12.07199998885083,-55043.832783138685,0.03864993002248802,340,0,0.042714514,At_Risk,Silver,USR002728
73,5,243000.0,2,1993,2,8,-0.26308268553009373,-24424.818017345217,0.32187757632230796,292,1,0.560309,At_Risk,Silver,USR004543
4,29,2151000.0,3,23460,4,12,28.877841480680175,269.2772737968871,0.2880696717281849,361,0,0.016867861,Champions,Platinum,USR000728
14,6,107000.0,2,1275,1,7,0.016213302093502004,-526.1279240862319,0.1297827308888233,351,0,0.20371307,Loyal,Member,USR007408
5,23,2279000.0,1,19802,4,12,-23.072293383663222,-51.308124408631045,0.36763296006002294,360,0,0.030787053,Champions,Platinum,USR001265
315,0,64000.0,3,643,1,3,1.1270190544605596,7781.949321533995,0.2350005348673214,50,1,0.9420386,Hibernating,Member,USR008791
327,0,31000.0,3,331,1,3,0.9143126312209124,1670.8826128258875,0.30908309601064154,38,1,0.9360927,Hibernating,Member,USR009032
18,4,152000.0,2,1709,1,7,-3.9434199943036083,-817.2636531584175,0.2628735191370509,347,1,0.4044262,Promising,Member,USR006529
47,3,111000.0,2,1108,1,5,0.1436339645603962,-9659.494676449847,0.11119698653471016,318,1,0.6668415,Hibernating,Member,USR005717
138,0,77000.0,2,705,1,3,0.02553815223253917,-521.2973950643286,0.45756136420223786,227,0,0.75600207,Hibernating,Member,USR009777
11,12,756000.0,3,6470,3,12,-12.690285508723498,-73957.965979014,0.08790823639793813,354,0,0.08754605,Champions,Gold,USR003507
25,9,687000.0,1,6302,3,9,9.327980276070686,135.38879566292596,0.20779638763156416,340,0,0.17173837,At_Risk,Gold,USR001639
13,11,395000.0,2,4414,2,9,-0.5732750818537289,40633.40639911567,0.36426208920033193,352,0,0.12423121,Loyal,Silver,USR003547
21,8,380000.0,1,3677,2,9,-7.603644491133168,-286.87297889860315,0.2637408087869639,344,1,0.13805911,Loyal,Silver,USR002025
9,25,1853000.0,4,21599,4,12,24.440374878889678,-185438.03219746862,0.2950676664885138,356,0,0.005909032,Champions,Platinum,USR000533
18,9,426000.0,3,4509,2,9,-7.933926769928149,146.42572672080394,0.22857380856859255,347,0,0.1466028,Loyal,Silver,USR003606
7,4,219000.0,2,1992,2,8,4.594821322742618,-180.16537372908232,0.13177683968486514,358,0,0.42966017,Promising,Silver,USR006901
18,9,745000.0,2,8410,3,10,-8.609899139406963,-72377.89054276646,0.3732794921160747,347,0,0.112090535,Loyal,Gold,USR003251
3,3,171000.0,2,1896,1,8,-2.6467472682263735,16215.032372707186,0.10421382107879877,362,0,0.461762,Promising,Member,USR007894
21,8,523000.0,1,5611,2,9,8.102398938640958,49958.469590608926,0.39184207727020676,344,0,0.060445964,Loyal,Silver,USR003842
145,0,31000.0,2,303,1,3,1.079560577301646,-3263.9498221492845,0.1192335878626788,220,1,0.95142776,Hibernating,Member,USR009655
19,5,223000.0,1,2369,2,7,4.769012201014358,-20703.19172049635,0.38902861683811435,346,0,0.3343995,Promising,Silver,USR006037
7,29,2053000.0,3,24511,4,12,-29.076904388940516,236.13816092522313,0.48017602083650096,358,0,0.00960345,Champions,Platinum,USR000183
57,5,135000.0,4,1432,1,6,4.728289785111741,145.52587820697423,0.43661633799479865,308,1,0.5310406,Hibernating,Member,USR004112
82,5,144000.0,1,1370,1,5,-0.38780318071880154,-13647.867092017883,0.2133923236982126,283,0,0.62833494,Hibernating,Member,USR005137
9,16,994000.0,3,9282,3,12,-16.654126627712184,-2104.195799931752,0.1616006621403273,356,0,0.01752084,Champions,Gold,USR000634
252,0,72000.0,2,777,1,3,-0.6738546151547017,-8077.721280321724,0.1605205898657742,113,1,0.8661728,Hibernating,Member,USR009475
71,5,332000.0,3,2751,2,7,5.440403426742111,-33483.99994328688,0.291499885312403,294,1,0.66055274,Hibernating,Silver,USR005297
50,2,313000.0,2,3214,2,6,3.349164417968544,-31687.254054098954,0.37530142035902525,315,1,0.7593517,Hibernating,Silver,USR004367
27,11,467000.0,2,5263,2,8,11.123453031708307,-45123.54199784437,0.23608026620738848,338,0,0.18091539,At_Risk,Silver,USR003019
12,6,221000.0,4,1854,2,8,6.462360902756711,232.94177212022004,0.34050026070663014,353,0,0.1835232,Loyal,Silver,USR007609
20,8,447000.0,2,3645,2,9,0.10393025053354031,386.2253737449868,0.15250406314786377,345,0,0.14089851,Loyal,Silver,USR001501
70,4,170000.0,2,1373,1,6,3.5555701509821627,18062.627497387988,0.10229372576285005,295,1,0.5816725,Hibernating,Member,USR005183
363,0,26000.0,1,212,1,3,0.4440786608717208,-2465.1397818220807,0.19742538682200503,2,1,0.94597423,Hibernating,Member,USR008738
3,4,84000.0,1,814,1,7,3.771157719160461,-8555.01342892457,0.4569624705221092,362,1,0.5260227,Promising,Member,USR007792
51,2,320000.0,4,3435,2,6,-1.854312771880708,32041.034260052144,0.3513090224096352,314,0,0.63897127,Hibernating,Silver,USR005264
8,14,791000.0,1,9084,3,12,-13.312201517847896,-79148.353655237,0.25827342613758975,357,1,0.094465084,Champions,Gold,USR002698
18,13,683000.0,1,6919,3,11,-13.202868250816126,839.2769797993096,0.36833818688288095,347,0,0.46039152,Loyal,Gold,USR002568
1,20,1817000.0,1,15154,4,12,-19.598636213781152,-598.4802264241189,0.08010505137180438,364,0,0.006597424,Champions,Platinum,USR001088
64,4,216000.0,3,2229,2,6,-0.007462686221480046,-21904.48528150974,0.33931804147363176,301,0,0.446119,Hibernating,Silver,USR005729
10,7,153000.0,1,1787,1,9,7.605713751816215,533.239869155429,0.290230174248936,355,0,0.40451187,Loyal,Member,USR007001
12,6,190000.0,2,2222,1,8,5.977645621620208,-530.8739961123049,0.22666024973474225,353,0,0.34657896,Loyal,Member,USR007804
68,5,175000.0,1,1771,1,6,4.860813516196053,17751.963604128065,0.1905309534712883,297,1,0.61998755,Hibernating,Member,USR005202
79,3,249000.0,1,2127,2,6,-1.86295321542838,144.90593433976804,0.2028063208138278,286,0,0.5787615,Hibernating,Silver,USR005663
8,26,1155000.0,1,10382,3,12,25.91935728316943,183.6121706202837,0.3105055928369316,357,0,0.015161093,Champions,Gold,USR000732
171,0,6000.0,3,54,1,3,0.05747088587956587,-1848.528682324268,0.12625330199475368,194,1,0.9316752,Hibernating,Member,USR008731
115,0,45000.0,3,421,1,3,-0.27160075018816854,-4883.813912650429,0.49496562120258075,250,1,0.93116826,Hibernating,Member,USR009927
7,11,382000.0,4,3902,2,10,0.7547734313063158,-36413.70967611336,0.12579245629429098,358,0,0.094917096,Champions,Silver,USR003271
28,13,649000.0,1,5693,3,10,-0.346471615073534,64178.48522191403,0.45979013461166773,337,0,0.15023401,At_Risk,Gold,USR003219
9,11,497000.0,3,5947,2,10,0.007143605941994533,-451.1853151981305,0.3665067459719737,356,0,0.12537837,Champions,Silver,USR002701
219,0,59000.0,4,617,1,3,-0.1431507014470936,-7152.319732910607,0.15913001396960968,146,1,0.91451997,Hibernating,Member,USR009295
79,4,274000.0,3,3228,2,6,0.7689274756632408,-28593.65478612572,0.15087683946137415,286,1,0.643783,Hibernating,Silver,USR005410
9,7,229000.0,1,2397,2,9,-0.20467028760931216,-21121.922123248358,0.23088751491404802,356,0,0.2812377,Loyal,Silver,USR007728
60,4,178000.0,4,1690,1,6,-3.443682847398349,-1907.2190710079199,0.09659603478310315,305,0,0.5748698,Hibernating,Member,USR004521
2,28,1238000.0,3,10330,3,12,1.47262314496755,-2464.674484669272,0.5207446043992673,363,0,0.02824449,Champions,Gold,USR001049
354,0,17000.0,2,174,1,3,0.3004568912076672,8.049247972827342,0.5122866387329712,11,1,0.9445299,Hibernating,Member,USR009453
7,3,164000.0,2,1797,1,8,-0.14566600306247324,628.9170608741751,0.13747340018393012,358,0,0.42308873,Promising,Member,USR007842
10,14,468000.0,3,4931,2,11,-0.4307063645931711,-5.769716427269552,0.31859349217458544,355,0,0.1029084,Champions,Silver,USR003549
9,4,232000.0,1,1915,2,8,-0.15519840187798453,-21753.090055179542,0.44397769785921626,356,1,0.3579048,Promising,Silver,USR006608
23,9,644000.0,1,6268,3,9,-0.025754596876963978,65287.10266204635,0.6135609352005991,342,0,0.28495508,At_Risk,Gold,USR002453
12,15,827000.0,3,7741,3,11,-14.98486566444569,82445.65522754689,0.028460030406884065,353,0,0.042672947,Loyal,Gold,USR000863
28,11,635000.0,2,7386,3,9,-10.335676794227679,62544.18581740845,0.24304595598715079,337,0,0.032294262,At_Risk,Gold,USR003708
28,9,338000.0,4,3087,2,8,-0.6275745336025789,35172.8801950457,0.25975074922512636,337,0,0.19528188,At_Risk,Silver,USR001537
7,26,914000.0,3,8359,3,12,-0.6247824559620025,-88833.05876247052,0.2328159150808247,358,0,0.086561196,Champions,Gold,USR000866
331,0,49000.0,1,416,1,3,-0.06500698662756552,-4589.838713557726,0.03544894470685688,34,1,0.9500147,Hibernating,Member,USR008378
8,26,881000.0,2,7211,3,12,0.07692711443674949,88073.0841192107,0.3438627257716688,357,0,0.039858997,Champions,Gold,USR000526
9,11,584000.0,2,5861,2,10,-10.779045538917899,-58630.529411680654,0.18730749192428375,356,0,0.1845212,Champions,Silver,USR003875
26,12,479000.0,1,5309,2,9,11.663890563723797,142.4997477860022,0.24557302877532566,339,0,0.08242833,At_Risk,Silver,USR001725
15,7,117000.0,4,1351,1,8,1.3398143469500015,12975.1197482976,0.17156666583862437,350,0,0.3168022,Loyal,Member,USR007874
17,11,410000.0,1,3655,2,9,-0.3057579010191773,-1892.3568245062731,0.045779134183937434,348,0,0.069034785,Loyal,Silver,USR002653
9,11,486000.0,3,5792,2,10,-10.76451646510742,-784.7294673610577,0.6193842243022549,356,0,0.08945526,Champions,Silver,USR003462
17,7,85000.0,2,800,1,7,-0.309182510022065,-9514.660687094589,0.31821766934551265,348,0,0.30704626,Loyal,Member,USR007058
9,5,188000.0,2,2099,1,8,0.9133235396559689,-982.4839033361818,0.19759120329932423,356,0,0.4538235,Promising,Member,USR006536
27,8,478000.0,3,4471,2,8,-7.913554157606153,-1220.7345670556265,0.3696545483133816,338,0,0.17955437,At_Risk,Silver,USR003432
19,14,556000.0,2,4478,2,10,-0.0010558399924117069,-55012.92393215276,0.4684800842496206,346,0,0.11773809,Loyal,Silver,USR003516
25,14,376000.0,4,3830,2,9,-0.7529162026653102,-1273.489016234657,0.15504918789823496,340,0,0.24706663,At_Risk,Silver,USR003668
14,3,230000.0,2,2179,2,7,-3.3385055883951718,-1068.628030646542,0.3342890608580433,351,0,0.34250328,Promising,Silver,USR006487
8,6,221000.0,1,2571,2,9,-5.901681129124878,1875.910722591231,0.7103377372885532,357,0,0.3921818,Loyal,Silver,USR007096
1,22,2307000.0,4,21773,4,12,0.2512731232270909,231217.10483870748,0.09151201191663841,364,0,0.035513338,Champions,Platinum,USR000664
77,5,167000.0,4,1352,1,6,4.74230310094229,-627.1061079587706,0.43632930185601326,288,0,0.380398,Hibernating,Member,USR005185
260,0,38000.0,2,419,1,3,-0.15046764648506658,4227.596319440573,0.28706299369638627,105,1,0.9514611,Hibernating,Member,USR008734
16,11,389000.0,1,3325,2,9,0.6870679120750547,38045.78563228212,0.09571314471100661,349,0,0.17939472,Loyal,Silver,USR003227
86,2,229000.0,1,2687,2,4,0.6163641710341422,22590.10927323966,0.41382502479737,279,1,0.7801627,Hibernating,Silver,USR005223
11,8,614000.0,1,4950,3,11,8.382093808067783,-195.525781029361,0.07851877076111537,354,1,0.138791,Champions,Gold,USR003156
294,0,79000.0,2,826,1,3,-0.7455399618057368,341.13222126110753,0.3015396399579463,71,1,0.93552816,Hibernating,Member,USR008470
13,3,140000.0,2,1632,1,7,0.13680729058285257,-13178.877740391494,0.24689664383760937,352,1,0.25504252,Promising,Member,USR007346
49,2,317000.0,2,3515,2,6,-2.5439667293145374,-1713.9554370954934,0.0734868224746601,316,0,0.63881,Hibernating,Silver,USR004070
180,0,9000.0,2,89,1,3,0.2714926011955526,571.2976877213146,0.20088546557103165,185,0,0.94638616,Hibernating,Member,USR008792
247,0,71000.0,1,602,1,3,-0.5966894062219099,6703.065392978811,0.09535753130065464,118,0,0.89758223,Hibernating,Member,USR008437
64,4,317000.0,1,2703,2,7,-4.27702219204404,32083.597881183417,0.0742800884170303,301,0,0.5529194,Hibernating,Silver,USR004431
11,7,230000.0,2,1958,2,9,0.3049062599373764,-587.0609184042378,0.27077493751461257,354,0,0.23642994,Loyal,Silver,USR007884
7,25,1466000.0,3,13775,3,12,-0.05739441081727515,148238.8426861809,0.4153632849631348,358,0,0.020554882,Champions,Gold,USR001267
73,4,317000.0,3,3641,2,7,4.497259058014238,32335.16703709855,0.33933189441982814,292,1,0.4644065,Hibernating,Silver,USR005390
11,26,2195000.0,1,21036,4,12,-25.347582618340336,-1582.9580772147528,0.24119779640532782,354,0,0.022468504,Champions,Platinum,USR000927
19,6,196000.0,1,2023,1,8,6.055167716579688,19778.081566660676,0.20103286699183917,346,0,0.39713794,Loyal,Member,USR007012
52,5,288000.0,3,2477,2,8,-5.101649122288403,30056.281235863655,0.02467612139295406,313,0,0.38714647,At_Risk,Silver,USR005448
17,4,116000.0,4,1116,1,7,3.4621747582125564,-1716.6937339654348,0.24716812548574948,348,1,0.26809564,Promising,Member,USR006498
75,4,340000.0,1,3934,2,7,4.122638466108803,1387.7106358052429,0.03554548039131275,290,0,0.5837603,Hibernating,Silver,USR005817
197,0,21000.0,2,211,1,3,0.3147382485572385,1639.9414256739694,0.3874598541847772,168,1,0.9335606,Hibernating,Member,USR009341
117,0,20000.0,1,187,1,3,0.569349473347324,150.52904607162122,0.37026662343616784,248,1,0.93868065,Hibernating,Member,USR009062
68,2,272000.0,1,2177,2,6,0.4120432902721318,-27024.275286965003,0.37536794225793507,297,0,0.6500022,Hibernating,Silver,USR004964
203,0,61000.0,3,502,1,3,-0.37567273480168517,-316.33419323983173,0.21401407759767072,162,1,0.9475117,Hibernating,Member,USR008612
136,0,12000.0,2,98,1,3,-0.30353859568784985,-1007.8685780354832,0.12242307613826975,229,1,0.9036611,Hibernating,Member,USR009611
8,3,169000.0,4,1476,1,8,3.121145592901159,-17188.33027315351,0.06026845877098377,357,0,0.2901024,Promising,Member,USR007202
60,2,336000.0,4,4011,2,6,0.7700539118720158,-33496.02007599091,0.0862790297201568,305,0,0.5348462,Hibernating,Silver,USR004800
69,3,332000.0,4,3726,2,7,2.5998886323000483,597.8796872965532,0.3872837024766624,296,0,0.5078372,Hibernating,Silver,USR005214
10,10,791000.0,2,6381,3,11,-0.21587558751556388,-452.8246304281213,0.34441643611118106,355,0,0.17758763,Champions,Gold,USR003117
4,19,1106000.0,3,11422,3,12,-17.615813197187027,-414.2426559019541,0.17072980197736448,361,0,0.010690792,Champions,Gold,USR000715
226,0,35000.0,3,383,1,3,0.14067417374478852,-1204.151075922611,0.1844963855988465,139,1,0.9293452,Hibernating,Member,USR008722
11,9,461000.0,2,3886,2,10,8.3748919870526,-46000.237831232604,0.4868979120601793,354,1,0.08556924,Champions,Silver,USR001643
5,23,1882000.0,3,22583,4,12,0.6761812729630753,-187196.49513758358,0.10234270192432365,360,0,0.037629686,Champions,Platinum,USR001107
6,19,1945000.0,2,16062,4,12,-19.389293523405854,193692.40507238233,0.3899373032010206,359,0,0.030753441,Champions,Platinum,USR000864
53,4,297000.0,3,2844,2,7,0.268589907270868,-28474.756792216554,0.18846923182781916,312,0,0.4920945,Hibernating,Silver,USR004834
67,3,159000.0,2,1753,1,6,-2.575239006502938,-13426.982403381297,0.2578045681091932,298,1,0.6833255,Hibernating,Member,USR005188
75,4,231000.0,3,1865,2,6,-0.18546555180383412,437.24321759854365,0.4078729574398653,290,1,0.72743773,Hibernating,Silver,USR004466
86,4,324000.0,2,2910,2,6,3.766690515912177,-33745.41367438333,0.0548586402985749,279,0,0.610669,Hibernating,Silver,USR004184
26,14,588000.0,1,4875,2,9,-0.001956254647539261,1263.6435903686613,0.13082677839928647,339,0,0.17321993,At_Risk,Silver,USR002315
253,0,40000.0,2,350,1,3,0.6479639307868753,-1967.1293558172329,0.05686971485192804,112,1,0.9453296,Hibernating,Member,USR008991
46,4,223000.0,3,2021,2,6,-3.860094072848822,261.59995662006423,0.2949483591605353,319,0,0.739021,Hibernating,Silver,USR004297
144,0,30000.0,1,287,1,3,0.18307326298284118,-1282.2199338080022,0.24790493920301002,221,1,0.91136163,Hibernating,Member,USR009752
3,3,209000.0,3,1927,2,8,0.35094112602964694,-21841.55668117967,0.3103234083566495,362,0,0.3394622,Promising,Silver,USR007048
68,3,346000.0,3,4054,2,7,3.1940928978273666,1123.3025311138565,0.2787056683732069,297,1,0.60817784,Hibernating,Silver,USR004630
77,2,195000.0,2,2182,1,5,0.1543376470278082,1191.9280999235482,0.6070260755626863,288,0,0.66111517,Hibernating,Member,USR004733
157,0,26000.0,1,258,1,3,0.03450175036853069,444.50169353043196,0.03563914394297708,208,1,0.97152734,Hibernating,Member,USR008750
6,26,2466000.0,2,26400,4,12,-0.4241889019410691,247393.4432954943,0.3040775196425379,359,0,0.078791074,Champions,Platinum,USR000746
249,0,58000.0,2,688,1,3,-0.2776365440065858,-1008.8312824506263,0.2249236871008153,116,1,0.9141601,Hibernating,Member,USR009860
53,3,339000.0,1,2829,2,7,0.6581724187597597,696.290548455716,0.16784032225288398,312,1,0.4287418,Hibernating,Silver,USR004965
220,0,73000.0,2,705,1,3,0.03825903112185565,6222.869179768114,0.22187282796755103,145,1,0.9455059,Hibernating,Member,USR009737
8,13,627000.0,2,5449,3,12,13.015684208049855,-62764.63554635387,0.38691295300817663,357,0,0.04541497,Champions,Gold,USR002824
74,5,221000.0,2,2484,2,6,-0.9037948245907288,964.8998690273849,0.3897202905766693,291,0,0.52800876,Hibernating,Silver,USR004936
72,5,161000.0,3,1664,1,6,-4.733337484692826,-16460.014859825485,0.15994991613745663,293,0,0.47200876,Hibernating,Member,USR005023
19,14,426000.0,2,4748,2,10,-13.556578670255707,789.1857357629004,0.19179800214559573,346,0,0.2536482,Loyal,Silver,USR001517
10,27,1470000.0,2,12859,3,12,0.5491179017617133,148000.54395746914,0.7017261780009698,355,0,0.012293137,Champions,Gold,USR000174
87,3,231000.0,1,2492,2,5,0.17600579554543216,23552.65763880324,0.32451965983518033,278,1,0.70602006,Hibernating,Silver,USR005084
3,17,1508000.0,4,17977,4,12,16.789111567806184,-1323.8096372662078,0.371004797449819,362,0,0.018366797,Champions,Platinum,USR000077
165,0,3000.0,1,27,1,3,1.0494206151762198,565.3541872859557,0.3981527929442849,200,1,0.9634403,Hibernating,Member,USR009522
160,0,54000.0,2,643,1,3,-0.8529795474453676,561.5768839160554,0.21469173548929463,205,1,0.9309936,Hibernating,Member,USR009966
16,9,630000.0,2,6157,3,10,-0.48471622164416006,-63295.153975119836,0.0865198687837547,349,0,0.08654444,Loyal,Gold,USR003974
230,0,11000.0,4,121,1,3,-0.7198526483090177,-1740.4499757293802,0.24563201806054857,135,1,0.846339,Hibernating,Member,USR009440
88,4,128000.0,1,1186,1,5,-0.35492132972236196,-566.3122698614173,0.39981288859371295,277,1,0.5582052,Hibernating,Member,USR004360
67,5,313000.0,4,2811,2,7,4.73327377711205,-30680.98101985263,0.2306124907741467,298,1,0.520259,Hibernating,Silver,USR004132
24,8,739000.0,2,8835,3,9,8.48666872480671,73876.28223746309,0.06679291506244663,341,0,0.05049537,At_Risk,Gold,USR002137
26,13,696000.0,1,6598,3,10,-0.08439236870797466,-69731.56218590925,0.4692883728644827,339,0,0.18604171,At_Risk,Gold,USR003677
11,6,231000.0,3,2496,2,9,-5.410368420710386,846.6273612010187,0.239803758416142,354,0,0.3057753,Loyal,Silver,USR006750
5,4,232000.0,1,2162,2,8,0.09355355006254595,1942.3796771486677,0.30870671904095415,360,0,0.33993435,Promising,Silver,USR007398
13,10,762000.0,2,7554,3,10,10.08970708552442,-76928.77152867628,0.22288096064178126,352,1,0.04640714,Loyal,Gold,USR003688
24,14,684000.0,2,7896,3,10,13.994205107840589,-66470.64665599204,0.20391462779025088,341,0,0.15249483,At_Risk,Gold,USR003211
3,17,1207000.0,3,9878,3,12,17.469478589117426,384.23743627135644,0.0810553768564922,362,0,0.045065258,Champions,Gold,USR000763
24,8,563000.0,2,4777,2,8,7.859944496124997,281.97800156446516,0.349033772874317,341,0,0.12505497,At_Risk,Silver,USR003577
15,11,781000.0,2,8476,3,10,-11.491551573572075,-349.31606368447103,0.19776979604699627,350,0,0.13426635,Loyal,Gold,USR003008
6,4,203000.0,1,1750,2,8,-3.5765800272654173,-18899.085223830705,0.3288506714597809,359,0,0.3135626,Promising,Silver,USR007019
12,3,184000.0,1,2120,1,7,-3.739544644048761,935.454701234621,0.09537354869420521,353,0,0.36506757,Promising,Member,USR006007
26,9,370000.0,1,3290,2,8,9.11526683360567,38232.635971916716,0.20614404598113817,339,0,0.22146708,At_Risk,Silver,USR002066
73,2,176000.0,1,1593,1,5,-0.18054358169343476,-16808.97696130628,0.39263234147494713,292,1,0.6662783,Hibernating,Member,USR004818
15,6,188000.0,3,2099,1,8,-5.486497794106172,-18475.586529151464,0.45186678577062706,350,0,0.15578912,Loyal,Member,USR007705
354,0,20000.0,1,215,1,3,-0.06939820047276801,-1013.5314060089975,0.5110859533566673,11,1,0.94798386,Hibernating,Member,USR008552
60,5,193000.0,2,1683,1,6,0.28327049354082806,-19217.629549346162,0.45973407896233365,305,1,0.5329188,Hibernating,Member,USR004771
10,4,167000.0,1,1659,1,8,-0.17964265215320827,17594.24087131993,0.1034930150863454,355,0,0.45985466,Promising,Member,USR007272
25,11,738000.0,1,7970,3,9,-11.562327844166497,1165.3018662957284,0.3539562687385808,340,0,0.19121136,At_Risk,Gold,USR001781
18,4,128000.0,2,1332,1,7,-4.811958921284983,-13066.56843630372,0.09049468333791068,347,1,0.30801097,Promising,Member,USR007859
13,20,804000.0,3,7813,3,11,19.520074848891852,-80606.5820303198,0.3797291393697706,352,0,0.05653589,Loyal,Gold,USR001336
20,7,227000.0,1,2116,2,8,7.460512919865497,22632.20246222008,0.09858280043805658,345,0,0.4013702,Loyal,Silver,USR006428
22,9,570000.0,2,6373,2,8,-10.080581051785854,-59656.773995113996,0.12657347354315143,343,1,0.13710228,At_Risk,Silver,USR001912
85,3,157000.0,3,1282,1,5,-0.1948810680582156,-1004.6113142068624,0.3348451488355636,280,0,0.6842385,Hibernating,Member,USR005760
309,0,37000.0,2,382,1,3,-0.1169398016566842,-2697.04818416459,0.1456603212381333,56,1,0.9680132,Hibernating,Member,USR009838
16,3,208000.0,2,1732,2,7,3.8853209362313366,20464.323262096248,0.4140272249461464,349,0,0.53673816,Promising,Silver,USR007276
14,6,119000.0,3,1283,1,8,-0.5446713188560531,12199.641187443805,0.29491691650239715,351,0,0.36194086,Loyal,Member,USR006855
19,11,311000.0,3,2726,2,9,-0.5615975254376888,30280.291198773248,0.42064095665954687,346,0,0.19408786,Loyal,Silver,USR003101
70,2,183000.0,4,1533,1,5,-0.16389752793873155,-218.53825400221535,0.25466982151929934,295,1,0.67013896,Hibernating,Member,USR004041
14,13,651000.0,2,5902,3,11,0.0034924581279693447,1090.5681467828722,0.1296700196685222,351,0,0.3449178,Loyal,Gold,USR002789
85,4,187000.0,1,1895,1,5,0.3218670005960549,18363.150902686295,0.255944412787891,280,0,0.6282498,Hibernating,Member,USR004197
67,2,322000.0,2,2594,2,6,1.0431320504040407,-32603.758055478746,0.5764923849839252,298,1,0.7215943,Hibernating,Silver,USR004552
12,4,86000.0,1,869,1,6,-4.112153413971823,-8742.289165059563,0.2389616704899906,353,0,0.26464605,Promising,Member,USR006415
25,12,626000.0,4,6241,3,10,0.35538701258759703,61463.24892093933,0.057907892696950646,340,0,0.05176425,At_Risk,Gold,USR003911
7,6,154000.0,3,1833,1,9,6.1973220416783334,365.3918191297132,0.5735202020138732,358,1,0.46480876,Loyal,Member,USR006455
66,3,161000.0,1,1562,1,6,-3.0970400661665476,109.75760599336435,0.4034944387503781,299,0,0.60049236,Hibernating,Member,USR005621
51,4,217000.0,1,2014,2,6,-3.8361868913357924,-17.386888612843297,0.3479869572783899,314,1,0.63835627,Hibernating,Silver,USR005964
16,8,391000.0,1,4128,2,9,-0.5589471693601038,41168.54758392226,0.3938836370517144,349,0,0.11325395,Loyal,Silver,USR002048
211,0,65000.0,2,535,1,3,-0.09524284890255293,-103.30701666649811,0.17213355262168184,154,1,0.9242594,Hibernating,Member,USR009727
11,27,933000.0,3,7925,3,12,-27.72773673780866,370.6382986453923,0.40618618526380645,354,0,0.10337571,Champions,Gold,USR000892
288,0,15000.0,4,141,1,3,-0.1182686916842676,155.15226038990681,0.1092821297997101,77,1,0.9655348,Hibernating,Member,USR009039
8,10,526000.0,4,4671,2,10,-0.2521826001903033,52897.216692887305,0.05072735046259237,357,0,0.030140499,Champions,Silver,USR002635
4,4,94000.0,1,1046,1,7,-3.6421954660134546,9779.04703135644,0.22597172194214749,361,0,0.31327152,Promising,Member,USR007352
18,12,451000.0,2,4423,2,10,12.468168690414664,-43968.700854797564,0.16769373539312304,347,0,0.08518152,Loyal,Silver,USR002555
21,12,675000.0,2,5659,3,11,-12.592475970613037,66739.01320968932,0.2028328950194929,344,0,0.48321608,Loyal,Gold,USR001710
3,16,1090000.0,3,11329,3,12,-16.13418439956869,109697.61447471581,0.27089225546594026,362,0,0.021595437,Champions,Gold,USR000248
6,29,1056000.0,4,12354,3,12,-0.004435466144786696,105405.64215332422,0.269256012520694,359,0,0.013897706,Champions,Gold,USR001445
18,6,143000.0,1,1170,1,8,0.27000890086157037,14017.6536276227,0.3752186868020849,347,1,0.3192738,Loyal,Member,USR006774
75,3,115000.0,2,965,1,6,2.580195813979664,-776.7855324165115,0.2557915234880464,290,0,0.56246257,Hibernating,Member,USR005837
52,5,217000.0,1,1954,2,6,-0.8536714768247999,23217.772783937853,0.10627369169742582,313,1,0.56141526,Hibernating,Silver,USR004446
26,12,372000.0,1,4362,2,9,12.2306141307494,37142.24750274867,0.29544067045402883,339,0,0.19715211,At_Risk,Silver,USR002633
5,3,208000.0,3,1706,2,8,-2.9461502754466906,497.81276641330913,0.3172416993504315,360,0,0.42713436,Promising,Silver,USR007968
86,3,249000.0,4,2257,2,6,0.7995616204183671,-1545.303540968108,0.25750296475344275,279,1,0.5837954,Hibernating,Silver,USR005594
4,26,1686000.0,3,17060,4,12,-25.516034025617504,-477.52985299870335,0.06274803213560193,361,0,0.004140176,Champions,Platinum,USR000168
19,6,99000.0,1,916,1,7,-0.4910462034001078,978.8266599955283,0.26904595676292414,346,0,0.367481,Loyal,Member,USR006396
24,9,757000.0,2,8022,3,9,8.902203381575386,78309.94942094786,0.24015246684110966,341,0,0.05120765,At_Risk,Gold,USR003969
82,2,117000.0,1,1108,1,4,-1.7699011593849794,-12514.318398739675,0.21492747799823173,283,0,0.59447396,Hibernating,Member,USR005918
17,5,151000.0,1,1534,1,7,4.521036080252366,-1134.3716033195033,0.3631552912131003,348,0,0.49950856,Promising,Member,USR006840
11,19,2409000.0,2,19365,4,12,0.5787109729969129,-1012.8156378409354,0.2998928448331519,354,0,0.027281607,Champions,Platinum,USR000162
13,11,495000.0,2,5553,2,9,10.147689020911443,-1438.6370162357493,0.5004370298213777,352,0,0.10002015,Loyal,Silver,USR003605
1,21,1417000.0,3,11475,3,12,0.08352155208457207,141854.1048064963,0.5952656720488511,364,0,0.03419245,Champions,Gold,USR000502
9,6,225000.0,2,2636,2,9,0.31167115033741427,-22627.590680628862,0.5556001291748369,356,0,0.2771899,Loyal,Silver,USR007713
70,5,345000.0,2,4077,2,7,-4.55737183956702,35309.54575950078,0.17373031015176196,295,1,0.66795266,Hibernating,Silver,USR004194
5,19,1400000.0,2,15265,3,12,19.539213097236473,-141492.0862570906,0.3365303301283307,360,0,0.03211963,Champions,Gold,USR000636
47,2,200000.0,3,2177,1,5,0.021562715476524583,-894.5698475865421,0.48764782215933317,318,0,0.5639712,Hibernating,Member,USR005194
46,2,256000.0,3,2148,2,6,-0.07966428875467549,-479.6345662507899,0.514171037464094,319,0,0.56632453,Hibernating,Silver,USR004977
162,0,39000.0,2,464,1,3,-0.35819714685037307,1734.3995268369567,0.25142512263655076,203,1,0.90672314,Hibernating,Member,USR008854
97,0,66000.0,2,754,1,3,-0.8251772520772647,-5990.804637148648,0.03053491688850641,268,1,0.89549416,Hibernating,Member,USR008666
304,0,17000.0,3,162,1,3,0.6524813443952094,-705.4925320831504,0.44248357828615387,61,0,0.9570593,Hibernating,Member,USR008652
20,7,118000.0,2,956,1,8,0.2897493688003224,-58.5620505450542,0.03740893073223294,345,1,0.4970696,Loyal,Member,USR007052
59,4,288000.0,3,2712,2,7,4.10274321378001,-1129.9202649946271,0.10407364560209027,306,0,0.48946822,Hibernating,Silver,USR005580
58,3,283000.0,2,2442,2,7,-0.6369186625671022,27448.200482961376,0.24076436138971485,307,1,0.6331405,Hibernating,Silver,USR005339
59,3,348000.0,3,3405,2,7,-3.099531276879935,37351.840094572355,0.18691736945897156,306,0,0.61894864,Hibernating,Silver,USR004710
14,8,554000.0,1,4597,2,9,8.209107539133099,56980.94643195417,0.5468256337216258,351,0,0.22290157,Loyal,Silver,USR001736
12,27,2030000.0,3,22707,4,11,26.70151398604944,-202647.06345815532,0.36874861079900456,353,0,0.009646244,Loyal,Platinum,USR000591
68,5,251000.0,3,2942,2,7,-5.203014577206358,-24298.738453964183,0.30186183924484117,297,0,0.63822466,Hibernating,Silver,USR004222
9,6,170000.0,3,1802,1,9,0.5377974540991651,14490.814739027104,0.1284314583684888,356,0,0.42101392,Loyal,Member,USR007790
143,0,16000.0,3,164,1,3,0.4692855335299696,-2318.052911944391,0.2560825765441351,222,1,0.9172551,Hibernating,Member,USR009304
22,14,677000.0,1,8116,3,10,0.6845571838373754,-66227.25344248879,0.3697641921753885,343,0,0.14106482,At_Risk,Gold,USR003636
4,21,1449000.0,3,15693,3,12,-20.9281845830059,-145277.16376119122,0.39899199532536833,361,0,0.032843143,Champions,Gold,USR001343
4,27,1452000.0,2,12966,3,12,26.56785736902973,145726.5031181081,0.3315378173636342,361,0,0.011028565,Champions,Gold,USR000795
86,4,269000.0,2,2520,2,6,-0.11039457489602703,-26955.922085314018,0.1631473465489773,279,1,0.6561643,Hibernating,Silver,USR004471
151,0,48000.0,1,510,1,3,1.0224693990155131,5623.705513565545,0.2977372247017849,214,1,0.93651193,Hibernating,Member,USR009658
16,13,595000.0,1,6915,2,10,13.189561816534619,-59207.360113410185,0.528622670284831,349,0,0.07697898,Loyal,Silver,USR002507
28,10,471000.0,1,5473,2,8,10.692435546897022,47588.371112247354,0.08519426371354072,337,0,0.12328743,At_Risk,Silver,USR002457
1,16,1792000.0,2,15065,4,12,-15.8234803757925,689.7841481354932,0.0825838581262544,364,0,0.009869062,Champions,Platinum,USR000348
9,10,538000.0,2,5838,2,10,0.1160972523211638,126.57930672293053,0.38578874974427435,356,0,0.07607587,Champions,Silver,USR003094
7,20,2068000.0,3,21766,4,12,20.335629833038677,-208398.25235949905,0.47439475252163216,358,0,0.020821555,Champions,Platinum,USR000882
57,5,113000.0,3,1087,1,5,5.124272552559494,-146.60705522232547,0.12958476940713698,308,0,0.59799016,Hibernating,Member,USR004075
76,2,195000.0,1,2298,1,5,-2.608392820540709,1108.7039970687126,0.15117679097309636,289,0,0.645588,Hibernating,Member,USR004093
12,6,159000.0,3,1345,1,8,6.320812616220604,344.3788647318095,0.036214611154055436,353,0,0.56011003,Loyal,Member,USR007904
94,0,28000.0,1,280,1,3,-0.6638993367397155,-246.77313147089774,0.1257621984361943,271,1,0.8719821,Hibernating,Member,USR009975
1,16,1916000.0,3,18011,4,12,16.27376326521781,-192955.6334850129,0.314520340717741,364,0,0.027505228,Champions,Platinum,USR000670
26,9,398000.0,1,4008,2,8,8.910184813637242,-1369.4356116214285,0.35880565097844674,339,0,0.07619861,At_Risk,Silver,USR003044
307,0,9000.0,2,94,1,3,-0.8855284011685911,-533.4852601458465,0.17283605986246658,58,1,0.88240427,Hibernating,Member,USR009908
10,17,2499000.0,3,27280,4,12,-17.103377201714636,-248197.98829885336,0.16264218321601717,355,0,0.022833224,Champions,Platinum,USR000651
14,10,330000.0,3,3648,2,9,0.4227032783910277,219.99147392510457,0.5988014304012548,351,0,0.08058902,Loyal,Silver,USR003212
354,0,48000.0,1,568,1,3,-0.4362556383028181,-3360.9718122734885,0.4954815632422241,11,1,0.9338301,Hibernating,Member,USR008880
7,9,715000.0,2,8213,3,11,9.192104610824732,71401.50559387046,0.17478782027007947,358,0,0.06309548,Champions,Gold,USR002122
81,3,260000.0,4,3104,2,6,0.4092743582199992,27604.278036822456,0.271816495347453,284,1,0.6953939,Hibernating,Silver,USR005096
12,27,2131000.0,4,21497,4,11,26.6941534391491,212825.23470766182,0.21424891636231339,353,0,0.02173556,Loyal,Platinum,USR000626
14,10,542000.0,1,5485,2,9,9.984264314898159,-55777.8866230263,0.5900099154908501,351,0,0.11347634,Loyal,Silver,USR002595
7,11,460000.0,2,4891,2,10,-0.7215576445889056,-554.534602329631,0.4177744818711592,358,0,0.08079909,Champions,Silver,USR002719
7,4,229000.0,1,2247,2,8,-4.397446823500845,-207.6291365258759,0.6458678685242473,358,0,0.2897415,Promising,Silver,USR006789
253,0,80000.0,1,759,1,3,-0.36716000115668684,7532.7143987977925,0.20774277714624387,112,1,0.91388094,Hibernating,Member,USR008464
10,4,156000.0,1,1388,1,8,3.593765083853833,679.4526721518087,0.4016328096495323,355,0,0.32028747,Promising,Member,USR007996
198,0,3000.0,2,32,1,3,0.1831637417705386,-857.0917985823323,0.2925873024125905,167,1,0.9107541,Hibernating,Member,USR008228
7,12,674000.0,3,7718,3,12,0.3271778452981087,-1590.3009014295167,0.4326433236003764,358,1,0.03860604,Champions,Gold,USR001675
89,5,258000.0,1,3052,2,6,-0.24852624341784113,2733.8904275226346,0.5382077033674003,276,0,0.49432814,Hibernating,Silver,USR004392
234,0,56000.0,1,508,1,3,-0.10880771135883356,-6043.449437650773,0.2526008354955328,131,1,0.94399863,Hibernating,Member,USR009811
13,7,189000.0,3,1674,1,8,0.4360450977668919,18023.976695543133,0.41566971017729454,352,1,0.29762948,Loyal,Member,USR006242
10,11,568000.0,4,6272,2,10,11.628439015837461,-58902.788912194985,0.26887086353700407,355,0,0.06782709,Champions,Silver,USR002435
2,27,1966000.0,4,22452,4,12,27.069431994600276,-196630.2281594592,0.16342565364984776,363,0,0.015220328,Champions,Platinum,USR001248
9,8,696000.0,2,6593,3,11,7.8815739754389105,-71686.33990659282,0.20488963093048987,356,0,0.096148595,Champions,Gold,USR003626
20,4,180000.0,4,1501,1,7,-3.8549560501822837,-3453.3540831877663,0.08763263759421848,345,0,0.38198933,Promising,Member,USR006436
6,6,233000.0,2,2396,2,9,5.258884288161346,21735.816597661113,0.048091717321144214,359,1,0.45878598,Loyal,Silver,USR007234
82,4,265000.0,3,2629,2,6,3.619857780689203,-16.435358831141414,0.0614768049821523,283,0,0.7141495,Hibernating,Silver,USR005819
9,20,2330000.0,4,22212,4,12,20.217773159496183,233762.86356118644,0.116936609630211,356,0,0.058610123,Champions,Platinum,USR000970
17,13,790000.0,3,8926,3,11,-12.78650815806895,-1563.3745308995133,0.047974565296682835,348,0,0.03838483,Loyal,Gold,USR002451
145,0,67000.0,1,680,1,3,-0.5542485453983916,868.3043154274396,0.5577138192787366,220,0,0.87335503,Hibernating,Member,USR008713
29,13,725000.0,1,6255,3,10,-12.994315045600754,-151.72325290401972,0.545038965675942,336,0,0.3216257,At_Risk,Gold,USR002847
20,5,198000.0,1,2244,1,7,-0.19369087250735742,21951.541063695004,0.16921975220508065,345,0,0.37083748,Promising,Member,USR007289
251,0,73000.0,2,767,1,3,0.5222632149090704,-8376.991226186516,0.2791400618652088,114,1,0.9069745,Hibernating,Member,USR008232
17,8,534000.0,1,6181,2,9,-7.365820694251966,-10.643100259374961,0.6927306460595448,348,0,0.08427189,Loyal,Silver,USR002931
18,6,185000.0,2,1686,1,8,-6.428586186945853,-17434.248871002957,0.4021997327773424,347,1,0.3047228,Loyal,Member,USR007664
5,28,1129000.0,3,10488,3,12,27.94894847055428,-1474.7960267817682,0.5958644272836959,360,0,0.0075769043,Champions,Gold,USR000095
46,5,166000.0,1,1718,1,6,-4.853925578940601,17589.184883976035,0.4580913898061101,319,1,0.6763806,Hibernating,Member,USR005700
223,0,0.0,3,0,1,3,0.08933488760953602,267.68740232728817,0.11645440503678367,142,1,0.96228147,Hibernating,Member,USR009244
9,7,191000.0,1,2009,1,9,-7.336493609582629,-754.2179562565453,0.09642934511971904,356,0,0.36703086,Loyal,Member,USR007294
100,0,14000.0,2,153,1,3,0.23686583038432857,-34.553005938683576,0.22894229093380544,265,1,0.8663323,Hibernating,Member,USR009093
132,0,70000.0,1,586,1,3,-0.8024021554490314,-1031.3628176412637,0.1291183052218991,233,1,0.8722076,Hibernating,Member,USR008233
54,3,276000.0,1,2790,2,7,-3.3871349612020274,759.1366223425597,0.1698263048503376,311,1,0.45949668,Hibernating,Silver,USR004127
3,16,1957000.0,3,20976,4,12,-16.240287206601238,-195049.40738003625,0.11323526233593159,362,0,0.008706753,Champions,Platinum,USR000259
54,5,242000.0,4,2718,2,7,-4.917307615488069,-22834.129566935153,0.26417030194897867,311,0,0.60178536,Hibernating,Silver,USR004861
67,5,273000.0,1,2411,2,8,-4.738419983298919,-27209.724856196277,0.21036564777176636,298,0,0.640975,At_Risk,Silver,USR004752
18,14,716000.0,1,6174,3,11,-14.329316040477515,-275.63109966789165,0.10106181295930707,347,0,0.2955658,Loyal,Gold,USR003243
17,12,644000.0,2,7427,3,11,12.359663800914719,64918.59673445753,0.5378103124009347,348,0,0.083764024,Loyal,Gold,USR003188
80,4,105000.0,4,1051,1,4,0.1550344119375752,10742.75773589377,0.20218518344310166,285,0,0.5677016,Hibernating,Member,USR005875
6,22,1675000.0,2,18702,4,12,22.139039797786765,-640.1256053139024,0.2968734593324767,359,0,0.013091974,Champions,Platinum,USR001165
7,12,673000.0,1,5501,3,12,-12.170809233385159,65765.13189114387,0.17190484471976497,358,0,0.2212745,Champions,Gold,USR002869
14,6,179000.0,1,1875,1,8,5.749176660601771,-17276.479644621675,0.4309901315992769,351,0,0.28005594,Loyal,Member,USR007839
86,2,166000.0,1,1878,1,4,0.09423949554474322,1355.668658227289,0.3427824839462993,279,1,0.69558877,Hibernating,Member,USR005341
344,0,1000.0,3,9,1,3,0.31827660343663217,48.7973783806294,0.14470223048750855,21,1,0.8990613,Hibernating,Member,USR008829
223,0,75000.0,2,634,1,3,0.4517603419017508,-334.3857558969754,0.3305294050108002,142,1,0.93630517,Hibernating,Member,USR008327
6,19,1698000.0,4,14323,4,12,0.5366832912224861,486.77229152216114,0.2679185071086833,359,0,0.031826,Champions,Platinum,USR001425
17,10,727000.0,1,7483,3,10,0.35920584888831486,1336.0196867583152,0.5685795702954576,348,0,0.09637306,Loyal,Gold,USR001848
3,4,156000.0,2,1567,1,8,4.071714468518662,-1035.4918619629307,0.27140010319335806,362,0,0.4319185,Promising,Member,USR006159
100,0,38000.0,1,354,1,3,0.6179716011140517,2440.4130142010354,0.09341464819941271,265,1,0.93405044,Hibernating,Member,USR009463
9,18,2260000.0,3,19807,4,12,-18.75527302518475,-122.20095311596485,0.422148394200684,356,0,0.008912669,Champions,Platinum,USR001074
14,14,416000.0,2,3717,2,10,14.497763345837058,-576.1897071061968,0.5155071363568149,351,0,0.070645966,Loyal,Silver,USR003784
13,7,199000.0,2,1687,1,8,0.3184540395014927,-21263.306256237607,0.37692476046860923,352,1,0.3034985,Loyal,Member,USR006043
6,16,1380000.0,4,11113,3,12,0.1212979685767301,-138228.3013993617,0.1219490264336878,359,0,0.07425292,Champions,Gold,USR001342
20,3,236000.0,2,2054,2,7,-0.38438320501926027,22560.25189106862,0.08575558252467512,345,0,0.56249714,Promising,Silver,USR007444
19,13,369000.0,3,2983,2,10,0.030867338230148363,-37325.55735864972,0.1904228252877663,346,0,0.35150504,Loyal,Silver,USR002537
350,0,59000.0,2,538,1,3,0.7200550600345869,-4273.278947753419,0.6822239188848558,15,1,0.9861752,Hibernating,Member,USR009928
218,0,44000.0,2,515,1,3,-0.4126459804154322,-480.68040997651684,0.44338648228402644,147,1,0.89068246,Hibernating,Member,USR008895
6,22,2016000.0,3,22320,4,12,0.21388447217530557,-201900.8319004713,0.2882893743105519,359,0,0.03511278,Champions,Platinum,USR001132
28,12,514000.0,1,5186,2,9,0.2190118026640485,-52087.457138670965,0.2262894434415623,337,0,0.22886695,At_Risk,Silver,USR002381
46,2,205000.0,4,2206,2,5,-2.176239472793324,-19226.62151009936,0.18808527379613385,319,0,0.480745,Hibernating,Silver,USR005690
14,11,339000.0,1,3223,2,9,10.937126851252113,32491.918689975497,0.6762958981432938,351,0,0.18410264,Loyal,Silver,USR003132
103,0,71000.0,1,640,1,3,0.015474044133915092,-793.1029159474979,0.5059859884105942,262,1,0.8468626,Hibernating,Member,USR008435
171,0,59000.0,3,528,1,3,-0.13276143071667437,4975.37695566977,0.21076322718533785,194,1,0.9594728,Hibernating,Member,USR009540
11,7,240000.0,4,2403,2,9,-0.6474659426701301,-150.84244156657394,0.06410893437477172,354,1,0.26623514,Loyal,Silver,USR007316
9,7,238000.0,2,1960,2,9,-7.158339772967125,24706.679031702806,0.17819170843039203,356,0,0.49288785,Loyal,Silver,USR006176
3,26,839000.0,4,6898,3,12,26.442421291400578,83.89261934609128,0.19298147459587017,362,0,0.016938964,Champions,Gold,USR001180
65,3,318000.0,2,3721,2,7,0.12834261544573933,30819.927783086405,0.3143322336678764,300,0,0.5815835,Hibernating,Silver,USR004591
22,8,429000.0,1,4416,2,8,-8.370910320850879,43967.031356791,0.0972581782820766,343,0,0.1910171,At_Risk,Silver,USR002743
5,3,88000.0,1,825,1,7,-1.768493155612488,-857.1665421299557,0.31251935430658373,360,1,0.40278453,Promising,Member,USR007003
76,3,113000.0,3,1210,1,6,2.3757091554501177,27.957661115363624,0.18590513561468186,289,1,0.66018337,Hibernating,Member,USR004658
90,0,59000.0,1,648,1,3,0.040638583795534346,-6950.875449651521,0.16716028377451653,275,1,0.84672475,Hibernating,Member,USR008439
15,3,130000.0,1,1469,1,7,-2.848693237026873,-600.9576288967385,0.11820939839916206,350,1,0.3659762,Promising,Member,USR006031
62,3,147000.0,4,1647,1,6,0.7304093591445564,-14893.142276808072,0.31238965962724663,303,0,0.68165183,Hibernating,Member,USR004358
69,3,300000.0,4,3337,2,7,0.6613516099944897,22.448919705427507,0.8020155003830781,296,1,0.32276586,Hibernating,Silver,USR004248
9,3,200000.0,1,2220,1,8,-3.074792657658688,19962.861555055613,0.41678342742777924,356,1,0.44249558,Promising,Member,USR006375
20,9,391000.0,2,3511,2,9,8.58751965670438,39433.1220569422,0.20318565317934928,345,1,0.17371064,Loyal,Silver,USR003916
232,0,72000.0,3,776,1,3,0.013170644373717613,-5823.960604601807,0.05085095956626478,133,1,0.9280526,Hibernating,Member,USR008595
24,13,545000.0,1,5922,2,9,14.050493594906555,-55070.256385023604,0.385703568496472,341,0,0.100553334,At_Risk,Silver,USR001709
69,2,205000.0,2,2153,2,5,1.6146910249373305,-19400.299962029676,0.20905991956256686,296,1,0.5945635,Hibernating,Silver,USR005629
80,3,239000.0,3,2821,2,5,-0.8879911234809463,22846.827405512246,0.6521386163896264,285,0,0.61295474,Hibernating,Silver,USR004852
271,0,37000.0,2,349,1,3,-0.38106672425704896,3926.375202840067,0.13306185437433157,94,1,0.9249585,Hibernating,Member,USR009088
24,13,719000.0,3,8114,3,10,0.06442481067795715,-1640.2155886257797,0.10613118321664913,341,1,0.09108555,At_Risk,Gold,USR002626
54,4,144000.0,2,1199,1,6,3.9302289785360482,14270.105389048791,0.5416519694607691,311,0,0.6407315,Hibernating,Member,USR005193
7,26,1242000.0,3,13320,3,12,0.4291866159860636,475.22958150662987,0.06286252370946023,358,0,0.016654618,Champions,Gold,USR000807
18,6,151000.0,2,1495,1,8,-5.0441969664683395,811.7403137671578,0.504380505893802,347,1,0.30103022,Loyal,Member,USR007155
16,14,582000.0,1,6154,2,10,-13.949196140654994,57886.887891471655,0.23259522049659032,349,0,0.16921818,Loyal,Silver,USR001822
19,8,614000.0,3,6055,3,10,-7.683988388191489,1110.5803175087353,0.12374639458286414,346,0,0.36659563,Loyal,Gold,USR003421
14,4,243000.0,2,2293,2,8,-0.23659155315355682,1073.0797439725925,0.18939461546341063,351,0,0.35954896,Promising,Silver,USR006091
14,4,239000.0,1,2222,2,7,5.152044891774595,76.38298968727418,0.49762423166363523,351,0,0.4158801,Promising,Silver,USR007538
11,14,477000.0,2,4816,2,11,0.2787042784255928,48517.20651749755,0.7698782886495021,354,1,0.12949629,Champions,Silver,USR003501
5,15,1096000.0,3,11268,3,12,-0.14239777832371658,109383.81653580627,0.19048798357380506,360,0,0.031805824,Champions,Gold,USR000815
75,4,340000.0,1,2997,2,7,3.4452722222768903,-33941.83828829582,0.01669427143829996,290,0,0.70692056,Hibernating,Silver,USR005181
12,11,411000.0,1,4314,2,9,0.9700783159175312,41.650920160711244,0.12769635967119294,353,0,0.12313436,Loyal,Silver,USR003996
83,5,349000.0,2,3377,2,6,4.800836493559186,989.2740452342163,0.20320124816437682,282,0,0.63071465,Hibernating,Silver,USR005112
162,0,14000.0,2,128,1,3,-0.12984343172053434,732.3012398511137,0.4745915844868678,203,1,0.8931238,Hibernating,Member,USR009501
88,4,220000.0,4,1899,2,5,4.262584656631084,113.16745942873679,0.020357762649209767,277,1,0.7340173,Hibernating,Silver,USR004262
1,21,1165000.0,1,9864,3,12,-20.818502148283656,-116420.96355538617,0.21824772129170483,364,0,0.3884357,Champions,Gold,USR000102
69,5,111000.0,4,942,1,5,-0.999172483572313,-34.381930295863036,0.3391606257104384,296,1,0.68380034,Hibernating,Member,USR004224
48,5,336000.0,1,3209,2,7,-5.012415157063324,-27.017167644053444,0.36051947761778697,317,1,0.6055664,Hibernating,Silver,USR004166
18,4,103000.0,1,831,1,6,-0.0973948106416178,10337.7805997975,0.2370634470784156,347,0,0.4047634,Promising,Member,USR007021
349,0,33000.0,3,380,1,3,0.1545234175120174,1037.6400147631857,0.2601772624378632,16,1,0.94844264,Hibernating,Member,USR008605
26,10,623000.0,2,6099,3,9,0.07991767595404872,61599.1363461718,0.6050795275079388,339,0,0.110360764,At_Risk,Gold,USR001868
85,4,230000.0,1,2283,2,5,-4.342220201043092,1182.2352190216611,0.13809288250293508,280,0,0.52682346,Hibernating,Silver,USR004890
14,7,245000.0,3,2044,2,9,0.6182447560920884,576.6495799790702,0.3346027581911004,351,1,0.368254,Loyal,Silver,USR006114
56,5,229000.0,1,1929,2,6,5.162625837927172,790.3860961551117,0.1679913124401659,309,0,0.46110097,Hibernating,Silver,USR004303
110,0,39000.0,2,375,1,3,0.872929485136568,1392.864689751377,0.23368891895861346,255,0,0.93874717,Hibernating,Member,USR008074
1,15,1980000.0,3,17627,4,12,-0.4949576565117744,354.17735389621004,0.5964102630142671,364,0,0.041498844,Champions,Platinum,USR000595
54,2,312000.0,1,3430,2,6,-2.118408921518429,1110.3101279378654,0.18526806593587564,311,1,0.62556046,Hibernating,Silver,USR004324
17,12,339000.0,4,3290,2,9,11.395570567689639,-183.90458054452395,0.46400316426596194,348,0,0.07043609,Loyal,Silver,USR002149
76,5,154000.0,1,1473,1,7,5.090455337612513,15353.6165212287,0.26952718240021295,289,0,0.68821937,At_Risk,Member,USR005536
20,7,236000.0,3,2079,2,8,-0.2276712115726563,-1298.1920150530232,0.26907037812031376,345,1,0.2832717,Loyal,Silver,USR006672
45,4,278000.0,3,2486,2,7,-0.4287212147736083,-399.93872710426734,0.41478379444756214,320,0,0.6541979,Hibernating,Silver,USR004463
10,20,2339000.0,2,19478,4,12,20.753264318156134,-1033.3002418218002,0.11312983199652031,355,0,0.061203554,Champions,Platinum,USR000869
4,7,109000.0,2,997,1,8,6.532703052550764,619.3173095995895,0.24334059198659552,361,1,0.4387505,Loyal,Member,USR007023
26,10,419000.0,3,3639,2,8,-8.687347209865544,-43349.51801637231,0.06894810251545298,339,0,0.09445019,At_Risk,Silver,USR002575
45,3,270000.0,2,3119,2,7,3.457826902129172,-818.3902547269871,0.41077364435285735,320,0,0.65726995,Hibernating,Silver,USR004277
21,13,430000.0,1,4445,2,10,0.0665832446813528,-40638.154313086736,0.08159032637154208,344,0,0.12772058,Loyal,Silver,USR002139
66,5,308000.0,3,3451,2,7,0.02364937156436396,841.1309417668084,0.5804833651687161,299,1,0.4823056,Hibernating,Silver,USR005790
103,0,20000.0,3,165,1,3,-0.6941462157424262,-685.9523765159017,0.23608739354101874,262,1,0.8408378,Hibernating,Member,USR009945
193,0,41000.0,2,472,1,3,-0.09449062225631215,-250.45860399592772,0.40521548310759936,172,0,0.95247656,Hibernating,Member,USR009539
58,4,292000.0,3,3287,2,7,3.803885194327988,-30499.88491497208,0.22399365166934468,307,0,0.6812044,Hibernating,Silver,USR005337
45,3,129000.0,3,1334,1,6,3.616519566725473,12970.686700756543,0.5382617280258197,320,1,0.67729557,Hibernating,Member,USR005732
12,12,543000.0,1,5179,2,10,-0.014675851057847274,1086.7689645371947,0.5363222426125082,353,0,0.17138034,Loyal,Silver,USR003684
60,3,329000.0,1,2687,2,7,-3.2948796203335675,32857.575965416756,0.09526339084727706,305,0,0.52370775,Hibernating,Silver,USR004581
72,2,241000.0,4,2760,2,6,1.9469339961938419,23728.458662227287,0.3328234648674563,293,1,0.5351084,Hibernating,Silver,USR004378
17,5,204000.0,4,2081,2,7,0.7544594471334517,-19544.538135808503,0.16713742785021296,348,0,0.26760674,Promising,Silver,USR006211
71,3,232000.0,2,2107,2,6,-0.10445897868543587,22857.972799751944,0.3146273416208125,294,0,0.75454384,Hibernating,Silver,USR005151
320,0,78000.0,1,768,1,3,-0.4017654807135461,-9111.126949731419,0.1826456395031179,45,1,0.8749075,Hibernating,Member,USR008627
5,6,95000.0,3,799,1,8,-0.17256861523829523,449.8181562319131,0.06442792960762288,360,0,0.3225418,Loyal,Member,USR006229
209,0,63000.0,1,532,1,3,-0.17421397514579703,-6374.748619902563,0.3151862899861558,156,1,0.9231886,Hibernating,Member,USR008337
18,3,184000.0,3,1901,1,7,0.18259052015132304,19300.84235497985,0.30249518670609626,347,0,0.40999746,Promising,Member,USR006575
23,8,731000.0,2,7763,3,9,-0.2619215851566976,72690.69811176603,0.22440706466908494,342,0,0.09092629,At_Risk,Gold,USR003932
8,4,220000.0,2,2634,2,8,-0.022283449712741,-1139.457244552542,0.25518234632856396,357,0,0.30488384,Promising,Silver,USR006849
12,20,1738000.0,3,17599,4,11,0.17738643431400428,-1055.8556403476925,0.03204534035125589,353,0,0.03053278,Loyal,Platinum,USR000638
19,6,133000.0,1,1187,1,8,-5.651380976804844,-12281.075410864307,0.26465055096709994,346,1,0.24470109,Loyal,Member,USR006871
24,9,658000.0,3,6494,3,9,10.00423650549085,-1301.1841325285654,0.075896222555154,341,0,0.15783878,At_Risk,Gold,USR003533
83,5,225000.0,3,2134,2,6,-3.788446934693223,-23532.423335664553,0.2924962743112695,282,0,0.53265214,At_Risk,Silver,USR005596
226,0,53000.0,3,425,1,3,-0.5207264758874093,-6133.898685066781,0.16945431749305048,139,1,0.9128412,Hibernating,Member,USR009632
13,19,2258000.0,3,18986,4,11,-0.12730399300694178,812.1964425068829,0.09130866738193244,352,0,0.106695004,Loyal,Platinum,USR001454
60,3,173000.0,1,1859,1,6,2.6899885254616445,-970.0205758003195,0.19536353405177156,305,1,0.5691302,Hibernating,Member,USR005637
86,5,187000.0,2,1586,1,5,0.12479623803719168,-19596.806378665828,0.46026605382444347,279,0,0.49757212,Hibernating,Member,USR005806
6,7,225000.0,2,2210,2,9,-0.9579345131542242,21396.401040814097,0.3009477493451387,359,0,0.2858922,Loyal,Silver,USR007900
26,8,800000.0,2,8864,3,9,0.12363572605437795,-82090.85479731312,0.2713170878779123,339,0,0.06860423,At_Risk,Gold,USR003351
10,10,742000.0,2,5964,3,11,0.49228492297859927,-258.5646312293555,0.22411013244609207,355,0,0.22198775,Champions,Gold,USR002140
12,11,369000.0,3,3236,2,9,-11.208157628672014,-38881.04717707322,0.6636376276506034,353,0,0.23014903,Loyal,Silver,USR003583
12,8,416000.0,1,3498,2,9,-8.16230983719897,962.5882139842246,0.4977735824516302,353,0,0.20114794,Loyal,Silver,USR003647
61,4,297000.0,1,3537,2,7,0.6838256519679862,-29356.27532244207,0.01050754859254043,304,0,0.61486167,Hibernating,Silver,USR004492
9,27,2410000.0,2,26526,4,12,-27.198041983039634,-957.1506007003347,0.17502708297718114,356,0,0.02734859,Champions,Platinum,USR001378
86,2,346000.0,1,3846,2,5,-0.4953116116886288,-33983.838769485206,0.5503674275886774,279,1,0.51332337,Hibernating,Silver,USR004975
298,0,53000.0,3,532,1,3,0.6575240297621008,-5316.533589597654,0.4109777976082158,67,1,0.964959,Hibernating,Member,USR008735
11,14,620000.0,1,6147,3,12,-0.12817782142657316,-62023.764587902755,0.08218153259269326,354,0,0.21739,Champions,Gold,USR003831
19,7,142000.0,3,1531,1,8,-6.284055468112744,-916.0355644463679,0.2649982790823736,346,0,0.3276866,Loyal,Member,USR007560
13,3,192000.0,2,1738,1,7,-0.16353671543189324,19137.317657051575,0.19801470180671818,352,0,0.4823529,Promising,Member,USR006947
310,0,57000.0,2,481,1,3,0.7953978710856263,-422.3210581102033,0.5505315787228446,55,1,0.9560128,Hibernating,Member,USR009700
5,26,1596000.0,1,18596,4,12,0.21245980119684185,-158571.18667596194,0.08658241791584802,360,0,0.026721328,Champions,Platinum,USR001276
12,10,553000.0,2,5306,2,9,-9.194961938405175,1788.459377133759,0.0945455783602041,353,0,0.13098852,Loyal,Silver,USR002049
211,0,12000.0,2,130,1,3,0.4905748577851765,-1530.840466081193,0.6067217362818697,154,1,0.9426564,Hibernating,Member,USR008138
26,8,570000.0,3,6676,2,8,-0.02893307960717051,-57176.54970898298,0.14883557817023202,339,0,0.18448552,At_Risk,Silver,USR003514
9,21,1785000.0,2,17059,4,12,21.522490247566598,180673.48282994446,0.2634888249329392,356,0,0.02164707,Champions,Platinum,USR000844
22,14,441000.0,2,3707,2,9,-14.23927713335886,1127.8855326474513,0.3045748262736283,343,0,0.111873165,At_Risk,Silver,USR002889
23,11,501000.0,4,4443,2,8,10.402212335888278,-51486.96630302237,0.12234042936266235,342,0,0.19438852,At_Risk,Silver,USR002097
8,13,733000.0,2,8664,3,12,12.445195316048485,72617.88534068748,0.7050275700416735,357,1,0.026991827,Champions,Gold,USR001786
6,3,224000.0,1,2386,2,8,0.6969622652705364,24008.554236738655,0.32833617654045544,359,0,0.46946692,Promising,Silver,USR006900
4,22,1854000.0,4,15426,4,12,0.4540113312680956,1222.6252762759252,0.3350216914442484,361,0,0.04348749,Champions,Platinum,USR001056
107,0,21000.0,3,197,1,3,0.21727004862714516,-2625.3600037300184,0.239623549183686,258,0,0.88708824,Hibernating,Member,USR008842
10,15,1632000.0,3,13881,4,12,14.869109638828647,163859.53852559143,0.16915187034045118,355,0,0.04136323,Champions,Platinum,USR001118
339,0,2000.0,1,18,1,3,0.42981539342742303,943.824460633133,0.11768228661333853,26,1,0.9203613,Hibernating,Member,USR008574
125,0,5000.0,3,51,1,3,-0.060868626891812744,-1123.14789013217,0.24807256501711067,240,0,0.9220672,Hibernating,Member,USR009099
267,0,72000.0,2,577,1,3,0.779147478386224,7244.496835712037,0.2166947916643052,98,1,0.94154346,Hibernating,Member,USR008351
70,5,301000.0,3,2785,2,7,-0.37184995845259167,30185.569740756215,0.19184002157788307,295,0,0.63698804,Hibernating,Silver,USR004160
258,0,31000.0,2,310,1,3,0.48110528929054897,4727.119424390388,0.16101561361490108,107,1,0.95713764,Hibernating,Member,USR009258
73,2,223000.0,2,2410,2,5,1.9642071535530605,-20426.58487638785,0.6342963030295096,292,0,0.47981262,Hibernating,Silver,USR005003
235,0,30000.0,4,355,1,3,-0.15485540590328628,-2466.1623002519596,0.10377847644598269,130,1,0.96366376,Hibernating,Member,USR008555
2,24,1884000.0,1,18089,4,12,23.782589693566944,-187064.0394438794,0.3785236418514339,363,0,0.06458885,Champions,Platinum,USR000287
18,6,179000.0,1,1670,1,8,0.29322656516680506,1704.324515760631,0.21354472051249826,347,1,0.25437346,Loyal,Member,USR007554
51,2,149000.0,1,1324,1,5,-1.3557831887483056,-14620.584465396369,0.09044533387097861,314,0,0.6233071,Hibernating,Member,USR004712
103,0,41000.0,1,378,1,3,-0.2886710078541669,-3376.6824211109806,0.12652399997135533,262,1,0.91130865,Hibernating,Member,USR009681
19,9,323000.0,3,3411,2,9,-0.08601568105783475,32261.33522532077,0.21839814398432697,346,1,0.23757829,Loyal,Silver,USR001939
63,3,191000.0,3,2099,1,6,-2.5181310614134462,-112.36035302542442,0.243984663606051,302,0,0.6572965,Hibernating,Member,USR005626
19,12,533000.0,1,4524,2,10,12.556030340016578,-52337.188767176034,0.047143468864511026,346,0,0.043790534,Loyal,Silver,USR003292
23,11,782000.0,2,7165,3,9,0.3737730628932297,1830.0162861151487,0.3723351063339092,342,0,0.095458165,At_Risk,Gold,USR003467
7,6,209000.0,1,1899,2,9,-6.397587506206917,20373.504425894786,0.4323551315632263,358,0,0.45997065,Loyal,Silver,USR006546
69,4,128000.0,2,1439,1,6,-4.19354212223747,-12388.351434837055,0.11702713851667935,296,0,0.646011,Hibernating,Member,USR004697
346,0,27000.0,1,269,1,3,0.7109465443521713,-2133.995392000717,0.14488146443694214,19,1,0.9708209,Hibernating,Member,USR008335
5,19,1441000.0,2,17253,3,12,-1.0360675580482435,-143091.95470726714,0.562847967483169,360,0,0.044353776,Champions,Gold,USR000758
5,21,838000.0,2,7786,3,12,-20.922162306155805,-83297.27493959459,0.1580296635470869,360,0,0.123498805,Champions,Gold,USR000922
75,2,340000.0,2,3852,2,6,-1.0263912165852627,1436.158506374239,0.34865478787369514,290,0,0.34683883,Hibernating,Silver,USR005846
88,2,287000.0,1,3289,2,5,-0.7617989053340833,-29085.328775653226,0.49060091423737073,277,1,0.7286463,Hibernating,Silver,USR005538
13,27,1919000.0,3,15395,4,11,-0.5368464230987321,-190130.93794684715,0.26732070323193735,352,0,0.04499164,Loyal,Platinum,USR001452
8,6,90000.0,2,891,1,8,4.8154878442093745,-1528.0387727866134,0.11668216356622277,357,0,0.59208405,Loyal,Member,USR007780
19,5,98000.0,4,787,1,6,4.902707668480166,693.2893586946344,0.35123211546717115,346,0,0.54742104,Promising,Member,USR006969
13,12,491000.0,1,4429,2,10,11.32172747385673,-48687.49640513586,0.23002165876926606,352,0,0.07942657,Loyal,Silver,USR002151
17,9,697000.0,1,5952,3,10,-8.717611867842924,-70591.35968075207,0.33255246624080814,348,0,0.16744664,Loyal,Gold,USR003017
27,12,790000.0,1,6573,3,10,-0.7228051003882813,778.1304493544576,0.2327005329363009,338,0,0.24870268,At_Risk,Gold,USR002396
285,0,70000.0,4,817,1,3,-1.051300345960511,1314.3461137165239,0.579812899288392,80,1,0.85598284,Hibernating,Member,USR008334
25,12,319000.0,2,2790,2,9,-11.41561554149444,-31398.39551167864,0.18728239776550212,340,0,0.4781983,At_Risk,Silver,USR003099
60,3,125000.0,1,1334,1,6,-3.235424915061142,-12090.130010725034,0.21146492934322744,305,1,0.54261404,Hibernating,Member,USR004078
25,13,553000.0,1,4787,2,9,0.5642728887655932,56168.336894287386,0.3170031549458666,340,0,0.15092799,At_Risk,Silver,USR003230
237,0,58000.0,1,669,1,3,0.26723426753425555,-6229.89402870384,0.24150441720951482,128,1,0.9159744,Hibernating,Member,USR008892
15,10,520000.0,2,5668,2,9,-9.304004211909334,-52527.553698139614,0.366306266763414,350,0,0.13695626,Loyal,Silver,USR002365
78,2,246000.0,1,2675,2,6,1.7162763593858241,-1241.4830859405092,0.40943572574360754,287,0,0.651102,Hibernating,Silver,USR004393
13,12,350000.0,3,3665,2,10,-11.955385856562625,-35213.29152514806,0.5009881848380756,352,0,0.22903064,Loyal,Silver,USR001764
118,0,79000.0,1,818,1,3,0.9916363279603801,-347.7911290526606,0.25985304936595877,247,1,0.8678223,Hibernating,Member,USR008190
8,4,191000.0,3,1588,1,8,-0.233113695858556,19946.071629914637,0.6547206115569177,357,0,0.42389876,Promising,Member,USR007092
20,14,546000.0,3,5952,2,10,-0.26088332864953584,702.1141391767522,0.16665866538334215,345,0,0.2249544,Loyal,Silver,USR002968
8,28,1728000.0,3,18408,4,12,-27.755094372602994,449.2209787288519,0.12648660195686628,357,0,0.032826524,Champions,Platinum,USR000094
4,24,1847000.0,2,20274,4,12,0.5165949321815739,328.2670454571502,0.5661692452981504,361,0,0.028968012,Champions,Platinum,USR000334
218,0,25000.0,3,288,1,3,-0.4350815788899511,-1872.758778909045,0.21310826664773486,147,1,0.883676,Hibernating,Member,USR009133
13,9,410000.0,1,3657,2,9,0.4605265640239626,178.44181421305768,0.1671984028706633,352,0,0.107225746,Loyal,Silver,USR002347
20,5,165000.0,1,1429,1,7,0.2731994758336358,520.0464941938939,0.3882170007211285,345,0,0.30536035,Promising,Member,USR007211
11,28,2166000.0,3,21336,4,12,28.22242911029916,37.12491795803734,0.038113417902039454,354,0,0.014908948,Champions,Platinum,USR000071
13,7,164000.0,2,1336,1,8,-7.069283811698705,-243.893539629392,0.4359340514114689,352,1,0.27606446,Loyal,Member,USR007848
29,10,711000.0,3,8299,3,9,-9.72861266304372,71487.78682688992,0.23759477701059706,336,0,0.053617895,At_Risk,Gold,USR003632
11,25,2060000.0,4,22307,4,12,-24.327783045958498,-206456.15080718003,0.23405994978499128,354,0,0.027518988,Champions,Platinum,USR000086
64,2,114000.0,3,1309,1,5,-2.56586209429983,-10192.046523947423,0.198620070003886,301,1,0.6670209,Hibernating,Member,USR004212
191,0,48000.0,1,409,1,3,-0.40270083503279036,-1766.528923419959,0.14979743904932016,174,1,0.9347729,Hibernating,Member,USR009045
57,4,347000.0,3,2787,2,7,-4.22535327958863,-959.0975411465015,0.6727263649477974,308,0,0.40460113,Hibernating,Silver,USR005302
29,8,624000.0,3,5427,3,9,0.23640753496391625,-225.19942918320552,0.12437269625760367,336,0,0.16831176,At_Risk,Gold,USR003991
12,7,174000.0,1,1874,1,8,1.293635727922655,-18030.866304603296,0.10834350232853683,353,0,0.31584316,Loyal,Member,USR007421
9,29,1105000.0,4,13079,3,12,-27.841241884401573,109325.77771805317,0.23139286270561962,356,0,0.10019068,Champions,Gold,USR000115
9,11,324000.0,3,3580,2,10,-0.47138762011523727,-1392.370782310297,0.16022580610065193,356,0,0.17690341,Champions,Silver,USR001754
53,3,175000.0,1,1724,1,6,3.1319095428396704,-1154.113226794755,0.3555451688108887,312,0,0.52445906,Hibernating,Member,USR005650
3,24,1724000.0,3,14567,4,12,-24.202319260020474,173296.61358982514,0.09830489556463089,362,0,0.021921886,Champions,Platinum,USR001038
111,0,26000.0,4,258,1,3,1.3451575036443468,1241.9075306547247,0.3380970928123772,254,1,0.9646023,Hibernating,Member,USR008140
52,5,112000.0,3,1302,1,5,-4.315452708618574,-10861.398753679267,0.19323616036472677,313,0,0.49686113,Hibernating,Member,USR004867
16,8,719000.0,1,8516,3,10,8.832320910983137,-72790.82266800024,0.29996354017860904,349,1,0.107224986,Loyal,Gold,USR003070
176,0,4000.0,3,32,1,3,0.015810986955123885,-71.7644338397451,0.5820777084792639,189,1,0.9149261,Hibernating,Member,USR009689
15,8,568000.0,2,5280,2,9,-7.981223461669718,-57665.56282639641,0.2615212993022953,350,0,0.13367298,Loyal,Silver,USR001662
166,0,78000.0,1,906,1,3,-0.4638571461421842,8671.963381767242,0.43458824291790565,199,1,0.90070707,Hibernating,Member,USR009372
67,4,201000.0,2,2379,2,6,-4.470766960133871,-21094.913675961732,0.8082953392698338,298,0,0.26212263,Hibernating,Silver,USR004756
56,2,215000.0,1,2395,2,5,-0.09840556154881348,-20224.102615449305,0.3653724773304723,309,1,0.572046,Hibernating,Silver,USR004790
21,10,572000.0,2,4781,2,9,-10.183170838568879,976.9289028134742,0.34306272887221356,344,0,0.19446608,Loyal,Silver,USR003914
47,2,258000.0,1,2451,2,6,-2.2707365032535844,25504.831402034222,0.16172256255550208,318,0,0.65247107,Hibernating,Silver,USR004467
19,11,474000.0,2,4844,2,9,-0.3438921474127155,-1220.8875198140117,0.47990346885592866,346,0,0.13484474,Loyal,Silver,USR003063
17,9,604000.0,2,4964,3,10,-0.5775042486999513,1195.8591569425191,0.28937164323828224,348,0,0.25899208,Loyal,Gold,USR003415
11,18,1869000.0,1,19515,4,12,17.506067044930113,-186035.48413423132,0.0717689010098628,354,0,0.045889817,Champions,Platinum,USR000971
83,4,241000.0,1,2215,2,6,4.103441264878395,-24978.339750267853,0.30124344275536313,282,1,0.55792975,Hibernating,Silver,USR004494
171,0,53000.0,1,486,1,3,1.0022116518375854,1710.8486562463704,0.26966821611317476,194,1,0.9354033,Hibernating,Member,USR009834
69,5,241000.0,2,2437,2,6,5.101037253080657,23097.09115921977,0.4484832817850139,296,0,0.60723025,Hibernating,Silver,USR005365
26,13,536000.0,2,5186,2,9,-0.3049513534746011,-52970.501775919125,0.18235625444406142,339,0,0.19027811,At_Risk,Silver,USR002162
5,26,912000.0,4,10746,3,12,0.2738694893687803,670.7057653991766,0.43762876617953833,360,0,0.01642982,Champions,Gold,USR000718
26,13,505000.0,1,5435,2,9,1.104927832874232,1557.0271522103124,0.07136668510222294,339,0,0.11686525,At_Risk,Silver,USR003787
27,14,388000.0,1,3369,2,9,-13.903569078424905,-38926.98643427991,0.38542860311744903,338,0,0.17268437,At_Risk,Silver,USR001536
29,14,567000.0,1,5395,2,9,0.3060784034777758,-56086.32049717956,0.5345456204975353,336,0,0.13527599,At_Risk,Silver,USR003954
12,21,1460000.0,1,16108,3,11,0.13438789457432074,144419.84441310857,0.3950650959703054,353,0,0.06458862,Loyal,Gold,USR000940
355,0,33000.0,2,313,1,3,0.016132405385626398,-4523.05758389139,0.18486973358811087,10,1,0.96905196,Hibernating,Member,USR008606
14,4,82000.0,4,743,1,6,-3.760322870590749,463.4507687006786,0.17813277620923987,351,1,0.25285834,Promising,Member,USR007954
16,5,96000.0,2,940,1,7,0.41142103660817897,-8667.040847105418,0.5286470960936732,349,1,0.3761093,Loyal,Member,USR007805
3,6,236000.0,2,2139,2,9,-6.047562438776735,-474.4761707438094,0.10798114928932008,362,0,0.4798732,Loyal,Silver,USR007305
17,7,152000.0,2,1492,1,8,6.770888485371749,-15334.227383933941,0.41441948742909024,348,1,0.3398349,Loyal,Member,USR007854
6,3,224000.0,1,2339,2,8,-0.8891013637829237,-22539.265996374947,0.15864307312094847,359,0,0.33580816,Promising,Silver,USR007903
59,5,224000.0,3,2270,2,6,0.29247674654322214,24094.325450269163,0.18019833594444915,306,1,0.53506714,Hibernating,Silver,USR004439
66,4,314000.0,2,3399,2,7,0.8444110961513384,-31915.280058160864,0.17259716964200106,299,1,0.5487693,Hibernating,Silver,USR005291
11,29,1529000.0,1,14301,4,12,0.7706605724006603,-1184.3523171237441,0.5748872375429604,354,0,0.032280356,Champions,Platinum,USR001233
89,3,171000.0,3,1916,1,5,-2.4778069740617106,392.05574829023,0.0351183933994597,276,1,0.71302396,Hibernating,Member,USR005931
3,3,125000.0,4,1495,1,8,1.110160929002441,617.1545484177509,0.32569857712588346,362,0,0.42265722,Promising,Member,USR007676
13,9,707000.0,3,6420,3,10,-8.916830567024672,69648.70362780325,0.5699143394485946,352,0,0.44742635,Loyal,Gold,USR002323
259,0,77000.0,1,806,1,3,0.2756991713891211,-7722.560116275926,0.3332742538189104,106,1,0.84236574,Hibernating,Member,USR008172
79,4,190000.0,2,2257,1,5,3.237407281668901,20131.287106358726,0.43553568406047954,286,1,0.6196753,Hibernating,Member,USR005841
7,18,801000.0,4,8783,3,12,0.3917328241623673,-80603.77214657606,0.4333544588822441,358,0,0.029689597,Champions,Gold,USR000750
242,0,52000.0,2,419,1,3,-0.13097250321217696,6297.232785664357,0.4675927523723172,123,1,0.9517805,Hibernating,Member,USR009588
58,4,118000.0,1,950,1,6,-4.4704679763214425,12503.049304686027,0.4745860471680718,307,0,0.54569787,Hibernating,Member,USR005043
8,3,249000.0,1,2425,2,9,-0.6145855167591586,24550.218668092675,0.24444988355976044,357,0,0.5262761,Promising,Silver,USR006445
3,21,1599000.0,3,19090,4,12,0.8757045368744555,52.99430818562705,0.11985374157673202,362,0,0.018732492,Champions,Platinum,USR000853
303,0,66000.0,2,621,1,3,-0.26353305911988706,5496.935348771422,0.6830201611052958,62,1,0.94250345,Hibernating,Member,USR009642
13,16,1726000.0,4,15168,4,11,-15.491426162810344,-266.357058595479,0.08538914540426233,352,0,0.014117143,Loyal,Platinum,USR000822
336,0,20000.0,2,215,1,3,0.20032081916991834,-1987.658049361743,0.268754195945957,29,1,0.89317364,Hibernating,Member,USR008970
9,4,179000.0,4,1972,1,8,0.25808151146323466,-209.69915421321627,0.17084803424449216,356,0,0.32712942,Promising,Member,USR007631
28,12,337000.0,3,2721,2,9,13.03629927038126,607.0765554291348,0.36240312318167023,337,1,0.20975837,At_Risk,Silver,USR002293
3,19,2325000.0,3,24231,4,12,18.61868854178224,1017.0215216016152,0.2876586634315706,362,0,0.05426204,Champions,Platinum,USR000413
189,0,4000.0,1,35,1,3,-0.03355819376755566,-1900.470278956661,0.5091322116908618,176,1,0.90522397,Hibernating,Member,USR008915
147,0,21000.0,2,238,1,3,0.23950131204599437,3171.3760097501536,0.035856467436682714,218,1,0.9587698,Hibernating,Member,USR008585
286,0,19000.0,2,176,1,3,-0.3223110655392365,-1314.1085686301867,0.30736952981421556,79,1,0.8098593,Hibernating,Member,USR009071
5,3,118000.0,2,1370,1,8,2.5011211086703224,858.5733615249258,0.36621241195392834,360,0,0.45855486,Promising,Member,USR006153
25,8,393000.0,1,4683,2,8,0.5281442418730615,39073.337797003885,0.8439552078940323,340,0,0.078969084,At_Risk,Silver,USR002903
57,5,257000.0,2,2239,2,7,0.10484303178724406,-25948.576667351113,0.07703178192010743,308,0,0.6222314,Hibernating,Silver,USR005815
9,24,1017000.0,2,10596,3,12,-24.494436173817792,100814.1283856095,0.5952828602591006,356,0,0.033197634,Champions,Gold,USR001278
10,6,198000.0,1,1817,1,9,-5.880266505609782,19736.979761701532,0.4757386734743617,355,0,0.47163615,Loyal,Member,USR006414
6,15,852000.0,2,7696,3,12,15.004268807589584,84860.00888920494,0.10425819880836988,359,0,0.07526606,Champions,Gold,USR000959
18,3,160000.0,1,1301,1,7,3.1760124143946404,-996.4186623966718,0.06325567472622394,347,0,0.31884977,Promising,Member,USR006895
58,2,173000.0,1,1528,1,5,-0.8299527812525913,-327.59388149992554,0.4457484417727964,307,0,0.6155687,Hibernating,Member,USR005127
253,0,11000.0,2,123,1,3,-0.14752809490282107,660.1610751553105,0.15774114578426848,112,1,0.9313045,Hibernating,Member,USR008492
17,4,220000.0,2,1841,2,7,0.5940309381255301,-221.08211794887433,0.1930793004844132,348,0,0.43801317,Promising,Silver,USR006921
15,14,455000.0,2,4424,2,10,1.0855964305312475,-1120.2671506469603,0.45603574601299546,350,1,0.12090261,Loyal,Silver,USR001952
12,26,2274000.0,3,23827,4,11,0.18552686910768157,227625.61346745855,0.5828381382091091,353,0,0.064284936,Loyal,Platinum,USR000178
89,2,243000.0,3,2763,2,5,0.7740041104093462,308.786359826396,0.3304060621887701,276,1,0.70270854,Hibernating,Silver,USR005961
16,3,161000.0,3,1864,1,7,0.47870492261609493,16074.711287128399,0.34182101018926814,349,0,0.4011883,Promising,Member,USR006626
16,3,88000.0,1,942,1,6,0.43802288833596426,-7.4757047408683786,0.07923830434590139,349,1,0.37681678,Promising,Member,USR006868
146,0,16000.0,1,175,1,3,-0.5522259139274981,159.1636212290191,0.24218655083202645,219,1,0.8831208,Hibernating,Member,USR009519
72,5,302000.0,1,2682,2,7,0.7712736056870585,892.102040446999,0.4094919378316138,293,1,0.6999781,Hibernating,Silver,USR004254
27,10,454000.0,1,4097,2,8,0.39532079194383596,46868.533902241936,0.12673213611627196,338,0,0.15809949,At_Risk,Silver,USR003657
1,26,1726000.0,2,15273,4,12,0.3821462907102166,678.3468853190316,0.296118141892356,364,0,0.03476078,Champions,Platinum,USR000593
53,2,204000.0,4,2327,2,5,2.0624338050977395,782.4167049754506,0.35505427527496963,312,0,0.5632437,Hibernating,Silver,USR005930
8,3,91000.0,2,942,1,7,-0.7515234296787403,766.7182826202803,0.44741472215271477,357,0,0.23060527,Promising,Member,USR007507
56,2,280000.0,1,2616,2,6,-2.412606437772858,-468.3011426573713,0.31401882116038493,309,0,0.7074081,Hibernating,Silver,USR004600
7,14,685000.0,1,6111,3,12,13.708219726051963,2659.440258054182,0.4607930835134809,358,0,0.13354209,Champions,Gold,USR002309
1,25,1239000.0,2,10580,3,12,-24.745956142789606,-123119.67640969716,0.47731288024126106,364,0,0.036221053,Champions,Gold,USR001475
215,0,74000.0,1,754,1,3,0.4249101826594532,-8028.375975909281,0.4399633920558274,150,1,0.8403009,Hibernating,Member,USR008390
96,0,8000.0,2,71,1,3,-0.5262615274986893,-672.0183790519293,0.15449904840558795,269,1,0.8409829,Hibernating,Member,USR008679
10,6,203000.0,2,1781,2,9,-0.270381677488611,920.2587609701054,0.3419689619321795,355,0,0.39553994,Loyal,Silver,USR006358
10,21,1972000.0,3,19662,4,12,20.508990251394547,196395.06363282923,0.5142797184857536,355,0,0.03596543,Champions,Platinum,USR000742
16,9,677000.0,1,7810,3,10,8.632919066939493,-68175.42568912417,0.5694764519867431,349,1,0.050040007,Loyal,Gold,USR003410
4,29,1640000.0,3,16380,4,12,1.0301707719184159,163719.43920767965,0.11088123350999102,361,0,0.038390964,Champions,Platinum,USR000237
14,3,239000.0,1,2266,2,7,-0.311590157654032,-24933.323205750185,0.3153142511944462,351,1,0.40897894,Promising,Silver,USR006356
72,4,148000.0,1,1302,1,6,-3.9916463076310125,1311.615122142889,0.28552084144578727,293,0,0.58477354,Hibernating,Member,USR005644
9,18,1930000.0,2,19170,4,12,17.749923659392635,194485.15556370915,0.40154678567295643,356,0,0.030685088,Champions,Platinum,USR000198
1,21,1159000.0,2,12568,3,12,-21.13388275936242,-55.02354791834902,0.5848725459303241,364,0,0.016727056,Champions,Gold,USR001144
168,0,23000.0,1,221,1,3,0.22024724808166887,3140.7965238326933,0.23995862540390753,197,1,0.9337747,Hibernating,Member,USR008237
20,4,220000.0,2,2193,2,7,4.8023675061474265,21457.42408907416,0.12078789282819119,345,1,0.52472746,Promising,Silver,USR006189
53,3,348000.0,2,3072,2,7,-2.828201232410892,380.90883364160294,0.49537865299019923,312,1,0.5987089,Hibernating,Silver,USR005231
3,22,1052000.0,2,9568,3,12,21.83330997219617,104897.8696148793,0.40565974891184253,362,0,0.010482606,Champions,Gold,USR000295
7,25,1508000.0,3,15729,4,12,24.85592198474444,-96.87672718933386,0.20013397658004584,358,0,0.010256911,Champions,Platinum,USR000031
5,16,1985000.0,1,17368,4,12,-0.3162195190380875,-199840.1220019277,0.15101484808549756,360,0,0.12685362,Champions,Platinum,USR000038
1,22,815000.0,3,9312,3,12,-22.113942144190954,-1364.735313969791,0.29605863995358184,364,0,0.014519094,Champions,Gold,USR001051
10,14,318000.0,2,2635,2,11,-14.12010443550126,-31648.964269029824,0.15222175369114432,355,0,0.48494098,Champions,Silver,USR003633
3,7,182000.0,1,2047,1,9,7.2012581048676605,-18256.914163410176,0.2613493382925239,362,1,0.21851434,Loyal,Member,USR007050
8,24,1105000.0,2,11730,3,12,-23.92985328714973,111452.97626856092,0.36216994354531623,357,0,0.09164018,Champions,Gold,USR000962
1,15,809000.0,3,7719,3,12,-0.9348658309774955,952.9452607116165,0.2678033190135508,364,1,0.08418312,Champions,Gold,USR000073
24,14,594000.0,2,6321,2,9,14.019899727058007,750.512419611869,0.218490074853522,341,0,0.519293,At_Risk,Silver,USR003786
10,9,529000.0,1,6101,2,10,0.31610815701592515,-54303.55834447326,0.4713486155873268,355,0,0.10792931,Champions,Silver,USR002233
53,4,298000.0,2,2589,2,7,4.169297216557931,30266.424234164962,0.34292148948803863,312,0,0.6383087,Hibernating,Silver,USR005051
11,7,178000.0,4,1439,1,9,-7.5224625173111255,425.86134920843244,0.21873154412353787,354,0,0.3358642,Loyal,Member,USR007412
10,16,1027000.0,2,10463,3,12,16.095725357978676,-902.1809633681756,0.32526216397417773,355,0,0.023283686,Champions,Gold,USR000429
22,12,708000.0,2,8393,3,10,-0.762831204643421,71632.04304592962,0.4905675836199191,343,0,0.21241,At_Risk,Gold,USR003745
237,0,16000.0,1,191,1,3,0.25503329658553286,4110.228147527711,0.2947301709715647,128,1,0.927809,Hibernating,Member,USR009108
348,0,73000.0,3,725,1,3,0.42501819759478493,-5441.5905943407215,0.446924889748719,17,1,0.92896336,Hibernating,Member,USR008912
19,9,774000.0,2,8040,3,10,-7.903275224855808,255.35703131683752,0.6546178573087532,346,0,0.092685394,Loyal,Gold,USR001558
12,18,1133000.0,3,13546,3,11,0.0008279278109756162,114549.28935627485,0.22972917939083268,353,0,0.024589475,Loyal,Gold,USR000525
89,4,109000.0,3,1018,1,4,4.729409567928235,-45.15484505051478,0.20159870431532695,276,0,0.6185039,Hibernating,Member,USR005320
17,11,542000.0,1,6103,2,9,0.12574683497099587,-55138.16672843719,0.3612971029644905,348,0,0.112423815,Loyal,Silver,USR001514
18,11,673000.0,1,7704,3,10,0.39732060178682943,1378.3229292325773,0.09957327958150423,347,0,0.0866592,Loyal,Gold,USR003339
6,3,137000.0,2,1637,1,8,0.19594063112279228,1280.6555608822612,0.2929443357515137,359,0,0.42908174,Promising,Member,USR007243
275,0,38000.0,1,438,1,3,-0.020758984634035783,-3171.169283092519,0.3342015137486059,90,1,0.9418219,Hibernating,Member,USR008730
16,9,371000.0,4,3078,2,9,-8.592657781352965,779.4340720248285,0.3963151459708707,349,0,0.14467219,Loyal,Silver,USR003715
68,5,259000.0,1,2424,2,7,4.913227791219306,25381.18971782512,0.24623483270666713,297,0,0.63333136,Hibernating,Silver,USR004606
285,0,48000.0,1,494,1,3,0.12053948820290664,-5105.484976076642,0.21388948395137244,80,1,0.9277232,Hibernating,Member,USR009613
50,4,241000.0,1,2733,2,7,-0.15907131633071345,-1786.9576644270717,0.32264973179668643,315,0,0.57274836,Hibernating,Silver,USR004287
80,4,141000.0,3,1273,1,5,-3.7396611164599634,-728.5838897547994,0.3131966234512221,285,0,0.5910444,Hibernating,Member,USR005295
27,10,306000.0,1,3658,2,8,0.9483020342869641,442.38472327456105,0.10306401614861622,338,0,0.14209563,At_Risk,Silver,USR003104
179,0,15000.0,2,145,1,3,-0.15138727256276915,-755.7801544008416,0.3382868459778743,186,1,0.91191465,Hibernating,Member,USR009526
8,5,85000.0,1,876,1,8,0.2755300621079664,-7984.195612186184,0.2633850531113249,357,0,0.2393037,Loyal,Member,USR007451
61,5,120000.0,1,1243,1,7,0.7326897137492592,502.0456154663447,0.2593125656208049,304,0,0.63136303,At_Risk,Member,USR005850
13,6,205000.0,1,2365,2,8,5.96060579995985,-20993.310382955908,0.3392646411772885,352,0,0.23794413,Loyal,Silver,USR007684
3,6,97000.0,1,807,1,8,0.09073894093952797,87.85801166393729,0.5923831182396856,362,0,0.2700532,Loyal,Member,USR007978
24,13,336000.0,1,3113,2,9,13.740496202058747,-33078.18257798096,0.36219346619133136,341,0,0.24134693,At_Risk,Silver,USR003600
16,11,395000.0,3,3292,2,9,10.712406775178241,-40309.0776230134,0.11615369815200266,349,1,0.2054272,Loyal,Silver,USR002663
53,3,137000.0,1,1464,1,6,1.0436360808968137,-15143.594581500252,0.32631704717361554,312,0,0.61396575,Hibernating,Member,USR004805
15,11,341000.0,1,3793,2,9,-0.3149124021232049,-280.65392748509987,0.21677731688511553,350,0,0.19393821,Loyal,Silver,USR003067
5,15,2253000.0,3,25573,4,12,15.126106501681432,-225086.9956841283,0.3235162802899575,360,0,0.032292556,Champions,Platinum,USR000919
9,4,107000.0,3,954,1,7,1.1071649712782983,11000.466822305858,0.10403041171150162,356,0,0.37565875,Promising,Member,USR006060
25,8,543000.0,2,4705,2,8,-7.809831674842059,685.8752327081286,0.23253319787589816,340,0,0.22675472,At_Risk,Silver,USR002561
8,9,422000.0,2,3925,2,10,0.5745073480261998,-1087.3414349244747,0.3066917006091566,357,0,0.072351485,Champions,Silver,USR002600
10,6,248000.0,2,2364,2,10,-5.465358146802409,25526.336074239374,0.22678802779116902,355,0,0.38213396,Champions,Silver,USR007046
13,25,1066000.0,3,9979,3,11,0.03296555428945024,731.6898872964131,0.11765486526735286,352,0,0.048362464,Loyal,Gold,USR000562
80,4,114000.0,1,922,1,5,-4.038642618733148,11811.965044543136,0.18822754538899403,285,0,0.5153485,Hibernating,Member,USR004486
3,4,135000.0,2,1364,1,8,-4.357756383061374,-13713.332916201081,0.3554441196652231,362,0,0.29478633,Promising,Member,USR007422
63,3,128000.0,1,1387,1,6,-2.8667391750108995,439.9152112491272,0.11166143459719646,302,0,0.6605329,Hibernating,Member,USR005553
68,4,184000.0,1,2014,1,6,3.506238518786503,-19068.04390784851,0.1633447105588318,297,0,0.50511575,Hibernating,Member,USR004139
68,3,298000.0,2,3539,2,7,0.3423574270249461,-29842.921988360988,0.5292933072974986,297,0,0.64791256,Hibernating,Silver,USR004680
5,24,1814000.0,3,20643,4,12,24.515869490257028,-181523.99644788835,0.42227411156089756,360,0,0.016502092,Champions,Platinum,USR000281
229,0,38000.0,1,423,1,3,0.12392314095091238,2851.1411928968873,0.3301343729567488,136,1,0.93918425,Hibernating,Member,USR008966
293,0,71000.0,1,687,1,3,0.16237911976677089,1133.3479936032923,0.09130621282124192,72,1,0.8937406,Hibernating,Member,USR009001
132,0,6000.0,4,70,1,3,0.7894725463589877,584.3525582753623,0.3544521800225178,233,1,0.95569587,Hibernating,Member,USR008493
192,0,19000.0,2,208,1,3,0.017196897653791537,-400.3973447357812,0.53195451840916,173,1,0.8895003,Hibernating,Member,USR009140
146,0,14000.0,4,121,1,3,-0.48283395692361547,-398.8777562084495,0.14903298459285538,219,0,0.9132927,Hibernating,Member,USR008025
25,13,438000.0,1,4460,2,9,13.640691699061817,1019.9550425103299,0.23719058719803168,340,0,0.22108163,At_Risk,Silver,USR001729
15,12,340000.0,1,3071,2,10,0.01944725811812192,-823.7888751853935,0.3743778442814947,350,0,0.13822824,Loyal,Silver,USR001510
70,5,102000.0,1,1163,1,6,5.393636847408112,-10667.400379450854,0.5213073028389554,295,0,0.3316151,At_Risk,Member,USR005683
12,6,161000.0,2,1435,1,8,-0.2701881694935272,262.05818255743475,0.0859923632031087,353,1,0.34601948,Loyal,Member,USR006690
72,3,117000.0,1,1164,1,6,3.1331476782203116,-12492.298683569983,0.35579894895124253,293,1,0.4975923,Hibernating,Member,USR005103
26,8,470000.0,2,5354,2,8,0.1665292175335237,-494.806053326942,0.23279906857321286,339,0,0.16067958,At_Risk,Silver,USR002765
53,2,260000.0,2,3026,2,6,0.9504443948018424,-25994.175942076723,0.4276700886563494,312,1,0.7011369,Hibernating,Silver,USR004579
50,2,269000.0,3,2615,2,6,1.858460463200875,26844.625675796222,0.3131351614009367,315,0,0.6880266,Hibernating,Silver,USR005954
25,9,570000.0,1,5836,2,8,9.601606391146143,-1182.3491709060916,0.1224956918498369,340,1,0.09256088,At_Risk,Silver,USR002980
15,3,164000.0,1,1576,1,7,-3.398145094496045,-16313.90562820414,0.2172150239049113,350,0,0.2074354,Promising,Member,USR006112
186,0,9000.0,2,75,1,3,-0.3587493010422108,801.2400360243159,0.13514793352206017,179,1,0.86510944,Hibernating,Member,USR009339
320,0,21000.0,4,180,1,3,0.2092572795785274,-1658.113254578297,0.537902230900089,45,1,0.872856,Hibernating,Member,USR008440
9,5,214000.0,4,1802,2,8,0.5652633097686555,-22031.118373793433,0.18321242439830102,356,0,0.36734346,Promising,Silver,USR007286
97,0,66000.0,2,663,1,3,-0.4001955521483449,-1136.134632871965,0.13181913859721403,268,1,0.8618233,Hibernating,Member,USR008753
10,13,430000.0,1,4504,2,11,13.17916703559846,747.6301789743467,0.19457283426829838,355,0,0.26325813,Champions,Silver,USR001874
217,0,48000.0,1,459,1,3,-0.04377677322671972,3755.214462434584,0.27438842876970293,148,1,0.9500642,Hibernating,Member,USR009278
10,4,109000.0,1,1282,1,7,-0.7335169757193594,-10462.432654362869,0.3136487108644457,355,0,0.2027302,Promising,Member,USR006059
18,9,390000.0,2,4058,2,9,0.19248320802381716,40088.03883576171,0.06607932227542301,347,0,0.07849527,Loyal,Silver,USR003314
11,7,160000.0,1,1464,1,9,-7.123977103663945,-16833.339072542254,0.49215509589653594,354,0,0.21730997,Loyal,Member,USR006440
89,2,231000.0,1,2549,2,4,1.504236479447684,732.8649768192781,0.2458586929453649,276,0,0.70501006,Hibernating,Silver,USR004386
3,24,1535000.0,4,14554,4,12,23.934712271352414,152890.77651973645,0.38833838109510954,362,0,0.010021563,Champions,Platinum,USR001146
10,28,1412000.0,4,12507,3,12,29.226969336462695,1099.0299325814901,0.21173873294560877,355,0,0.010676785,Champions,Gold,USR000954
4,21,1629000.0,2,19522,4,12,20.338024457890217,-161646.46594222044,0.33873920091851384,361,0,0.02716254,Champions,Platinum,USR001498
61,4,338000.0,2,2842,2,7,-3.8428662890994083,34552.52566316084,0.3482094010796136,304,1,0.53070444,Hibernating,Silver,USR004226
25,14,673000.0,1,6834,3,10,-13.494451497206505,1547.0330638753528,0.271807987296938,340,0,0.3638595,At_Risk,Gold,USR002604
19,14,737000.0,1,8132,3,11,-13.948654741625706,-118.33901627440959,0.2759216128617789,346,0,0.1020119,Loyal,Gold,USR002683
5,26,1597000.0,2,18891,4,12,26.545236084528497,400.641589041065,0.1602317672343034,360,0,0.012391841,Champions,Platinum,USR000446
19,10,764000.0,4,8085,3,10,9.650215360710789,-2156.4821339276536,0.5575698382701885,346,0,0.09078889,Loyal,Gold,USR003472
12,26,1857000.0,2,19888,4,11,26.19301230935428,184516.93699358133,0.4496699326227421,353,0,0.01082461,Loyal,Platinum,USR000215
177,0,68000.0,3,669,1,3,0.062188061150464755,7175.288008027861,0.33790797193141076,188,1,0.9262774,Hibernating,Member,USR009259
7,7,165000.0,2,1534,1,9,0.5137763568375786,15539.240002328614,0.2202289604739386,358,1,0.3340131,Loyal,Member,USR006964
60,3,195000.0,1,1605,1,6,3.580605701205807,-20507.300484520743,0.3702928680750487,305,0,0.57150716,Hibernating,Member,USR004637
5,26,1750000.0,4,16605,4,12,-25.95720264802774,715.4140412440437,0.06668448732687665,360,0,0.00932766,Champions,Platinum,USR000576
2,27,1291000.0,3,14418,3,12,26.12895877114702,429.9742302266078,0.4836335906981341,363,0,0.012582011,Champions,Gold,USR000328
11,14,734000.0,4,6293,3,12,13.822539323150384,72908.12299651257,0.387781083967338,354,0,0.10452011,Champions,Gold,USR002731
20,5,184000.0,3,2051,1,7,5.206813188857168,18389.512571389336,0.44379534212794347,345,0,0.47511783,Promising,Member,USR006823
88,3,108000.0,2,1164,1,4,-3.6830991688344588,9792.290522229812,0.24601758849348815,277,0,0.58522135,Hibernating,Member,USR004395
