user_id,segment_true,last_tx_date,recency_days,frequency_monthly,monetary_monthly,ovo_points_balance,tier,services_used,n_services,city,churn_label
USR006252,Promising,2024-12-16,16,5,169000.0,1620,Member,GrabExpress,1,Jakarta,0
USR004684,At_Risk,2024-10-18,75,4,186000.0,2099,Member,GrabCar|GrabExpress|GrabFood|GrabBike,4,Jakarta,0
USR001731,Loyal,2024-12-19,13,9,784000.0,8384,Gold,GrabExpress|GrabCar|GrabFood,3,Jakarta,0
USR004742,At_Risk,2024-10-08,85,4,318000.0,3439,Silver,GrabBike,1,Surabaya,0
USR004521,At_Risk,2024-11-02,60,4,178000.0,1690,Member,GrabFood|GrabMart|GrabExpress|GrabBike,4,Surabaya,0
USR006340,Promising,2024-12-24,8,4,249000.0,2741,Silver,GrabCar,1,Medan,1
USR000576,Champions,2024-12-27,5,26,1750000.0,16605,Platinum,GrabBike|GrabMart|GrabExpress|GrabFood,4,Surabaya,0
USR005202,At_Risk,2024-10-25,68,5,175000.0,1771,Member,GrabFood,1,Jakarta,1
USR006363,Promising,2024-12-20,12,4,136000.0,1386,Member,GrabBike|GrabFood,2,Jakarta,0
USR000439,Champions,2024-12-22,10,16,934000.0,10225,Gold,GrabCar|GrabMart,2,Bekasi,0
USR002750,Loyal,2024-12-06,26,10,424000.0,3665,Silver,GrabMart,1,Bekasi,0
USR007487,Promising,2024-12-29,3,5,240000.0,2438,Silver,GrabBike|GrabExpress,2,Jakarta,1
USR005272,At_Risk,2024-11-16,46,3,316000.0,3497,Silver,GrabExpress|GrabCar,2,Jakarta,1
USR005653,At_Risk,2024-11-09,53,3,311000.0,2558,Silver,GrabExpress|GrabMart,2,Jakarta,1
USR003999,Loyal,2024-12-21,11,12,320000.0,2913,Silver,GrabExpress|GrabCar,2,Bandung,0
USR006033,Promising,2024-12-19,13,5,235000.0,2677,Silver,GrabExpress,1,Bandung,1
USR000582,Champions,2024-12-28,4,17,1964000.0,20183,Platinum,GrabBike|GrabFood|GrabMart,3,Medan,0
USR009930,Hibernating,2024-08-17,137,0,21000.0,223,Member,GrabFood|GrabCar,2,Surabaya,1
USR007051,Promising,2024-12-12,20,6,145000.0,1368,Member,GrabFood,1,Bandung,0
USR008158,Hibernating,2024-09-11,112,0,5000.0,52,Member,GrabBike|GrabFood,2,Jakarta,1
USR009896,Hibernating,2024-03-21,286,0,48000.0,574,Member,GrabMart|GrabBike|GrabCar,3,Jakarta,1
USR002249,Loyal,2024-12-18,14,9,323000.0,3554,Silver,GrabBike|GrabFood|GrabMart,3,Bandung,0
USR004640,At_Risk,2024-10-27,66,2,278000.0,2277,Silver,GrabExpress|GrabBike|GrabFood|GrabCar,4,Jakarta,0
USR009485,Hibernating,2024-01-07,360,0,7000.0,78,Member,GrabFood|GrabExpress,2,Bekasi,1
USR004947,At_Risk,2024-10-11,82,5,206000.0,2002,Silver,GrabCar,1,Jakarta,0
USR009920,Hibernating,2024-09-15,108,0,4000.0,46,Member,GrabExpress|GrabBike,2,Bandung,1
USR001963,Loyal,2024-12-20,12,10,399000.0,4499,Silver,GrabExpress|GrabFood,2,Medan,0
USR008243,Hibernating,2024-07-26,159,0,60000.0,623,Member,GrabBike,1,Jakarta,0
USR006590,Promising,2024-12-21,11,3,155000.0,1799,Member,GrabMart,1,Bandung,0
USR008847,Hibernating,2024-03-22,285,0,76000.0,645,Member,GrabFood,1,Jakarta,0
USR000321,Champions,2024-12-22,10,27,1461000.0,13602,Gold,GrabBike|GrabCar,2,Jakarta,0
USR002678,Loyal,2024-12-08,24,8,621000.0,6319,Gold,GrabMart|GrabCar,2,Bandung,0
USR004625,At_Risk,2024-11-14,48,5,279000.0,2583,Silver,GrabBike|GrabMart|GrabCar,3,Bandung,0
USR004949,At_Risk,2024-10-04,89,2,326000.0,2808,Silver,GrabCar,1,Bandung,0
USR008328,Hibernating,2024-02-14,322,0,21000.0,185,Member,GrabCar|GrabExpress|GrabFood|GrabMart,4,Bekasi,1
USR003337,Loyal,2024-12-24,8,8,520000.0,5219,Silver,GrabBike|GrabCar,2,Bekasi,0
USR005589,At_Risk,2024-10-30,63,3,118000.0,1335,Member,GrabExpress|GrabFood,2,Medan,0
USR000251,Champions,2024-12-28,4,21,2327000.0,21945,Platinum,GrabExpress|GrabFood,2,Bekasi,0
USR003973,Loyal,2024-12-04,28,12,423000.0,4931,Silver,GrabFood,1,Bekasi,0
USR006630,Promising,2024-12-24,8,3,128000.0,1369,Member,GrabFood|GrabExpress,2,Jakarta,0
USR005547,At_Risk,2024-10-28,65,5,307000.0,3230,Silver,GrabFood,1,Jakarta,1
USR000035,Champions,2024-12-28,4,25,1466000.0,15556,Gold,GrabMart|GrabBike,2,Surabaya,0
USR008362,Hibernating,2024-01-13,354,0,14000.0,163,Member,GrabMart,1,Jakarta,0
USR001513,Loyal,2024-12-20,12,9,628000.0,7465,Gold,GrabMart|GrabExpress|GrabCar,3,Jakarta,0
USR009317,Hibernating,2024-08-28,126,0,22000.0,230,Member,GrabCar|GrabMart|GrabBike|GrabExpress,4,Surabaya,1
USR000039,Champions,2024-12-21,11,28,1065000.0,9782,Gold,GrabCar|GrabExpress|GrabMart|GrabBike,4,Bandung,0
USR004819,At_Risk,2024-10-08,85,3,172000.0,1584,Member,GrabBike,1,Bekasi,0
USR003465,Loyal,2024-12-14,18,9,616000.0,5798,Gold,GrabFood|GrabMart|GrabExpress,3,Surabaya,0
USR001760,Loyal,2024-12-21,11,9,510000.0,5135,Silver,GrabMart|GrabExpress,2,Jakarta,0
USR002304,Loyal,2024-12-23,9,10,614000.0,4944,Gold,GrabMart,1,Bekasi,0
USR003723,Loyal,2024-12-11,21,9,585000.0,5803,Silver,GrabBike|GrabMart|GrabFood,3,Bandung,0
USR008284,Hibernating,2024-04-21,255,0,76000.0,851,Member,GrabCar,1,Surabaya,1
USR004993,At_Risk,2024-10-08,85,3,219000.0,2208,Silver,GrabExpress,1,Bandung,1
USR008127,Hibernating,2024-03-17,290,0,31000.0,268,Member,GrabCar,1,Surabaya,1
USR003032,Loyal,2024-12-13,19,9,425000.0,4420,Silver,GrabFood|GrabExpress|GrabCar,3,Jakarta,0
USR007938,Promising,2024-12-28,4,3,230000.0,2029,Silver,GrabFood|GrabCar|GrabBike,3,Jakarta,1
USR003039,Loyal,2024-12-15,17,12,734000.0,8595,Gold,GrabFood|GrabMart,2,Surabaya,0
USR009655,Hibernating,2024-08-09,145,0,31000.0,303,Member,GrabExpress|GrabBike,2,Jakarta,1
USR002545,Loyal,2024-12-24,8,11,587000.0,6894,Silver,GrabMart,1,Jakarta,0
USR002592,Loyal,2024-12-24,8,13,371000.0,3482,Silver,GrabCar|GrabBike|GrabFood|GrabExpress,4,Surabaya,0
USR001188,Champions,2024-12-20,12,26,1184000.0,13837,Gold,GrabBike|GrabMart|GrabCar|GrabExpress,4,Jakarta,0
USR007966,Promising,2024-12-13,19,5,207000.0,2198,Silver,GrabExpress,1,Jakarta,0
USR006077,Promising,2024-12-18,14,6,125000.0,1296,Member,GrabCar,1,Jakarta,0
USR000107,Champions,2024-12-28,4,22,1516000.0,13886,Platinum,GrabExpress|GrabFood|GrabCar|GrabBike,4,Jakarta,0
USR001315,Champions,2024-12-28,4,29,2381000.0,24299,Platinum,GrabBike|GrabFood|GrabMart,3,Jakarta,0
USR008187,Hibernating,2024-07-01,184,0,23000.0,216,Member,GrabCar|GrabFood|GrabBike,3,Bekasi,1
USR002753,Loyal,2024-12-11,21,12,480000.0,4661,Silver,GrabMart,1,Bandung,0
USR009753,Hibernating,2024-09-30,93,0,38000.0,426,Member,GrabFood|GrabMart|GrabCar,3,Surabaya,1
USR006231,Promising,2024-12-26,6,6,86000.0,840,Member,GrabCar,1,Bekasi,0
USR002876,Loyal,2024-12-25,7,9,757000.0,6923,Gold,GrabMart,1,Medan,0
USR005323,At_Risk,2024-10-19,74,3,258000.0,3093,Silver,GrabCar,1,Bandung,0
USR000799,Champions,2024-12-26,6,24,1962000.0,20039,Platinum,GrabFood|GrabBike,2,Bekasi,0
USR003570,Loyal,2024-12-17,15,13,438000.0,4942,Silver,GrabMart,1,Medan,0
USR002894,Loyal,2024-12-25,7,12,587000.0,6232,Silver,GrabBike|GrabExpress,2,Jakarta,0
USR002927,Loyal,2024-12-15,17,10,585000.0,5392,Silver,GrabBike,1,Jakarta,0
USR008178,Hibernating,2024-05-03,243,0,58000.0,695,Member,GrabBike|GrabMart|GrabFood,3,Jakarta,1
USR000971,Champions,2024-12-21,11,18,1869000.0,19515,Platinum,GrabMart,1,Jakarta,0
USR006687,Promising,2024-12-28,4,7,134000.0,1216,Member,GrabCar|GrabBike,2,Bandung,1
USR008575,Hibernating,2024-02-05,331,0,59000.0,512,Member,GrabExpress,1,Medan,1
USR002020,Loyal,2024-12-10,22,13,713000.0,6320,Gold,GrabMart,1,Surabaya,0
USR009054,Hibernating,2024-02-19,317,0,58000.0,505,Member,GrabBike|GrabCar|GrabFood,3,Jakarta,1
USR000952,Champions,2024-12-19,13,16,1356000.0,15885,Gold,GrabMart,1,Jakarta,0
USR005359,At_Risk,2024-10-21,72,5,257000.0,2719,Silver,GrabBike|GrabCar|GrabMart,3,Jakarta,0
USR003857,Loyal,2024-12-05,27,14,622000.0,5680,Gold,GrabExpress,1,Bekasi,0
USR005861,At_Risk,2024-11-04,58,5,310000.0,2501,Silver,GrabExpress,1,Jakarta,1
USR003145,Loyal,2024-12-16,16,13,793000.0,9435,Gold,GrabCar|GrabBike|GrabFood,3,Surabaya,0
USR003305,Loyal,2024-12-05,27,14,524000.0,6250,Silver,GrabBike|GrabCar,2,Bekasi,0
USR003006,Loyal,2024-12-13,19,12,774000.0,7484,Gold,GrabCar|GrabFood,2,Bekasi,0
USR009001,Hibernating,2024-03-14,293,0,71000.0,687,Member,GrabExpress,1,Jakarta,1
USR007770,Promising,2024-12-22,10,3,80000.0,687,Member,GrabCar|GrabBike|GrabFood,3,Jakarta,0
USR007438,Promising,2024-12-20,12,4,188000.0,2025,Member,GrabMart|GrabBike,2,Medan,1
USR007942,Promising,2024-12-18,14,3,155000.0,1693,Member,GrabFood,1,Jakarta,0
USR009238,Hibernating,2024-03-03,304,0,9000.0,72,Member,GrabBike|GrabMart,2,Jakarta,1
USR001056,Champions,2024-12-28,4,22,1854000.0,15426,Platinum,GrabMart|GrabExpress|GrabBike|GrabCar,4,Surabaya,0
USR003154,Loyal,2024-12-20,12,14,738000.0,7012,Gold,GrabFood|GrabCar,2,Jakarta,0
USR003787,Loyal,2024-12-06,26,13,505000.0,5435,Silver,GrabBike,1,Jakarta,0
USR009189,Hibernating,2024-07-20,165,0,12000.0,118,Member,GrabExpress,1,Medan,1
USR007825,Promising,2024-12-21,11,3,209000.0,1755,Silver,GrabBike,1,Jakarta,0
USR007539,Promising,2024-12-19,13,4,221000.0,1873,Silver,GrabExpress|GrabBike|GrabFood|GrabMart,4,Medan,0
USR007231,Promising,2024-12-23,9,3,162000.0,1418,Member,GrabMart,1,Jakarta,0
USR000764,Champions,2024-12-20,12,26,2281000.0,19440,Platinum,GrabExpress|GrabMart,2,Jakarta,0
USR005019,At_Risk,2024-10-06,87,3,254000.0,2380,Silver,GrabBike,1,Medan,0
USR004903,At_Risk,2024-10-31,62,5,273000.0,2634,Silver,GrabBike|GrabMart,2,Jakarta,0
USR008093,Hibernating,2024-07-30,155,0,59000.0,539,Member,GrabMart|GrabFood|GrabCar,3,Bekasi,1
USR006843,Promising,2024-12-12,20,6,97000.0,1139,Member,GrabBike,1,Jakarta,0
USR002165,Loyal,2024-12-20,12,11,728000.0,8550,Gold,GrabMart|GrabBike|GrabFood,3,Bekasi,0
USR001862,Loyal,2024-12-03,29,10,645000.0,6637,Gold,GrabCar|GrabExpress|GrabMart|GrabBike,4,Bandung,0
USR007850,Promising,2024-12-12,20,5,171000.0,1639,Member,GrabBike,1,Jakarta,0
USR009123,Hibernating,2024-06-18,197,0,76000.0,760,Member,GrabMart|GrabExpress|GrabCar,3,Bandung,0
USR002340,Loyal,2024-12-19,13,9,645000.0,6737,Gold,GrabBike|GrabFood|GrabCar,3,Jakarta,0
USR005527,At_Risk,2024-10-12,81,4,307000.0,2558,Silver,GrabMart,1,Bekasi,1
USR006743,Promising,2024-12-14,18,5,208000.0,2139,Silver,GrabMart|GrabExpress,2,Jakarta,0
USR004003,At_Risk,2024-10-29,64,2,312000.0,3081,Silver,GrabFood|GrabMart,2,Jakarta,1
USR001123,Champions,2024-12-24,8,19,2479000.0,20267,Platinum,GrabMart|GrabBike|GrabCar,3,Bandung,0
USR008709,Hibernating,2024-05-08,238,0,71000.0,765,Member,GrabBike|GrabExpress,2,Jakarta,1
USR004049,At_Risk,2024-11-17,45,4,166000.0,1535,Member,GrabFood,1,Jakarta,0
USR007640,Promising,2024-12-14,18,7,249000.0,2022,Silver,GrabBike,1,Jakarta,0
USR000765,Champions,2024-12-19,13,25,2143000.0,24773,Platinum,GrabExpress|GrabBike,2,Bekasi,0
USR002344,Loyal,2024-12-13,19,13,458000.0,4841,Silver,GrabExpress,1,Jakarta,0
USR004071,At_Risk,2024-10-16,77,4,336000.0,2803,Silver,GrabFood|GrabExpress,2,Jakarta,0
USR007216,Promising,2024-12-22,10,6,248000.0,1999,Silver,GrabCar|GrabFood,2,Bekasi,1
USR004216,At_Risk,2024-11-15,47,4,337000.0,3726,Silver,GrabExpress,1,Surabaya,0
USR007952,Promising,2024-12-24,8,6,243000.0,2199,Silver,GrabMart,1,Surabaya,0
USR005970,At_Risk,2024-11-06,56,3,304000.0,3116,Silver,GrabFood|GrabMart,2,Surabaya,0
USR003350,Loyal,2024-12-04,28,10,573000.0,6407,Silver,GrabMart|GrabBike,2,Medan,0
USR004695,At_Risk,2024-11-06,56,3,329000.0,3073,Silver,GrabExpress,1,Jakarta,1
USR003399,Loyal,2024-12-08,24,8,775000.0,8496,Gold,GrabFood|GrabMart|GrabBike,3,Bekasi,0
USR004081,At_Risk,2024-10-21,72,2,164000.0,1551,Member,GrabFood|GrabMart,2,Jakarta,1
USR009149,Hibernating,2024-04-19,257,0,72000.0,808,Member,GrabExpress,1,Jakarta,1
USR001224,Champions,2024-12-19,13,17,938000.0,10771,Gold,GrabFood|GrabExpress|GrabMart|GrabBike,4,Jakarta,0
USR006292,Promising,2024-12-23,9,3,139000.0,1162,Member,GrabFood,1,Medan,1
USR003122,Loyal,2024-12-22,10,11,405000.0,3508,Silver,GrabBike|GrabCar|GrabMart,3,Surabaya,0
USR000510,Champions,2024-12-22,10,27,1699000.0,19600,Platinum,GrabExpress|GrabMart|GrabFood,3,Jakarta,0
USR005794,At_Risk,2024-11-10,52,5,150000.0,1572,Member,GrabExpress,1,Jakarta,0
USR008181,Hibernating,2024-08-09,145,0,25000.0,224,Member,GrabMart|GrabBike,2,Jakarta,0
USR009417,Hibernating,2024-02-14,322,0,74000.0,740,Member,GrabFood|GrabCar,2,Bandung,0
USR000096,Champions,2024-12-30,2,27,1925000.0,22344,Platinum,GrabExpress,1,Surabaya,0
USR006681,Promising,2024-12-17,15,3,187000.0,2211,Member,GrabFood|GrabCar|GrabExpress,3,Bekasi,0
USR001512,Loyal,2024-12-15,17,11,643000.0,6408,Gold,GrabCar|GrabBike,2,Bekasi,1
USR008791,Hibernating,2024-02-21,315,0,64000.0,643,Member,GrabBike|GrabCar|GrabFood,3,Jakarta,1
USR000119,Champions,2024-12-30,2,21,1722000.0,14088,Platinum,GrabMart|GrabFood,2,Jakarta,0
USR007791,Promising,2024-12-17,15,3,240000.0,2606,Silver,GrabBike|GrabExpress,2,Bekasi,0
USR006517,Promising,2024-12-17,15,6,224000.0,1952,Silver,GrabExpress|GrabCar,2,Jakarta,0
USR000033,Champions,2024-12-26,6,27,1064000.0,9497,Gold,GrabExpress|GrabFood,2,Medan,0
USR007887,Promising,2024-12-12,20,5,112000.0,914,Member,GrabBike,1,Surabaya,0
USR006830,Promising,2024-12-22,10,5,211000.0,1796,Silver,GrabMart|GrabBike,2,Jakarta,0
USR005421,At_Risk,2024-11-10,52,3,276000.0,2865,Silver,GrabExpress|GrabCar|GrabFood,3,Jakarta,0
USR001068,Champions,2024-12-30,2,23,1480000.0,16110,Gold,GrabBike,1,Bekasi,0
USR001347,Champions,2024-12-19,13,27,852000.0,8599,Gold,GrabMart|GrabExpress,2,Jakarta,0
USR004747,At_Risk,2024-10-11,82,3,103000.0,1027,Member,GrabExpress|GrabBike|GrabMart,3,Jakarta,1
USR006005,Promising,2024-12-16,16,3,167000.0,1890,Member,GrabBike,1,Surabaya,0
USR006039,Promising,2024-12-29,3,4,155000.0,1534,Member,GrabFood|GrabCar|GrabMart|GrabExpress,4,Jakarta,0
USR003817,Loyal,2024-12-07,25,9,632000.0,5235,Gold,GrabFood|GrabMart,2,Bandung,0
USR008446,Hibernating,2024-08-25,129,0,2000.0,23,Member,GrabMart|GrabCar,2,Medan,1
USR005269,At_Risk,2024-11-16,46,5,122000.0,1294,Member,GrabFood,1,Jakarta,0
USR006897,Promising,2024-12-18,14,7,135000.0,1123,Member,GrabCar|GrabExpress|GrabFood|GrabMart,4,Jakarta,0
USR005309,At_Risk,2024-11-04,58,5,294000.0,2998,Silver,GrabCar|GrabFood|GrabExpress,3,Medan,0
USR000031,Champions,2024-12-25,7,25,1508000.0,15729,Platinum,GrabExpress|GrabCar|GrabFood,3,Bandung,0
USR005674,At_Risk,2024-10-06,87,5,181000.0,1615,Member,GrabCar|GrabExpress,2,Surabaya,0
USR004386,At_Risk,2024-10-04,89,2,231000.0,2549,Silver,GrabFood,1,Jakarta,0
USR000029,Champions,2024-12-26,6,16,2273000.0,20893,Platinum,GrabFood|GrabCar|GrabMart|GrabExpress,4,Jakarta,0
USR004202,At_Risk,2024-11-10,52,4,276000.0,2868,Silver,GrabExpress|GrabMart|GrabBike,3,Jakarta,0
USR007507,Promising,2024-12-24,8,3,91000.0,942,Member,GrabFood|GrabMart,2,Jakarta,0
USR000735,Champions,2024-12-31,1,25,1559000.0,13138,Platinum,GrabCar,1,Jakarta,0
USR002067,Loyal,2024-12-21,11,8,548000.0,4563,Silver,GrabFood|GrabMart,2,Jakarta,0
USR000106,Champions,2024-12-24,8,16,1711000.0,15572,Platinum,GrabExpress|GrabFood|GrabMart,3,Bandung,0
USR009644,Hibernating,2024-08-25,129,0,54000.0,585,Member,GrabMart,1,Jakarta,0
USR008894,Hibernating,2024-08-17,137,0,6000.0,66,Member,GrabMart|GrabCar,2,Bandung,1
USR008020,Hibernating,2024-04-08,268,0,58000.0,643,Member,GrabExpress|GrabMart,2,Jakarta,1
USR002232,Loyal,2024-12-21,11,8,690000.0,6194,Gold,GrabCar,1,Bandung,1
USR000993,Champions,2024-12-25,7,26,1670000.0,18236,Platinum,GrabFood,1,Jakarta,0
USR009412,Hibernating,2024-07-20,165,0,35000.0,313,Member,GrabCar|GrabExpress,2,Jakarta,1
USR007058,Promising,2024-12-15,17,7,85000.0,800,Member,GrabBike|GrabCar,2,Medan,0
USR006789,Promising,2024-12-25,7,4,229000.0,2247,Silver,GrabBike,1,Surabaya,0
USR000360,Champions,2024-12-27,5,18,1055000.0,9086,Gold,GrabCar|GrabBike,2,Jakarta,0
USR000304,Champions,2024-12-25,7,15,1704000.0,17076,Platinum,GrabBike|GrabMart,2,Medan,0
USR002627,Loyal,2024-12-12,20,13,642000.0,6236,Gold,GrabBike|GrabFood,2,Bandung,0
USR008965,Hibernating,2024-05-24,222,0,28000.0,258,Member,GrabFood,1,Jakarta,1
USR004513,At_Risk,2024-10-04,89,5,162000.0,1339,Member,GrabExpress|GrabBike,2,Jakarta,0
USR005910,At_Risk,2024-10-29,64,5,324000.0,3060,Silver,GrabMart,1,Bekasi,0
USR008313,Hibernating,2024-01-31,336,0,78000.0,846,Member,GrabBike|GrabCar|GrabMart,3,Jakarta,1
USR003100,Loyal,2024-12-13,19,10,621000.0,6912,Gold,GrabFood,1,Bekasi,1
USR005703,At_Risk,2024-11-08,54,2,133000.0,1317,Member,GrabMart,1,Jakarta,1
USR003898,Loyal,2024-12-24,8,13,676000.0,7187,Gold,GrabCar,1,Bekasi,0
USR005440,At_Risk,2024-11-11,51,4,303000.0,2798,Silver,GrabCar,1,Jakarta,1
USR007930,Promising,2024-12-26,6,4,220000.0,2040,Silver,GrabCar|GrabFood,2,Bekasi,0
USR000621,Champions,2024-12-22,10,16,2459000.0,25412,Platinum,GrabBike|GrabExpress|GrabCar,3,Surabaya,0
USR007235,Promising,2024-12-24,8,3,166000.0,1960,Member,GrabMart|GrabExpress,2,Jakarta,1
USR002498,Loyal,2024-12-03,29,10,347000.0,2848,Silver,GrabCar,1,Surabaya,0
USR000713,Champions,2024-12-28,4,29,1310000.0,15073,Gold,GrabExpress|GrabMart,2,Jakarta,0
USR008403,Hibernating,2024-08-22,132,0,30000.0,313,Member,GrabFood|GrabBike,2,Jakarta,0
USR002855,Loyal,2024-12-03,29,9,692000.0,8242,Gold,GrabExpress|GrabBike|GrabFood,3,Bekasi,0
USR004269,At_Risk,2024-10-14,79,3,280000.0,2485,Silver,GrabBike|GrabFood,2,Bandung,0
USR002908,Loyal,2024-12-16,16,13,698000.0,6018,Gold,GrabFood,1,Jakarta,0
USR008080,Hibernating,2024-04-01,275,0,69000.0,649,Member,GrabExpress|GrabMart|GrabFood|GrabCar,4,Medan,1
USR004516,At_Risk,2024-10-14,79,4,214000.0,2076,Silver,GrabFood,1,Jakarta,1
USR001261,Champions,2024-12-23,9,18,1499000.0,17296,Gold,GrabCar|GrabBike|GrabFood,3,Surabaya,0
USR003160,Loyal,2024-12-06,26,14,358000.0,3668,Silver,GrabMart|GrabFood|GrabCar,3,Bekasi,0
USR000970,Champions,2024-12-23,9,20,2330000.0,22212,Platinum,GrabExpress|GrabMart|GrabBike|GrabFood,4,Medan,0
USR003912,Loyal,2024-12-17,15,9,621000.0,6442,Gold,GrabFood|GrabExpress,2,Medan,0
USR005198,At_Risk,2024-10-24,69,2,270000.0,3227,Silver,GrabMart,1,Jakarta,0
USR008846,Hibernating,2024-06-22,193,0,80000.0,733,Member,GrabFood|GrabExpress,2,Bandung,1
USR000259,Champions,2024-12-29,3,16,1957000.0,20976,Platinum,GrabMart|GrabExpress|GrabBike,3,Surabaya,0
USR003790,Loyal,2024-12-19,13,11,412000.0,3927,Silver,GrabExpress|GrabCar|GrabMart,3,Jakarta,1
USR009202,Hibernating,2024-02-29,307,0,60000.0,521,Member,GrabMart,1,Surabaya,1
USR000487,Champions,2024-12-25,7,20,2369000.0,21957,Platinum,GrabMart|GrabBike|GrabExpress,3,Jakarta,0
USR007907,Promising,2024-12-15,17,6,91000.0,1079,Member,GrabExpress|GrabFood|GrabBike,3,Surabaya,0
USR000518,Champions,2024-12-27,5,25,2369000.0,24798,Platinum,GrabFood|GrabCar,2,Surabaya,1
USR008342,Hibernating,2024-03-03,304,0,18000.0,177,Member,GrabMart|GrabFood|GrabBike,3,Jakarta,0
USR000311,Champions,2024-12-24,8,25,2305000.0,21521,Platinum,GrabBike|GrabExpress|GrabFood,3,Surabaya,0
USR003231,Loyal,2024-12-19,13,11,540000.0,5931,Silver,GrabBike,1,Bekasi,0
USR007932,Promising,2024-12-20,12,5,87000.0,953,Member,GrabCar|GrabFood,2,Jakarta,0
USR007457,Promising,2024-12-20,12,5,187000.0,2157,Member,GrabBike,1,Bekasi,0
USR009783,Hibernating,2024-06-08,207,0,4000.0,42,Member,GrabBike|GrabExpress|GrabMart,3,Jakarta,1
USR005183,At_Risk,2024-10-23,70,4,170000.0,1373,Member,GrabBike|GrabExpress,2,Bekasi,1
USR008076,Hibernating,2024-04-23,253,0,21000.0,182,Member,GrabBike,1,Jakarta,1
USR006501,Promising,2024-12-24,8,5,164000.0,1747,Member,GrabFood|GrabMart|GrabCar|GrabExpress,4,Jakarta,1
USR006790,Promising,2024-12-14,18,5,190000.0,1546,Member,GrabFood|GrabMart|GrabBike,3,Bekasi,0
USR007772,Promising,2024-12-14,18,4,182000.0,2175,Member,GrabFood|GrabExpress|GrabCar,3,Surabaya,0
USR002737,Loyal,2024-12-23,9,8,447000.0,4031,Silver,GrabExpress,1,Bandung,0
USR007841,Promising,2024-12-21,11,3,179000.0,1491,Member,GrabExpress|GrabFood,2,Surabaya,1
USR006261,Promising,2024-12-28,4,6,242000.0,2713,Silver,GrabExpress|GrabCar,2,Jakarta,0
USR008205,Hibernating,2024-05-10,236,0,9000.0,107,Member,GrabBike,1,Bandung,0
USR001247,Champions,2024-12-20,12,28,2028000.0,19990,Platinum,GrabFood|GrabMart,2,Jakarta,0
USR009335,Hibernating,2024-03-28,279,0,53000.0,551,Member,GrabMart|GrabBike|GrabFood,3,Jakarta,0
USR004194,At_Risk,2024-10-23,70,5,345000.0,4077,Silver,GrabFood|GrabExpress,2,Jakarta,1
USR008000,Hibernating,2024-01-30,337,0,70000.0,665,Member,GrabExpress|GrabMart|GrabBike,3,Bekasi,1
USR007377,Promising,2024-12-25,7,5,118000.0,1080,Member,GrabMart|GrabCar,2,Surabaya,0
USR003434,Loyal,2024-12-09,23,11,741000.0,8032,Gold,GrabFood|GrabBike,2,Bekasi,0
USR005381,At_Risk,2024-11-11,51,3,111000.0,926,Member,GrabMart,1,Bandung,0
USR000958,Champions,2024-12-22,10,18,1308000.0,12129,Gold,GrabCar|GrabBike,2,Jakarta,1
USR000416,Champions,2024-12-24,8,22,964000.0,10649,Gold,GrabCar|GrabExpress,2,Jakarta,0
USR005741,At_Risk,2024-10-10,83,2,313000.0,2771,Silver,GrabFood|GrabBike,2,Jakarta,0
USR006727,Promising,2024-12-18,14,7,231000.0,2425,Silver,GrabExpress|GrabFood,2,Surabaya,1
USR004381,At_Risk,2024-11-05,57,5,252000.0,2706,Silver,GrabFood,1,Bandung,0
USR005196,At_Risk,2024-11-11,51,5,320000.0,3623,Silver,GrabCar,1,Surabaya,0
USR001112,Champions,2024-12-20,12,17,1463000.0,13747,Gold,GrabFood|GrabExpress,2,Jakarta,0
USR002688,Loyal,2024-12-13,19,11,590000.0,5733,Silver,GrabExpress,1,Jakarta,0
USR006472,Promising,2024-12-20,12,4,104000.0,1228,Member,GrabExpress|GrabCar|GrabMart|GrabFood,4,Medan,0
USR008819,Hibernating,2024-06-26,189,0,45000.0,484,Member,GrabExpress|GrabBike|GrabCar,3,Bekasi,1
USR007807,Promising,2024-12-14,18,6,192000.0,1546,Member,GrabMart,1,Jakarta,0
USR003410,Loyal,2024-12-16,16,9,677000.0,7810,Gold,GrabFood,1,Surabaya,1
USR000080,Champions,2024-12-29,3,20,1816000.0,15128,Platinum,GrabExpress|GrabBike|GrabCar,3,Surabaya,0
USR004613,At_Risk,2024-10-21,72,5,245000.0,2758,Silver,GrabFood,1,Bandung,0
USR001373,Champions,2024-12-19,13,27,1114000.0,9573,Gold,GrabFood|GrabCar|GrabMart,3,Jakarta,0
USR001509,Loyal,2024-12-21,11,14,493000.0,4042,Silver,GrabExpress|GrabFood,2,Jakarta,0
USR006442,Promising,2024-12-18,14,6,149000.0,1242,Member,GrabBike,1,Jakarta,0
USR003070,Loyal,2024-12-16,16,8,719000.0,8516,Gold,GrabCar,1,Bekasi,1
USR003015,Loyal,2024-12-24,8,10,358000.0,4252,Silver,GrabFood|GrabExpress|GrabCar|GrabBike,4,Bandung,0
USR004822,At_Risk,2024-11-09,53,5,291000.0,2850,Silver,GrabFood|GrabCar|GrabBike|GrabMart,4,Jakarta,0
USR007821,Promising,2024-12-21,11,4,150000.0,1301,Member,GrabExpress|GrabMart|GrabFood,3,Jakarta,0
USR000092,Champions,2024-12-21,11,25,1492000.0,12752,Gold,GrabBike|GrabCar|GrabFood,3,Medan,0
USR009420,Hibernating,2024-05-02,244,0,3000.0,27,Member,GrabExpress|GrabCar,2,Bandung,1
USR006599,Promising,2024-12-17,15,3,115000.0,1225,Member,GrabFood|GrabExpress|GrabBike,3,Jakarta,0
USR004442,At_Risk,2024-10-19,74,2,165000.0,1331,Member,GrabExpress,1,Medan,0
USR007601,Promising,2024-12-29,3,4,113000.0,1278,Member,GrabMart,1,Bekasi,0
USR003834,Loyal,2024-12-12,20,13,714000.0,6341,Gold,GrabMart,1,Bandung,1
USR009701,Hibernating,2024-07-15,170,0,22000.0,241,Member,GrabMart|GrabBike|GrabExpress|GrabFood,4,Surabaya,1
USR004321,At_Risk,2024-10-19,74,3,264000.0,3030,Silver,GrabExpress,1,Bekasi,0
USR003393,Loyal,2024-12-13,19,8,705000.0,6966,Gold,GrabFood,1,Surabaya,0
USR004751,At_Risk,2024-11-01,61,4,269000.0,3147,Silver,GrabCar,1,Surabaya,0
USR007228,Promising,2024-12-22,10,3,207000.0,2034,Silver,GrabExpress,1,Jakarta,1
USR009190,Hibernating,2024-04-29,247,0,59000.0,643,Member,GrabBike,1,Bandung,1
USR002360,Loyal,2024-12-20,12,10,572000.0,5187,Silver,GrabCar,1,Medan,0
USR001147,Champions,2024-12-19,13,19,1874000.0,19616,Platinum,GrabFood|GrabCar|GrabExpress,3,Surabaya,0
USR005665,At_Risk,2024-11-01,61,4,327000.0,3527,Silver,GrabExpress|GrabMart|GrabFood|GrabBike,4,Jakarta,0
USR008074,Hibernating,2024-09-13,110,0,39000.0,375,Member,GrabCar|GrabFood,2,Bandung,0
USR004942,At_Risk,2024-10-17,76,4,247000.0,2024,Silver,GrabFood|GrabCar,2,Jakarta,1
USR003662,Loyal,2024-12-19,13,13,774000.0,8355,Gold,GrabMart,1,Bekasi,0
USR001562,Loyal,2024-12-16,16,8,406000.0,4559,Silver,GrabCar|GrabExpress|GrabFood,3,Jakarta,0
USR004112,At_Risk,2024-11-05,57,5,135000.0,1432,Member,GrabBike|GrabCar|GrabExpress|GrabMart,4,Jakarta,1
USR009049,Hibernating,2024-06-05,210,0,33000.0,311,Member,GrabExpress|GrabBike,2,Surabaya,0
USR009275,Hibernating,2024-01-23,344,0,4000.0,37,Member,GrabBike,1,Jakarta,0
USR008537,Hibernating,2024-07-27,158,0,50000.0,546,Member,GrabCar,1,Bandung,1
USR000794,Champions,2024-12-24,8,20,2043000.0,19953,Platinum,GrabMart,1,Jakarta,0
USR005853,At_Risk,2024-10-20,73,5,346000.0,4067,Silver,GrabExpress,1,Bandung,1
USR007618,Promising,2024-12-25,7,6,247000.0,2097,Silver,GrabMart|GrabFood,2,Medan,0
USR001593,Loyal,2024-12-13,19,8,309000.0,3086,Silver,GrabMart|GrabExpress|GrabCar|GrabFood,4,Jakarta,0
USR007417,Promising,2024-12-29,3,7,171000.0,1627,Member,GrabCar,1,Bandung,0
USR005266,At_Risk,2024-11-17,45,4,277000.0,3013,Silver,GrabBike,1,Jakarta,0
USR007146,Promising,2024-12-27,5,4,190000.0,1635,Member,GrabBike|GrabExpress|GrabMart,3,Bandung,1
USR000088,Champions,2024-12-22,10,28,821000.0,7979,Gold,GrabBike,1,Medan,0
USR008694,Hibernating,2024-03-05,302,0,31000.0,273,Member,GrabFood,1,Bandung,1
USR009731,Hibernating,2024-05-17,229,0,48000.0,496,Member,GrabExpress,1,Surabaya,1
USR009445,Hibernating,2024-06-07,208,0,9000.0,97,Member,GrabFood|GrabCar|GrabExpress,3,Bekasi,1
USR006753,Promising,2024-12-27,5,5,94000.0,985,Member,GrabMart|GrabExpress|GrabCar,3,Bandung,1
USR003501,Loyal,2024-12-21,11,14,477000.0,4816,Silver,GrabBike|GrabCar,2,Jakarta,1
USR002233,Loyal,2024-12-22,10,9,529000.0,6101,Silver,GrabFood,1,Bekasi,0
USR002802,Loyal,2024-12-17,15,12,333000.0,2787,Silver,GrabBike|GrabMart,2,Bekasi,0
USR004423,At_Risk,2024-10-31,62,4,129000.0,1034,Member,GrabCar,1,Jakarta,1
USR005662,At_Risk,2024-10-29,64,2,251000.0,2386,Silver,GrabCar,1,Bekasi,0
USR007169,Promising,2024-12-14,18,4,162000.0,1851,Member,GrabBike,1,Jakarta,0
USR008336,Hibernating,2024-08-05,149,0,45000.0,501,Member,GrabCar|GrabFood,2,Jakarta,1
USR002147,Loyal,2024-12-23,9,10,701000.0,6618,Gold,GrabExpress|GrabBike|GrabMart|GrabFood,4,Jakarta,0
USR007968,Promising,2024-12-27,5,3,208000.0,1706,Silver,GrabExpress|GrabCar|GrabMart,3,Jakarta,0
USR006550,Promising,2024-12-24,8,6,163000.0,1864,Member,GrabCar|GrabMart|GrabFood,3,Jakarta,0
USR007642,Promising,2024-12-15,17,6,211000.0,1710,Silver,GrabBike|GrabFood|GrabExpress|GrabMart,4,Bandung,0
USR006163,Promising,2024-12-22,10,6,241000.0,2442,Silver,GrabMart|GrabExpress|GrabCar,3,Bekasi,1
USR001494,Champions,2024-12-24,8,23,936000.0,10885,Gold,GrabFood|GrabCar|GrabBike|GrabExpress,4,Medan,0
USR007695,Promising,2024-12-28,4,5,196000.0,1993,Member,GrabExpress|GrabBike,2,Bandung,0
USR007093,Promising,2024-12-15,17,7,237000.0,2179,Silver,GrabCar,1,Bandung,0
USR001408,Champions,2024-12-26,6,25,2023000.0,22950,Platinum,GrabExpress|GrabFood,2,Bekasi,0
USR006690,Promising,2024-12-20,12,6,161000.0,1435,Member,GrabMart|GrabExpress,2,Jakarta,1
USR003400,Loyal,2024-12-22,10,12,621000.0,6551,Gold,GrabFood|GrabBike|GrabCar|GrabExpress,4,Bekasi,0
USR000108,Champions,2024-12-24,8,15,1745000.0,19541,Platinum,GrabBike|GrabMart|GrabExpress|GrabFood,4,Jakarta,0
USR005635,At_Risk,2024-10-26,67,2,145000.0,1541,Member,GrabMart,1,Bekasi,0
USR008481,Hibernating,2024-02-17,319,0,55000.0,544,Member,GrabFood|GrabExpress|GrabBike|GrabMart,4,Jakarta,1
USR006603,Promising,2024-12-13,19,5,98000.0,948,Member,GrabCar|GrabFood|GrabExpress|GrabMart,4,Jakarta,0
USR001090,Champions,2024-12-23,9,24,1016000.0,8140,Gold,GrabMart|GrabBike|GrabExpress|GrabFood,4,Bekasi,0
USR005559,At_Risk,2024-11-09,53,3,241000.0,2644,Silver,GrabExpress,1,Bekasi,1
USR009411,Hibernating,2024-09-04,119,0,70000.0,741,Member,GrabMart|GrabExpress,2,Jakarta,1
USR008142,Hibernating,2024-01-05,362,0,41000.0,465,Member,GrabCar,1,Jakarta,1
USR008663,Hibernating,2024-06-01,214,0,32000.0,356,Member,GrabExpress|GrabMart|GrabCar,3,Jakarta,0
USR006595,Promising,2024-12-26,6,3,180000.0,1679,Member,GrabMart|GrabBike,2,Medan,1
USR000623,Champions,2024-12-24,8,24,1617000.0,15636,Platinum,GrabFood|GrabExpress|GrabBike|GrabMart,4,Surabaya,0
USR006870,Promising,2024-12-22,10,3,172000.0,1868,Member,GrabCar|GrabFood|GrabMart,3,Surabaya,1
USR004813,At_Risk,2024-10-18,75,3,233000.0,2306,Silver,GrabExpress|GrabFood|GrabCar,3,Jakarta,0
USR006552,Promising,2024-12-29,3,3,220000.0,2248,Silver,GrabFood|GrabBike,2,Bekasi,0
USR007529,Promising,2024-12-20,12,6,199000.0,2023,Member,GrabFood,1,Medan,0
USR005795,At_Risk,2024-10-05,88,2,305000.0,2739,Silver,GrabMart,1,Jakarta,1
USR007436,Promising,2024-12-21,11,5,152000.0,1800,Member,GrabMart,1,Surabaya,0
USR004217,At_Risk,2024-10-14,79,3,134000.0,1095,Member,GrabCar,1,Medan,0
USR005940,At_Risk,2024-11-06,56,2,131000.0,1281,Member,GrabCar|GrabBike|GrabExpress,3,Medan,1
USR008500,Hibernating,2024-03-16,291,0,39000.0,395,Member,GrabCar|GrabBike,2,Surabaya,1
USR006428,Promising,2024-12-12,20,7,227000.0,2116,Silver,GrabMart,1,Surabaya,0
USR006826,Promising,2024-12-18,14,7,149000.0,1489,Member,GrabBike|GrabExpress|GrabCar,3,Medan,0
USR004130,At_Risk,2024-10-14,79,5,194000.0,1668,Member,GrabFood|GrabCar,2,Bekasi,0
USR007801,Promising,2024-12-27,5,5,228000.0,2429,Silver,GrabMart|GrabFood|GrabBike,3,Bandung,0
USR007753,Promising,2024-12-22,10,5,194000.0,2103,Member,GrabFood,1,Jakarta,0
USR004721,At_Risk,2024-10-31,62,4,173000.0,1884,Member,GrabBike|GrabExpress|GrabCar|GrabMart,4,Jakarta,1
USR001650,Loyal,2024-12-15,17,12,791000.0,7004,Gold,GrabExpress|GrabCar|GrabMart,3,Jakarta,0
USR004140,At_Risk,2024-11-10,52,5,348000.0,3828,Silver,GrabCar|GrabBike|GrabFood,3,Jakarta,1
USR001617,Loyal,2024-12-08,24,14,310000.0,2570,Silver,GrabMart,1,Medan,0
USR002029,Loyal,2024-12-05,27,13,592000.0,4816,Silver,GrabCar|GrabFood,2,Jakarta,1
USR008517,Hibernating,2024-01-17,350,0,72000.0,732,Member,GrabMart|GrabBike,2,Jakarta,1
USR004575,At_Risk,2024-11-13,49,2,107000.0,1037,Member,GrabBike,1,Bekasi,0
USR003992,Loyal,2024-12-16,16,10,545000.0,5958,Silver,GrabBike,1,Jakarta,0
USR007376,Promising,2024-12-15,17,3,127000.0,1289,Member,GrabExpress|GrabBike,2,Bekasi,0
USR006149,Promising,2024-12-21,11,4,104000.0,1006,Member,GrabExpress|GrabBike|GrabMart,3,Jakarta,0
USR004908,At_Risk,2024-10-16,77,2,318000.0,3605,Silver,GrabExpress|GrabFood,2,Medan,0
USR005026,At_Risk,2024-11-17,45,2,214000.0,2237,Silver,GrabCar|GrabExpress|GrabBike,3,Bandung,0
USR008260,Hibernating,2024-01-28,339,0,35000.0,302,Member,GrabBike,1,Bandung,1
USR004731,At_Risk,2024-11-10,52,2,257000.0,2685,Silver,GrabExpress|GrabCar,2,Jakarta,1
USR007548,Promising,2024-12-19,13,6,249000.0,2504,Silver,GrabExpress|GrabFood,2,Jakarta,1
USR008134,Hibernating,2024-09-19,104,0,75000.0,730,Member,GrabCar|GrabMart|GrabBike|GrabExpress,4,Jakarta,1
USR001606,Loyal,2024-12-03,29,10,458000.0,4696,Silver,GrabBike,1,Bekasi,0
USR004773,At_Risk,2024-10-15,78,5,196000.0,1837,Member,GrabMart|GrabExpress|GrabCar,3,Bandung,1
USR008109,Hibernating,2024-03-03,304,0,33000.0,308,Member,GrabCar,1,Bekasi,1
USR006951,Promising,2024-12-13,19,3,151000.0,1635,Member,GrabBike|GrabFood,2,Jakarta,0
USR006004,Promising,2024-12-20,12,6,171000.0,1769,Member,GrabFood|GrabExpress|GrabBike|GrabMart,4,Jakarta,0
USR007728,Promising,2024-12-23,9,7,229000.0,2397,Silver,GrabBike,1,Jakarta,0
USR003541,Loyal,2024-12-20,12,12,426000.0,3939,Silver,GrabCar|GrabFood|GrabExpress,3,Jakarta,0
USR000388,Champions,2024-12-29,3,17,1237000.0,11334,Gold,GrabExpress|GrabMart,2,Jakarta,0
USR001794,Loyal,2024-12-14,18,14,471000.0,5044,Silver,GrabExpress|GrabBike,2,Jakarta,0
USR008731,Hibernating,2024-07-14,171,0,6000.0,54,Member,GrabExpress|GrabMart|GrabCar,3,Jakarta,1
USR004919,At_Risk,2024-10-21,72,2,176000.0,1811,Member,GrabExpress|GrabCar,2,Surabaya,1
USR005537,At_Risk,2024-10-22,71,5,237000.0,2550,Silver,GrabCar,1,Jakarta,1
USR003872,Loyal,2024-12-08,24,8,322000.0,2657,Silver,GrabCar|GrabExpress,2,Bandung,0
USR008868,Hibernating,2024-05-06,240,0,39000.0,406,Member,GrabExpress|GrabFood|GrabMart|GrabBike,4,Surabaya,1
USR002254,Loyal,2024-12-11,21,8,320000.0,3373,Silver,GrabBike|GrabExpress|GrabCar,3,Bekasi,0
USR003412,Loyal,2024-12-22,10,9,565000.0,4623,Silver,GrabExpress,1,Bandung,0
USR005459,At_Risk,2024-10-27,66,2,174000.0,1508,Member,GrabExpress|GrabMart,2,Jakarta,1
USR004955,At_Risk,2024-11-02,60,4,141000.0,1503,Member,GrabExpress,1,Jakarta,0
USR007396,Promising,2024-12-22,10,6,213000.0,2322,Silver,GrabMart,1,Medan,0
USR005414,At_Risk,2024-10-17,76,2,203000.0,1736,Silver,GrabCar|GrabBike,2,Bekasi,0
USR007399,Promising,2024-12-17,15,6,99000.0,1101,Member,GrabFood,1,Jakarta,0
USR007414,Promising,2024-12-20,12,5,171000.0,1776,Member,GrabCar|GrabExpress,2,Jakarta,1
USR009100,Hibernating,2024-09-04,119,0,31000.0,305,Member,GrabMart|GrabFood,2,Jakarta,1
USR004851,At_Risk,2024-10-11,82,4,317000.0,3334,Silver,GrabMart,1,Bekasi,0
USR002025,Loyal,2024-12-11,21,8,380000.0,3677,Silver,GrabExpress,1,Bekasi,1
USR002615,Loyal,2024-12-17,15,13,639000.0,6776,Gold,GrabFood|GrabMart|GrabCar,3,Bekasi,0
USR007388,Promising,2024-12-16,16,3,166000.0,1549,Member,GrabMart,1,Jakarta,0
USR002926,Loyal,2024-12-13,19,11,313000.0,3366,Silver,GrabMart,1,Bandung,0
USR001121,Champions,2024-12-27,5,24,2433000.0,25500,Platinum,GrabFood|GrabBike,2,Surabaya,0
USR002910,Loyal,2024-12-25,7,12,494000.0,5737,Silver,GrabBike|GrabCar,2,Surabaya,0
USR008146,Hibernating,2024-04-24,252,0,30000.0,326,Member,GrabCar|GrabFood|GrabExpress,3,Jakarta,1
USR007383,Promising,2024-12-27,5,5,228000.0,1875,Silver,GrabBike,1,Jakarta,0
USR003482,Loyal,2024-12-25,7,9,473000.0,4465,Silver,GrabFood|GrabBike|GrabExpress|GrabCar,4,Surabaya,0
USR000795,Champions,2024-12-28,4,27,1452000.0,12966,Gold,GrabMart|GrabFood,2,Bekasi,0
USR001575,Loyal,2024-12-10,22,12,380000.0,3773,Silver,GrabFood|GrabBike|GrabExpress,3,Surabaya,0
USR006176,Promising,2024-12-23,9,7,238000.0,1960,Silver,GrabExpress|GrabBike,2,Medan,0
USR006266,Promising,2024-12-12,20,4,182000.0,2022,Member,GrabBike,1,Surabaya,0
USR002458,Loyal,2024-12-20,12,8,523000.0,5522,Silver,GrabExpress|GrabBike,2,Jakarta,0
USR003312,Loyal,2024-12-15,17,9,629000.0,6330,Gold,GrabExpress|GrabBike,2,Surabaya,0
USR001253,Champions,2024-12-30,2,17,1979000.0,23624,Platinum,GrabBike|GrabCar|GrabFood,3,Bekasi,0
USR006834,Promising,2024-12-13,19,5,187000.0,1936,Member,GrabExpress,1,Medan,0
USR008794,Hibernating,2024-01-23,344,0,44000.0,418,Member,GrabFood,1,Jakarta,1
USR003837,Loyal,2024-12-16,16,14,384000.0,3391,Silver,GrabBike|GrabMart|GrabFood,3,Surabaya,1
USR004398,At_Risk,2024-10-21,72,4,331000.0,3521,Silver,GrabBike,1,Medan,0
USR003595,Loyal,2024-12-08,24,11,743000.0,6129,Gold,GrabBike|GrabMart,2,Surabaya,0
USR006621,Promising,2024-12-20,12,7,206000.0,2205,Silver,GrabCar|GrabBike|GrabExpress|GrabMart,4,Jakarta,0
USR008382,Hibernating,2024-07-14,171,0,11000.0,115,Member,GrabFood,1,Jakarta,1
USR002124,Loyal,2024-12-19,13,10,556000.0,5829,Silver,GrabExpress|GrabBike|GrabFood|GrabMart,4,Surabaya,0
USR003238,Loyal,2024-12-16,16,10,781000.0,7388,Gold,GrabExpress|GrabFood|GrabCar|GrabBike,4,Bekasi,0
USR005403,At_Risk,2024-11-05,57,4,233000.0,1869,Silver,GrabBike|GrabExpress,2,Jakarta,0
USR005998,At_Risk,2024-11-05,57,4,263000.0,2289,Silver,GrabBike|GrabExpress,2,Bekasi,0
USR005938,At_Risk,2024-10-30,63,2,298000.0,3447,Silver,GrabMart,1,Jakarta,1
USR002045,Loyal,2024-12-09,23,12,609000.0,7302,Gold,GrabFood|GrabBike,2,Jakarta,0
USR001578,Loyal,2024-12-11,21,13,517000.0,5269,Silver,GrabMart,1,Surabaya,0
USR000014,Champions,2024-12-30,2,17,1870000.0,19309,Platinum,GrabBike|GrabCar|GrabFood,3,Bekasi,1
USR002673,Loyal,2024-12-10,22,8,321000.0,3082,Silver,GrabBike|GrabFood|GrabExpress,3,Jakarta,1
USR007016,Promising,2024-12-14,18,4,198000.0,2292,Member,GrabExpress|GrabMart|GrabBike,3,Bekasi,0
USR008720,Hibernating,2024-08-24,130,0,72000.0,634,Member,GrabCar,1,Jakarta,1
USR008849,Hibernating,2024-02-13,323,0,59000.0,667,Member,GrabBike,1,Jakarta,1
USR004812,At_Risk,2024-10-11,82,2,344000.0,3293,Silver,GrabMart|GrabExpress|GrabBike|GrabCar,4,Surabaya,1
USR001084,Champions,2024-12-29,3,17,986000.0,11211,Gold,GrabFood|GrabMart|GrabBike,3,Bekasi,0
USR004983,At_Risk,2024-11-02,60,5,250000.0,2638,Silver,GrabExpress,1,Medan,1
USR007155,Promising,2024-12-14,18,6,151000.0,1495,Member,GrabCar|GrabFood,2,Surabaya,1
USR002884,Loyal,2024-12-04,28,11,708000.0,5860,Gold,GrabCar,1,Jakarta,0
USR000333,Champions,2024-12-28,4,15,1611000.0,13556,Platinum,GrabFood|GrabBike,2,Surabaya,0
USR007204,Promising,2024-12-17,15,7,193000.0,1686,Member,GrabExpress|GrabFood,2,Jakarta,0
USR004367,At_Risk,2024-11-12,50,2,313000.0,3214,Silver,GrabBike|GrabCar,2,Medan,1
USR003079,Loyal,2024-12-16,16,13,351000.0,4125,Silver,GrabMart|GrabBike|GrabCar,3,Surabaya,0
USR007203,Promising,2024-12-25,7,6,238000.0,2577,Silver,GrabMart,1,Jakarta,1
USR009909,Hibernating,2024-02-07,329,0,36000.0,304,Member,GrabBike|GrabFood|GrabCar,3,Jakarta,1
USR008864,Hibernating,2024-09-29,94,0,24000.0,266,Member,GrabCar,1,Surabaya,1
USR000263,Champions,2024-12-31,1,24,1233000.0,10087,Gold,GrabMart|GrabCar|GrabBike|GrabFood,4,Bekasi,0
USR004337,At_Risk,2024-10-19,74,3,151000.0,1357,Member,GrabFood|GrabCar,2,Jakarta,1
USR008895,Hibernating,2024-05-28,218,0,44000.0,515,Member,GrabMart|GrabFood,2,Jakarta,1
USR008447,Hibernating,2024-05-19,227,0,3000.0,29,Member,GrabFood|GrabCar|GrabMart,3,Jakarta,1
USR005903,At_Risk,2024-11-05,57,5,212000.0,2389,Silver,GrabMart,1,Bandung,0
USR001498,Champions,2024-12-28,4,21,1629000.0,19522,Platinum,GrabFood|GrabBike,2,Jakarta,0
USR004190,At_Risk,2024-10-24,69,4,115000.0,923,Member,GrabMart|GrabBike,2,Surabaya,1
USR007485,Promising,2024-12-26,6,6,156000.0,1299,Member,GrabBike,1,Bandung,0
USR009643,Hibernating,2024-08-10,144,0,38000.0,330,Member,GrabExpress,1,Medan,1
USR008310,Hibernating,2024-03-31,276,0,61000.0,727,Member,GrabCar|GrabMart|GrabBike,3,Surabaya,1
USR007590,Promising,2024-12-16,16,3,132000.0,1540,Member,GrabFood|GrabMart,2,Jakarta,0
USR000500,Champions,2024-12-20,12,17,1483000.0,16520,Gold,GrabBike|GrabCar|GrabFood|GrabMart,4,Jakarta,0
USR009155,Hibernating,2024-06-19,196,0,60000.0,494,Member,GrabBike|GrabExpress|GrabCar|GrabMart,4,Bekasi,1
USR009414,Hibernating,2024-07-19,166,0,55000.0,636,Member,GrabMart|GrabBike,2,Surabaya,1
USR003095,Loyal,2024-12-04,28,14,379000.0,3282,Silver,GrabBike|GrabCar,2,Jakarta,0
USR004631,At_Risk,2024-10-24,69,3,240000.0,2379,Silver,GrabExpress|GrabFood,2,Bandung,0
USR000367,Champions,2024-12-29,3,19,1551000.0,14876,Platinum,GrabFood|GrabBike|GrabMart,3,Surabaya,0
USR004058,At_Risk,2024-11-06,56,2,316000.0,3564,Silver,GrabFood,1,Bandung,1
USR008174,Hibernating,2024-01-08,359,0,57000.0,630,Member,GrabMart,1,Bandung,1
USR004630,At_Risk,2024-10-25,68,3,346000.0,4054,Silver,GrabMart|GrabFood|GrabExpress,3,Bandung,1
USR006070,Promising,2024-12-22,10,5,89000.0,983,Member,GrabMart,1,Jakarta,0
USR002664,Loyal,2024-12-16,16,12,682000.0,8137,Gold,GrabMart|GrabBike|GrabFood,3,Surabaya,0
USR001026,Champions,2024-12-26,6,27,1251000.0,11574,Gold,GrabFood|GrabMart|GrabCar,3,Surabaya,0
USR005908,At_Risk,2024-10-04,89,4,204000.0,2245,Silver,GrabFood,1,Jakarta,0
USR005050,At_Risk,2024-11-13,49,3,259000.0,2416,Silver,GrabFood|GrabMart|GrabBike,3,Surabaya,0
USR006328,Promising,2024-12-24,8,5,245000.0,2847,Silver,GrabMart,1,Bandung,0
USR009733,Hibernating,2024-02-13,323,0,31000.0,364,Member,GrabExpress|GrabBike|GrabCar|GrabMart,4,Bandung,1
USR001691,Loyal,2024-12-04,28,11,645000.0,5457,Gold,GrabFood|GrabCar,2,Jakarta,0
USR000673,Champions,2024-12-25,7,24,2227000.0,23485,Platinum,GrabMart|GrabCar|GrabFood,3,Medan,0
USR005572,At_Risk,2024-10-14,79,2,103000.0,999,Member,GrabMart|GrabCar,2,Jakarta,1
USR005766,At_Risk,2024-11-05,57,5,200000.0,1631,Member,GrabFood,1,Surabaya,0
USR005156,At_Risk,2024-10-08,85,2,300000.0,3174,Silver,GrabExpress|GrabBike,2,Bandung,1
USR000733,Champions,2024-12-22,10,23,2362000.0,26136,Platinum,GrabMart|GrabBike|GrabFood,3,Jakarta,1
USR003526,Loyal,2024-12-20,12,11,417000.0,3441,Silver,GrabBike,1,Bandung,1
USR000568,Champions,2024-12-29,3,20,2249000.0,19074,Platinum,GrabBike|GrabCar,2,Jakarta,0
USR009187,Hibernating,2024-09-09,114,0,33000.0,394,Member,GrabFood|GrabMart|GrabCar|GrabExpress,4,Medan,1
USR002922,Loyal,2024-12-22,10,11,475000.0,4580,Silver,GrabMart,1,Surabaya,1
USR007911,Promising,2024-12-27,5,7,93000.0,792,Member,GrabCar|GrabFood|GrabExpress|GrabMart,4,Jakarta,1
USR001558,Loyal,2024-12-13,19,9,774000.0,8040,Gold,GrabMart|GrabBike,2,Bekasi,0
USR000101,Champions,2024-12-22,10,19,1479000.0,15039,Gold,GrabBike|GrabCar,2,Jakarta,0
USR003007,Loyal,2024-12-06,26,9,389000.0,4479,Silver,GrabExpress|GrabBike,2,Jakarta,0
USR007201,Promising,2024-12-26,6,6,112000.0,1121,Member,GrabFood,1,Jakarta,0
USR000303,Champions,2024-12-21,11,28,1091000.0,10081,Gold,GrabCar|GrabMart|GrabExpress|GrabFood,4,Jakarta,0
USR000076,Champions,2024-12-24,8,15,1493000.0,13705,Gold,GrabFood|GrabCar|GrabMart|GrabExpress,4,Bandung,0
USR006754,Promising,2024-12-22,10,5,202000.0,1642,Silver,GrabCar|GrabBike|GrabFood|GrabMart,4,Jakarta,0
USR008629,Hibernating,2024-05-25,221,0,39000.0,425,Member,GrabBike|GrabMart,2,Medan,1
USR001208,Champions,2024-12-25,7,25,836000.0,9003,Gold,GrabCar|GrabBike|GrabFood,3,Surabaya,0
USR007742,Promising,2024-12-19,13,5,124000.0,1228,Member,GrabFood|GrabCar,2,Surabaya,0
USR008214,Hibernating,2024-05-26,220,0,75000.0,668,Member,GrabExpress|GrabFood|GrabCar,3,Jakarta,1
USR008944,Hibernating,2024-07-19,166,0,76000.0,898,Member,GrabBike|GrabMart,2,Jakarta,0
USR008413,Hibernating,2024-04-12,264,0,6000.0,61,Member,GrabBike,1,Surabaya,1
USR001775,Loyal,2024-12-15,17,12,360000.0,3794,Silver,GrabCar|GrabBike,2,Jakarta,0
USR003473,Loyal,2024-12-06,26,14,755000.0,8251,Gold,GrabFood|GrabMart|GrabExpress|GrabCar,4,Jakarta,0
USR000483,Champions,2024-12-27,5,18,1426000.0,15822,Gold,GrabFood|GrabExpress,2,Jakarta,0
USR002189,Loyal,2024-12-07,25,10,539000.0,6032,Silver,GrabBike|GrabFood,2,Bandung,0
USR000346,Champions,2024-12-21,11,16,2365000.0,22708,Platinum,GrabCar|GrabMart|GrabFood,3,Jakarta,0
USR005481,At_Risk,2024-10-13,80,3,191000.0,2164,Member,GrabCar|GrabFood|GrabBike|GrabMart,4,Jakarta,0
USR008361,Hibernating,2024-01-17,350,0,17000.0,158,Member,GrabMart,1,Surabaya,1
USR001472,Champions,2024-12-21,11,16,1797000.0,20331,Platinum,GrabExpress|GrabBike|GrabMart,3,Bandung,0
USR005100,At_Risk,2024-10-08,85,3,259000.0,2876,Silver,GrabBike|GrabExpress,2,Surabaya,1
USR006765,Promising,2024-12-27,5,3,136000.0,1267,Member,GrabMart|GrabCar|GrabExpress,3,Bekasi,1
USR008706,Hibernating,2024-02-21,315,0,11000.0,120,Member,GrabExpress|GrabFood,2,Jakarta,1
USR004929,At_Risk,2024-11-05,57,2,228000.0,2243,Silver,GrabFood|GrabBike|GrabCar,3,Jakarta,0
USR006329,Promising,2024-12-19,13,5,212000.0,1839,Silver,GrabBike,1,Bandung,1
USR002609,Loyal,2024-12-19,13,10,350000.0,3402,Silver,GrabCar,1,Medan,0
USR000003,Champions,2024-12-25,7,20,1063000.0,10937,Gold,GrabMart|GrabExpress,2,Bandung,0
USR002213,Loyal,2024-12-13,19,8,796000.0,9539,Gold,GrabCar,1,Bekasi,0
USR004827,At_Risk,2024-11-09,53,2,122000.0,1097,Member,GrabMart|GrabExpress,2,Bandung,0
USR000856,Champions,2024-12-27,5,29,2342000.0,20205,Platinum,GrabFood|GrabMart|GrabExpress,3,Bandung,0
USR006977,Promising,2024-12-26,6,5,209000.0,1846,Silver,GrabMart|GrabCar|GrabBike,3,Bandung,0
USR005885,At_Risk,2024-10-22,71,2,214000.0,2197,Silver,GrabCar|GrabExpress,2,Jakarta,1
USR000624,Champions,2024-12-20,12,19,1758000.0,17205,Platinum,GrabBike,1,Surabaya,0
USR000290,Champions,2024-12-31,1,18,1566000.0,17490,Platinum,GrabFood|GrabMart,2,Bekasi,0
USR002018,Loyal,2024-12-14,18,8,774000.0,8399,Gold,GrabCar|GrabMart,2,Bandung,0
USR000668,Champions,2024-12-30,2,26,2050000.0,22447,Platinum,GrabCar|GrabBike|GrabMart,3,Surabaya,0
USR008921,Hibernating,2024-06-13,202,0,74000.0,628,Member,GrabFood|GrabMart|GrabExpress,3,Jakarta,1
USR008264,Hibernating,2024-08-05,149,0,65000.0,585,Member,GrabBike|GrabExpress,2,Bandung,1
USR009696,Hibernating,2024-02-09,327,0,46000.0,375,Member,GrabBike,1,Bekasi,1
USR001631,Loyal,2024-12-09,23,14,764000.0,8745,Gold,GrabMart,1,Jakarta,1
USR005170,At_Risk,2024-11-13,49,5,158000.0,1587,Member,GrabFood|GrabBike,2,Bekasi,0
USR007205,Promising,2024-12-29,3,7,147000.0,1180,Member,GrabExpress|GrabMart,2,Surabaya,1
USR002522,Loyal,2024-12-05,27,14,613000.0,6628,Gold,GrabMart,1,Jakarta,0
USR002215,Loyal,2024-12-15,17,13,355000.0,2901,Silver,GrabFood,1,Bandung,0
USR006968,Promising,2024-12-19,13,6,94000.0,822,Member,GrabFood|GrabMart,2,Bekasi,1
USR006496,Promising,2024-12-20,12,3,227000.0,2258,Silver,GrabCar|GrabExpress|GrabBike,3,Jakarta,0
USR006213,Promising,2024-12-23,9,3,120000.0,1372,Member,GrabBike,1,Bekasi,1
USR007032,Promising,2024-12-16,16,5,97000.0,1125,Member,GrabBike|GrabExpress|GrabCar,3,Bekasi,0
USR007420,Promising,2024-12-27,5,6,120000.0,1391,Member,GrabMart,1,Medan,1
USR001107,Champions,2024-12-27,5,23,1882000.0,22583,Platinum,GrabMart|GrabBike|GrabCar,3,Jakarta,0
USR000450,Champions,2024-12-21,11,20,2240000.0,20993,Platinum,GrabMart|GrabCar|GrabBike,3,Jakarta,0
USR006289,Promising,2024-12-27,5,7,80000.0,671,Member,GrabFood,1,Jakarta,1
USR009966,Hibernating,2024-07-25,160,0,54000.0,643,Member,GrabCar|GrabMart,2,Surabaya,1
USR000135,Champions,2024-12-22,10,28,1102000.0,11781,Gold,GrabBike|GrabMart,2,Jakarta,0
USR001785,Loyal,2024-12-06,26,11,712000.0,8009,Gold,GrabExpress|GrabBike|GrabFood,3,Jakarta,0
USR003404,Loyal,2024-12-06,26,9,367000.0,3177,Silver,GrabCar|GrabBike|GrabExpress,3,Jakarta,0
USR002906,Loyal,2024-12-03,29,14,625000.0,7247,Gold,GrabCar,1,Bekasi,0
USR008304,Hibernating,2024-07-12,173,0,78000.0,797,Member,GrabCar|GrabMart|GrabFood,3,Surabaya,0
USR007492,Promising,2024-12-29,3,4,227000.0,2123,Silver,GrabBike|GrabCar|GrabExpress,3,Jakarta,0
USR006100,Promising,2024-12-14,18,3,107000.0,1027,Member,GrabFood|GrabBike|GrabCar|GrabMart,4,Bandung,0
USR004504,At_Risk,2024-10-14,79,4,204000.0,1963,Silver,GrabFood|GrabExpress,2,Medan,0
USR005053,At_Risk,2024-10-20,73,2,231000.0,2427,Silver,GrabExpress|GrabCar|GrabFood|GrabMart,4,Jakarta,0
USR005205,At_Risk,2024-10-21,72,3,203000.0,2229,Silver,GrabFood|GrabExpress|GrabCar,3,Jakarta,0
USR004080,At_Risk,2024-10-25,68,4,331000.0,2754,Silver,GrabFood,1,Medan,0
USR006918,Promising,2024-12-22,10,3,230000.0,2311,Silver,GrabFood|GrabCar|GrabExpress|GrabMart,4,Jakarta,0
USR006802,Promising,2024-12-19,13,4,93000.0,1106,Member,GrabFood,1,Jakarta,0
USR005206,At_Risk,2024-10-27,66,4,105000.0,884,Member,GrabCar,1,Bekasi,1
USR000532,Champions,2024-12-22,10,26,1151000.0,13116,Gold,GrabBike|GrabFood|GrabExpress|GrabCar,4,Medan,0
USR004830,At_Risk,2024-10-27,66,4,161000.0,1641,Member,GrabFood,1,Medan,0
USR004038,At_Risk,2024-10-19,74,4,323000.0,3086,Silver,GrabCar|GrabMart,2,Medan,1
USR004084,At_Risk,2024-10-20,73,2,217000.0,2046,Silver,GrabFood|GrabBike|GrabExpress,3,Bandung,0
USR003204,Loyal,2024-12-10,22,14,525000.0,6096,Silver,GrabBike|GrabCar,2,Jakarta,0
USR007110,Promising,2024-12-29,3,4,156000.0,1406,Member,GrabFood|GrabMart|GrabBike,3,Bandung,0
USR000330,Champions,2024-12-30,2,26,808000.0,8815,Gold,GrabMart|GrabFood|GrabCar|GrabExpress,4,Bekasi,0
USR004957,At_Risk,2024-10-16,77,4,166000.0,1848,Member,GrabBike,1,Bekasi,1
USR003033,Loyal,2024-12-04,28,12,306000.0,3277,Silver,GrabCar|GrabFood|GrabBike,3,Bekasi,0
USR007684,Promising,2024-12-19,13,6,205000.0,2365,Silver,GrabCar,1,Jakarta,0
USR001597,Loyal,2024-12-09,23,10,703000.0,6063,Gold,GrabMart|GrabCar,2,Bandung,0
USR009919,Hibernating,2024-08-28,126,0,17000.0,182,Member,GrabMart,1,Jakarta,1
USR003597,Loyal,2024-12-16,16,8,675000.0,7151,Gold,GrabBike|GrabMart,2,Jakarta,0
USR009038,Hibernating,2024-02-04,332,0,61000.0,567,Member,GrabFood|GrabBike|GrabMart,3,Jakarta,0
USR008001,Hibernating,2024-02-04,332,0,10000.0,103,Member,GrabCar|GrabExpress|GrabBike|GrabFood,4,Surabaya,1
USR000590,Champions,2024-12-29,3,18,1304000.0,13130,Gold,GrabBike|GrabCar|GrabMart,3,Jakarta,1
USR000647,Champions,2024-12-26,6,17,993000.0,11246,Gold,GrabExpress|GrabFood,2,Jakarta,0
USR009102,Hibernating,2024-09-19,104,0,70000.0,742,Member,GrabBike|GrabFood|GrabMart|GrabCar,4,Surabaya,1
USR008015,Hibernating,2024-02-27,309,0,38000.0,377,Member,GrabBike|GrabExpress,2,Jakarta,0
USR003771,Loyal,2024-12-07,25,12,716000.0,6782,Gold,GrabFood|GrabCar,2,Jakarta,0
USR009039,Hibernating,2024-03-19,288,0,15000.0,141,Member,GrabBike|GrabFood|GrabMart|GrabExpress,4,Jakarta,1
USR005082,At_Risk,2024-10-23,70,3,330000.0,3576,Silver,GrabCar|GrabExpress|GrabFood,3,Jakarta,0
USR007882,Promising,2024-12-18,14,7,242000.0,2597,Silver,GrabFood|GrabExpress,2,Jakarta,0
USR009362,Hibernating,2024-04-19,257,0,57000.0,538,Member,GrabBike,1,Bandung,1
USR004210,At_Risk,2024-11-05,57,5,296000.0,3333,Silver,GrabCar|GrabExpress,2,Surabaya,1
USR008834,Hibernating,2024-08-03,151,0,24000.0,215,Member,GrabCar|GrabMart,2,Medan,1
USR008699,Hibernating,2024-02-05,331,0,61000.0,626,Member,GrabExpress|GrabFood,2,Jakarta,0
USR001795,Loyal,2024-12-21,11,13,618000.0,6437,Gold,GrabBike|GrabCar,2,Jakarta,0
USR002586,Loyal,2024-12-24,8,14,716000.0,8159,Gold,GrabExpress,1,Jakarta,0
USR008355,Hibernating,2024-01-28,339,0,29000.0,256,Member,GrabCar|GrabFood|GrabMart,3,Jakarta,1
USR002316,Loyal,2024-12-03,29,9,798000.0,6908,Gold,GrabFood,1,Bandung,0
USR004185,At_Risk,2024-10-06,87,4,146000.0,1734,Member,GrabExpress|GrabMart,2,Jakarta,1
USR008827,Hibernating,2024-07-23,162,0,64000.0,552,Member,GrabFood|GrabMart,2,Jakarta,0
USR007072,Promising,2024-12-27,5,5,199000.0,2020,Member,GrabExpress,1,Bekasi,0
USR005234,At_Risk,2024-10-21,72,2,317000.0,3178,Silver,GrabCar,1,Bekasi,1
USR008743,Hibernating,2024-08-21,133,0,15000.0,138,Member,GrabExpress|GrabBike|GrabCar,3,Jakarta,1
USR008670,Hibernating,2024-08-14,140,0,2000.0,23,Member,GrabExpress|GrabFood,2,Jakarta,0
USR004768,At_Risk,2024-11-13,49,5,229000.0,2674,Silver,GrabBike,1,Bekasi,0
USR009972,Hibernating,2024-02-06,330,0,30000.0,349,Member,GrabExpress,1,Jakarta,0
USR007144,Promising,2024-12-21,11,5,202000.0,2225,Silver,GrabCar|GrabMart|GrabFood,3,Jakarta,0
USR002913,Loyal,2024-12-20,12,14,792000.0,8262,Gold,GrabFood|GrabExpress,2,Bandung,0
USR009871,Hibernating,2024-01-17,350,0,49000.0,472,Member,GrabMart,1,Surabaya,1
USR009893,Hibernating,2024-05-14,232,0,66000.0,609,Member,GrabFood,1,Jakarta,1
USR002075,Loyal,2024-12-16,16,12,620000.0,7282,Gold,GrabMart,1,Bandung,0
USR004302,At_Risk,2024-10-18,75,5,279000.0,2722,Silver,GrabCar|GrabBike|GrabMart|GrabExpress,4,Jakarta,1
USR005822,At_Risk,2024-11-15,47,4,138000.0,1611,Member,GrabExpress|GrabBike|GrabFood,3,Medan,0
USR002149,Loyal,2024-12-15,17,12,339000.0,3290,Silver,GrabExpress|GrabFood|GrabMart|GrabCar,4,Bekasi,0
USR000144,Champions,2024-12-27,5,25,1113000.0,12195,Gold,GrabExpress|GrabBike|GrabCar,3,Medan,0
USR004963,At_Risk,2024-10-20,73,4,303000.0,2881,Silver,GrabFood|GrabCar|GrabBike|GrabMart,4,Medan,0
USR008159,Hibernating,2024-02-28,308,0,56000.0,579,Member,GrabFood|GrabMart|GrabCar,3,Jakarta,1
USR009030,Hibernating,2024-04-19,257,0,69000.0,608,Member,GrabBike,1,Jakarta,1
USR004775,At_Risk,2024-11-03,59,5,292000.0,3434,Silver,GrabMart|GrabExpress|GrabBike|GrabCar,4,Bandung,0
USR008933,Hibernating,2024-05-25,221,0,25000.0,287,Member,GrabMart,1,Medan,1
USR007749,Promising,2024-12-14,18,4,128000.0,1502,Member,GrabCar|GrabExpress,2,Bandung,0
USR009828,Hibernating,2024-02-23,313,0,21000.0,220,Member,GrabExpress,1,Medan,1
USR009214,Hibernating,2024-06-23,192,0,52000.0,485,Member,GrabMart|GrabCar,2,Bandung,0
USR006060,Promising,2024-12-23,9,4,107000.0,954,Member,GrabBike|GrabCar|GrabFood,3,Bekasi,0
USR009475,Hibernating,2024-04-24,252,0,72000.0,777,Member,GrabBike|GrabExpress,2,Jakarta,1
USR006409,Promising,2024-12-19,13,3,166000.0,1640,Member,GrabExpress|GrabCar|GrabBike|GrabMart,4,Bekasi,0
USR003317,Loyal,2024-12-15,17,14,780000.0,8286,Gold,GrabExpress,1,Bekasi,0
USR007464,Promising,2024-12-24,8,5,239000.0,2571,Silver,GrabBike,1,Bandung,1
USR003061,Loyal,2024-12-23,9,12,400000.0,3516,Silver,GrabBike|GrabFood|GrabMart,3,Medan,0
USR001355,Champions,2024-12-25,7,20,2175000.0,24366,Platinum,GrabMart|GrabExpress|GrabCar|GrabBike,4,Jakarta,0
USR004514,At_Risk,2024-10-31,62,3,265000.0,2987,Silver,GrabExpress|GrabBike,2,Surabaya,1
USR005505,At_Risk,2024-11-05,57,2,199000.0,2023,Member,GrabMart,1,Jakarta,0
USR005250,At_Risk,2024-11-07,55,2,150000.0,1495,Member,GrabBike|GrabExpress|GrabMart|GrabCar,4,Jakarta,1
USR004511,At_Risk,2024-11-02,60,4,262000.0,2591,Silver,GrabFood,1,Medan,0
USR001730,Loyal,2024-12-15,17,10,444000.0,4775,Silver,GrabFood|GrabExpress,2,Bekasi,0
USR001758,Loyal,2024-12-09,23,11,721000.0,7283,Gold,GrabExpress|GrabCar|GrabFood,3,Bekasi,0
USR006650,Promising,2024-12-25,7,7,155000.0,1491,Member,GrabCar|GrabBike,2,Bandung,0
USR006646,Promising,2024-12-27,5,7,228000.0,1846,Silver,GrabExpress,1,Jakarta,1
USR009860,Hibernating,2024-04-27,249,0,58000.0,688,Member,GrabMart|GrabBike,2,Surabaya,1
USR004139,At_Risk,2024-10-25,68,4,184000.0,2014,Member,GrabBike,1,Jakarta,0
USR009393,Hibernating,2024-04-10,266,0,39000.0,442,Member,GrabMart|GrabExpress|GrabBike|GrabFood,4,Jakarta,1
USR005123,At_Risk,2024-10-29,64,5,155000.0,1568,Member,GrabFood|GrabCar|GrabMart,3,Medan,0
USR000000,Champions,2024-12-19,13,22,1104000.0,9124,Gold,GrabBike|GrabExpress,2,Jakarta,0
USR001864,Loyal,2024-12-18,14,8,773000.0,7490,Gold,GrabMart|GrabCar|GrabFood|GrabExpress,4,Jakarta,1
USR000543,Champions,2024-12-22,10,21,1698000.0,19342,Platinum,GrabFood|GrabCar|GrabMart,3,Jakarta,0
USR000349,Champions,2024-12-30,2,20,1598000.0,15084,Platinum,GrabCar|GrabBike|GrabMart,3,Surabaya,0
USR006906,Promising,2024-12-18,14,4,89000.0,796,Member,GrabMart,1,Bekasi,1
USR009765,Hibernating,2024-08-16,138,0,37000.0,420,Member,GrabCar|GrabMart|GrabExpress,3,Surabaya,1
USR002523,Loyal,2024-12-04,28,14,381000.0,3686,Silver,GrabMart|GrabBike,2,Medan,0
USR003464,Loyal,2024-12-05,27,14,556000.0,6203,Silver,GrabFood,1,Bekasi,0
USR000457,Champions,2024-12-19,13,18,1177000.0,10652,Gold,GrabBike|GrabExpress|GrabMart,3,Jakarta,0
USR003023,Loyal,2024-12-08,24,13,756000.0,7758,Gold,GrabBike|GrabFood,2,Jakarta,0
USR007261,Promising,2024-12-26,6,3,240000.0,2510,Silver,GrabMart|GrabBike,2,Jakarta,0
USR009515,Hibernating,2024-09-16,107,0,12000.0,113,Member,GrabBike|GrabMart|GrabCar,3,Jakarta,1
USR007872,Promising,2024-12-23,9,4,229000.0,2660,Silver,GrabFood|GrabExpress|GrabBike|GrabCar,4,Jakarta,0
USR006625,Promising,2024-12-21,11,7,225000.0,2120,Silver,GrabExpress|GrabMart,2,Jakarta,1
USR002534,Loyal,2024-12-09,23,12,552000.0,4587,Silver,GrabMart,1,Bandung,0
USR000131,Champions,2024-12-23,9,23,1412000.0,12789,Gold,GrabExpress,1,Jakarta,0
USR003704,Loyal,2024-12-17,15,10,544000.0,5776,Silver,GrabBike|GrabCar|GrabMart,3,Surabaya,0
USR001372,Champions,2024-12-23,9,23,2391000.0,21612,Platinum,GrabFood|GrabMart,2,Surabaya,0
USR006200,Promising,2024-12-12,20,3,234000.0,1914,Silver,GrabCar,1,Jakarta,0
USR004856,At_Risk,2024-11-14,48,2,333000.0,2872,Silver,GrabMart|GrabExpress,2,Medan,0
USR004712,At_Risk,2024-11-11,51,2,149000.0,1324,Member,GrabExpress,1,Surabaya,0
USR005544,At_Risk,2024-10-31,62,2,215000.0,2186,Silver,GrabBike|GrabMart,2,Jakarta,0
USR001413,Champions,2024-12-19,13,17,1179000.0,13685,Gold,GrabBike|GrabCar|GrabMart,3,Jakarta,0
USR004113,At_Risk,2024-10-30,63,2,313000.0,2832,Silver,GrabMart|GrabExpress|GrabFood,3,Bandung,0
USR000655,Champions,2024-12-23,9,15,2196000.0,19093,Platinum,GrabFood|GrabExpress|GrabMart,3,Jakarta,0
USR008137,Hibernating,2024-07-28,157,0,18000.0,199,Member,GrabExpress,1,Jakarta,1
USR004098,At_Risk,2024-10-30,63,2,347000.0,3199,Silver,GrabBike,1,Medan,0
USR000592,Champions,2024-12-26,6,18,1952000.0,18568,Platinum,GrabExpress|GrabBike,2,Jakarta,0
USR008708,Hibernating,2024-01-22,345,0,32000.0,298,Member,GrabMart,1,Jakarta,1
USR003123,Loyal,2024-12-10,22,13,484000.0,4011,Silver,GrabExpress,1,Jakarta,0
USR003047,Loyal,2024-12-12,20,8,653000.0,6966,Gold,GrabMart|GrabFood|GrabCar|GrabBike,4,Jakarta,0
USR003887,Loyal,2024-12-06,26,8,675000.0,6228,Gold,GrabExpress|GrabFood,2,Jakarta,0
USR005735,At_Risk,2024-11-14,48,4,173000.0,1670,Member,GrabCar|GrabFood,2,Jakarta,1
USR002184,Loyal,2024-12-04,28,13,769000.0,6720,Gold,GrabMart|GrabFood,2,Jakarta,0
USR002145,Loyal,2024-12-19,13,9,573000.0,6378,Silver,GrabCar|GrabMart,2,Jakarta,0
USR007047,Promising,2024-12-18,14,3,243000.0,2684,Silver,GrabExpress,1,Medan,1
USR003105,Loyal,2024-12-10,22,14,670000.0,5662,Gold,GrabBike|GrabMart|GrabExpress|GrabFood,4,Surabaya,0
USR009233,Hibernating,2024-01-21,346,0,31000.0,306,Member,GrabFood,1,Medan,1
USR009096,Hibernating,2024-02-08,328,0,18000.0,170,Member,GrabMart|GrabBike,2,Jakarta,0
USR002769,Loyal,2024-12-22,10,13,532000.0,4314,Silver,GrabBike|GrabFood,2,Bandung,0
USR005221,At_Risk,2024-11-04,58,2,136000.0,1631,Member,GrabMart,1,Jakarta,1
USR005833,At_Risk,2024-10-21,72,4,179000.0,1962,Member,GrabExpress|GrabFood|GrabBike,3,Jakarta,0
USR001732,Loyal,2024-12-24,8,8,730000.0,7290,Gold,GrabExpress|GrabMart,2,Jakarta,0
USR000265,Champions,2024-12-31,1,21,2388000.0,20818,Platinum,GrabExpress|GrabMart,2,Surabaya,0
USR005144,At_Risk,2024-10-22,71,3,218000.0,2022,Silver,GrabExpress,1,Jakarta,1
USR008267,Hibernating,2024-08-19,135,0,75000.0,624,Member,GrabFood|GrabBike|GrabExpress,3,Jakarta,0
USR003937,Loyal,2024-12-03,29,10,572000.0,5566,Silver,GrabCar,1,Bekasi,0
USR000761,Champions,2024-12-24,8,15,1063000.0,8608,Gold,GrabBike|GrabExpress|GrabFood,3,Jakarta,0
USR007220,Promising,2024-12-21,11,6,237000.0,2546,Silver,GrabCar,1,Bekasi,1
USR008439,Hibernating,2024-10-03,90,0,59000.0,648,Member,GrabMart,1,Bandung,1
USR003257,Loyal,2024-12-13,19,8,769000.0,7927,Gold,GrabMart|GrabExpress|GrabCar|GrabBike,4,Jakarta,0
USR004338,At_Risk,2024-10-28,65,2,336000.0,2837,Silver,GrabFood|GrabExpress,2,Medan,0
USR004362,At_Risk,2024-11-04,58,4,195000.0,1666,Member,GrabBike,1,Jakarta,0
USR000316,Champions,2024-12-24,8,16,987000.0,10789,Gold,GrabExpress,1,Jakarta,0
USR008069,Hibernating,2024-08-02,152,0,12000.0,132,Member,GrabFood,1,Bandung,1
USR001851,Loyal,2024-12-15,17,11,642000.0,6787,Gold,GrabCar|GrabMart|GrabExpress,3,Jakarta,0
USR002484,Loyal,2024-12-07,25,12,639000.0,7366,Gold,GrabCar,1,Bandung,0
USR009873,Hibernating,2024-06-28,187,0,53000.0,450,Member,GrabMart|GrabExpress|GrabBike|GrabFood,4,Medan,1
USR009574,Hibernating,2024-09-19,104,0,57000.0,652,Member,GrabCar,1,Jakarta,1
USR001078,Champions,2024-12-19,13,20,1980000.0,23665,Platinum,GrabMart|GrabExpress|GrabBike|GrabCar,4,Jakarta,0
USR008358,Hibernating,2024-05-17,229,0,51000.0,471,Member,GrabCar,1,Bekasi,1
USR007333,Promising,2024-12-15,17,7,249000.0,2093,Silver,GrabCar|GrabBike,2,Jakarta,0
USR001071,Champions,2024-12-24,8,28,1804000.0,18774,Platinum,GrabBike|GrabCar|GrabMart|GrabFood,4,Surabaya,0
USR000103,Champions,2024-12-24,8,26,2460000.0,23241,Platinum,GrabFood|GrabExpress|GrabMart,3,Jakarta,0
USR005748,At_Risk,2024-10-05,88,5,304000.0,3599,Silver,GrabBike|GrabFood,2,Medan,0
USR001418,Champions,2024-12-30,2,25,913000.0,10068,Gold,GrabFood|GrabExpress,2,Surabaya,0
USR001658,Loyal,2024-12-10,22,9,321000.0,3642,Silver,GrabMart,1,Jakarta,0
USR005284,At_Risk,2024-11-17,45,4,104000.0,920,Member,GrabExpress,1,Bekasi,0
USR001149,Champions,2024-12-24,8,17,1916000.0,22435,Platinum,GrabBike|GrabExpress|GrabFood,3,Surabaya,0
USR007150,Promising,2024-12-25,7,5,240000.0,2638,Silver,GrabBike|GrabMart,2,Bekasi,0
USR001568,Loyal,2024-12-10,22,14,449000.0,5034,Silver,GrabMart,1,Bandung,0
USR001087,Champions,2024-12-20,12,21,2139000.0,18671,Platinum,GrabExpress|GrabMart|GrabFood|GrabCar,4,Medan,0
USR006085,Promising,2024-12-29,3,6,185000.0,2072,Member,GrabCar|GrabExpress,2,Surabaya,1
USR008674,Hibernating,2024-03-09,298,0,10000.0,110,Member,GrabMart,1,Jakarta,0
USR008341,Hibernating,2024-06-18,197,0,79000.0,714,Member,GrabCar,1,Jakarta,1
USR007811,Promising,2024-12-19,13,4,103000.0,1025,Member,GrabCar|GrabMart|GrabFood,3,Surabaya,0
USR006084,Promising,2024-12-19,13,7,160000.0,1672,Member,GrabBike,1,Jakarta,1
USR008773,Hibernating,2024-06-30,185,0,55000.0,463,Member,GrabCar|GrabMart,2,Medan,1
USR008757,Hibernating,2024-01-30,337,0,23000.0,203,Member,GrabBike|GrabFood|GrabExpress,3,Jakarta,1
USR001692,Loyal,2024-12-24,8,14,465000.0,4682,Silver,GrabBike|GrabMart|GrabExpress|GrabFood,4,Surabaya,0
USR004734,At_Risk,2024-11-11,51,2,331000.0,2841,Silver,GrabBike|GrabCar|GrabMart,3,Medan,0
USR003387,Loyal,2024-12-20,12,10,648000.0,6094,Gold,GrabFood,1,Jakarta,0
USR003646,Loyal,2024-12-20,12,13,598000.0,5509,Silver,GrabMart,1,Jakarta,0
USR001683,Loyal,2024-12-16,16,9,662000.0,7680,Gold,GrabExpress,1,Bandung,0
USR000008,Champions,2024-12-20,12,15,1361000.0,12745,Gold,GrabMart|GrabExpress|GrabBike,3,Bandung,0
USR006062,Promising,2024-12-15,17,5,120000.0,1235,Member,GrabBike|GrabMart,2,Surabaya,0
USR006516,Promising,2024-12-24,8,3,147000.0,1593,Member,GrabExpress|GrabBike,2,Jakarta,0
USR004123,At_Risk,2024-10-30,63,5,191000.0,2095,Member,GrabCar|GrabBike|GrabMart,3,Jakarta,0
USR008729,Hibernating,2024-02-01,335,0,28000.0,315,Member,GrabCar,1,Surabaya,1
USR006045,Promising,2024-12-29,3,7,87000.0,924,Member,GrabCar|GrabFood|GrabExpress,3,Jakarta,0
USR000567,Champions,2024-12-20,12,19,945000.0,11317,Gold,GrabMart|GrabFood,2,Bekasi,0
USR009161,Hibernating,2024-05-10,236,0,38000.0,391,Member,GrabFood,1,Medan,1
USR001803,Loyal,2024-12-16,16,8,346000.0,3698,Silver,GrabBike|GrabExpress,2,Bandung,1
USR008501,Hibernating,2024-06-06,209,0,24000.0,235,Member,GrabCar,1,Bandung,1
USR004900,At_Risk,2024-10-30,63,5,298000.0,3447,Silver,GrabFood|GrabMart|GrabBike,3,Bekasi,0
USR001599,Loyal,2024-12-03,29,13,417000.0,3965,Silver,GrabCar|GrabExpress,2,Bandung,0
USR007931,Promising,2024-12-21,11,5,117000.0,1325,Member,GrabFood|GrabBike,2,Jakarta,0
USR009547,Hibernating,2024-07-05,180,0,23000.0,224,Member,GrabCar|GrabExpress|GrabFood|GrabBike,4,Bekasi,1
USR002823,Loyal,2024-12-05,27,12,662000.0,5682,Gold,GrabFood,1,Surabaya,0
USR005467,At_Risk,2024-11-17,45,2,219000.0,1898,Silver,GrabCar,1,Surabaya,1
USR003529,Loyal,2024-12-16,16,14,399000.0,4507,Silver,GrabBike|GrabExpress,2,Jakarta,0
USR008683,Hibernating,2024-02-15,321,0,72000.0,645,Member,GrabFood|GrabExpress|GrabCar,3,Bandung,1
USR001155,Champions,2024-12-29,3,24,2332000.0,24408,Platinum,GrabFood,1,Jakarta,0
USR006547,Promising,2024-12-12,20,5,234000.0,2761,Silver,GrabExpress|GrabFood,2,Bekasi,1
USR009088,Hibernating,2024-04-05,271,0,37000.0,349,Member,GrabExpress|GrabBike,2,Bandung,1
USR007620,Promising,2024-12-19,13,5,190000.0,1785,Member,GrabMart,1,Jakarta,0
USR008296,Hibernating,2024-09-28,95,0,1000.0,11,Member,GrabMart|GrabBike|GrabExpress,3,Surabaya,1
USR004540,At_Risk,2024-10-05,88,4,204000.0,1677,Silver,GrabExpress|GrabBike|GrabFood,3,Medan,0
USR009134,Hibernating,2024-03-30,277,0,75000.0,675,Member,GrabCar,1,Jakarta,1
USR006482,Promising,2024-12-16,16,3,134000.0,1346,Member,GrabBike|GrabCar|GrabFood,3,Jakarta,1
USR005826,At_Risk,2024-11-07,55,3,110000.0,986,Member,GrabBike|GrabMart,2,Jakarta,0
USR001190,Champions,2024-12-21,11,20,2296000.0,24779,Platinum,GrabExpress|GrabFood|GrabCar,3,Jakarta,0
USR007444,Promising,2024-12-12,20,3,236000.0,2054,Silver,GrabBike|GrabCar,2,Bekasi,0
USR008520,Hibernating,2024-05-04,242,0,33000.0,319,Member,GrabBike|GrabCar|GrabMart|GrabExpress,4,Jakarta,1
USR000960,Champions,2024-12-28,4,21,2360000.0,27759,Platinum,GrabFood|GrabMart|GrabCar,3,Jakarta,0
USR007454,Promising,2024-12-13,19,6,114000.0,940,Member,GrabMart|GrabExpress|GrabFood,3,Jakarta,0
USR000036,Champions,2024-12-30,2,15,2268000.0,18360,Platinum,GrabFood|GrabMart,2,Jakarta,0
USR007516,Promising,2024-12-26,6,6,182000.0,1760,Member,GrabCar|GrabBike,2,Jakarta,1
USR007644,Promising,2024-12-24,8,6,158000.0,1453,Member,GrabBike,1,Jakarta,0
USR004438,At_Risk,2024-10-15,78,5,233000.0,2255,Silver,GrabFood|GrabCar,2,Bekasi,1
USR006161,Promising,2024-12-23,9,3,236000.0,2113,Silver,GrabMart|GrabFood|GrabBike|GrabExpress,4,Bandung,0
USR007744,Promising,2024-12-15,17,5,136000.0,1562,Member,GrabCar|GrabMart|GrabBike,3,Medan,0
USR009587,Hibernating,2024-03-17,290,0,16000.0,147,Member,GrabExpress|GrabCar,2,Bandung,1
USR008119,Hibernating,2024-03-13,294,0,41000.0,346,Member,GrabCar,1,Jakarta,0
USR006967,Promising,2024-12-20,12,5,93000.0,883,Member,GrabExpress|GrabMart|GrabBike,3,Jakarta,0
USR005718,At_Risk,2024-11-03,59,5,177000.0,1495,Member,GrabCar,1,Bekasi,0
USR000577,Champions,2024-12-30,2,23,2287000.0,20033,Platinum,GrabBike|GrabCar|GrabExpress,3,Medan,0
USR009833,Hibernating,2024-01-16,351,0,77000.0,718,Member,GrabMart|GrabBike,2,Surabaya,1
USR004102,At_Risk,2024-10-06,87,5,277000.0,3311,Silver,GrabBike|GrabMart|GrabCar,3,Jakarta,1
USR007646,Promising,2024-12-23,9,5,209000.0,2105,Silver,GrabExpress|GrabBike|GrabFood,3,Bandung,0
USR004151,At_Risk,2024-10-06,87,2,142000.0,1516,Member,GrabCar|GrabFood,2,Jakarta,0
USR003130,Loyal,2024-12-11,21,11,506000.0,4594,Silver,GrabCar|GrabExpress,2,Jakarta,0
USR004890,At_Risk,2024-10-08,85,4,230000.0,2283,Silver,GrabBike,1,Surabaya,0
USR009975,Hibernating,2024-09-29,94,0,28000.0,280,Member,GrabCar,1,Bekasi,1
USR007471,Promising,2024-12-28,4,5,175000.0,1566,Member,GrabCar|GrabExpress|GrabBike,3,Jakarta,0
USR001833,Loyal,2024-12-24,8,10,344000.0,3997,Silver,GrabCar|GrabExpress|GrabMart,3,Jakarta,0
USR009148,Hibernating,2024-03-01,306,0,26000.0,234,Member,GrabBike,1,Bandung,1
USR004891,At_Risk,2024-10-29,64,3,249000.0,2767,Silver,GrabBike|GrabFood|GrabExpress,3,Jakarta,1
USR002287,Loyal,2024-12-14,18,9,418000.0,3956,Silver,GrabCar,1,Bandung,0
USR001330,Champions,2024-12-31,1,18,1123000.0,10609,Gold,GrabFood|GrabCar|GrabBike,3,Medan,0
USR002771,Loyal,2024-12-13,19,9,646000.0,5668,Gold,GrabExpress,1,Surabaya,1
USR003686,Loyal,2024-12-05,27,8,417000.0,3521,Silver,GrabBike,1,Surabaya,0
USR008283,Hibernating,2024-02-14,322,0,10000.0,84,Member,GrabCar,1,Medan,1
USR005928,At_Risk,2024-10-29,64,5,330000.0,3126,Silver,GrabFood|GrabBike|GrabExpress,3,Jakarta,0
USR000637,Champions,2024-12-29,3,18,1201000.0,10488,Gold,GrabBike|GrabFood|GrabCar,3,Bekasi,0
USR000047,Champions,2024-12-28,4,26,2284000.0,26396,Platinum,GrabBike|GrabExpress|GrabMart|GrabCar,4,Medan,0
USR002602,Loyal,2024-12-25,7,13,369000.0,3565,Silver,GrabCar,1,Surabaya,0
USR001965,Loyal,2024-12-12,20,9,719000.0,7362,Gold,GrabMart,1,Jakarta,0
USR002168,Loyal,2024-12-18,14,10,457000.0,4532,Silver,GrabBike|GrabFood,2,Bandung,0
USR005049,At_Risk,2024-10-09,84,4,322000.0,3376,Silver,GrabFood|GrabExpress,2,Bandung,0
USR003334,Loyal,2024-12-19,13,13,313000.0,2712,Silver,GrabBike,1,Jakarta,0
USR003019,Loyal,2024-12-05,27,11,467000.0,5263,Silver,GrabMart|GrabCar,2,Jakarta,0
USR008764,Hibernating,2024-02-05,331,0,5000.0,45,Member,GrabFood|GrabCar|GrabExpress,3,Jakarta,1
USR009176,Hibernating,2024-06-30,185,0,80000.0,821,Member,GrabMart|GrabExpress,2,Surabaya,1
USR001360,Champions,2024-12-31,1,16,1979000.0,18529,Platinum,GrabMart|GrabExpress|GrabCar|GrabBike,4,Jakarta,0
USR005798,At_Risk,2024-10-24,69,3,241000.0,2548,Silver,GrabFood,1,Jakarta,1
USR009400,Hibernating,2024-06-07,208,0,70000.0,832,Member,GrabFood,1,Bandung,1
USR003251,Loyal,2024-12-14,18,9,745000.0,8410,Gold,GrabCar|GrabExpress,2,Jakarta,0
USR006300,Promising,2024-12-24,8,7,181000.0,1906,Member,GrabFood|GrabCar|GrabMart|GrabBike,4,Jakarta,1
USR002251,Loyal,2024-12-09,23,8,603000.0,5049,Gold,GrabFood|GrabCar|GrabBike|GrabMart,4,Bekasi,1
USR006027,Promising,2024-12-12,20,4,145000.0,1738,Member,GrabCar|GrabMart,2,Jakarta,0
USR001175,Champions,2024-12-21,11,23,1636000.0,18269,Platinum,GrabFood,1,Bekasi,0
USR008799,Hibernating,2024-09-22,101,0,41000.0,439,Member,GrabFood,1,Bekasi,1
USR003279,Loyal,2024-12-04,28,11,782000.0,8079,Gold,GrabExpress|GrabCar|GrabMart,3,Jakarta,0
USR002973,Loyal,2024-12-06,26,9,481000.0,4261,Silver,GrabMart|GrabFood|GrabExpress|GrabCar,4,Bandung,0
USR003396,Loyal,2024-12-09,23,14,347000.0,2807,Silver,GrabBike|GrabExpress,2,Jakarta,1
USR006939,Promising,2024-12-17,15,3,242000.0,2535,Silver,GrabCar,1,Jakarta,1
USR000965,Champions,2024-12-21,11,19,1789000.0,18681,Platinum,GrabFood|GrabCar,2,Surabaya,0
USR008574,Hibernating,2024-01-28,339,0,2000.0,18,Member,GrabCar,1,Jakarta,1
USR000742,Champions,2024-12-22,10,21,1972000.0,19662,Platinum,GrabBike|GrabExpress|GrabCar,3,Jakarta,0
USR007514,Promising,2024-12-16,16,6,134000.0,1413,Member,GrabExpress|GrabCar|GrabFood,3,Jakarta,0
USR003314,Loyal,2024-12-14,18,9,390000.0,4058,Silver,GrabExpress|GrabCar,2,Bekasi,0
USR004898,At_Risk,2024-11-14,48,3,179000.0,1821,Member,GrabCar,1,Jakarta,0
USR009340,Hibernating,2024-08-19,135,0,37000.0,361,Member,GrabBike|GrabCar|GrabMart,3,Medan,0
USR004672,At_Risk,2024-10-13,80,5,119000.0,1372,Member,GrabMart,1,Bekasi,1
USR008618,Hibernating,2024-03-27,280,0,78000.0,711,Member,GrabFood|GrabBike,2,Medan,1
USR001217,Champions,2024-12-21,11,24,1283000.0,14662,Gold,GrabFood|GrabBike|GrabExpress,3,Jakarta,0
USR004397,At_Risk,2024-10-10,83,3,252000.0,2374,Silver,GrabMart,1,Surabaya,1
USR006080,Promising,2024-12-27,5,4,147000.0,1679,Member,GrabBike,1,Surabaya,0
USR002614,Loyal,2024-12-16,16,14,596000.0,5484,Silver,GrabBike,1,Jakarta,1
USR002620,Loyal,2024-12-16,16,13,401000.0,4217,Silver,GrabFood,1,Jakarta,0
USR008714,Hibernating,2024-09-29,94,0,21000.0,193,Member,GrabMart|GrabBike,2,Bekasi,0
USR007282,Promising,2024-12-29,3,5,166000.0,1550,Member,GrabMart,1,Medan,0
USR003379,Loyal,2024-12-24,8,13,530000.0,5713,Silver,GrabMart|GrabExpress,2,Bandung,0
USR007301,Promising,2024-12-28,4,6,227000.0,2473,Silver,GrabFood|GrabMart,2,Bekasi,0
USR009857,Hibernating,2024-06-26,189,0,75000.0,773,Member,GrabCar,1,Medan,1
USR005605,At_Risk,2024-10-17,76,2,118000.0,1023,Member,GrabMart|GrabBike|GrabFood,3,Jakarta,1
USR009813,Hibernating,2024-05-05,241,0,31000.0,354,Member,GrabFood|GrabBike|GrabCar,3,Jakarta,1
USR005786,At_Risk,2024-11-12,50,3,308000.0,3629,Silver,GrabExpress|GrabFood,2,Bekasi,0
USR008518,Hibernating,2024-04-21,255,0,52000.0,489,Member,GrabBike,1,Jakarta,1
USR006850,Promising,2024-12-14,18,7,183000.0,1505,Member,GrabCar|GrabBike|GrabMart|GrabFood,4,Jakarta,0
USR001516,Loyal,2024-12-23,9,13,610000.0,5081,Gold,GrabExpress|GrabBike|GrabCar,3,Jakarta,0
USR005098,At_Risk,2024-11-16,46,2,100000.0,1176,Member,GrabBike,1,Medan,0
USR007636,Promising,2024-12-23,9,7,207000.0,2045,Silver,GrabBike,1,Jakarta,1
USR009085,Hibernating,2024-02-17,319,0,18000.0,152,Member,GrabCar|GrabExpress,2,Surabaya,1
USR008023,Hibernating,2024-04-11,265,0,68000.0,653,Member,GrabCar|GrabFood,2,Jakarta,1
USR002392,Loyal,2024-12-11,21,8,338000.0,3481,Silver,GrabBike|GrabFood|GrabMart,3,Jakarta,0
USR000586,Champions,2024-12-23,9,22,1730000.0,19669,Platinum,GrabExpress|GrabFood,2,Surabaya,0
USR003519,Loyal,2024-12-20,12,9,649000.0,6315,Gold,GrabCar|GrabBike,2,Bandung,0
USR007653,Promising,2024-12-29,3,6,101000.0,1021,Member,GrabFood,1,Jakarta,0
USR008946,Hibernating,2024-09-28,95,0,54000.0,585,Member,GrabExpress|GrabFood,2,Surabaya,1
USR000850,Champions,2024-12-23,9,24,1964000.0,17842,Platinum,GrabBike|GrabCar,2,Bekasi,0
USR000335,Champions,2024-12-30,2,19,2084000.0,20176,Platinum,GrabBike|GrabCar,2,Jakarta,0
USR006634,Promising,2024-12-22,10,5,203000.0,2272,Silver,GrabExpress,1,Jakarta,0
USR008972,Hibernating,2024-06-15,200,0,32000.0,341,Member,GrabExpress,1,Bekasi,1
USR007493,Promising,2024-12-28,4,6,82000.0,772,Member,GrabExpress|GrabCar|GrabBike,3,Jakarta,0
USR002868,Loyal,2024-12-03,29,9,346000.0,2974,Silver,GrabExpress,1,Surabaya,0
USR004872,At_Risk,2024-11-09,53,3,235000.0,2584,Silver,GrabMart|GrabFood,2,Jakarta,0
USR003550,Loyal,2024-12-19,13,11,516000.0,4765,Silver,GrabExpress|GrabMart|GrabCar,3,Surabaya,0
USR003842,Loyal,2024-12-11,21,8,523000.0,5611,Silver,GrabBike,1,Bekasi,0
USR007262,Promising,2024-12-23,9,7,235000.0,2576,Silver,GrabExpress|GrabFood,2,Bekasi,0
USR005824,At_Risk,2024-10-08,85,3,248000.0,2079,Silver,GrabBike|GrabExpress,2,Surabaya,1
USR000023,Champions,2024-12-29,3,16,1822000.0,19706,Platinum,GrabBike|GrabMart,2,Bandung,0
USR001453,Champions,2024-12-24,8,16,1932000.0,19466,Platinum,GrabMart,1,Jakarta,0
USR001684,Loyal,2024-12-12,20,13,587000.0,5378,Silver,GrabBike,1,Bekasi,0
USR002310,Loyal,2024-12-13,19,8,347000.0,3819,Silver,GrabFood,1,Jakarta,0
USR009063,Hibernating,2024-09-02,121,0,75000.0,657,Member,GrabMart,1,Surabaya,1
USR009406,Hibernating,2024-02-10,326,0,38000.0,324,Member,GrabExpress|GrabBike,2,Jakarta,1
USR000381,Champions,2024-12-21,11,25,2120000.0,19847,Platinum,GrabBike|GrabFood,2,Medan,0
USR005814,At_Risk,2024-10-06,87,4,328000.0,3157,Silver,GrabCar,1,Surabaya,0
USR005550,At_Risk,2024-11-01,61,3,282000.0,2384,Silver,GrabMart|GrabCar,2,Bekasi,1
USR009308,Hibernating,2024-03-28,279,0,66000.0,722,Member,GrabFood,1,Bekasi,1
USR001618,Loyal,2024-12-05,27,14,434000.0,4780,Silver,GrabFood,1,Surabaya,0
USR000789,Champions,2024-12-21,11,26,1657000.0,17674,Platinum,GrabCar|GrabExpress|GrabFood|GrabBike,4,Jakarta,0
USR005983,At_Risk,2024-10-27,66,2,337000.0,3313,Silver,GrabMart|GrabBike,2,Jakarta,0
USR008672,Hibernating,2024-03-11,296,0,61000.0,579,Member,GrabFood|GrabBike,2,Jakarta,1
USR004475,At_Risk,2024-11-09,53,4,172000.0,1700,Member,GrabExpress|GrabMart|GrabFood,3,Surabaya,0
USR005606,At_Risk,2024-10-29,64,3,338000.0,3918,Silver,GrabCar,1,Surabaya,0
USR009312,Hibernating,2024-07-04,181,0,38000.0,414,Member,GrabCar,1,Bandung,1
USR005648,At_Risk,2024-11-11,51,3,234000.0,2062,Silver,GrabExpress,1,Bandung,1
USR006216,Promising,2024-12-19,13,6,133000.0,1540,Member,GrabCar,1,Jakarta,0
USR002286,Loyal,2024-12-03,29,9,616000.0,6375,Gold,GrabCar|GrabFood,2,Bandung,0
USR009993,Hibernating,2024-02-22,314,0,70000.0,744,Member,GrabMart,1,Jakarta,1
USR007578,Promising,2024-12-28,4,5,147000.0,1284,Member,GrabFood|GrabMart,2,Jakarta,1
USR001183,Champions,2024-12-28,4,26,1367000.0,12018,Gold,GrabMart|GrabExpress|GrabFood,3,Medan,0
USR006001,Promising,2024-12-14,18,7,250000.0,2855,Silver,GrabCar,1,Surabaya,0
USR005090,At_Risk,2024-10-12,81,2,250000.0,2695,Silver,GrabExpress|GrabBike,2,Jakarta,0
USR002516,Loyal,2024-12-10,22,11,306000.0,3082,Silver,GrabMart|GrabFood|GrabBike|GrabExpress,4,Jakarta,1
USR004122,At_Risk,2024-10-19,74,4,185000.0,2024,Member,GrabExpress|GrabBike,2,Bekasi,1
USR005521,At_Risk,2024-11-03,59,5,182000.0,1495,Member,GrabExpress,1,Medan,0
USR005627,At_Risk,2024-11-03,59,2,292000.0,2715,Silver,GrabBike,1,Bekasi,1
USR008360,Hibernating,2024-02-05,331,0,62000.0,499,Member,GrabCar|GrabFood,2,Jakarta,1
USR005872,At_Risk,2024-11-03,59,2,232000.0,2685,Silver,GrabBike,1,Jakarta,0
USR008612,Hibernating,2024-06-12,203,0,61000.0,502,Member,GrabMart|GrabBike|GrabCar,3,Jakarta,1
USR007727,Promising,2024-12-13,19,7,88000.0,742,Member,GrabBike|GrabExpress,2,Surabaya,0
USR005968,At_Risk,2024-10-30,63,2,214000.0,1908,Silver,GrabMart|GrabExpress,2,Medan,0
USR001180,Champions,2024-12-29,3,26,839000.0,6898,Gold,GrabExpress|GrabFood|GrabCar|GrabMart,4,Bekasi,0
USR008762,Hibernating,2024-07-25,160,0,77000.0,894,Member,GrabExpress|GrabMart,2,Jakarta,1
USR008235,Hibernating,2024-02-14,322,0,51000.0,435,Member,GrabMart|GrabFood,2,Jakarta,1
USR002818,Loyal,2024-12-16,16,10,457000.0,4178,Silver,GrabFood|GrabCar,2,Surabaya,0
USR009964,Hibernating,2024-08-31,123,0,70000.0,748,Member,GrabFood,1,Medan,1
USR008703,Hibernating,2024-07-26,159,0,54000.0,537,Member,GrabCar|GrabBike|GrabFood,3,Bandung,1
USR006608,Promising,2024-12-23,9,4,232000.0,1915,Silver,GrabMart,1,Jakarta,1
USR002820,Loyal,2024-12-22,10,11,441000.0,4987,Silver,GrabBike|GrabExpress,2,Surabaya,0
USR007535,Promising,2024-12-29,3,6,103000.0,882,Member,GrabExpress,1,Bandung,0
USR002260,Loyal,2024-12-09,23,14,580000.0,5921,Silver,GrabMart,1,Medan,0
USR002239,Loyal,2024-12-15,17,14,634000.0,6448,Gold,GrabBike|GrabExpress,2,Bandung,1
USR006021,Promising,2024-12-29,3,5,158000.0,1635,Member,GrabMart|GrabCar|GrabBike|GrabExpress,4,Jakarta,0
USR000782,Champions,2024-12-20,12,21,1459000.0,16151,Gold,GrabBike|GrabMart|GrabCar|GrabFood,4,Bekasi,0
USR000932,Champions,2024-12-28,4,19,1874000.0,17994,Platinum,GrabBike|GrabExpress|GrabFood,3,Bekasi,0
USR006202,Promising,2024-12-19,13,4,159000.0,1559,Member,GrabCar|GrabMart|GrabExpress|GrabBike,4,Jakarta,0
USR002412,Loyal,2024-12-07,25,10,481000.0,3947,Silver,GrabMart|GrabFood|GrabBike|GrabCar,4,Bandung,0
USR006997,Promising,2024-12-12,20,7,107000.0,1087,Member,GrabBike,1,Surabaya,0
USR009115,Hibernating,2024-04-27,249,0,33000.0,345,Member,GrabCar|GrabFood|GrabMart|GrabBike,4,Medan,1
USR001156,Champions,2024-12-27,5,16,839000.0,8867,Gold,GrabExpress|GrabMart,2,Surabaya,0
USR008107,Hibernating,2024-05-31,215,0,3000.0,29,Member,GrabFood,1,Jakarta,0
USR005805,At_Risk,2024-10-19,74,5,272000.0,2788,Silver,GrabExpress|GrabBike|GrabCar|GrabMart,4,Bandung,0
USR004879,At_Risk,2024-10-13,80,5,160000.0,1598,Member,GrabCar|GrabMart,2,Jakarta,0
USR003309,Loyal,2024-12-10,22,14,720000.0,8544,Gold,GrabExpress,1,Jakarta,0
USR008961,Hibernating,2024-02-11,325,0,55000.0,549,Member,GrabExpress|GrabFood,2,Medan,1
USR001702,Loyal,2024-12-05,27,12,620000.0,7351,Gold,GrabCar,1,Jakarta,0
USR002492,Loyal,2024-12-04,28,8,529000.0,5488,Silver,GrabMart,1,Medan,0
USR003706,Loyal,2024-12-08,24,8,600000.0,5845,Silver,GrabCar|GrabFood,2,Jakarta,0
USR008276,Hibernating,2024-03-14,293,0,2000.0,22,Member,GrabFood|GrabExpress,2,Jakarta,1
USR000286,Champions,2024-12-24,8,29,1297000.0,14118,Gold,GrabMart|GrabCar|GrabBike|GrabFood,4,Bandung,0
USR001608,Loyal,2024-12-05,27,13,350000.0,3422,Silver,GrabExpress,1,Surabaya,0
USR006631,Promising,2024-12-12,20,4,140000.0,1247,Member,GrabFood,1,Surabaya,0
USR008278,Hibernating,2024-05-05,241,0,8000.0,64,Member,GrabFood,1,Bekasi,1
USR007315,Promising,2024-12-20,12,3,192000.0,1622,Member,GrabExpress|GrabMart|GrabCar|GrabFood,4,Bekasi,0
USR002252,Loyal,2024-12-19,13,13,323000.0,2745,Silver,GrabCar,1,Jakarta,1
USR007415,Promising,2024-12-24,8,6,162000.0,1475,Member,GrabFood|GrabExpress,2,Jakarta,0
USR008365,Hibernating,2024-05-06,240,0,1000.0,8,Member,GrabFood|GrabBike,2,Bekasi,1
USR001891,Loyal,2024-12-12,20,13,424000.0,3949,Silver,GrabBike,1,Surabaya,0
USR005062,At_Risk,2024-10-10,83,2,222000.0,2105,Silver,GrabExpress|GrabBike|GrabFood|GrabCar,4,Medan,0
USR006120,Promising,2024-12-12,20,7,115000.0,1216,Member,GrabMart|GrabBike,2,Jakarta,0
USR000563,Champions,2024-12-20,12,20,2489000.0,25003,Platinum,GrabFood|GrabBike|GrabMart,3,Jakarta,0
USR000291,Champions,2024-12-30,2,19,2424000.0,27782,Platinum,GrabBike|GrabExpress|GrabMart|GrabFood,4,Bandung,0
USR004716,At_Risk,2024-11-09,53,5,217000.0,2461,Silver,GrabBike|GrabCar,2,Bandung,0
USR007708,Promising,2024-12-24,8,7,166000.0,1774,Member,GrabBike|GrabExpress,2,Surabaya,0
USR006349,Promising,2024-12-14,18,5,196000.0,1791,Member,GrabBike|GrabExpress|GrabFood|GrabMart,4,Medan,0
USR000169,Champions,2024-12-24,8,18,803000.0,6623,Gold,GrabExpress|GrabMart|GrabBike,3,Medan,0
USR000267,Champions,2024-12-30,2,22,994000.0,10608,Gold,GrabFood|GrabExpress,2,Jakarta,0
USR004638,At_Risk,2024-10-20,73,5,332000.0,3977,Silver,GrabBike|GrabCar|GrabMart,3,Jakarta,1
USR007077,Promising,2024-12-13,19,3,128000.0,1156,Member,GrabCar|GrabExpress,2,Jakarta,0
USR003355,Loyal,2024-12-10,22,13,403000.0,4138,Silver,GrabExpress|GrabCar|GrabMart,3,Jakarta,0
USR008279,Hibernating,2024-03-08,299,0,11000.0,95,Member,GrabFood,1,Jakarta,1
USR000315,Champions,2024-12-24,8,29,1653000.0,13858,Platinum,GrabCar|GrabFood,2,Jakarta,0
USR006728,Promising,2024-12-18,14,4,189000.0,2168,Member,GrabMart|GrabCar,2,Surabaya,0
USR009495,Hibernating,2024-05-09,237,0,47000.0,476,Member,GrabMart,1,Bekasi,1
USR004067,At_Risk,2024-10-13,80,5,167000.0,1771,Member,GrabCar|GrabFood|GrabExpress,3,Medan,1
USR000245,Champions,2024-12-21,11,24,2211000.0,24086,Platinum,GrabMart|GrabBike|GrabCar,3,Bekasi,0
USR000252,Champions,2024-12-28,4,29,1890000.0,20168,Platinum,GrabFood|GrabMart,2,Bekasi,1
USR001111,Champions,2024-12-23,9,23,1724000.0,18086,Platinum,GrabCar|GrabExpress|GrabFood|GrabBike,4,Jakarta,0
USR004801,At_Risk,2024-11-11,51,5,229000.0,1964,Silver,GrabExpress,1,Surabaya,1
USR001713,Loyal,2024-12-23,9,11,700000.0,6610,Gold,GrabExpress|GrabFood,2,Jakarta,0
USR000050,Champions,2024-12-29,3,24,2352000.0,25262,Platinum,GrabBike|GrabCar|GrabMart,3,Jakarta,0
USR001835,Loyal,2024-12-18,14,13,551000.0,5725,Silver,GrabCar,1,Bekasi,0
USR007896,Promising,2024-12-26,6,5,208000.0,1792,Silver,GrabBike|GrabCar,2,Jakarta,1
USR003383,Loyal,2024-12-23,9,8,395000.0,3852,Silver,GrabFood|GrabBike,2,Jakarta,0
USR006410,Promising,2024-12-26,6,4,195000.0,2166,Member,GrabMart|GrabExpress|GrabCar,3,Jakarta,0
USR004313,At_Risk,2024-11-17,45,4,137000.0,1594,Member,GrabCar|GrabBike|GrabFood,3,Bekasi,1
USR000872,Champions,2024-12-30,2,25,1596000.0,13002,Platinum,GrabMart|GrabCar|GrabFood,3,Bekasi,0
USR001254,Champions,2024-12-29,3,19,1667000.0,16108,Platinum,GrabBike|GrabCar|GrabExpress,3,Bandung,0
USR008881,Hibernating,2024-01-28,339,0,64000.0,583,Member,GrabBike,1,Bandung,1
USR005851,At_Risk,2024-11-02,60,3,230000.0,2482,Silver,GrabMart|GrabBike,2,Jakarta,1
USR005702,At_Risk,2024-10-16,77,3,245000.0,2808,Silver,GrabBike,1,Jakarta,0
USR008103,Hibernating,2024-09-23,100,0,50000.0,457,Member,GrabMart|GrabCar,2,Surabaya,1
USR002098,Loyal,2024-12-21,11,8,418000.0,4814,Silver,GrabFood|GrabExpress,2,Bekasi,0
USR005128,At_Risk,2024-10-13,80,2,304000.0,2688,Silver,GrabExpress,1,Bandung,1
USR000248,Champions,2024-12-29,3,16,1090000.0,11329,Gold,GrabMart|GrabCar|GrabExpress,3,Surabaya,0
USR006561,Promising,2024-12-12,20,6,108000.0,1092,Member,GrabMart|GrabFood,2,Medan,0
USR001339,Champions,2024-12-31,1,20,2232000.0,24426,Platinum,GrabMart|GrabExpress,2,Bandung,0
USR007017,Promising,2024-12-21,11,5,184000.0,2196,Member,GrabCar|GrabBike|GrabFood,3,Jakarta,0
USR002110,Loyal,2024-12-09,23,11,379000.0,4215,Silver,GrabFood,1,Medan,0
USR001569,Loyal,2024-12-05,27,8,702000.0,8224,Gold,GrabFood|GrabCar,2,Jakarta,0
USR001726,Loyal,2024-12-07,25,12,660000.0,5358,Gold,GrabExpress|GrabCar,2,Jakarta,0
USR008384,Hibernating,2024-05-22,224,0,55000.0,465,Member,GrabExpress,1,Surabaya,1
USR006940,Promising,2024-12-22,10,4,129000.0,1343,Member,GrabExpress|GrabFood|GrabMart,3,Surabaya,0
USR004395,At_Risk,2024-10-05,88,3,108000.0,1164,Member,GrabCar|GrabExpress,2,Bekasi,0
USR002420,Loyal,2024-12-20,12,13,748000.0,7043,Gold,GrabMart|GrabBike|GrabCar,3,Surabaya,0
USR003045,Loyal,2024-12-17,15,12,675000.0,5503,Gold,GrabMart|GrabCar,2,Bekasi,0
USR005503,At_Risk,2024-10-17,76,3,279000.0,3165,Silver,GrabExpress|GrabCar,2,Jakarta,0
USR003703,Loyal,2024-12-16,16,14,582000.0,6226,Silver,GrabCar|GrabMart|GrabExpress|GrabFood,4,Jakarta,0
USR008191,Hibernating,2024-08-20,134,0,63000.0,740,Member,GrabMart|GrabExpress|GrabCar,3,Bekasi,1
USR005331,At_Risk,2024-10-16,77,5,274000.0,2863,Silver,GrabExpress|GrabFood|GrabCar|GrabMart,4,Medan,0
USR009808,Hibernating,2024-05-21,225,0,44000.0,375,Member,GrabCar|GrabExpress|GrabMart,3,Jakarta,1
USR000447,Champions,2024-12-23,9,15,2199000.0,24225,Platinum,GrabBike|GrabExpress,2,Jakarta,0
USR007894,Promising,2024-12-29,3,3,171000.0,1896,Member,GrabCar|GrabMart,2,Bandung,0
USR008728,Hibernating,2024-08-21,133,0,39000.0,358,Member,GrabCar|GrabExpress,2,Surabaya,1
USR007828,Promising,2024-12-22,10,7,169000.0,1893,Member,GrabBike|GrabExpress|GrabCar,3,Bandung,1
USR001768,Loyal,2024-12-08,24,10,599000.0,5645,Silver,GrabFood|GrabCar|GrabExpress|GrabMart,4,Jakarta,0
USR006808,Promising,2024-12-15,17,3,166000.0,1643,Member,GrabExpress|GrabMart,2,Jakarta,1
USR004704,At_Risk,2024-10-27,66,3,105000.0,840,Member,GrabExpress|GrabCar|GrabMart,3,Jakarta,1
USR003869,Loyal,2024-12-08,24,14,393000.0,4318,Silver,GrabFood,1,Surabaya,0
USR001655,Loyal,2024-12-07,25,14,373000.0,4368,Silver,GrabFood|GrabBike,2,Jakarta,0
USR003187,Loyal,2024-12-21,11,8,671000.0,6397,Gold,GrabExpress,1,Surabaya,0
USR000683,Champions,2024-12-31,1,28,1499000.0,13225,Gold,GrabCar,1,Jakarta,0
USR004170,At_Risk,2024-11-15,47,2,326000.0,3671,Silver,GrabBike|GrabCar|GrabFood,3,Medan,1
USR004477,At_Risk,2024-11-10,52,5,132000.0,1339,Member,GrabExpress|GrabBike,2,Jakarta,1
USR000461,Champions,2024-12-25,7,22,1733000.0,19210,Platinum,GrabMart|GrabCar|GrabExpress|GrabFood,4,Bandung,0
USR005764,At_Risk,2024-11-03,59,3,184000.0,2157,Member,GrabCar|GrabBike|GrabExpress,3,Jakarta,1
USR007522,Promising,2024-12-27,5,3,224000.0,2542,Silver,GrabMart|GrabBike|GrabFood,3,Jakarta,0
USR004502,At_Risk,2024-11-16,46,3,114000.0,950,Member,GrabExpress|GrabMart|GrabBike|GrabFood,4,Medan,1
USR009709,Hibernating,2024-01-25,342,0,27000.0,253,Member,GrabMart,1,Surabaya,1
USR000318,Champions,2024-12-20,12,20,1871000.0,17026,Platinum,GrabBike|GrabCar,2,Jakarta,0
USR001145,Champions,2024-12-21,11,15,2183000.0,26034,Platinum,GrabFood|GrabCar|GrabMart,3,Bandung,0
USR005094,At_Risk,2024-11-01,61,4,209000.0,2355,Silver,GrabCar,1,Medan,1
USR001393,Champions,2024-12-25,7,28,2237000.0,18301,Platinum,GrabCar|GrabExpress,2,Bandung,0
USR006623,Promising,2024-12-25,7,4,190000.0,1651,Member,GrabMart|GrabBike|GrabExpress|GrabCar,4,Surabaya,0
USR001501,Loyal,2024-12-12,20,8,447000.0,3645,Silver,GrabMart|GrabBike,2,Jakarta,0
USR006408,Promising,2024-12-13,19,3,110000.0,935,Member,GrabCar|GrabExpress,2,Bandung,0
USR000376,Champions,2024-12-21,11,28,1469000.0,13764,Gold,GrabCar|GrabMart,2,Bandung,0
USR000410,Champions,2024-12-31,1,26,2473000.0,23318,Platinum,GrabBike|GrabCar,2,Jakarta,0
USR001660,Loyal,2024-12-08,24,14,764000.0,6752,Gold,GrabMart|GrabExpress|GrabFood,3,Bekasi,0
USR003151,Loyal,2024-12-12,20,9,306000.0,3307,Silver,GrabFood,1,Bekasi,0
USR001623,Loyal,2024-12-06,26,8,498000.0,5823,Silver,GrabFood|GrabBike|GrabCar,3,Bekasi,0
USR005609,At_Risk,2024-11-15,47,3,327000.0,3388,Silver,GrabCar|GrabExpress,2,Medan,1
USR008532,Hibernating,2024-04-27,249,0,67000.0,643,Member,GrabExpress,1,Bekasi,1
USR005802,At_Risk,2024-10-11,82,3,153000.0,1472,Member,GrabMart,1,Jakarta,1
USR005306,At_Risk,2024-10-06,87,3,286000.0,2909,Silver,GrabExpress|GrabCar,2,Surabaya,0
USR007086,Promising,2024-12-17,15,5,159000.0,1550,Member,GrabFood|GrabBike,2,Jakarta,0
USR008897,Hibernating,2024-09-05,118,0,78000.0,923,Member,GrabMart|GrabCar,2,Surabaya,1
USR007488,Promising,2024-12-20,12,6,136000.0,1517,Member,GrabMart,1,Jakarta,0
USR009615,Hibernating,2024-04-26,250,0,71000.0,658,Member,GrabBike,1,Jakarta,1
USR009217,Hibernating,2024-09-13,110,0,13000.0,104,Member,GrabExpress|GrabMart,2,Jakarta,0
USR001672,Loyal,2024-12-05,27,12,731000.0,7787,Gold,GrabMart|GrabBike|GrabFood,3,Medan,0
USR002358,Loyal,2024-12-20,12,10,562000.0,5136,Silver,GrabExpress|GrabFood|GrabMart,3,Bandung,0
USR008467,Hibernating,2024-08-26,128,0,46000.0,441,Member,GrabCar,1,Jakarta,1
USR000274,Champions,2024-12-31,1,20,1230000.0,10465,Gold,GrabFood|GrabCar,2,Medan,0
USR002473,Loyal,2024-12-07,25,11,581000.0,6140,Silver,GrabMart,1,Surabaya,0
USR005489,At_Risk,2024-11-09,53,2,133000.0,1127,Member,GrabExpress|GrabCar|GrabMart,3,Surabaya,1
USR004771,At_Risk,2024-11-02,60,5,193000.0,1683,Member,GrabFood|GrabCar,2,Surabaya,1
USR002107,Loyal,2024-12-15,17,14,531000.0,5026,Silver,GrabCar|GrabExpress,2,Jakarta,0
USR007500,Promising,2024-12-15,17,6,217000.0,2394,Silver,GrabFood,1,Jakarta,0
USR004414,At_Risk,2024-10-12,81,3,247000.0,2678,Silver,GrabFood|GrabBike|GrabMart,3,Bandung,0
USR008138,Hibernating,2024-06-04,211,0,12000.0,130,Member,GrabFood|GrabBike,2,Jakarta,1
USR008660,Hibernating,2024-08-15,139,0,74000.0,760,Member,GrabFood,1,Jakarta,1
USR008239,Hibernating,2024-05-28,218,0,67000.0,640,Member,GrabBike,1,Bandung,1
USR002417,Loyal,2024-12-19,13,13,576000.0,5051,Silver,GrabBike,1,Jakarta,0
USR008771,Hibernating,2024-03-22,285,0,5000.0,47,Member,GrabFood|GrabExpress|GrabBike,3,Surabaya,1
USR002236,Loyal,2024-12-17,15,10,551000.0,5571,Silver,GrabCar|GrabExpress,2,Jakarta,0
USR003767,Loyal,2024-12-18,14,12,446000.0,3728,Silver,GrabCar|GrabFood|GrabExpress,3,Jakarta,0
USR009791,Hibernating,2024-02-14,322,0,36000.0,400,Member,GrabFood|GrabBike,2,Jakarta,0
USR009989,Hibernating,2024-01-04,363,0,58000.0,594,Member,GrabCar,1,Jakarta,1
USR009965,Hibernating,2024-09-07,116,0,56000.0,544,Member,GrabFood|GrabBike,2,Jakarta,1
USR007323,Promising,2024-12-20,12,3,204000.0,2281,Silver,GrabBike|GrabExpress,2,Jakarta,0
USR001383,Champions,2024-12-28,4,29,964000.0,10380,Gold,GrabExpress|GrabBike,2,Surabaya,0
USR003101,Loyal,2024-12-13,19,11,311000.0,2726,Silver,GrabCar|GrabBike|GrabExpress,3,Bandung,0
USR003921,Loyal,2024-12-25,7,10,746000.0,6894,Gold,GrabFood|GrabExpress,2,Jakarta,1
USR006685,Promising,2024-12-18,14,4,132000.0,1553,Member,GrabExpress|GrabFood,2,Medan,0
USR003194,Loyal,2024-12-25,7,10,646000.0,5908,Gold,GrabBike|GrabCar|GrabExpress,3,Jakarta,0
USR001941,Loyal,2024-12-23,9,8,403000.0,4154,Silver,GrabExpress|GrabMart,2,Bekasi,0
USR007713,Promising,2024-12-23,9,6,225000.0,2636,Silver,GrabFood|GrabBike,2,Bekasi,0
USR004896,At_Risk,2024-10-28,65,3,198000.0,1625,Member,GrabExpress,1,Surabaya,0
USR004782,At_Risk,2024-10-17,76,5,106000.0,1200,Member,GrabFood,1,Jakarta,0
USR001496,Champions,2024-12-20,12,28,2241000.0,24311,Platinum,GrabExpress|GrabFood|GrabMart,3,Jakarta,0
USR001957,Loyal,2024-12-06,26,14,376000.0,3065,Silver,GrabCar|GrabMart,2,Bandung,0
USR009171,Hibernating,2024-09-25,98,0,52000.0,586,Member,GrabCar,1,Bekasi,0
USR009745,Hibernating,2024-06-28,187,0,4000.0,37,Member,GrabFood,1,Jakarta,1
USR007332,Promising,2024-12-24,8,3,85000.0,705,Member,GrabExpress,1,Jakarta,0
USR007949,Promising,2024-12-24,8,3,141000.0,1148,Member,GrabBike,1,Jakarta,0
USR003017,Loyal,2024-12-15,17,9,697000.0,5952,Gold,GrabMart,1,Bekasi,0
USR006746,Promising,2024-12-18,14,6,107000.0,1270,Member,GrabFood,1,Jakarta,0
USR000513,Champions,2024-12-20,12,23,971000.0,8705,Gold,GrabExpress|GrabMart|GrabFood,3,Jakarta,0
USR003934,Loyal,2024-12-13,19,13,635000.0,7006,Gold,GrabCar|GrabFood,2,Jakarta,0
USR003025,Loyal,2024-12-13,19,10,316000.0,2940,Silver,GrabBike|GrabMart|GrabCar,3,Bekasi,0
USR001199,Champions,2024-12-29,3,19,2046000.0,19699,Platinum,GrabMart|GrabFood|GrabExpress|GrabBike,4,Surabaya,0
USR005028,At_Risk,2024-10-15,78,4,114000.0,1215,Member,GrabBike|GrabCar,2,Bekasi,0
USR009784,Hibernating,2024-06-14,201,0,69000.0,656,Member,GrabBike|GrabMart,2,Bandung,1
USR000921,Champions,2024-12-31,1,21,2019000.0,17274,Platinum,GrabMart|GrabCar,2,Bandung,0
USR004649,At_Risk,2024-11-14,48,2,327000.0,3857,Silver,GrabExpress|GrabMart|GrabBike,3,Jakarta,0
USR005332,At_Risk,2024-10-15,78,5,107000.0,1280,Member,GrabCar|GrabFood|GrabMart,3,Jakarta,0
USR001076,Champions,2024-12-31,1,25,2059000.0,21878,Platinum,GrabFood|GrabMart|GrabExpress|GrabBike,4,Jakarta,0
USR006768,Promising,2024-12-14,18,7,186000.0,1716,Member,GrabFood|GrabMart|GrabCar,3,Jakarta,0
USR009410,Hibernating,2024-06-27,188,0,57000.0,537,Member,GrabBike,1,Medan,1
USR001671,Loyal,2024-12-15,17,12,733000.0,8704,Gold,GrabBike,1,Jakarta,0
USR000474,Champions,2024-12-26,6,25,2173000.0,24785,Platinum,GrabFood,1,Jakarta,0
USR009186,Hibernating,2024-08-06,148,0,12000.0,108,Member,GrabMart|GrabFood|GrabBike,3,Jakarta,1
USR008839,Hibernating,2024-05-14,232,0,30000.0,342,Member,GrabCar,1,Bandung,1
USR005758,At_Risk,2024-11-17,45,5,220000.0,2229,Silver,GrabFood,1,Jakarta,0
USR006297,Promising,2024-12-14,18,5,207000.0,2476,Silver,GrabExpress,1,Bekasi,0
USR002478,Loyal,2024-12-25,7,8,654000.0,5914,Gold,GrabCar,1,Bekasi,0
USR005493,At_Risk,2024-11-16,46,4,185000.0,1527,Member,GrabExpress|GrabCar,2,Surabaya,1
USR003914,Loyal,2024-12-11,21,10,572000.0,4781,Silver,GrabBike|GrabCar,2,Medan,0
USR002138,Loyal,2024-12-13,19,11,311000.0,3572,Silver,GrabFood|GrabCar|GrabBike,3,Medan,0
USR005454,At_Risk,2024-11-07,55,3,213000.0,1994,Silver,GrabBike,1,Bandung,0
USR005379,At_Risk,2024-11-07,55,5,247000.0,2614,Silver,GrabMart,1,Bekasi,1
USR008985,Hibernating,2024-04-30,246,0,37000.0,438,Member,GrabBike,1,Surabaya,1
USR004023,At_Risk,2024-11-15,47,4,280000.0,2417,Silver,GrabCar|GrabExpress|GrabFood,3,Bandung,1
USR003485,Loyal,2024-12-05,27,8,582000.0,5925,Silver,GrabExpress|GrabFood|GrabMart,3,Jakarta,0
USR002455,Loyal,2024-12-11,21,12,398000.0,4489,Silver,GrabBike|GrabCar,2,Jakarta,0
USR002464,Loyal,2024-12-19,13,12,740000.0,5988,Gold,GrabBike,1,Bandung,0
USR008696,Hibernating,2024-07-06,179,0,79000.0,755,Member,GrabMart,1,Bandung,1
USR001369,Champions,2024-12-25,7,16,2445000.0,23399,Platinum,GrabCar|GrabFood|GrabMart|GrabExpress,4,Jakarta,0
USR006688,Promising,2024-12-17,15,3,172000.0,1421,Member,GrabCar|GrabExpress,2,Jakarta,0
USR007456,Promising,2024-12-15,17,6,148000.0,1484,Member,GrabBike,1,Bandung,0
USR009974,Hibernating,2024-08-03,151,0,79000.0,696,Member,GrabBike|GrabFood,2,Surabaya,1
USR001901,Loyal,2024-12-04,28,14,508000.0,5670,Silver,GrabMart|GrabBike,2,Bekasi,0
USR004871,At_Risk,2024-10-21,72,2,264000.0,2906,Silver,GrabExpress|GrabBike,2,Surabaya,1
USR004710,At_Risk,2024-11-03,59,3,348000.0,3405,Silver,GrabCar|GrabMart|GrabBike,3,Bandung,0
USR007886,Promising,2024-12-16,16,4,165000.0,1704,Member,GrabBike|GrabFood,2,Medan,1
USR001793,Loyal,2024-12-18,14,13,455000.0,3898,Silver,GrabFood|GrabBike|GrabMart,3,Surabaya,0
USR002874,Loyal,2024-12-09,23,9,316000.0,2975,Silver,GrabCar|GrabBike|GrabFood|GrabExpress,4,Jakarta,0
USR006217,Promising,2024-12-24,8,6,227000.0,2021,Silver,GrabBike|GrabCar|GrabFood,3,Surabaya,0
USR005213,At_Risk,2024-10-05,88,2,312000.0,2750,Silver,GrabBike,1,Bekasi,1
USR002245,Loyal,2024-12-24,8,8,724000.0,8676,Gold,GrabBike,1,Jakarta,0
USR001741,Loyal,2024-12-10,22,12,325000.0,2917,Silver,GrabBike,1,Jakarta,0
USR001020,Champions,2024-12-31,1,20,2334000.0,18840,Platinum,GrabBike|GrabCar|GrabExpress,3,Bekasi,0
USR000705,Champions,2024-12-24,8,19,2149000.0,24556,Platinum,GrabBike|GrabExpress,2,Jakarta,0
USR004294,At_Risk,2024-10-19,74,3,159000.0,1701,Member,GrabFood|GrabCar|GrabMart|GrabBike,4,Jakarta,0
USR005576,At_Risk,2024-10-28,65,4,186000.0,2014,Member,GrabCar,1,Medan,1
USR007166,Promising,2024-12-22,10,7,152000.0,1580,Member,GrabExpress,1,Medan,0
USR008177,Hibernating,2024-02-03,333,0,73000.0,596,Member,GrabFood|GrabCar|GrabMart|GrabBike,4,Jakarta,1
USR000908,Champions,2024-12-27,5,22,1915000.0,21416,Platinum,GrabMart|GrabFood|GrabBike|GrabCar,4,Bekasi,0
USR005193,At_Risk,2024-11-08,54,4,144000.0,1199,Member,GrabMart|GrabFood,2,Surabaya,0
USR003077,Loyal,2024-12-22,10,12,386000.0,4270,Silver,GrabBike|GrabMart,2,Jakarta,0
USR009366,Hibernating,2024-09-23,100,0,80000.0,920,Member,GrabExpress|GrabCar,2,Bekasi,1
USR000594,Champions,2024-12-25,7,28,1139000.0,11240,Gold,GrabBike|GrabFood|GrabMart,3,Bandung,0
USR005304,At_Risk,2024-10-10,83,3,120000.0,1136,Member,GrabFood|GrabBike|GrabCar,3,Medan,1
USR000440,Champions,2024-12-21,11,18,1683000.0,14310,Platinum,GrabBike|GrabFood|GrabExpress,3,Bekasi,0
USR007606,Promising,2024-12-19,13,7,188000.0,2172,Member,GrabCar,1,Jakarta,0
USR004092,At_Risk,2024-10-09,84,3,341000.0,3598,Silver,GrabExpress|GrabBike,2,Jakarta,0
USR006134,Promising,2024-12-14,18,7,150000.0,1508,Member,GrabFood|GrabMart|GrabBike,3,Medan,1
USR000010,Champions,2024-12-27,5,19,2095000.0,24165,Platinum,GrabCar|GrabBike|GrabFood|GrabExpress,4,Jakarta,0
USR003776,Loyal,2024-12-20,12,8,447000.0,5036,Silver,GrabExpress|GrabBike,2,Surabaya,0
USR008999,Hibernating,2024-01-26,341,0,35000.0,366,Member,GrabBike|GrabFood,2,Bekasi,1
USR003708,Loyal,2024-12-04,28,11,635000.0,7386,Gold,GrabCar|GrabFood,2,Jakarta,0
USR003780,Loyal,2024-12-11,21,14,467000.0,4317,Silver,GrabMart,1,Bekasi,0
USR000093,Champions,2024-12-20,12,18,1267000.0,13155,Gold,GrabCar|GrabFood|GrabExpress,3,Bandung,0
USR009239,Hibernating,2024-01-09,358,0,65000.0,571,Member,GrabMart|GrabCar|GrabFood|GrabExpress,4,Surabaya,1
USR003949,Loyal,2024-12-17,15,11,445000.0,5074,Silver,GrabMart,1,Bekasi,0
USR005785,At_Risk,2024-11-13,49,3,119000.0,992,Member,GrabBike|GrabExpress|GrabCar|GrabFood,4,Bekasi,1
USR004870,At_Risk,2024-11-07,55,5,318000.0,3645,Silver,GrabFood|GrabCar|GrabBike,3,Bandung,0
USR004802,At_Risk,2024-11-12,50,2,274000.0,3007,Silver,GrabCar,1,Jakarta,0
USR004867,At_Risk,2024-11-10,52,5,112000.0,1302,Member,GrabMart|GrabExpress|GrabCar,3,Jakarta,0
USR000292,Champions,2024-12-29,3,23,2044000.0,18655,Platinum,GrabFood|GrabExpress|GrabMart,3,Bandung,1
USR007888,Promising,2024-12-26,6,7,142000.0,1179,Member,GrabMart,1,Surabaya,1
USR007405,Promising,2024-12-18,14,5,108000.0,1156,Member,GrabExpress|GrabFood,2,Jakarta,0
USR005595,At_Risk,2024-10-29,64,2,337000.0,3126,Silver,GrabExpress|GrabFood,2,Jakarta,0
USR002886,Loyal,2024-12-06,26,13,458000.0,4510,Silver,GrabExpress,1,Medan,0
USR006454,Promising,2024-12-26,6,5,99000.0,855,Member,GrabBike|GrabCar|GrabFood|GrabMart,4,Bekasi,0
USR002542,Loyal,2024-12-21,11,12,327000.0,3031,Silver,GrabFood|GrabBike|GrabCar,3,Jakarta,0
USR001765,Loyal,2024-12-19,13,9,682000.0,7508,Gold,GrabCar|GrabMart|GrabFood,3,Jakarta,0
USR006800,Promising,2024-12-23,9,5,114000.0,1291,Member,GrabExpress|GrabFood,2,Bekasi,0
USR001877,Loyal,2024-12-12,20,14,518000.0,5013,Silver,GrabMart|GrabBike,2,Jakarta,0
USR001981,Loyal,2024-12-15,17,12,468000.0,4755,Silver,GrabCar|GrabBike,2,Jakarta,1
USR009729,Hibernating,2024-08-06,148,0,73000.0,854,Member,GrabBike|GrabExpress|GrabMart,3,Surabaya,1
USR009608,Hibernating,2024-07-22,163,0,79000.0,658,Member,GrabFood,1,Jakarta,1
USR002685,Loyal,2024-12-07,25,14,786000.0,8555,Gold,GrabCar,1,Jakarta,0
USR008930,Hibernating,2024-04-22,254,0,73000.0,781,Member,GrabMart,1,Bandung,1
USR003458,Loyal,2024-12-12,20,11,742000.0,6961,Gold,GrabExpress,1,Jakarta,0
USR004541,At_Risk,2024-10-14,79,5,263000.0,2608,Silver,GrabFood|GrabBike,2,Bandung,0
USR002178,Loyal,2024-12-16,16,8,776000.0,6946,Gold,GrabExpress|GrabFood|GrabBike,3,Bandung,0
USR004450,At_Risk,2024-10-19,74,2,277000.0,2274,Silver,GrabMart|GrabCar,2,Jakarta,0
USR003859,Loyal,2024-12-22,10,12,496000.0,5599,Silver,GrabMart,1,Medan,1
USR007623,Promising,2024-12-21,11,7,148000.0,1456,Member,GrabCar,1,Bekasi,0
USR007654,Promising,2024-12-15,17,6,110000.0,915,Member,GrabExpress,1,Bandung,0
USR004519,At_Risk,2024-11-06,56,2,154000.0,1400,Member,GrabFood|GrabBike|GrabCar|GrabExpress,4,Jakarta,1
USR002517,Loyal,2024-12-10,22,9,578000.0,6507,Silver,GrabExpress,1,Jakarta,0
USR004836,At_Risk,2024-10-23,70,4,111000.0,1175,Member,GrabExpress|GrabMart|GrabBike,3,Jakarta,1
USR002885,Loyal,2024-12-09,23,11,681000.0,6650,Gold,GrabMart|GrabCar|GrabFood,3,Bandung,1
USR007281,Promising,2024-12-20,12,3,210000.0,1930,Silver,GrabBike,1,Jakarta,1
USR006255,Promising,2024-12-23,9,3,200000.0,2294,Member,GrabBike|GrabCar|GrabExpress,3,Bekasi,0
USR004539,At_Risk,2024-10-18,75,5,179000.0,1845,Member,GrabCar|GrabMart,2,Medan,1
USR005639,At_Risk,2024-10-17,76,5,308000.0,3085,Silver,GrabExpress,1,Jakarta,0
USR009459,Hibernating,2024-09-09,114,0,26000.0,250,Member,GrabMart|GrabCar|GrabBike|GrabExpress,4,Jakarta,1
USR003481,Loyal,2024-12-17,15,13,652000.0,5369,Gold,GrabBike,1,Jakarta,1
USR001277,Champions,2024-12-28,4,23,886000.0,7396,Gold,GrabMart|GrabExpress|GrabBike,3,Jakarta,0
USR003146,Loyal,2024-12-13,19,10,574000.0,4912,Silver,GrabBike|GrabExpress|GrabFood|GrabMart,4,Jakarta,0
USR008262,Hibernating,2024-02-08,328,0,70000.0,830,Member,GrabMart|GrabBike|GrabCar,3,Jakarta,1
USR003205,Loyal,2024-12-11,21,8,461000.0,4725,Silver,GrabBike,1,Jakarta,0
USR009892,Hibernating,2024-07-15,170,0,29000.0,250,Member,GrabBike|GrabFood|GrabCar,3,Jakarta,1
USR002742,Loyal,2024-12-22,10,8,397000.0,4208,Silver,GrabBike|GrabFood,2,Bandung,0
USR006076,Promising,2024-12-16,16,3,241000.0,2814,Silver,GrabExpress,1,Bandung,1
USR004047,At_Risk,2024-10-08,85,2,303000.0,3445,Silver,GrabExpress,1,Bekasi,0
USR005731,At_Risk,2024-10-30,63,5,213000.0,2183,Silver,GrabExpress,1,Jakarta,1
USR002945,Loyal,2024-12-09,23,13,360000.0,3370,Silver,GrabMart|GrabBike,2,Jakarta,1
USR005790,At_Risk,2024-10-27,66,5,308000.0,3451,Silver,GrabExpress|GrabBike|GrabCar,3,Jakarta,1
USR006794,Promising,2024-12-22,10,6,131000.0,1493,Member,GrabCar|GrabFood|GrabExpress,3,Bekasi,1
USR006543,Promising,2024-12-24,8,4,149000.0,1243,Member,GrabExpress|GrabCar|GrabFood|GrabBike,4,Jakarta,0
USR000700,Champions,2024-12-21,11,28,2289000.0,19043,Platinum,GrabExpress|GrabBike|GrabFood|GrabMart,4,Bandung,0
USR003574,Loyal,2024-12-24,8,11,379000.0,3493,Silver,GrabBike,1,Bandung,0
USR007699,Promising,2024-12-15,17,7,229000.0,2446,Silver,GrabFood,1,Jakarta,0
USR002515,Loyal,2024-12-15,17,12,453000.0,3653,Silver,GrabBike|GrabExpress|GrabFood,3,Bekasi,0
USR003000,Loyal,2024-12-19,13,12,766000.0,7652,Gold,GrabBike|GrabFood,2,Jakarta,0
USR005820,At_Risk,2024-10-10,83,3,282000.0,3351,Silver,GrabBike,1,Surabaya,1
USR008581,Hibernating,2024-01-25,342,0,22000.0,237,Member,GrabExpress,1,Jakarta,1
USR003684,Loyal,2024-12-20,12,12,543000.0,5179,Silver,GrabBike,1,Jakarta,0
USR002995,Loyal,2024-12-18,14,13,615000.0,5710,Gold,GrabFood,1,Surabaya,0
USR004252,At_Risk,2024-11-16,46,4,157000.0,1542,Member,GrabExpress|GrabFood,2,Surabaya,1
USR003411,Loyal,2024-12-08,24,14,417000.0,4146,Silver,GrabFood,1,Jakarta,1
USR007962,Promising,2024-12-27,5,7,147000.0,1494,Member,GrabExpress|GrabFood|GrabBike|GrabMart,4,Bekasi,0
USR006309,Promising,2024-12-28,4,7,246000.0,2839,Silver,GrabCar|GrabExpress|GrabMart,3,Medan,0
USR008611,Hibernating,2024-03-14,293,0,30000.0,260,Member,GrabExpress|GrabFood,2,Bekasi,1
USR005012,At_Risk,2024-11-03,59,2,155000.0,1278,Member,GrabExpress|GrabFood|GrabMart,3,Jakarta,1
USR007750,Promising,2024-12-14,18,7,120000.0,1213,Member,GrabFood|GrabMart,2,Surabaya,0
USR005979,At_Risk,2024-10-22,71,5,217000.0,2156,Silver,GrabCar|GrabFood|GrabExpress,3,Surabaya,1
USR004048,At_Risk,2024-11-04,58,2,100000.0,1073,Member,GrabBike,1,Bandung,0
USR004899,At_Risk,2024-11-03,59,4,337000.0,2800,Silver,GrabFood,1,Jakarta,1
USR001318,Champions,2024-12-24,8,26,1883000.0,19713,Platinum,GrabBike|GrabCar,2,Jakarta,0
USR009772,Hibernating,2024-01-18,349,0,1000.0,10,Member,GrabFood|GrabBike,2,Jakarta,1
USR009137,Hibernating,2024-09-17,106,0,68000.0,580,Member,GrabMart,1,Jakarta,1
USR007142,Promising,2024-12-13,19,5,214000.0,2101,Silver,GrabExpress,1,Bandung,0
USR001897,Loyal,2024-12-07,25,13,485000.0,4238,Silver,GrabFood,1,Jakarta,0
USR007465,Promising,2024-12-15,17,5,233000.0,2787,Silver,GrabMart|GrabFood,2,Jakarta,0
USR000603,Champions,2024-12-28,4,22,2289000.0,25787,Platinum,GrabCar|GrabBike,2,Surabaya,0
USR002846,Loyal,2024-12-11,21,13,348000.0,3393,Silver,GrabFood|GrabBike,2,Bekasi,0
USR008207,Hibernating,2024-07-24,161,0,2000.0,22,Member,GrabCar,1,Jakarta,0
USR000393,Champions,2024-12-30,2,22,2144000.0,23195,Platinum,GrabCar,1,Surabaya,0
USR004436,At_Risk,2024-10-27,66,3,264000.0,2515,Silver,GrabBike,1,Medan,0
USR009447,Hibernating,2024-09-12,111,0,48000.0,561,Member,GrabExpress|GrabCar,2,Jakarta,1
USR007234,Promising,2024-12-26,6,6,233000.0,2396,Silver,GrabMart|GrabCar,2,Bekasi,1
USR005398,At_Risk,2024-10-11,82,5,128000.0,1180,Member,GrabBike|GrabFood|GrabCar,3,Surabaya,0
USR000095,Champions,2024-12-27,5,28,1129000.0,10488,Gold,GrabBike|GrabMart|GrabCar,3,Jakarta,0
USR001662,Loyal,2024-12-17,15,8,568000.0,5280,Silver,GrabMart|GrabExpress,2,Medan,0
USR008970,Hibernating,2024-01-31,336,0,20000.0,215,Member,GrabCar|GrabFood,2,Surabaya,1
USR005130,At_Risk,2024-10-21,72,4,300000.0,2443,Silver,GrabMart|GrabExpress,2,Jakarta,0
USR001488,Champions,2024-12-20,12,20,2248000.0,22563,Platinum,GrabCar|GrabBike,2,Bekasi,0
USR008316,Hibernating,2024-04-09,267,0,39000.0,345,Member,GrabCar|GrabBike,2,Surabaya,1
USR002707,Loyal,2024-12-23,9,10,792000.0,9486,Gold,GrabCar|GrabMart|GrabFood,3,Bandung,0
USR001595,Loyal,2024-12-22,10,13,751000.0,7473,Gold,GrabFood|GrabExpress,2,Jakarta,0
USR009277,Hibernating,2024-01-18,349,0,57000.0,657,Member,GrabBike,1,Bandung,1
USR002377,Loyal,2024-12-19,13,8,464000.0,5089,Silver,GrabCar,1,Bekasi,0
USR005140,At_Risk,2024-11-02,60,3,243000.0,2647,Silver,GrabBike,1,Bekasi,1
USR006147,Promising,2024-12-23,9,5,132000.0,1392,Member,GrabBike|GrabCar|GrabMart|GrabFood,4,Jakarta,0
USR008241,Hibernating,2024-02-04,332,0,48000.0,456,Member,GrabCar,1,Surabaya,1
USR003948,Loyal,2024-12-14,18,11,499000.0,5416,Silver,GrabMart,1,Bekasi,0
USR003933,Loyal,2024-12-23,9,10,703000.0,5751,Gold,GrabBike|GrabFood,2,Jakarta,0
USR004797,At_Risk,2024-11-11,51,2,132000.0,1205,Member,GrabCar|GrabExpress|GrabMart,3,Jakarta,0
USR004372,At_Risk,2024-10-25,68,3,172000.0,1547,Member,GrabExpress|GrabMart|GrabFood,3,Bandung,1
USR009862,Hibernating,2024-04-10,266,0,19000.0,227,Member,GrabCar|GrabMart,2,Jakarta,1
USR008242,Hibernating,2024-01-07,360,0,29000.0,317,Member,GrabBike,1,Bekasi,0
USR003448,Loyal,2024-12-05,27,10,486000.0,4367,Silver,GrabExpress|GrabFood,2,Jakarta,0
USR002943,Loyal,2024-12-04,28,12,563000.0,6139,Silver,GrabExpress,1,Jakarta,0
USR002465,Loyal,2024-12-19,13,11,739000.0,6675,Gold,GrabFood|GrabExpress|GrabBike,3,Jakarta,1
USR008582,Hibernating,2024-08-20,134,0,38000.0,369,Member,GrabExpress|GrabCar,2,Bekasi,1
USR005506,At_Risk,2024-11-16,46,5,272000.0,3007,Silver,GrabBike|GrabMart|GrabFood,3,Medan,1
USR002698,Loyal,2024-12-24,8,14,791000.0,9084,Gold,GrabMart,1,Bekasi,1
USR002447,Loyal,2024-12-21,11,8,745000.0,7612,Gold,GrabBike,1,Medan,0
USR000019,Champions,2024-12-27,5,27,1376000.0,15266,Gold,GrabMart|GrabFood|GrabExpress,3,Medan,0
USR002748,Loyal,2024-12-06,26,9,683000.0,7341,Gold,GrabBike|GrabMart,2,Jakarta,0
USR005399,At_Risk,2024-10-11,82,2,176000.0,1750,Member,GrabBike,1,Medan,1
USR008078,Hibernating,2024-02-23,313,0,27000.0,265,Member,GrabFood|GrabMart|GrabExpress,3,Bandung,1
USR006871,Promising,2024-12-13,19,6,133000.0,1187,Member,GrabCar,1,Medan,1
USR004708,At_Risk,2024-10-04,89,3,266000.0,2326,Silver,GrabBike|GrabMart|GrabExpress|GrabCar,4,Bandung,0
USR009476,Hibernating,2024-02-22,314,0,51000.0,599,Member,GrabBike|GrabCar,2,Jakarta,1
USR000809,Champions,2024-12-19,13,16,1064000.0,8821,Gold,GrabFood|GrabCar,2,Surabaya,0
USR007477,Promising,2024-12-26,6,4,228000.0,2426,Silver,GrabCar|GrabExpress,2,Bandung,0
USR002273,Loyal,2024-12-10,22,14,458000.0,5243,Silver,GrabExpress,1,Jakarta,1
USR001923,Loyal,2024-12-14,18,8,464000.0,4195,Silver,GrabCar,1,Jakarta,0
USR001470,Champions,2024-12-24,8,26,905000.0,7884,Gold,GrabExpress|GrabMart|GrabBike,3,Bandung,0
USR007934,Promising,2024-12-17,15,4,139000.0,1658,Member,GrabMart,1,Medan,0
USR007407,Promising,2024-12-13,19,5,100000.0,983,Member,GrabExpress,1,Jakarta,0
USR002406,Loyal,2024-12-15,17,11,341000.0,3210,Silver,GrabMart,1,Jakarta,0
USR001142,Champions,2024-12-29,3,28,1157000.0,11346,Gold,GrabCar,1,Medan,0
USR001747,Loyal,2024-12-09,23,10,362000.0,4278,Silver,GrabFood,1,Jakarta,0
USR005709,At_Risk,2024-10-28,65,5,343000.0,3327,Silver,GrabFood,1,Bekasi,0
USR004975,At_Risk,2024-10-07,86,2,346000.0,3846,Silver,GrabCar,1,Jakarta,1
USR007300,Promising,2024-12-20,12,3,86000.0,741,Member,GrabFood,1,Bekasi,0
USR008148,Hibernating,2024-07-23,162,0,77000.0,660,Member,GrabFood,1,Jakarta,0
USR002833,Loyal,2024-12-23,9,8,616000.0,5115,Gold,GrabFood|GrabCar,2,Jakarta,0
USR003131,Loyal,2024-12-04,28,14,729000.0,7255,Gold,GrabExpress|GrabFood|GrabBike,3,Surabaya,0
USR001310,Champions,2024-12-31,1,17,2153000.0,22063,Platinum,GrabMart|GrabExpress|GrabCar|GrabFood,4,Medan,0
USR008650,Hibernating,2024-03-05,302,0,27000.0,268,Member,GrabExpress,1,Bandung,1
USR006774,Promising,2024-12-14,18,6,143000.0,1170,Member,GrabFood,1,Jakarta,1
USR006756,Promising,2024-12-18,14,4,91000.0,773,Member,GrabExpress,1,Jakarta,0
USR000620,Champions,2024-12-23,9,25,1910000.0,17321,Platinum,GrabCar|GrabBike,2,Jakarta,0
USR002701,Loyal,2024-12-23,9,11,497000.0,5947,Silver,GrabFood|GrabMart|GrabCar,3,Jakarta,0
USR002199,Loyal,2024-12-24,8,13,365000.0,3486,Silver,GrabFood,1,Bekasi,0
USR006196,Promising,2024-12-12,20,4,132000.0,1391,Member,GrabExpress|GrabBike|GrabCar,3,Jakarta,0
USR008824,Hibernating,2024-03-21,286,0,4000.0,44,Member,GrabBike,1,Bandung,1
USR001046,Champions,2024-12-28,4,18,2304000.0,18713,Platinum,GrabFood|GrabMart|GrabBike|GrabExpress,4,Bekasi,0
USR005768,At_Risk,2024-10-15,78,5,102000.0,918,Member,GrabExpress|GrabBike,2,Jakarta,0
USR009947,Hibernating,2024-01-05,362,0,1000.0,11,Member,GrabCar,1,Bekasi,1
USR009019,Hibernating,2024-03-13,294,0,6000.0,64,Member,GrabMart|GrabBike,2,Jakarta,1
USR000743,Champions,2024-12-28,4,15,1605000.0,14969,Platinum,GrabFood,1,Jakarta,0
USR000222,Champions,2024-12-27,5,15,1783000.0,21305,Platinum,GrabBike|GrabCar,2,Jakarta,0
USR003149,Loyal,2024-12-09,23,9,721000.0,6655,Gold,GrabExpress|GrabBike,2,Jakarta,0
USR000625,Champions,2024-12-22,10,23,1472000.0,14676,Gold,GrabMart|GrabFood|GrabBike|GrabExpress,4,Jakarta,0
USR009334,Hibernating,2024-08-30,124,0,8000.0,91,Member,GrabBike|GrabExpress|GrabCar|GrabFood,4,Surabaya,1
USR007566,Promising,2024-12-14,18,5,143000.0,1690,Member,GrabBike|GrabMart,2,Surabaya,1
USR004582,At_Risk,2024-11-13,49,5,232000.0,2094,Silver,GrabCar|GrabExpress,2,Bandung,0
USR005711,At_Risk,2024-10-21,72,3,160000.0,1366,Member,GrabFood|GrabExpress,2,Surabaya,1
USR003284,Loyal,2024-12-05,27,10,579000.0,4764,Silver,GrabExpress|GrabFood|GrabBike,3,Surabaya,0
USR007585,Promising,2024-12-28,4,3,142000.0,1671,Member,GrabFood|GrabMart,2,Medan,1
USR009646,Hibernating,2024-09-12,111,0,1000.0,8,Member,GrabMart|GrabBike|GrabFood|GrabExpress,4,Jakarta,1
USR001530,Loyal,2024-12-08,24,14,561000.0,6118,Silver,GrabBike|GrabFood|GrabExpress,3,Bekasi,0
USR009685,Hibernating,2024-05-20,226,0,79000.0,770,Member,GrabExpress|GrabBike,2,Medan,0
USR000353,Champions,2024-12-26,6,17,1639000.0,13409,Platinum,GrabMart|GrabBike|GrabExpress,3,Bekasi,0
USR002474,Loyal,2024-12-08,24,10,729000.0,5935,Gold,GrabExpress,1,Bekasi,1
USR008013,Hibernating,2024-04-02,274,0,66000.0,630,Member,GrabFood|GrabCar,2,Surabaya,1
USR006475,Promising,2024-12-27,5,3,157000.0,1354,Member,GrabCar,1,Bekasi,0
USR006449,Promising,2024-12-17,15,4,240000.0,2258,Silver,GrabCar,1,Surabaya,1
USR000239,Champions,2024-12-24,8,24,1862000.0,15075,Platinum,GrabCar|GrabExpress|GrabMart,3,Jakarta,0
USR002625,Loyal,2024-12-18,14,14,385000.0,4509,Silver,GrabExpress,1,Jakarta,0
USR009786,Hibernating,2024-01-13,354,0,77000.0,673,Member,GrabCar,1,Jakarta,1
USR007198,Promising,2024-12-17,15,7,88000.0,929,Member,GrabExpress|GrabBike,2,Bekasi,1
USR007692,Promising,2024-12-24,8,4,132000.0,1121,Member,GrabFood,1,Jakarta,0
USR002997,Loyal,2024-12-13,19,12,438000.0,4916,Silver,GrabExpress,1,Jakarta,0
USR006440,Promising,2024-12-21,11,7,160000.0,1464,Member,GrabExpress,1,Jakarta,0
USR004562,At_Risk,2024-11-04,58,2,156000.0,1619,Member,GrabCar|GrabMart|GrabFood,3,Jakarta,1
USR008614,Hibernating,2024-01-31,336,0,52000.0,612,Member,GrabFood,1,Jakarta,0
USR001479,Champions,2024-12-29,3,15,1444000.0,16044,Gold,GrabExpress|GrabFood,2,Jakarta,0
USR001018,Champions,2024-12-21,11,29,1635000.0,13917,Platinum,GrabCar|GrabFood,2,Surabaya,0
USR003094,Loyal,2024-12-23,9,10,538000.0,5838,Silver,GrabMart|GrabCar,2,Jakarta,0
USR006182,Promising,2024-12-24,8,3,185000.0,1863,Member,GrabExpress,1,Bekasi,0
USR004960,At_Risk,2024-11-16,46,5,275000.0,2409,Silver,GrabMart,1,Jakarta,1
USR008492,Hibernating,2024-04-23,253,0,11000.0,123,Member,GrabExpress|GrabFood,2,Surabaya,1
USR001103,Champions,2024-12-25,7,18,1256000.0,13956,Gold,GrabMart|GrabCar|GrabFood,3,Bekasi,0
USR006081,Promising,2024-12-25,7,4,113000.0,1076,Member,GrabFood|GrabBike|GrabMart,3,Jakarta,1
USR009525,Hibernating,2024-03-11,296,0,20000.0,165,Member,GrabMart,1,Bekasi,1
USR005190,At_Risk,2024-11-03,59,2,199000.0,1768,Member,GrabBike|GrabCar|GrabMart,3,Jakarta,0
USR004181,At_Risk,2024-10-14,79,2,147000.0,1348,Member,GrabCar|GrabFood|GrabMart,3,Jakarta,0
USR004467,At_Risk,2024-11-15,47,2,258000.0,2451,Silver,GrabExpress,1,Medan,0
USR001626,Loyal,2024-12-03,29,9,419000.0,4432,Silver,GrabCar|GrabBike|GrabExpress,3,Surabaya,1
USR006717,Promising,2024-12-16,16,5,127000.0,1469,Member,GrabCar|GrabFood,2,Bandung,1
USR003798,Loyal,2024-12-16,16,11,336000.0,3501,Silver,GrabCar|GrabBike|GrabExpress,3,Surabaya,0
USR003053,Loyal,2024-12-14,18,14,366000.0,4064,Silver,GrabCar,1,Jakarta,0
USR002867,Loyal,2024-12-17,15,11,411000.0,4194,Silver,GrabMart|GrabBike,2,Medan,0
USR001432,Champions,2024-12-27,5,18,1835000.0,15572,Platinum,GrabMart|GrabBike|GrabCar,3,Jakarta,1
USR007983,Promising,2024-12-27,5,5,188000.0,2240,Member,GrabFood|GrabExpress|GrabMart,3,Jakarta,0
USR009346,Hibernating,2024-08-16,138,0,69000.0,605,Member,GrabFood,1,Bekasi,1
USR009419,Hibernating,2024-06-10,205,0,15000.0,137,Member,GrabMart,1,Jakarta,1
USR004076,At_Risk,2024-10-05,88,2,110000.0,1264,Member,GrabCar|GrabFood|GrabExpress,3,Medan,0
USR000217,Champions,2024-12-23,9,21,2175000.0,23635,Platinum,GrabFood|GrabBike,2,Surabaya,0
USR003555,Loyal,2024-12-05,27,9,668000.0,7274,Gold,GrabCar|GrabFood,2,Jakarta,0
USR007936,Promising,2024-12-14,18,6,141000.0,1165,Member,GrabMart,1,Jakarta,0
USR008421,Hibernating,2024-05-22,224,0,3000.0,29,Member,GrabMart|GrabExpress|GrabCar,3,Jakarta,1
USR001034,Champions,2024-12-24,8,20,1557000.0,15571,Platinum,GrabExpress|GrabMart|GrabBike|GrabCar,4,Jakarta,0
USR003773,Loyal,2024-12-12,20,8,456000.0,4655,Silver,GrabBike,1,Jakarta,1
USR004132,At_Risk,2024-10-26,67,5,313000.0,2811,Silver,GrabFood|GrabCar|GrabMart|GrabExpress,4,Surabaya,1
USR002335,Loyal,2024-12-17,15,14,644000.0,6892,Gold,GrabMart|GrabCar|GrabBike,3,Surabaya,0
USR006492,Promising,2024-12-18,14,6,214000.0,2027,Silver,GrabCar,1,Jakarta,0
USR001482,Champions,2024-12-30,2,28,1955000.0,18665,Platinum,GrabMart|GrabExpress|GrabCar|GrabBike,4,Jakarta,0
USR000906,Champions,2024-12-28,4,17,1915000.0,20373,Platinum,GrabCar|GrabFood|GrabExpress|GrabBike,4,Jakarta,0
USR006088,Promising,2024-12-28,4,4,207000.0,1715,Silver,GrabMart,1,Jakarta,1
USR006466,Promising,2024-12-12,20,7,105000.0,1148,Member,GrabExpress|GrabMart|GrabBike,3,Medan,0
USR005676,At_Risk,2024-10-31,62,2,143000.0,1268,Member,GrabExpress|GrabBike|GrabMart,3,Jakarta,1
USR002770,Loyal,2024-12-07,25,14,374000.0,3293,Silver,GrabFood|GrabBike,2,Bandung,0
USR001805,Loyal,2024-12-16,16,9,692000.0,5693,Gold,GrabMart,1,Jakarta,0
USR007374,Promising,2024-12-13,19,3,103000.0,1128,Member,GrabFood,1,Bekasi,1
USR002114,Loyal,2024-12-13,19,9,728000.0,6552,Gold,GrabMart,1,Surabaya,0
USR004534,At_Risk,2024-10-09,84,2,189000.0,1897,Member,GrabExpress|GrabMart|GrabFood,3,Bandung,0
USR002531,Loyal,2024-12-12,20,13,567000.0,4832,Silver,GrabFood|GrabExpress,2,Jakarta,0
USR008525,Hibernating,2024-01-05,362,0,33000.0,293,Member,GrabExpress|GrabMart,2,Jakarta,1
USR003470,Loyal,2024-12-09,23,12,691000.0,7296,Gold,GrabBike|GrabFood,2,Medan,0
USR001402,Champions,2024-12-21,11,28,1840000.0,16864,Platinum,GrabCar|GrabBike|GrabExpress,3,Jakarta,0
USR000852,Champions,2024-12-20,12,23,2397000.0,21723,Platinum,GrabMart|GrabFood|GrabBike,3,Bekasi,0
USR003082,Loyal,2024-12-15,17,14,561000.0,4994,Silver,GrabMart,1,Bekasi,0
USR008024,Hibernating,2024-05-28,218,0,23000.0,251,Member,GrabCar,1,Surabaya,1
USR007565,Promising,2024-12-23,9,3,93000.0,798,Member,GrabExpress|GrabFood,2,Surabaya,0
USR005529,At_Risk,2024-10-11,82,2,274000.0,3208,Silver,GrabExpress|GrabFood|GrabCar,3,Jakarta,1
USR007854,Promising,2024-12-15,17,7,152000.0,1492,Member,GrabBike|GrabMart,2,Bekasi,1
USR004932,At_Risk,2024-10-18,75,3,118000.0,1174,Member,GrabMart|GrabBike,2,Jakarta,0
USR005159,At_Risk,2024-11-03,59,2,180000.0,1732,Member,GrabMart|GrabBike|GrabExpress,3,Jakarta,1
USR009715,Hibernating,2024-05-01,245,0,7000.0,65,Member,GrabMart,1,Medan,1
USR003846,Loyal,2024-12-06,26,8,661000.0,7333,Gold,GrabCar,1,Jakarta,0
USR006483,Promising,2024-12-15,17,4,141000.0,1562,Member,GrabExpress,1,Jakarta,0
USR000747,Champions,2024-12-24,8,18,2468000.0,23817,Platinum,GrabMart|GrabCar,2,Jakarta,0
USR003034,Loyal,2024-12-22,10,11,571000.0,5160,Silver,GrabExpress,1,Surabaya,0
USR000347,Champions,2024-12-20,12,28,1120000.0,12583,Gold,GrabExpress|GrabBike|GrabFood,3,Medan,0
USR003351,Loyal,2024-12-06,26,8,800000.0,8864,Gold,GrabFood|GrabCar,2,Jakarta,0
USR002864,Loyal,2024-12-05,27,11,673000.0,6471,Gold,GrabBike,1,Bekasi,1
USR002167,Loyal,2024-12-12,20,13,591000.0,4947,Silver,GrabBike,1,Surabaya,0
USR006954,Promising,2024-12-14,18,7,150000.0,1594,Member,GrabMart,1,Jakarta,1
USR006209,Promising,2024-12-18,14,6,126000.0,1169,Member,GrabMart|GrabFood|GrabBike,3,Jakarta,0
USR002777,Loyal,2024-12-14,18,12,407000.0,3401,Silver,GrabCar,1,Bandung,0
USR001441,Champions,2024-12-26,6,25,938000.0,9759,Gold,GrabCar|GrabExpress|GrabFood,3,Jakarta,0
USR005657,At_Risk,2024-10-14,79,5,275000.0,2874,Silver,GrabCar|GrabFood|GrabMart|GrabBike,4,Bandung,0
USR009657,Hibernating,2024-03-29,278,0,36000.0,380,Member,GrabFood|GrabCar,2,Bekasi,1
USR003027,Loyal,2024-12-16,16,9,771000.0,7214,Gold,GrabFood|GrabBike,2,Medan,0
USR006117,Promising,2024-12-23,9,5,249000.0,2257,Silver,GrabCar|GrabBike,2,Jakarta,0
USR002483,Loyal,2024-12-25,7,9,593000.0,5636,Silver,GrabFood|GrabExpress,2,Surabaya,1
USR002882,Loyal,2024-12-04,28,9,543000.0,6171,Silver,GrabCar|GrabFood,2,Surabaya,0
USR005561,At_Risk,2024-10-10,83,3,213000.0,2038,Silver,GrabBike|GrabCar,2,Jakarta,1
USR000763,Champions,2024-12-29,3,17,1207000.0,9878,Gold,GrabFood|GrabCar|GrabMart,3,Jakarta,0
USR006481,Promising,2024-12-19,13,4,90000.0,1007,Member,GrabFood,1,Jakarta,0
USR001616,Loyal,2024-12-10,22,8,309000.0,3629,Silver,GrabBike|GrabFood,2,Jakarta,0
USR001222,Champions,2024-12-31,1,19,1438000.0,15153,Gold,GrabExpress|GrabMart,2,Surabaya,0
USR008664,Hibernating,2024-01-22,345,0,53000.0,626,Member,GrabFood|GrabCar|GrabBike,3,Jakarta,1
USR006221,Promising,2024-12-26,6,5,226000.0,1999,Silver,GrabMart|GrabCar|GrabFood,3,Medan,1
USR001576,Loyal,2024-12-21,11,13,454000.0,4267,Silver,GrabCar,1,Jakarta,0
USR009391,Hibernating,2024-06-04,211,0,71000.0,838,Member,GrabExpress,1,Jakarta,1
USR006350,Promising,2024-12-17,15,6,194000.0,2155,Member,GrabCar|GrabBike|GrabFood,3,Surabaya,0
USR003782,Loyal,2024-12-16,16,9,524000.0,5830,Silver,GrabMart|GrabBike,2,Jakarta,0
USR004374,At_Risk,2024-11-02,60,3,145000.0,1418,Member,GrabCar|GrabExpress|GrabFood,3,Jakarta,1
USR000708,Champions,2024-12-23,9,17,1640000.0,18308,Platinum,GrabBike|GrabFood,2,Medan,0
USR000509,Champions,2024-12-21,11,27,2021000.0,23581,Platinum,GrabExpress|GrabBike|GrabCar,3,Bandung,1
USR002954,Loyal,2024-12-25,7,14,446000.0,3782,Silver,GrabBike|GrabExpress,2,Jakarta,0
USR007537,Promising,2024-12-12,20,3,175000.0,1634,Member,GrabCar|GrabFood|GrabExpress,3,Jakarta,1
USR006338,Promising,2024-12-27,5,6,202000.0,2109,Silver,GrabMart,1,Jakarta,0
USR008922,Hibernating,2024-05-03,243,0,10000.0,81,Member,GrabFood|GrabExpress|GrabCar,3,Bekasi,1
USR007063,Promising,2024-12-17,15,7,179000.0,1659,Member,GrabMart,1,Jakarta,0
USR007162,Promising,2024-12-19,13,4,120000.0,1282,Member,GrabExpress|GrabCar|GrabFood|GrabMart,4,Jakarta,0
USR007371,Promising,2024-12-20,12,6,243000.0,2145,Silver,GrabExpress,1,Jakarta,0
USR006828,Promising,2024-12-25,7,4,117000.0,995,Member,GrabFood|GrabBike,2,Surabaya,0
USR003615,Loyal,2024-12-18,14,8,318000.0,2811,Silver,GrabBike|GrabExpress,2,Bandung,1
USR004656,At_Risk,2024-11-12,50,3,214000.0,1789,Silver,GrabFood|GrabMart|GrabBike,3,Jakarta,0
USR006975,Promising,2024-12-22,10,6,190000.0,1952,Member,GrabExpress,1,Jakarta,0
USR004350,At_Risk,2024-10-10,83,4,166000.0,1715,Member,GrabBike|GrabMart|GrabCar,3,Medan,1
USR000711,Champions,2024-12-21,11,28,1252000.0,11607,Gold,GrabFood|GrabMart|GrabBike,3,Jakarta,0
USR006478,Promising,2024-12-28,4,6,162000.0,1647,Member,GrabBike|GrabFood,2,Jakarta,0
USR009129,Hibernating,2024-07-22,163,0,52000.0,537,Member,GrabFood|GrabBike,2,Jakarta,1
USR008204,Hibernating,2024-08-23,131,0,6000.0,61,Member,GrabFood|GrabBike,2,Surabaya,1
USR009203,Hibernating,2024-04-27,249,0,1000.0,8,Member,GrabFood|GrabBike,2,Bekasi,1
USR000712,Champions,2024-12-28,4,16,1439000.0,11810,Gold,GrabCar|GrabFood,2,Surabaya,0
USR009112,Hibernating,2024-06-14,201,0,5000.0,50,Member,GrabCar|GrabBike,2,Jakarta,1
USR001245,Champions,2024-12-22,10,26,1094000.0,9753,Gold,GrabMart|GrabExpress|GrabBike|GrabCar,4,Bekasi,0
USR009785,Hibernating,2024-04-01,275,0,23000.0,231,Member,GrabFood,1,Bandung,1
USR006848,Promising,2024-12-13,19,5,220000.0,1863,Silver,GrabCar,1,Jakarta,0
USR005133,At_Risk,2024-11-01,61,5,267000.0,3035,Silver,GrabFood,1,Bekasi,0
USR000715,Champions,2024-12-28,4,19,1106000.0,11422,Gold,GrabCar|GrabExpress|GrabFood,3,Jakarta,0
USR003463,Loyal,2024-12-15,17,13,663000.0,6259,Gold,GrabMart,1,Surabaya,0
USR004394,At_Risk,2024-10-18,75,2,153000.0,1687,Member,GrabFood|GrabExpress|GrabCar,3,Bandung,1
USR004568,At_Risk,2024-10-29,64,2,304000.0,2492,Silver,GrabExpress,1,Jakarta,1
USR008803,Hibernating,2024-04-30,246,0,46000.0,394,Member,GrabBike|GrabMart|GrabFood,3,Surabaya,0
USR008489,Hibernating,2024-03-18,289,0,46000.0,496,Member,GrabMart,1,Jakarta,1
USR007701,Promising,2024-12-26,6,5,92000.0,863,Member,GrabCar|GrabExpress,2,Jakarta,1
USR000212,Champions,2024-12-27,5,29,1158000.0,13339,Gold,GrabMart|GrabExpress|GrabCar|GrabBike,4,Bandung,0
USR009767,Hibernating,2024-09-11,112,0,1000.0,10,Member,GrabCar|GrabExpress|GrabFood|GrabBike,4,Jakarta,1
USR006838,Promising,2024-12-16,16,7,112000.0,1261,Member,GrabCar|GrabFood|GrabMart,3,Surabaya,1
USR001010,Champions,2024-12-30,2,25,2435000.0,24547,Platinum,GrabMart|GrabBike,2,Jakarta,0
USR000323,Champions,2024-12-23,9,25,815000.0,9676,Gold,GrabFood|GrabCar,2,Jakarta,0
USR005396,At_Risk,2024-10-11,82,3,203000.0,1866,Silver,GrabMart|GrabExpress|GrabCar,3,Bandung,1
USR005990,At_Risk,2024-10-14,79,3,253000.0,2686,Silver,GrabBike|GrabExpress,2,Medan,1
USR003172,Loyal,2024-12-09,23,8,628000.0,6691,Gold,GrabCar|GrabBike|GrabMart,3,Jakarta,0
USR000334,Champions,2024-12-28,4,24,1847000.0,20274,Platinum,GrabCar|GrabMart,2,Jakarta,0
USR008305,Hibernating,2024-04-04,272,0,25000.0,233,Member,GrabBike|GrabMart|GrabFood|GrabExpress,4,Surabaya,1
USR002210,Loyal,2024-12-20,12,12,447000.0,4354,Silver,GrabMart,1,Jakarta,0
USR004271,At_Risk,2024-10-28,65,5,276000.0,2571,Silver,GrabBike,1,Jakarta,0
USR006740,Promising,2024-12-21,11,7,90000.0,840,Member,GrabExpress,1,Bekasi,0
USR000233,Champions,2024-12-21,11,27,1963000.0,15788,Platinum,GrabCar|GrabFood|GrabBike|GrabMart,4,Bandung,0
USR005950,At_Risk,2024-11-05,57,4,221000.0,2463,Silver,GrabMart,1,Bekasi,0
USR005737,At_Risk,2024-10-22,71,3,116000.0,1011,Member,GrabBike,1,Bandung,1
USR007921,Promising,2024-12-24,8,6,162000.0,1454,Member,GrabExpress,1,Surabaya,0
USR002348,Loyal,2024-12-06,26,14,370000.0,3805,Silver,GrabMart|GrabFood,2,Surabaya,0
USR002036,Loyal,2024-12-18,14,9,547000.0,6084,Silver,GrabCar,1,Bandung,1
USR007484,Promising,2024-12-26,6,6,228000.0,2076,Silver,GrabMart|GrabCar,2,Bandung,0
USR006006,Promising,2024-12-27,5,6,191000.0,1660,Member,GrabFood|GrabExpress,2,Bandung,1
USR004553,At_Risk,2024-11-16,46,3,278000.0,3172,Silver,GrabBike,1,Jakarta,0
USR008072,Hibernating,2024-09-04,119,0,25000.0,278,Member,GrabCar,1,Medan,1
USR001458,Champions,2024-12-23,9,22,2463000.0,22770,Platinum,GrabCar|GrabBike|GrabFood|GrabExpress,4,Bandung,0
USR003288,Loyal,2024-12-15,17,10,625000.0,5102,Gold,GrabMart|GrabCar,2,Jakarta,0
USR003064,Loyal,2024-12-21,11,10,680000.0,7973,Gold,GrabFood|GrabMart,2,Medan,0
USR009436,Hibernating,2024-10-01,92,0,64000.0,567,Member,GrabBike|GrabMart|GrabExpress,3,Bandung,0
USR000774,Champions,2024-12-19,13,26,2359000.0,19412,Platinum,GrabFood|GrabMart,2,Bandung,0
USR006832,Promising,2024-12-17,15,5,202000.0,2292,Silver,GrabCar,1,Bekasi,1
USR000871,Champions,2024-12-20,12,18,1941000.0,17242,Platinum,GrabCar|GrabFood|GrabMart,3,Medan,0
USR008749,Hibernating,2024-06-06,209,0,31000.0,358,Member,GrabBike,1,Surabaya,1
USR001263,Champions,2024-12-25,7,23,2420000.0,24156,Platinum,GrabBike|GrabExpress|GrabCar,3,Bekasi,0
USR004833,At_Risk,2024-10-30,63,4,263000.0,2399,Silver,GrabFood,1,Jakarta,0
USR003894,Loyal,2024-12-18,14,9,546000.0,5667,Silver,GrabCar,1,Jakarta,0
USR006323,Promising,2024-12-22,10,4,180000.0,1920,Member,GrabExpress,1,Bandung,0
USR009212,Hibernating,2024-08-13,141,0,77000.0,881,Member,GrabExpress|GrabBike|GrabFood,3,Bekasi,0
USR007019,Promising,2024-12-26,6,4,203000.0,1750,Silver,GrabFood,1,Bandung,0
USR001220,Champions,2024-12-22,10,21,1161000.0,13584,Gold,GrabMart|GrabBike|GrabExpress,3,Bandung,0
USR001446,Champions,2024-12-24,8,25,1674000.0,16379,Platinum,GrabFood|GrabMart|GrabExpress,3,Bandung,0
USR003184,Loyal,2024-12-11,21,14,479000.0,5523,Silver,GrabBike|GrabMart,2,Surabaya,0
USR000408,Champions,2024-12-23,9,27,1942000.0,17449,Platinum,GrabBike|GrabCar|GrabExpress,3,Jakarta,0
USR004344,At_Risk,2024-11-11,51,5,246000.0,2915,Silver,GrabMart|GrabExpress,2,Jakarta,1
USR003021,Loyal,2024-12-25,7,12,669000.0,6225,Gold,GrabCar|GrabBike|GrabFood|GrabExpress,4,Bekasi,0
USR002303,Loyal,2024-12-04,28,12,435000.0,3623,Silver,GrabCar|GrabFood|GrabBike,3,Surabaya,0
USR006271,Promising,2024-12-12,20,3,111000.0,1040,Member,GrabCar|GrabExpress|GrabBike|GrabFood,4,Bandung,0
USR008280,Hibernating,2024-05-08,238,0,31000.0,323,Member,GrabCar,1,Jakarta,1
USR006641,Promising,2024-12-25,7,3,196000.0,2148,Member,GrabExpress|GrabMart,2,Surabaya,0
USR006955,Promising,2024-12-13,19,4,190000.0,1789,Member,GrabCar|GrabMart,2,Jakarta,0
USR002109,Loyal,2024-12-04,28,10,759000.0,6595,Gold,GrabBike,1,Bandung,0
USR005351,At_Risk,2024-11-04,58,4,142000.0,1282,Member,GrabCar|GrabFood,2,Jakarta,0
USR009683,Hibernating,2024-01-28,339,0,75000.0,717,Member,GrabCar,1,Bandung,1
USR008343,Hibernating,2024-03-26,281,0,9000.0,90,Member,GrabCar,1,Bekasi,1
USR004549,At_Risk,2024-10-09,84,5,169000.0,1780,Member,GrabMart|GrabCar,2,Jakarta,0
USR001880,Loyal,2024-12-16,16,13,407000.0,4229,Silver,GrabMart,1,Medan,0
USR005945,At_Risk,2024-10-15,78,4,128000.0,1310,Member,GrabMart,1,Jakarta,0
USR001737,Loyal,2024-12-13,19,10,697000.0,6672,Gold,GrabBike,1,Jakarta,0
USR007793,Promising,2024-12-28,4,7,172000.0,2057,Member,GrabExpress,1,Jakarta,0
USR005212,At_Risk,2024-10-16,77,2,325000.0,3000,Silver,GrabCar|GrabExpress,2,Surabaya,1
USR003208,Loyal,2024-12-16,16,8,598000.0,6421,Silver,GrabBike|GrabCar,2,Bekasi,0
USR007082,Promising,2024-12-12,20,3,132000.0,1431,Member,GrabCar|GrabFood|GrabBike,3,Jakarta,0
USR002055,Loyal,2024-12-06,26,9,389000.0,3508,Silver,GrabExpress|GrabFood|GrabCar,3,Bekasi,0
USR001688,Loyal,2024-12-04,28,13,326000.0,3013,Silver,GrabFood,1,Jakarta,0
USR004779,At_Risk,2024-10-06,87,2,134000.0,1471,Member,GrabMart,1,Medan,0
USR007475,Promising,2024-12-12,20,4,206000.0,1861,Silver,GrabBike|GrabCar|GrabFood,3,Surabaya,1
USR007876,Promising,2024-12-19,13,5,177000.0,1874,Member,GrabMart,1,Jakarta,0
USR006749,Promising,2024-12-12,20,7,232000.0,1931,Silver,GrabMart|GrabFood|GrabCar|GrabExpress,4,Jakarta,1
USR008555,Hibernating,2024-05-11,235,0,30000.0,355,Member,GrabExpress|GrabBike|GrabCar|GrabFood,4,Bandung,1
USR008122,Hibernating,2024-03-07,300,0,58000.0,593,Member,GrabExpress|GrabBike,2,Surabaya,1
USR006990,Promising,2024-12-15,17,6,129000.0,1206,Member,GrabMart|GrabCar|GrabFood|GrabBike,4,Jakarta,0
USR008266,Hibernating,2024-07-14,171,0,18000.0,150,Member,GrabCar,1,Bekasi,1
USR008539,Hibernating,2024-06-20,195,0,46000.0,415,Member,GrabBike,1,Jakarta,1
USR003392,Loyal,2024-12-23,9,11,582000.0,5118,Silver,GrabFood,1,Jakarta,0
USR006325,Promising,2024-12-17,15,4,236000.0,2021,Silver,GrabBike|GrabFood,2,Bandung,1
USR003528,Loyal,2024-12-03,29,10,418000.0,4496,Silver,GrabFood|GrabBike|GrabMart,3,Medan,0
USR004604,At_Risk,2024-10-28,65,5,179000.0,1737,Member,GrabFood|GrabExpress|GrabBike,3,Bekasi,0
USR007023,Promising,2024-12-28,4,7,109000.0,997,Member,GrabBike|GrabCar,2,Surabaya,1
USR006321,Promising,2024-12-14,18,6,169000.0,1413,Member,GrabExpress|GrabBike|GrabFood|GrabCar,4,Surabaya,1
USR000745,Champions,2024-12-30,2,15,1963000.0,22433,Platinum,GrabFood|GrabExpress,2,Bekasi,1
USR000710,Champions,2024-12-23,9,27,2311000.0,24595,Platinum,GrabFood,1,Jakarta,0
USR000379,Champions,2024-12-29,3,25,2067000.0,16582,Platinum,GrabExpress|GrabBike|GrabFood|GrabMart,4,Surabaya,0
USR008782,Hibernating,2024-01-11,356,0,8000.0,80,Member,GrabExpress,1,Jakarta,1
USR003011,Loyal,2024-12-10,22,10,721000.0,6252,Gold,GrabCar,1,Jakarta,0
USR008858,Hibernating,2024-06-20,195,0,65000.0,536,Member,GrabMart|GrabBike,2,Bandung,1
USR007152,Promising,2024-12-13,19,4,86000.0,798,Member,GrabMart|GrabBike,2,Surabaya,0
USR008566,Hibernating,2024-07-25,160,0,50000.0,429,Member,GrabFood|GrabExpress|GrabCar,3,Bandung,1
USR003497,Loyal,2024-12-25,7,8,511000.0,4234,Silver,GrabMart,1,Jakarta,0
USR003889,Loyal,2024-12-16,16,8,581000.0,5829,Silver,GrabFood|GrabBike,2,Jakarta,0
USR004484,At_Risk,2024-10-07,86,3,203000.0,2351,Silver,GrabBike,1,Jakarta,1
USR004011,At_Risk,2024-11-15,47,4,337000.0,3576,Silver,GrabMart|GrabFood,2,Bekasi,0
USR002619,Loyal,2024-12-15,17,12,762000.0,7152,Gold,GrabBike,1,Jakarta,0
USR006670,Promising,2024-12-13,19,4,103000.0,958,Member,GrabMart,1,Jakarta,0
USR006512,Promising,2024-12-15,17,5,137000.0,1576,Member,GrabMart|GrabCar,2,Jakarta,0
USR003467,Loyal,2024-12-09,23,11,782000.0,7165,Gold,GrabFood|GrabMart,2,Bekasi,0
USR001313,Champions,2024-12-20,12,17,1068000.0,11912,Gold,GrabMart|GrabCar|GrabFood,3,Medan,0
USR008605,Hibernating,2024-01-18,349,0,33000.0,380,Member,GrabCar|GrabMart|GrabFood,3,Bandung,1
USR002069,Loyal,2024-12-09,23,9,651000.0,5767,Gold,GrabCar|GrabBike|GrabFood,3,Bekasi,0
USR002982,Loyal,2024-12-13,19,13,376000.0,3129,Silver,GrabFood,1,Jakarta,0
USR005914,At_Risk,2024-10-31,62,3,348000.0,3390,Silver,GrabFood|GrabBike,2,Bekasi,0
USR009170,Hibernating,2024-09-13,110,0,57000.0,627,Member,GrabExpress|GrabBike|GrabMart,3,Jakarta,1
USR001285,Champions,2024-12-23,9,17,1930000.0,18911,Platinum,GrabCar|GrabBike,2,Jakarta,0
USR008990,Hibernating,2024-01-15,352,0,73000.0,721,Member,GrabCar,1,Bekasi,1
USR008429,Hibernating,2024-06-17,198,0,42000.0,468,Member,GrabFood|GrabBike|GrabMart,3,Bekasi,1
USR001349,Champions,2024-12-30,2,29,1683000.0,15150,Platinum,GrabBike|GrabCar,2,Bandung,0
USR002611,Loyal,2024-12-19,13,11,775000.0,6627,Gold,GrabCar,1,Jakarta,1
USR009494,Hibernating,2024-08-16,138,0,14000.0,112,Member,GrabBike|GrabFood,2,Bekasi,1
USR003668,Loyal,2024-12-07,25,14,376000.0,3830,Silver,GrabBike|GrabExpress|GrabCar|GrabMart,4,Surabaya,0
USR002221,Loyal,2024-12-25,7,8,342000.0,3080,Silver,GrabBike|GrabMart|GrabCar,3,Bandung,1
USR000427,Champions,2024-12-27,5,19,2181000.0,19211,Platinum,GrabBike,1,Jakarta,0
USR000653,Champions,2024-12-27,5,17,1125000.0,12998,Gold,GrabCar|GrabFood,2,Bandung,0
USR009913,Hibernating,2024-08-02,152,0,43000.0,482,Member,GrabMart|GrabBike|GrabExpress|GrabFood,4,Bandung,1
USR003535,Loyal,2024-12-17,15,12,478000.0,5707,Silver,GrabBike,1,Bandung,0
USR007736,Promising,2024-12-23,9,6,100000.0,1132,Member,GrabBike|GrabExpress|GrabFood,3,Medan,0
USR003245,Loyal,2024-12-04,28,12,329000.0,2882,Silver,GrabFood|GrabExpress|GrabCar|GrabBike,4,Bandung,0
USR004740,At_Risk,2024-10-31,62,4,268000.0,2513,Silver,GrabMart|GrabFood,2,Bandung,1
USR009068,Hibernating,2024-04-21,255,0,42000.0,426,Member,GrabFood,1,Jakarta,1
USR004099,At_Risk,2024-10-30,63,4,136000.0,1522,Member,GrabBike,1,Jakarta,0
USR004100,At_Risk,2024-11-06,56,4,239000.0,1955,Silver,GrabExpress,1,Jakarta,0
USR006959,Promising,2024-12-26,6,5,204000.0,2401,Silver,GrabExpress,1,Surabaya,1
USR000611,Champions,2024-12-25,7,27,1670000.0,14602,Platinum,GrabFood|GrabExpress|GrabBike|GrabMart,4,Bandung,0
USR004288,At_Risk,2024-10-09,84,5,243000.0,2587,Silver,GrabFood,1,Surabaya,1
USR008570,Hibernating,2024-01-12,355,0,4000.0,33,Member,GrabCar|GrabFood|GrabMart|GrabExpress,4,Bekasi,1
USR009712,Hibernating,2024-09-16,107,0,62000.0,584,Member,GrabBike|GrabMart|GrabExpress,3,Medan,1
USR001543,Loyal,2024-12-12,20,9,706000.0,8185,Gold,GrabExpress,1,Surabaya,0
USR009535,Hibernating,2024-03-19,288,0,37000.0,428,Member,GrabMart,1,Jakarta,1
USR003853,Loyal,2024-12-18,14,11,493000.0,4820,Silver,GrabBike,1,Jakarta,0
USR000554,Champions,2024-12-30,2,20,1123000.0,11794,Gold,GrabFood|GrabCar|GrabMart|GrabExpress,4,Jakarta,0
USR006365,Promising,2024-12-20,12,4,221000.0,2361,Silver,GrabExpress|GrabMart,2,Jakarta,1
USR000511,Champions,2024-12-28,4,28,1990000.0,22094,Platinum,GrabBike|GrabMart|GrabExpress,3,Jakarta,0
USR003206,Loyal,2024-12-04,28,12,320000.0,3577,Silver,GrabMart|GrabExpress,2,Bandung,0
USR008084,Hibernating,2024-04-20,256,0,73000.0,681,Member,GrabExpress|GrabBike|GrabMart,3,Bandung,1
USR000967,Champions,2024-12-26,6,18,1836000.0,17906,Platinum,GrabBike|GrabCar|GrabFood|GrabMart,4,Bekasi,0
USR006043,Promising,2024-12-19,13,7,199000.0,1687,Member,GrabMart|GrabFood,2,Jakarta,1
USR006879,Promising,2024-12-12,20,7,161000.0,1501,Member,GrabBike|GrabFood|GrabCar,3,Surabaya,0
USR006775,Promising,2024-12-14,18,7,143000.0,1674,Member,GrabCar|GrabMart,2,Medan,0
USR003295,Loyal,2024-12-18,14,9,655000.0,5858,Gold,GrabMart|GrabCar|GrabFood,3,Jakarta,0
USR008701,Hibernating,2024-05-24,222,0,23000.0,252,Member,GrabCar|GrabFood,2,Surabaya,0
USR003429,Loyal,2024-12-21,11,9,653000.0,5422,Gold,GrabMart|GrabExpress|GrabFood|GrabCar,4,Jakarta,0
USR008870,Hibernating,2024-07-16,169,0,79000.0,777,Member,GrabBike,1,Bekasi,1
USR006962,Promising,2024-12-12,20,7,103000.0,1055,Member,GrabFood|GrabExpress,2,Jakarta,1
USR002088,Loyal,2024-12-13,19,13,370000.0,3548,Silver,GrabCar|GrabMart|GrabBike|GrabFood,4,Jakarta,0
USR008499,Hibernating,2024-10-02,91,0,68000.0,545,Member,GrabExpress|GrabFood|GrabBike,3,Jakarta,1
USR006162,Promising,2024-12-15,17,5,218000.0,1932,Silver,GrabExpress|GrabBike|GrabCar,3,Jakarta,0
USR003210,Loyal,2024-12-22,10,10,653000.0,7451,Gold,GrabBike|GrabExpress,2,Bekasi,0
USR009200,Hibernating,2024-09-29,94,0,71000.0,818,Member,GrabCar,1,Bekasi,1
USR006605,Promising,2024-12-12,20,7,184000.0,2109,Member,GrabExpress|GrabFood|GrabCar,3,Surabaya,0
USR001109,Champions,2024-12-29,3,25,1637000.0,18749,Platinum,GrabExpress|GrabCar|GrabMart,3,Jakarta,0
USR005728,At_Risk,2024-10-07,86,2,167000.0,1954,Member,GrabCar|GrabExpress,2,Jakarta,1
USR007829,Promising,2024-12-19,13,5,228000.0,2414,Silver,GrabBike,1,Medan,0
USR001038,Champions,2024-12-29,3,24,1724000.0,14567,Platinum,GrabMart|GrabBike|GrabCar,3,Surabaya,0
USR001194,Champions,2024-12-29,3,19,1923000.0,21922,Platinum,GrabMart|GrabExpress|GrabCar,3,Surabaya,0
USR004474,At_Risk,2024-11-07,55,4,306000.0,2548,Silver,GrabExpress,1,Bandung,0
USR009874,Hibernating,2024-08-14,140,0,9000.0,107,Member,GrabBike|GrabFood|GrabMart|GrabCar,4,Jakarta,1
USR002122,Loyal,2024-12-25,7,9,715000.0,8213,Gold,GrabFood|GrabMart,2,Jakarta,0
USR004982,At_Risk,2024-11-06,56,4,292000.0,2759,Silver,GrabBike|GrabCar,2,Medan,1
USR008973,Hibernating,2024-03-10,297,0,42000.0,499,Member,GrabCar|GrabFood|GrabExpress|GrabMart,4,Surabaya,1
USR005700,At_Risk,2024-11-16,46,5,166000.0,1718,Member,GrabCar,1,Bekasi,1
USR000934,Champions,2024-12-22,10,15,1673000.0,13625,Platinum,GrabCar|GrabExpress|GrabMart,3,Bekasi,0
USR006101,Promising,2024-12-14,18,4,232000.0,2037,Silver,GrabBike|GrabFood,2,Jakarta,1
USR004689,At_Risk,2024-11-16,46,4,335000.0,3016,Silver,GrabCar|GrabFood,2,Jakarta,0
USR000394,Champions,2024-12-22,10,17,1796000.0,16492,Platinum,GrabBike|GrabExpress,2,Jakarta,0
USR004685,At_Risk,2024-10-12,81,5,323000.0,2979,Silver,GrabBike|GrabExpress,2,Bekasi,1
USR008776,Hibernating,2024-09-11,112,0,35000.0,365,Member,GrabFood|GrabBike,2,Surabaya,1
USR009165,Hibernating,2024-06-01,214,0,68000.0,655,Member,GrabBike|GrabFood|GrabMart,3,Surabaya,1
USR005980,At_Risk,2024-10-07,86,4,245000.0,2366,Silver,GrabCar,1,Jakarta,0
USR009942,Hibernating,2024-06-24,191,0,24000.0,238,Member,GrabBike,1,Jakarta,1
USR002191,Loyal,2024-12-06,26,11,315000.0,3003,Silver,GrabMart|GrabExpress|GrabFood,3,Jakarta,0
USR001297,Champions,2024-12-21,11,19,1626000.0,18458,Platinum,GrabFood|GrabMart,2,Surabaya,0
USR005044,At_Risk,2024-10-13,80,2,344000.0,3244,Silver,GrabBike|GrabCar,2,Bandung,0
USR001162,Champions,2024-12-28,4,28,846000.0,7541,Gold,GrabExpress|GrabCar|GrabMart,3,Jakarta,0
USR004254,At_Risk,2024-10-21,72,5,302000.0,2682,Silver,GrabFood,1,Bandung,1
USR006372,Promising,2024-12-17,15,4,205000.0,2143,Silver,GrabFood|GrabBike|GrabExpress|GrabMart,4,Jakarta,0
USR001527,Loyal,2024-12-21,11,10,362000.0,3861,Silver,GrabMart|GrabBike,2,Jakarta,0
USR004342,At_Risk,2024-10-26,67,4,204000.0,1694,Silver,GrabFood,1,Bekasi,0
USR002030,Loyal,2024-12-04,28,14,404000.0,4480,Silver,GrabMart,1,Surabaya,0
USR003060,Loyal,2024-12-13,19,9,371000.0,3930,Silver,GrabCar,1,Jakarta,1
USR000058,Champions,2024-12-27,5,21,1671000.0,18159,Platinum,GrabExpress|GrabBike,2,Jakarta,0
USR002405,Loyal,2024-12-15,17,10,587000.0,6483,Silver,GrabBike,1,Medan,1
USR005006,At_Risk,2024-10-09,84,2,222000.0,2311,Silver,GrabCar|GrabExpress,2,Jakarta,1
USR006157,Promising,2024-12-15,17,5,90000.0,773,Member,GrabMart|GrabBike,2,Jakarta,0
USR007375,Promising,2024-12-25,7,4,163000.0,1368,Member,GrabFood|GrabExpress,2,Bandung,0
USR004506,At_Risk,2024-10-28,65,2,291000.0,3415,Silver,GrabCar|GrabFood,2,Bekasi,0
USR005214,At_Risk,2024-10-24,69,3,332000.0,3726,Silver,GrabCar|GrabMart|GrabFood|GrabExpress,4,Jakarta,0
USR006029,Promising,2024-12-28,4,5,146000.0,1508,Member,GrabFood|GrabBike|GrabMart,3,Bekasi,0
USR001780,Loyal,2024-12-04,28,13,702000.0,8334,Gold,GrabExpress|GrabBike|GrabMart,3,Bekasi,0
USR005447,At_Risk,2024-11-15,47,2,102000.0,1080,Member,GrabCar,1,Jakarta,0
USR004606,At_Risk,2024-10-25,68,5,259000.0,2424,Silver,GrabMart,1,Surabaya,0
USR006914,Promising,2024-12-24,8,3,130000.0,1558,Member,GrabFood|GrabExpress,2,Medan,0
USR000676,Champions,2024-12-23,9,24,1040000.0,8491,Gold,GrabBike|GrabFood|GrabExpress|GrabMart,4,Jakarta,0
USR003582,Loyal,2024-12-16,16,9,379000.0,4323,Silver,GrabExpress|GrabFood|GrabMart|GrabCar,4,Jakarta,0
USR003653,Loyal,2024-12-03,29,8,383000.0,3775,Silver,GrabExpress|GrabFood|GrabMart,3,Bekasi,0
USR007920,Promising,2024-12-24,8,4,147000.0,1244,Member,GrabFood|GrabMart|GrabBike,3,Jakarta,0
USR009499,Hibernating,2024-05-25,221,0,48000.0,557,Member,GrabMart,1,Jakarta,0
USR002732,Loyal,2024-12-12,20,14,471000.0,4628,Silver,GrabMart|GrabFood,2,Medan,0
USR004787,At_Risk,2024-10-18,75,4,307000.0,2741,Silver,GrabCar|GrabBike,2,Jakarta,1
USR002754,Loyal,2024-12-08,24,10,412000.0,3447,Silver,GrabMart|GrabBike|GrabFood|GrabExpress,4,Medan,1
USR002337,Loyal,2024-12-18,14,14,696000.0,6089,Gold,GrabBike,1,Jakarta,0
USR003643,Loyal,2024-12-10,22,14,699000.0,6356,Gold,GrabFood,1,Bandung,0
USR007737,Promising,2024-12-28,4,4,163000.0,1582,Member,GrabExpress,1,Bandung,0
USR005516,At_Risk,2024-11-05,57,5,288000.0,3298,Silver,GrabMart,1,Jakarta,1
USR005246,At_Risk,2024-10-05,88,5,265000.0,3043,Silver,GrabFood,1,Medan,0
USR000866,Champions,2024-12-25,7,26,914000.0,8359,Gold,GrabMart|GrabExpress|GrabFood,3,Surabaya,0
USR004447,At_Risk,2024-11-08,54,5,209000.0,2485,Silver,GrabFood,1,Bekasi,1
USR005071,At_Risk,2024-10-27,66,4,129000.0,1342,Member,GrabCar,1,Bekasi,1
USR004881,At_Risk,2024-11-12,50,5,320000.0,2852,Silver,GrabFood,1,Jakarta,1
USR009510,Hibernating,2024-02-12,324,0,79000.0,888,Member,GrabMart,1,Jakarta,1
USR003002,Loyal,2024-12-10,22,8,720000.0,7456,Gold,GrabFood|GrabMart,2,Jakarta,0
USR002225,Loyal,2024-12-25,7,14,757000.0,6837,Gold,GrabFood,1,Jakarta,1
USR009056,Hibernating,2024-04-01,275,0,56000.0,557,Member,GrabMart|GrabFood,2,Bandung,1
USR004826,At_Risk,2024-11-05,57,5,177000.0,1817,Member,GrabCar,1,Jakarta,1
USR007621,Promising,2024-12-20,12,7,103000.0,1168,Member,GrabBike|GrabMart,2,Bandung,0
USR009689,Hibernating,2024-07-09,176,0,4000.0,32,Member,GrabMart|GrabExpress|GrabFood,3,Bekasi,1
USR005500,At_Risk,2024-10-28,65,3,188000.0,1582,Member,GrabFood,1,Bandung,0
USR009700,Hibernating,2024-02-26,310,0,57000.0,481,Member,GrabExpress|GrabFood,2,Jakarta,1
USR008478,Hibernating,2024-07-24,161,0,8000.0,75,Member,GrabExpress,1,Bandung,1
USR005502,At_Risk,2024-11-02,60,2,287000.0,3183,Silver,GrabExpress,1,Jakarta,1
USR001210,Champions,2024-12-25,7,25,1070000.0,8605,Gold,GrabExpress|GrabMart,2,Jakarta,0
USR009083,Hibernating,2024-08-26,128,0,14000.0,120,Member,GrabExpress|GrabMart,2,Jakarta,1
USR002288,Loyal,2024-12-07,25,13,717000.0,6945,Gold,GrabBike|GrabFood,2,Surabaya,0
USR002183,Loyal,2024-12-16,16,11,565000.0,5529,Silver,GrabFood|GrabExpress|GrabCar,3,Jakarta,0
USR002862,Loyal,2024-12-08,24,8,729000.0,5990,Gold,GrabCar,1,Medan,0
USR006861,Promising,2024-12-24,8,3,194000.0,2093,Member,GrabExpress|GrabBike|GrabCar|GrabFood,4,Jakarta,0
USR002362,Loyal,2024-12-05,27,8,564000.0,4747,Silver,GrabExpress|GrabMart,2,Jakarta,0
USR008463,Hibernating,2024-08-16,138,0,50000.0,489,Member,GrabFood,1,Bandung,1
USR006332,Promising,2024-12-24,8,7,99000.0,1054,Member,GrabExpress|GrabCar,2,Jakarta,0
USR004064,At_Risk,2024-10-04,89,3,128000.0,1472,Member,GrabExpress|GrabBike,2,Jakarta,0
USR009546,Hibernating,2024-05-14,232,0,40000.0,465,Member,GrabFood|GrabCar,2,Bekasi,1
USR000617,Champions,2024-12-29,3,28,1845000.0,16302,Platinum,GrabBike|GrabExpress|GrabMart,3,Jakarta,1
USR003281,Loyal,2024-12-08,24,13,503000.0,5102,Silver,GrabCar,1,Jakarta,1
USR005226,At_Risk,2024-10-15,78,2,111000.0,935,Member,GrabBike|GrabExpress,2,Jakarta,1
USR003397,Loyal,2024-12-16,16,10,490000.0,5818,Silver,GrabCar,1,Surabaya,0
USR003065,Loyal,2024-12-20,12,13,638000.0,6311,Gold,GrabBike|GrabMart,2,Medan,0
USR000766,Champions,2024-12-22,10,17,847000.0,8007,Gold,GrabMart|GrabCar|GrabBike,3,Jakarta,0
USR007078,Promising,2024-12-18,14,6,171000.0,2018,Member,GrabCar|GrabExpress|GrabFood,3,Medan,0
USR005279,At_Risk,2024-10-20,73,5,155000.0,1789,Member,GrabFood|GrabMart,2,Bandung,0
USR004149,At_Risk,2024-11-01,61,2,140000.0,1443,Member,GrabCar|GrabMart,2,Medan,1
USR001144,Champions,2024-12-31,1,21,1159000.0,12568,Gold,GrabCar|GrabFood,2,Surabaya,0
USR004248,At_Risk,2024-10-24,69,3,300000.0,3337,Silver,GrabExpress|GrabBike|GrabFood|GrabCar,4,Medan,1
USR004110,At_Risk,2024-11-15,47,3,100000.0,1055,Member,GrabFood|GrabExpress|GrabBike,3,Jakarta,0
USR000462,Champions,2024-12-29,3,17,1160000.0,11167,Gold,GrabCar|GrabFood|GrabExpress|GrabBike,4,Jakarta,0
USR002932,Loyal,2024-12-18,14,8,785000.0,8814,Gold,GrabCar,1,Surabaya,1
USR004623,At_Risk,2024-10-19,74,3,168000.0,1811,Member,GrabMart,1,Jakarta,1
USR003813,Loyal,2024-12-06,26,10,677000.0,7005,Gold,GrabExpress,1,Bekasi,0
USR006308,Promising,2024-12-13,19,6,102000.0,1131,Member,GrabExpress|GrabFood,2,Jakarta,1
USR004341,At_Risk,2024-11-03,59,5,321000.0,3089,Silver,GrabCar|GrabFood|GrabExpress|GrabBike,4,Jakarta,1
USR005300,At_Risk,2024-10-13,80,3,228000.0,1937,Silver,GrabCar|GrabExpress,2,Surabaya,1
USR006804,Promising,2024-12-27,5,4,199000.0,1673,Member,GrabMart,1,Surabaya,0
USR003282,Loyal,2024-12-09,23,9,440000.0,3668,Silver,GrabMart|GrabExpress,2,Bandung,0
USR002574,Loyal,2024-12-25,7,11,591000.0,6096,Silver,GrabFood|GrabCar,2,Jakarta,0
USR007961,Promising,2024-12-25,7,6,169000.0,1590,Member,GrabCar|GrabMart,2,Bandung,0
USR007879,Promising,2024-12-25,7,3,159000.0,1748,Member,GrabBike,1,Jakarta,0
USR000828,Champions,2024-12-24,8,15,2007000.0,20564,Platinum,GrabFood|GrabExpress,2,Jakarta,0
USR006486,Promising,2024-12-26,6,3,125000.0,1464,Member,GrabMart|GrabBike|GrabCar|GrabFood,4,Jakarta,0
USR007599,Promising,2024-12-18,14,4,209000.0,1756,Silver,GrabExpress|GrabCar,2,Surabaya,1
USR002540,Loyal,2024-12-04,28,13,470000.0,3948,Silver,GrabBike,1,Bekasi,0
USR005746,At_Risk,2024-10-31,62,2,134000.0,1262,Member,GrabExpress,1,Jakarta,1
USR008526,Hibernating,2024-02-28,308,0,70000.0,646,Member,GrabExpress|GrabMart,2,Jakarta,1
USR009566,Hibernating,2024-07-23,162,0,29000.0,343,Member,GrabMart,1,Jakarta,1
USR003742,Loyal,2024-12-14,18,12,789000.0,9316,Gold,GrabMart,1,Bandung,0
USR007498,Promising,2024-12-25,7,3,115000.0,1329,Member,GrabExpress|GrabBike|GrabFood,3,Surabaya,0
USR003524,Loyal,2024-12-20,12,9,414000.0,3979,Silver,GrabBike,1,Surabaya,1
USR000020,Champions,2024-12-31,1,29,1071000.0,10902,Gold,GrabFood|GrabMart,2,Jakarta,0
USR001915,Loyal,2024-12-18,14,9,365000.0,3838,Silver,GrabBike|GrabExpress,2,Bandung,0
USR006571,Promising,2024-12-14,18,7,143000.0,1597,Member,GrabExpress,1,Jakarta,0
USR009018,Hibernating,2024-05-27,219,0,38000.0,412,Member,GrabMart,1,Jakarta,0
USR002012,Loyal,2024-12-25,7,10,680000.0,5963,Gold,GrabFood|GrabMart|GrabBike|GrabExpress,4,Jakarta,0
USR005405,At_Risk,2024-11-04,58,4,238000.0,2205,Silver,GrabExpress|GrabFood|GrabCar,3,Surabaya,1
USR001295,Champions,2024-12-31,1,16,2406000.0,23031,Platinum,GrabExpress|GrabMart,2,Bekasi,0
USR003745,Loyal,2024-12-10,22,12,708000.0,8393,Gold,GrabFood|GrabMart,2,Jakarta,0
USR000591,Champions,2024-12-20,12,27,2030000.0,22707,Platinum,GrabMart|GrabFood|GrabBike,3,Jakarta,0
USR001406,Champions,2024-12-31,1,24,2426000.0,20455,Platinum,GrabMart|GrabCar|GrabFood|GrabBike,4,Bekasi,0
USR000221,Champions,2024-12-26,6,19,987000.0,11410,Gold,GrabBike,1,Surabaya,0
USR005617,At_Risk,2024-11-10,52,2,251000.0,2398,Silver,GrabBike|GrabFood,2,Jakarta,0
USR006248,Promising,2024-12-13,19,4,173000.0,1699,Member,GrabExpress|GrabFood,2,Surabaya,0
USR004418,At_Risk,2024-10-30,63,5,152000.0,1547,Member,GrabExpress,1,Surabaya,1
USR000858,Champions,2024-12-19,13,15,2052000.0,24331,Platinum,GrabExpress|GrabCar,2,Bandung,0
USR001783,Loyal,2024-12-15,17,12,539000.0,5472,Silver,GrabFood,1,Jakarta,0
USR007259,Promising,2024-12-28,4,6,196000.0,2332,Member,GrabFood,1,Bekasi,0
USR006856,Promising,2024-12-12,20,3,239000.0,2511,Silver,GrabFood|GrabBike|GrabMart,3,Bandung,1
USR001954,Loyal,2024-12-10,22,10,352000.0,3985,Silver,GrabCar|GrabBike,2,Bekasi,0
USR001746,Loyal,2024-12-15,17,9,327000.0,2949,Silver,GrabFood,1,Surabaya,0
USR003132,Loyal,2024-12-18,14,11,339000.0,3223,Silver,GrabExpress,1,Jakarta,0
USR008036,Hibernating,2024-07-02,183,0,33000.0,286,Member,GrabFood,1,Bekasi,1
USR008850,Hibernating,2024-05-27,219,0,29000.0,267,Member,GrabCar,1,Jakarta,1
USR000994,Champions,2024-12-31,1,20,943000.0,8300,Gold,GrabExpress|GrabBike|GrabFood,3,Jakarta,0
USR006108,Promising,2024-12-15,17,6,87000.0,859,Member,GrabExpress|GrabMart,2,Bekasi,1
USR000730,Champions,2024-12-19,13,29,1410000.0,12399,Gold,GrabMart|GrabFood|GrabBike|GrabCar,4,Bekasi,0
USR006974,Promising,2024-12-27,5,7,158000.0,1860,Member,GrabBike,1,Medan,0
USR006273,Promising,2024-12-14,18,6,92000.0,1087,Member,GrabBike,1,Bandung,1
USR006751,Promising,2024-12-28,4,6,141000.0,1288,Member,GrabMart|GrabFood,2,Jakarta,0
USR003509,Loyal,2024-12-25,7,14,676000.0,5477,Gold,GrabCar,1,Surabaya,1
USR003533,Loyal,2024-12-08,24,9,658000.0,6494,Gold,GrabMart|GrabCar|GrabFood,3,Jakarta,0
USR002513,Loyal,2024-12-16,16,8,727000.0,7316,Gold,GrabFood|GrabCar|GrabBike,3,Jakarta,0
USR005436,At_Risk,2024-11-09,53,4,218000.0,2255,Silver,GrabExpress|GrabBike|GrabCar,3,Jakarta,0
USR003625,Loyal,2024-12-05,27,8,542000.0,5318,Silver,GrabFood|GrabCar,2,Jakarta,1
USR000465,Champions,2024-12-21,11,17,843000.0,9819,Gold,GrabCar,1,Medan,0
USR006755,Promising,2024-12-28,4,4,234000.0,2130,Silver,GrabMart|GrabBike|GrabFood,3,Bandung,0
USR006759,Promising,2024-12-29,3,5,125000.0,1352,Member,GrabFood|GrabBike|GrabMart,3,Bekasi,0
USR007991,Promising,2024-12-23,9,4,223000.0,2327,Silver,GrabMart|GrabCar,2,Bandung,1
USR000157,Champions,2024-12-28,4,21,984000.0,8952,Gold,GrabBike|GrabCar|GrabExpress,3,Bandung,0
USR003960,Loyal,2024-12-17,15,13,747000.0,7271,Gold,GrabFood,1,Surabaya,0
USR008832,Hibernating,2024-09-12,111,0,32000.0,292,Member,GrabExpress|GrabCar|GrabFood|GrabBike,4,Jakarta,0
USR005470,At_Risk,2024-10-15,78,5,127000.0,1405,Member,GrabFood|GrabExpress,2,Jakarta,0
USR000185,Champions,2024-12-29,3,20,2247000.0,26785,Platinum,GrabCar|GrabExpress|GrabMart|GrabFood,4,Jakarta,0
USR001002,Champions,2024-12-21,11,21,1889000.0,22511,Platinum,GrabMart|GrabBike,2,Bandung,0
USR009508,Hibernating,2024-04-22,254,0,28000.0,248,Member,GrabBike,1,Surabaya,1
USR005623,At_Risk,2024-11-16,46,4,282000.0,2920,Silver,GrabExpress|GrabBike|GrabMart,3,Jakarta,0
USR000400,Champions,2024-12-28,4,15,1680000.0,16226,Platinum,GrabFood|GrabCar,2,Bekasi,0
USR006240,Promising,2024-12-24,8,3,159000.0,1324,Member,GrabMart|GrabBike,2,Bekasi,0
USR008940,Hibernating,2024-06-07,208,0,35000.0,396,Member,GrabMart|GrabExpress,2,Surabaya,1
USR009932,Hibernating,2024-09-23,100,0,67000.0,656,Member,GrabFood|GrabCar,2,Bandung,0
USR007342,Promising,2024-12-18,14,5,194000.0,1755,Member,GrabMart|GrabBike,2,Jakarta,1
USR009832,Hibernating,2024-05-06,240,0,17000.0,190,Member,GrabExpress|GrabBike,2,Medan,0
USR008466,Hibernating,2024-01-03,364,0,23000.0,231,Member,GrabMart|GrabCar|GrabBike,3,Bandung,1
USR008756,Hibernating,2024-05-09,237,0,33000.0,345,Member,GrabCar,1,Bandung,0
USR007958,Promising,2024-12-15,17,6,159000.0,1499,Member,GrabCar|GrabMart|GrabFood,3,Jakarta,1
USR001250,Champions,2024-12-28,4,18,1098000.0,10046,Gold,GrabCar|GrabExpress|GrabBike,3,Jakarta,0
USR003143,Loyal,2024-12-10,22,11,527000.0,5251,Silver,GrabBike|GrabExpress|GrabCar|GrabFood,4,Jakarta,0
USR007430,Promising,2024-12-19,13,3,151000.0,1351,Member,GrabExpress|GrabCar,2,Jakarta,1
USR000059,Champions,2024-12-28,4,15,1335000.0,14817,Gold,GrabBike|GrabFood|GrabCar,3,Bekasi,0
USR007855,Promising,2024-12-16,16,7,170000.0,1807,Member,GrabExpress|GrabCar,2,Jakarta,0
USR001113,Champions,2024-12-31,1,20,863000.0,9272,Gold,GrabBike|GrabMart,2,Jakarta,0
USR003057,Loyal,2024-12-07,25,13,386000.0,4599,Silver,GrabBike|GrabExpress|GrabCar,3,Jakarta,0
USR009569,Hibernating,2024-01-06,361,0,80000.0,651,Member,GrabBike,1,Bekasi,1
USR001328,Champions,2024-12-21,11,21,1710000.0,15581,Platinum,GrabBike,1,Jakarta,0
USR004995,At_Risk,2024-10-10,83,3,108000.0,1117,Member,GrabCar|GrabBike,2,Jakarta,0
USR006682,Promising,2024-12-22,10,5,210000.0,2287,Silver,GrabBike,1,Bekasi,0
USR002072,Loyal,2024-12-10,22,13,544000.0,6211,Silver,GrabCar,1,Surabaya,0
USR004793,At_Risk,2024-11-05,57,5,182000.0,1716,Member,GrabCar|GrabBike|GrabFood,3,Jakarta,1
USR006829,Promising,2024-12-13,19,4,101000.0,1128,Member,GrabCar|GrabBike,2,Bekasi,1
USR009629,Hibernating,2024-02-02,334,0,27000.0,295,Member,GrabMart,1,Bandung,1
USR008218,Hibernating,2024-03-20,287,0,42000.0,369,Member,GrabBike,1,Jakarta,1
USR007567,Promising,2024-12-28,4,4,212000.0,2492,Silver,GrabBike|GrabExpress,2,Jakarta,0
USR005922,At_Risk,2024-11-09,53,3,322000.0,3223,Silver,GrabBike|GrabMart,2,Surabaya,1
USR001550,Loyal,2024-12-05,27,12,491000.0,5468,Silver,GrabBike|GrabCar,2,Surabaya,0
USR001009,Champions,2024-12-27,5,23,1846000.0,19701,Platinum,GrabBike|GrabCar,2,Jakarta,0
USR003755,Loyal,2024-12-10,22,9,751000.0,6471,Gold,GrabCar|GrabExpress,2,Jakarta,0
USR008681,Hibernating,2024-03-09,298,0,52000.0,601,Member,GrabMart,1,Jakarta,1
USR009342,Hibernating,2024-05-10,236,0,32000.0,308,Member,GrabCar|GrabExpress|GrabFood,3,Bekasi,1
USR008009,Hibernating,2024-07-08,177,0,12000.0,116,Member,GrabCar|GrabFood|GrabBike,3,Jakarta,1
USR003860,Loyal,2024-12-09,23,14,473000.0,5365,Silver,GrabBike|GrabFood|GrabMart,3,Jakarta,0
USR003148,Loyal,2024-12-03,29,11,729000.0,8205,Gold,GrabBike,1,Jakarta,0
USR002519,Loyal,2024-12-05,27,9,396000.0,4541,Silver,GrabMart,1,Bandung,0
USR003127,Loyal,2024-12-06,26,8,764000.0,8886,Gold,GrabBike,1,Jakarta,0
USR009084,Hibernating,2024-01-17,350,0,51000.0,572,Member,GrabMart|GrabExpress|GrabBike,3,Jakarta,1
USR005316,At_Risk,2024-10-13,80,4,210000.0,1699,Silver,GrabBike|GrabFood,2,Jakarta,0
USR001195,Champions,2024-12-25,7,26,1415000.0,12272,Gold,GrabExpress|GrabFood|GrabCar,3,Jakarta,0
USR009050,Hibernating,2024-06-09,206,0,5000.0,49,Member,GrabFood|GrabBike|GrabCar,3,Surabaya,0
USR000879,Champions,2024-12-29,3,18,2393000.0,23221,Platinum,GrabCar|GrabFood|GrabMart,3,Medan,0
USR006989,Promising,2024-12-12,20,5,161000.0,1500,Member,GrabCar|GrabBike|GrabExpress|GrabMart,4,Bekasi,0
USR002487,Loyal,2024-12-06,26,8,616000.0,5086,Gold,GrabFood|GrabExpress,2,Medan,0
USR002840,Loyal,2024-12-22,10,11,502000.0,5469,Silver,GrabFood|GrabExpress|GrabCar,3,Jakarta,0
USR004329,At_Risk,2024-10-26,67,2,235000.0,2504,Silver,GrabExpress|GrabFood,2,Jakarta,1
USR002930,Loyal,2024-12-22,10,13,598000.0,5893,Silver,GrabCar|GrabExpress|GrabFood,3,Bandung,0
USR006424,Promising,2024-12-20,12,3,234000.0,2565,Silver,GrabFood,1,Surabaya,0
USR002485,Loyal,2024-12-05,27,8,612000.0,5302,Gold,GrabFood|GrabBike|GrabCar,3,Bandung,0
USR005747,At_Risk,2024-10-28,65,4,224000.0,2166,Silver,GrabBike,1,Jakarta,0
USR000883,Champions,2024-12-21,11,24,2327000.0,25485,Platinum,GrabBike|GrabExpress,2,Surabaya,1
USR004914,At_Risk,2024-11-05,57,2,130000.0,1115,Member,GrabBike|GrabExpress,2,Medan,1
USR006210,Promising,2024-12-27,5,6,107000.0,956,Member,GrabBike|GrabMart|GrabFood|GrabExpress,4,Jakarta,1
USR009578,Hibernating,2024-06-30,185,0,56000.0,622,Member,GrabFood|GrabCar,2,Jakarta,1
USR000211,Champions,2024-12-20,12,16,1879000.0,17940,Platinum,GrabFood|GrabMart|GrabExpress,3,Surabaya,0
USR002275,Loyal,2024-12-04,28,8,668000.0,6690,Gold,GrabCar,1,Bandung,0
USR002328,Loyal,2024-12-11,21,9,472000.0,4373,Silver,GrabExpress,1,Surabaya,0
USR004950,At_Risk,2024-10-19,74,2,317000.0,3755,Silver,GrabFood|GrabBike,2,Bandung,1
USR003319,Loyal,2024-12-16,16,10,574000.0,6842,Silver,GrabExpress,1,Jakarta,0
USR009834,Hibernating,2024-07-14,171,0,53000.0,486,Member,GrabBike,1,Bandung,1
USR004607,At_Risk,2024-11-03,59,5,279000.0,3200,Silver,GrabMart,1,Bandung,1
USR001438,Champions,2024-12-20,12,19,2026000.0,23585,Platinum,GrabCar|GrabBike,2,Bandung,0
USR000467,Champions,2024-12-27,5,24,2351000.0,25773,Platinum,GrabBike|GrabCar,2,Jakarta,0
USR005466,At_Risk,2024-10-18,75,5,162000.0,1492,Member,GrabFood|GrabExpress|GrabBike|GrabCar,4,Bandung,1
USR003329,Loyal,2024-12-23,9,10,605000.0,6157,Gold,GrabExpress|GrabFood|GrabCar,3,Jakarta,0
USR005828,At_Risk,2024-10-14,79,3,261000.0,2728,Silver,GrabCar,1,Bandung,0
USR008607,Hibernating,2024-01-19,348,0,23000.0,187,Member,GrabCar|GrabFood,2,Bekasi,1
USR000696,Champions,2024-12-27,5,17,1429000.0,11967,Gold,GrabBike|GrabExpress|GrabMart|GrabCar,4,Bandung,0
USR007267,Promising,2024-12-16,16,3,194000.0,1623,Member,GrabMart,1,Jakarta,0
USR009144,Hibernating,2024-06-19,196,0,72000.0,719,Member,GrabExpress|GrabFood|GrabCar|GrabBike,4,Bandung,1
USR008180,Hibernating,2024-01-31,336,0,26000.0,210,Member,GrabFood|GrabExpress,2,Jakarta,1
USR009938,Hibernating,2024-06-26,189,0,61000.0,705,Member,GrabBike|GrabExpress|GrabMart,3,Jakarta,1
USR001314,Champions,2024-12-30,2,15,1343000.0,12517,Gold,GrabBike|GrabFood,2,Bekasi,0
USR002301,Loyal,2024-12-04,28,8,504000.0,4136,Silver,GrabBike|GrabCar,2,Surabaya,0
USR002039,Loyal,2024-12-07,25,9,643000.0,7573,Gold,GrabCar,1,Bekasi,0
USR007108,Promising,2024-12-13,19,5,101000.0,858,Member,GrabExpress|GrabCar|GrabBike,3,Surabaya,1
USR003666,Loyal,2024-12-16,16,10,550000.0,4643,Silver,GrabCar|GrabBike,2,Surabaya,0
USR000914,Champions,2024-12-20,12,18,1229000.0,11678,Gold,GrabBike|GrabMart|GrabCar,3,Bandung,0
USR000012,Champions,2024-12-21,11,22,839000.0,6956,Gold,GrabFood|GrabBike|GrabCar,3,Jakarta,0
USR008583,Hibernating,2024-06-20,195,0,53000.0,629,Member,GrabCar|GrabMart,2,Bandung,1
USR006427,Promising,2024-12-25,7,7,223000.0,2662,Silver,GrabCar|GrabExpress|GrabFood,3,Jakarta,0
USR001536,Loyal,2024-12-05,27,14,388000.0,3369,Silver,GrabBike,1,Bandung,0
USR000736,Champions,2024-12-24,8,19,2150000.0,19008,Platinum,GrabBike|GrabCar|GrabFood|GrabExpress,4,Bekasi,0
USR008201,Hibernating,2024-05-12,234,0,36000.0,381,Member,GrabExpress|GrabFood,2,Bandung,1
USR008652,Hibernating,2024-03-03,304,0,17000.0,162,Member,GrabCar|GrabExpress|GrabBike,3,Bandung,0
USR000453,Champions,2024-12-27,5,20,1392000.0,14652,Gold,GrabBike|GrabExpress|GrabCar,3,Jakarta,0
USR004345,At_Risk,2024-10-30,63,3,248000.0,2427,Silver,GrabFood|GrabMart,2,Bandung,0
USR000927,Champions,2024-12-21,11,26,2195000.0,21036,Platinum,GrabExpress,1,Jakarta,0
USR006291,Promising,2024-12-28,4,3,240000.0,2750,Silver,GrabBike|GrabFood|GrabExpress,3,Jakarta,1
USR008281,Hibernating,2024-02-04,332,0,67000.0,564,Member,GrabCar|GrabMart|GrabExpress,3,Bandung,1
USR008722,Hibernating,2024-05-20,226,0,35000.0,383,Member,GrabCar|GrabFood|GrabMart,3,Bekasi,1
USR006473,Promising,2024-12-16,16,5,229000.0,2563,Silver,GrabExpress,1,Bekasi,1
USR000037,Champions,2024-12-19,13,22,964000.0,8042,Gold,GrabMart|GrabBike|GrabExpress,3,Bandung,0
USR005770,At_Risk,2024-10-23,70,2,201000.0,2045,Silver,GrabExpress,1,Jakarta,1
USR002554,Loyal,2024-12-10,22,10,764000.0,6846,Gold,GrabCar|GrabExpress|GrabBike|GrabMart,4,Surabaya,0
USR007632,Promising,2024-12-26,6,7,224000.0,1928,Silver,GrabExpress|GrabMart,2,Jakarta,0
USR009998,Hibernating,2024-04-30,246,0,48000.0,571,Member,GrabFood|GrabMart|GrabBike,3,Jakarta,1
USR006620,Promising,2024-12-24,8,7,208000.0,2129,Silver,GrabBike,1,Medan,0
USR000940,Champions,2024-12-20,12,21,1460000.0,16108,Gold,GrabCar,1,Medan,0
USR007398,Promising,2024-12-27,5,4,232000.0,2162,Silver,GrabFood,1,Jakarta,0
USR006128,Promising,2024-12-16,16,4,95000.0,959,Member,GrabExpress,1,Jakarta,0
USR009829,Hibernating,2024-03-26,281,0,25000.0,213,Member,GrabExpress,1,Surabaya,1
USR002680,Loyal,2024-12-25,7,13,608000.0,7062,Gold,GrabMart|GrabExpress,2,Jakarta,0
USR004354,At_Risk,2024-10-16,77,2,349000.0,3423,Silver,GrabFood,1,Jakarta,1
USR003058,Loyal,2024-12-24,8,9,316000.0,3122,Silver,GrabMart|GrabFood,2,Jakarta,0
USR007880,Promising,2024-12-28,4,3,236000.0,2234,Silver,GrabCar|GrabFood|GrabMart|GrabExpress,4,Bandung,0
USR000738,Champions,2024-12-31,1,28,1130000.0,11543,Gold,GrabFood,1,Bekasi,0
USR000538,Champions,2024-12-26,6,20,1597000.0,14496,Platinum,GrabExpress|GrabMart|GrabCar,3,Bekasi,0
USR003325,Loyal,2024-12-07,25,10,591000.0,5103,Silver,GrabCar,1,Bandung,0
USR004239,At_Risk,2024-11-09,53,4,119000.0,1123,Member,GrabMart|GrabFood,2,Jakarta,0
USR001400,Champions,2024-12-24,8,21,1072000.0,10760,Gold,GrabMart|GrabExpress|GrabBike,3,Surabaya,0
USR004046,At_Risk,2024-11-10,52,2,138000.0,1513,Member,GrabBike|GrabExpress|GrabCar,3,Medan,0
USR005137,At_Risk,2024-10-11,82,5,144000.0,1370,Member,GrabMart,1,Bekasi,0
USR004229,At_Risk,2024-11-07,55,3,222000.0,1947,Silver,GrabFood,1,Bekasi,0
USR004191,At_Risk,2024-11-12,50,3,264000.0,2801,Silver,GrabMart|GrabExpress|GrabBike|GrabFood,4,Jakarta,0
USR009142,Hibernating,2024-01-22,345,0,11000.0,103,Member,GrabExpress|GrabMart|GrabBike,3,Surabaya,0
USR005538,At_Risk,2024-10-05,88,2,287000.0,3289,Silver,GrabMart,1,Jakarta,1
USR002692,Loyal,2024-12-09,23,8,449000.0,5195,Silver,GrabExpress|GrabMart|GrabFood,3,Bekasi,0
USR005340,At_Risk,2024-11-17,45,4,247000.0,2174,Silver,GrabExpress|GrabCar,2,Medan,0
USR009917,Hibernating,2024-07-14,171,0,56000.0,607,Member,GrabCar|GrabFood|GrabExpress,3,Jakarta,1
USR007670,Promising,2024-12-16,16,4,90000.0,971,Member,GrabCar,1,Bekasi,0
USR009173,Hibernating,2024-01-29,338,0,42000.0,419,Member,GrabMart,1,Jakarta,1
USR001807,Loyal,2024-12-13,19,9,552000.0,4770,Silver,GrabCar|GrabExpress|GrabMart|GrabFood,4,Bekasi,0
USR005111,At_Risk,2024-10-24,69,5,155000.0,1465,Member,GrabFood,1,Bandung,1
USR003989,Loyal,2024-12-04,28,11,602000.0,5513,Gold,GrabExpress,1,Jakarta,0
USR003455,Loyal,2024-12-18,14,9,701000.0,7745,Gold,GrabBike|GrabCar|GrabMart,3,Bekasi,0
USR002907,Loyal,2024-12-14,18,14,371000.0,3198,Silver,GrabMart,1,Bandung,1
USR006651,Promising,2024-12-19,13,4,131000.0,1390,Member,GrabExpress|GrabMart|GrabFood|GrabBike,4,Jakarta,0
USR008287,Hibernating,2024-02-27,309,0,68000.0,714,Member,GrabBike|GrabMart,2,Jakarta,1
USR006244,Promising,2024-12-29,3,6,247000.0,2015,Silver,GrabMart,1,Jakarta,0
USR002697,Loyal,2024-12-06,26,11,519000.0,5801,Silver,GrabFood|GrabMart|GrabCar,3,Bekasi,0
USR004016,At_Risk,2024-10-17,76,5,239000.0,2269,Silver,GrabExpress|GrabMart|GrabBike|GrabCar,4,Jakarta,0
USR004339,At_Risk,2024-11-08,54,4,161000.0,1663,Member,GrabMart,1,Jakarta,1
USR004645,At_Risk,2024-10-19,74,4,171000.0,1682,Member,GrabExpress|GrabBike,2,Jakarta,1
USR007739,Promising,2024-12-23,9,5,237000.0,2780,Silver,GrabBike|GrabExpress,2,Bekasi,0
USR007091,Promising,2024-12-25,7,4,213000.0,2051,Silver,GrabExpress|GrabCar,2,Bekasi,0
USR004692,At_Risk,2024-10-06,87,2,139000.0,1525,Member,GrabBike,1,Surabaya,1
USR001739,Loyal,2024-12-13,19,9,379000.0,3664,Silver,GrabExpress,1,Bekasi,0
USR005406,At_Risk,2024-10-26,67,5,205000.0,2331,Silver,GrabBike|GrabCar,2,Bandung,1
USR004588,At_Risk,2024-11-15,47,3,208000.0,2069,Silver,GrabMart,1,Surabaya,0
USR003125,Loyal,2024-12-18,14,8,313000.0,3661,Silver,GrabExpress,1,Medan,0
USR002157,Loyal,2024-12-15,17,12,780000.0,9241,Gold,GrabBike|GrabExpress|GrabMart|GrabFood,4,Medan,0
USR005333,At_Risk,2024-10-26,67,2,309000.0,2596,Silver,GrabFood|GrabExpress,2,Jakarta,0
USR008636,Hibernating,2024-03-22,285,0,69000.0,714,Member,GrabFood|GrabBike|GrabExpress,3,Medan,0
USR001825,Loyal,2024-12-09,23,12,414000.0,3861,Silver,GrabBike|GrabCar,2,Bandung,0
USR004230,At_Risk,2024-11-07,55,5,201000.0,2259,Silver,GrabMart|GrabFood,2,Jakarta,1
USR003487,Loyal,2024-12-16,16,13,576000.0,4889,Silver,GrabCar,1,Jakarta,0
USR009053,Hibernating,2024-07-22,163,0,43000.0,348,Member,GrabBike,1,Bandung,1
USR009768,Hibernating,2024-08-24,130,0,33000.0,335,Member,GrabExpress|GrabMart,2,Medan,1
USR003647,Loyal,2024-12-20,12,8,416000.0,3498,Silver,GrabMart,1,Bandung,0
USR005902,At_Risk,2024-10-05,88,5,344000.0,4111,Silver,GrabFood|GrabExpress,2,Jakarta,1
USR006385,Promising,2024-12-25,7,4,99000.0,948,Member,GrabFood|GrabMart,2,Jakarta,0
USR005638,At_Risk,2024-10-11,82,4,142000.0,1630,Member,GrabCar|GrabMart,2,Surabaya,1
USR006423,Promising,2024-12-23,9,7,214000.0,2160,Silver,GrabMart,1,Surabaya,0
USR007826,Promising,2024-12-27,5,4,197000.0,2210,Member,GrabCar|GrabBike,2,Jakarta,0
USR007743,Promising,2024-12-24,8,5,120000.0,1348,Member,GrabCar,1,Jakarta,0
USR003012,Loyal,2024-12-12,20,11,629000.0,5147,Gold,GrabFood,1,Surabaya,0
USR007671,Promising,2024-12-13,19,3,228000.0,2550,Silver,GrabBike|GrabFood,2,Bekasi,1
USR009548,Hibernating,2024-01-07,360,0,9000.0,102,Member,GrabExpress,1,Jakarta,1
USR009977,Hibernating,2024-04-09,267,0,3000.0,24,Member,GrabExpress|GrabMart,2,Surabaya,1
USR003080,Loyal,2024-12-06,26,10,612000.0,5811,Gold,GrabMart,1,Jakarta,0
USR003520,Loyal,2024-12-21,11,14,775000.0,6882,Gold,GrabCar,1,Bandung,0
USR004978,At_Risk,2024-10-27,66,2,288000.0,2866,Silver,GrabCar,1,Bandung,1
USR007619,Promising,2024-12-12,20,7,153000.0,1459,Member,GrabExpress|GrabMart,2,Surabaya,1
USR004347,At_Risk,2024-10-24,69,2,206000.0,2217,Silver,GrabMart,1,Bekasi,0
USR008440,Hibernating,2024-02-16,320,0,21000.0,180,Member,GrabExpress|GrabFood|GrabCar|GrabBike,4,Bekasi,1
USR001346,Champions,2024-12-24,8,29,1802000.0,20232,Platinum,GrabExpress|GrabMart|GrabFood,3,Bekasi,0
USR007087,Promising,2024-12-23,9,4,210000.0,2199,Silver,GrabBike,1,Jakarta,1
USR008947,Hibernating,2024-09-23,100,0,18000.0,205,Member,GrabExpress|GrabMart,2,Jakarta,0
USR005651,At_Risk,2024-10-09,84,4,297000.0,2436,Silver,GrabCar|GrabExpress|GrabMart,3,Surabaya,0
USR008081,Hibernating,2024-09-16,107,0,8000.0,76,Member,GrabExpress|GrabMart|GrabFood|GrabBike,4,Medan,0
USR001791,Loyal,2024-12-11,21,12,351000.0,3961,Silver,GrabExpress,1,Bandung,0
USR007428,Promising,2024-12-20,12,3,148000.0,1420,Member,GrabCar|GrabExpress|GrabBike,3,Medan,0
USR009579,Hibernating,2024-06-12,203,0,44000.0,452,Member,GrabMart|GrabBike|GrabCar|GrabExpress,4,Jakarta,1
USR009959,Hibernating,2024-02-29,307,0,60000.0,570,Member,GrabBike,1,Jakarta,1
USR002270,Loyal,2024-12-12,20,11,407000.0,4472,Silver,GrabMart|GrabExpress,2,Jakarta,0
USR009766,Hibernating,2024-09-20,103,0,33000.0,366,Member,GrabExpress|GrabFood,2,Medan,1
USR002955,Loyal,2024-12-20,12,9,528000.0,5656,Silver,GrabExpress|GrabMart,2,Bekasi,0
USR003443,Loyal,2024-12-18,14,12,750000.0,6168,Gold,GrabCar|GrabFood,2,Bandung,0
USR007735,Promising,2024-12-25,7,5,200000.0,2153,Member,GrabCar|GrabBike,2,Jakarta,0
USR000833,Champions,2024-12-26,6,20,2409000.0,21484,Platinum,GrabCar|GrabExpress|GrabBike,3,Surabaya,0
USR006498,Promising,2024-12-15,17,4,116000.0,1116,Member,GrabFood|GrabBike|GrabExpress|GrabCar,4,Jakarta,1
USR002991,Loyal,2024-12-12,20,9,690000.0,6124,Gold,GrabCar,1,Bekasi,0
USR007792,Promising,2024-12-29,3,4,84000.0,814,Member,GrabBike,1,Jakarta,1
USR002150,Loyal,2024-12-12,20,9,790000.0,8026,Gold,GrabCar,1,Jakarta,0
USR004022,At_Risk,2024-11-06,56,2,331000.0,2927,Silver,GrabCar|GrabBike,2,Bekasi,0
USR007614,Promising,2024-12-25,7,5,119000.0,1148,Member,GrabMart|GrabFood,2,Jakarta,0
USR006123,Promising,2024-12-15,17,7,227000.0,2190,Silver,GrabMart|GrabBike|GrabExpress,3,Surabaya,0
USR003338,Loyal,2024-12-23,9,14,738000.0,8156,Gold,GrabCar|GrabFood|GrabMart,3,Bekasi,0
USR004343,At_Risk,2024-10-05,88,5,204000.0,1684,Silver,GrabMart,1,Jakarta,0
USR004463,At_Risk,2024-11-17,45,4,278000.0,2486,Silver,GrabExpress|GrabCar|GrabMart,3,Jakarta,0
USR002375,Loyal,2024-12-14,18,11,719000.0,7069,Gold,GrabMart|GrabCar|GrabFood|GrabExpress,4,Jakarta,0
USR009043,Hibernating,2024-02-04,332,0,20000.0,233,Member,GrabBike|GrabCar|GrabExpress|GrabMart,4,Jakarta,1
USR005570,At_Risk,2024-10-12,81,4,211000.0,1719,Silver,GrabFood|GrabMart,2,Medan,1
USR008598,Hibernating,2024-05-23,223,0,14000.0,146,Member,GrabExpress,1,Jakarta,1
USR008503,Hibernating,2024-01-21,346,0,71000.0,826,Member,GrabBike,1,Medan,0
USR008879,Hibernating,2024-09-28,95,0,48000.0,450,Member,GrabBike|GrabMart,2,Jakarta,1
USR001886,Loyal,2024-12-15,17,8,515000.0,4643,Silver,GrabMart,1,Jakarta,0
USR001197,Champions,2024-12-19,13,24,1419000.0,13868,Gold,GrabFood|GrabMart,2,Jakarta,0
USR006426,Promising,2024-12-23,9,5,235000.0,2308,Silver,GrabExpress|GrabCar|GrabBike,3,Medan,0
USR008910,Hibernating,2024-08-02,152,0,8000.0,75,Member,GrabBike|GrabFood,2,Jakarta,0
USR002935,Loyal,2024-12-05,27,8,772000.0,8658,Gold,GrabExpress,1,Bekasi,0
USR006341,Promising,2024-12-14,18,5,199000.0,1861,Member,GrabBike,1,Jakarta,1
USR001429,Champions,2024-12-21,11,24,1863000.0,21361,Platinum,GrabFood,1,Medan,0
USR006306,Promising,2024-12-18,14,4,240000.0,2521,Silver,GrabCar,1,Surabaya,0
USR003649,Loyal,2024-12-17,15,12,319000.0,3736,Silver,GrabExpress|GrabMart,2,Jakarta,1
USR001937,Loyal,2024-12-23,9,12,319000.0,3007,Silver,GrabFood,1,Surabaya,0
USR005171,At_Risk,2024-11-05,57,5,287000.0,2364,Silver,GrabFood|GrabCar,2,Bandung,0
USR007763,Promising,2024-12-19,13,5,123000.0,1028,Member,GrabMart,1,Medan,0
USR006392,Promising,2024-12-14,18,5,236000.0,2769,Silver,GrabBike,1,Surabaya,0
USR001153,Champions,2024-12-23,9,21,2315000.0,22942,Platinum,GrabExpress|GrabBike|GrabFood|GrabMart,4,Jakarta,0
USR006249,Promising,2024-12-28,4,6,96000.0,884,Member,GrabBike|GrabMart,2,Jakarta,0
USR007036,Promising,2024-12-29,3,5,122000.0,1449,Member,GrabBike|GrabExpress,2,Bandung,1
USR004228,At_Risk,2024-10-15,78,5,161000.0,1437,Member,GrabExpress,1,Bandung,0
USR004974,At_Risk,2024-11-12,50,3,323000.0,3501,Silver,GrabMart|GrabCar|GrabExpress,3,Bandung,1
USR006400,Promising,2024-12-26,6,7,125000.0,1208,Member,GrabExpress|GrabMart|GrabCar,3,Jakarta,0
USR003639,Loyal,2024-12-24,8,13,596000.0,6026,Silver,GrabExpress|GrabBike,2,Jakarta,0
USR003971,Loyal,2024-12-15,17,10,797000.0,8805,Gold,GrabExpress,1,Bekasi,0
USR009593,Hibernating,2024-09-14,109,0,28000.0,247,Member,GrabMart|GrabExpress|GrabBike|GrabCar,4,Jakarta,1
USR003375,Loyal,2024-12-23,9,11,578000.0,6116,Silver,GrabBike,1,Bandung,0
USR002486,Loyal,2024-12-17,15,10,747000.0,7771,Gold,GrabFood|GrabBike,2,Jakarta,0
USR006953,Promising,2024-12-26,6,5,174000.0,1874,Member,GrabMart|GrabFood,2,Medan,0
USR000605,Champions,2024-12-22,10,16,1904000.0,16642,Platinum,GrabMart,1,Bandung,0
USR007443,Promising,2024-12-15,17,5,116000.0,1379,Member,GrabBike,1,Jakarta,0
USR005927,At_Risk,2024-11-17,45,2,307000.0,3464,Silver,GrabFood|GrabBike,2,Jakarta,1
USR002453,Loyal,2024-12-09,23,9,644000.0,6268,Gold,GrabCar,1,Bekasi,0
USR003608,Loyal,2024-12-09,23,10,452000.0,3868,Silver,GrabFood|GrabCar,2,Bekasi,1
USR001483,Champions,2024-12-31,1,18,2487000.0,26335,Platinum,GrabCar|GrabExpress|GrabMart,3,Bekasi,0
USR004518,At_Risk,2024-11-12,50,5,306000.0,2919,Silver,GrabMart|GrabBike,2,Jakarta,1
USR003037,Loyal,2024-12-25,7,8,603000.0,7134,Gold,GrabCar|GrabFood,2,Surabaya,0
USR009351,Hibernating,2024-08-14,140,0,28000.0,275,Member,GrabCar,1,Jakarta,1
USR007691,Promising,2024-12-14,18,4,97000.0,1073,Member,GrabBike|GrabCar,2,Bandung,0
USR004115,At_Risk,2024-10-09,84,4,319000.0,2578,Silver,GrabCar,1,Jakarta,0
USR001426,Champions,2024-12-28,4,27,2046000.0,18262,Platinum,GrabCar|GrabMart|GrabBike|GrabFood,4,Surabaya,0
USR000496,Champions,2024-12-30,2,15,1528000.0,12525,Platinum,GrabCar|GrabFood|GrabMart,3,Jakarta,0
USR003352,Loyal,2024-12-24,8,12,336000.0,2742,Silver,GrabExpress|GrabBike,2,Surabaya,1
USR008793,Hibernating,2024-05-19,227,0,5000.0,58,Member,GrabMart|GrabFood,2,Bekasi,1
USR000758,Champions,2024-12-27,5,19,1441000.0,17253,Gold,GrabBike|GrabFood,2,Jakarta,0
USR000837,Champions,2024-12-29,3,20,2247000.0,20263,Platinum,GrabCar|GrabMart|GrabFood,3,Jakarta,0
USR004326,At_Risk,2024-10-07,86,4,344000.0,2813,Silver,GrabBike|GrabMart,2,Surabaya,1
USR002127,Loyal,2024-12-04,28,11,669000.0,7602,Gold,GrabFood|GrabExpress,2,Jakarta,0
USR001022,Champions,2024-12-22,10,16,1512000.0,15587,Platinum,GrabMart|GrabCar,2,Jakarta,0
USR008761,Hibernating,2024-08-16,138,0,42000.0,440,Member,GrabMart|GrabFood,2,Jakarta,1
USR005613,At_Risk,2024-11-17,45,3,119000.0,959,Member,GrabExpress,1,Jakarta,1
USR005580,At_Risk,2024-11-03,59,4,288000.0,2712,Silver,GrabMart|GrabCar|GrabBike,3,Medan,0
USR001057,Champions,2024-12-19,13,29,2424000.0,21511,Platinum,GrabFood|GrabCar|GrabBike,3,Medan,0
USR009541,Hibernating,2024-09-18,105,0,73000.0,691,Member,GrabBike,1,Bekasi,1
USR006855,Promising,2024-12-18,14,6,119000.0,1283,Member,GrabBike|GrabCar|GrabExpress,3,Jakarta,0
USR007348,Promising,2024-12-21,11,7,175000.0,1492,Member,GrabExpress|GrabFood,2,Bandung,0
USR009044,Hibernating,2024-05-12,234,0,46000.0,392,Member,GrabMart,1,Medan,1
USR002128,Loyal,2024-12-06,26,12,339000.0,2939,Silver,GrabMart,1,Jakarta,1
USR002766,Loyal,2024-12-12,20,12,479000.0,5051,Silver,GrabFood,1,Jakarta,0
USR002108,Loyal,2024-12-13,19,14,692000.0,6573,Gold,GrabFood|GrabExpress|GrabCar,3,Jakarta,0
USR003616,Loyal,2024-12-08,24,12,694000.0,7674,Gold,GrabBike,1,Jakarta,0
USR001544,Loyal,2024-12-22,10,9,676000.0,7939,Gold,GrabBike,1,Bandung,1
USR006913,Promising,2024-12-22,10,4,200000.0,1662,Member,GrabCar,1,Jakarta,1
USR001718,Loyal,2024-12-04,28,11,428000.0,5067,Silver,GrabFood|GrabMart|GrabExpress,3,Bekasi,0
USR007434,Promising,2024-12-17,15,4,211000.0,2508,Silver,GrabBike,1,Jakarta,0
USR007364,Promising,2024-12-25,7,7,185000.0,1983,Member,GrabFood,1,Medan,1
USR006234,Promising,2024-12-28,4,6,134000.0,1165,Member,GrabExpress,1,Surabaya,0
USR000724,Champions,2024-12-28,4,21,2291000.0,27123,Platinum,GrabMart|GrabCar,2,Jakarta,0
USR006672,Promising,2024-12-12,20,7,236000.0,2079,Silver,GrabExpress|GrabBike|GrabCar,3,Bekasi,1
USR008028,Hibernating,2024-08-05,149,0,14000.0,139,Member,GrabCar|GrabFood|GrabBike|GrabExpress,4,Jakarta,1
USR005491,At_Risk,2024-10-19,74,4,286000.0,3127,Silver,GrabExpress|GrabCar|GrabBike,3,Jakarta,0
USR001127,Champions,2024-12-20,12,29,1980000.0,20912,Platinum,GrabCar|GrabBike|GrabFood|GrabExpress,4,Bandung,0
USR002956,Loyal,2024-12-13,19,9,494000.0,4264,Silver,GrabBike,1,Medan,0
USR005155,At_Risk,2024-10-31,62,3,303000.0,3312,Silver,GrabExpress|GrabCar|GrabBike,3,Jakarta,1
USR004816,At_Risk,2024-11-12,50,2,174000.0,2030,Member,GrabExpress|GrabMart,2,Surabaya,0
USR006201,Promising,2024-12-12,20,7,155000.0,1333,Member,GrabMart,1,Jakarta,0
USR006223,Promising,2024-12-18,14,6,141000.0,1258,Member,GrabFood,1,Jakarta,0
USR008685,Hibernating,2024-01-22,345,0,45000.0,406,Member,GrabExpress|GrabFood,2,Medan,1
USR007113,Promising,2024-12-23,9,5,237000.0,2221,Silver,GrabExpress|GrabCar,2,Bandung,0
USR005274,At_Risk,2024-10-11,82,3,343000.0,2846,Silver,GrabFood|GrabMart,2,Surabaya,0
USR008535,Hibernating,2024-04-27,249,0,22000.0,211,Member,GrabCar,1,Jakarta,1
USR003043,Loyal,2024-12-10,22,9,784000.0,6536,Gold,GrabBike|GrabCar,2,Jakarta,1
USR006911,Promising,2024-12-24,8,5,236000.0,2814,Silver,GrabCar|GrabMart,2,Medan,0
USR000149,Champions,2024-12-31,1,29,1088000.0,12294,Gold,GrabMart|GrabCar|GrabBike,3,Bekasi,0
USR007573,Promising,2024-12-28,4,7,177000.0,1476,Member,GrabMart,1,Bandung,0
USR004205,At_Risk,2024-10-15,78,4,117000.0,1086,Member,GrabMart,1,Bekasi,1
USR005492,At_Risk,2024-10-29,64,2,328000.0,3424,Silver,GrabExpress|GrabFood|GrabBike|GrabCar,4,Jakarta,1
USR002689,Loyal,2024-12-20,12,8,452000.0,5178,Silver,GrabCar,1,Surabaya,1
USR004220,At_Risk,2024-10-10,83,5,145000.0,1728,Member,GrabBike|GrabExpress|GrabCar|GrabFood,4,Jakarta,0
USR009101,Hibernating,2024-02-20,316,0,3000.0,32,Member,GrabExpress|GrabBike,2,Jakarta,1
USR000841,Champions,2024-12-26,6,24,1287000.0,15297,Gold,GrabExpress|GrabFood|GrabCar,3,Bekasi,0
USR008136,Hibernating,2024-01-13,354,0,41000.0,473,Member,GrabFood|GrabMart|GrabBike,3,Jakarta,1
USR006437,Promising,2024-12-29,3,6,112000.0,1272,Member,GrabExpress|GrabMart|GrabFood,3,Jakarta,1
USR009699,Hibernating,2024-06-08,207,0,6000.0,52,Member,GrabCar|GrabExpress|GrabMart,3,Jakarta,1
USR006199,Promising,2024-12-17,15,3,196000.0,1809,Member,GrabBike,1,Jakarta,0
USR002794,Loyal,2024-12-21,11,8,788000.0,7945,Gold,GrabMart,1,Jakarta,0
USR007625,Promising,2024-12-21,11,7,227000.0,2227,Silver,GrabCar,1,Surabaya,0
USR008474,Hibernating,2024-05-16,230,0,31000.0,360,Member,GrabFood,1,Surabaya,1
USR007889,Promising,2024-12-18,14,7,234000.0,1876,Silver,GrabMart|GrabBike,2,Jakarta,0
USR006607,Promising,2024-12-29,3,7,115000.0,1338,Member,GrabCar|GrabBike|GrabFood,3,Jakarta,0
USR009194,Hibernating,2024-04-29,247,0,59000.0,580,Member,GrabExpress|GrabBike,2,Surabaya,1
USR008247,Hibernating,2024-03-18,289,0,36000.0,314,Member,GrabExpress|GrabMart|GrabBike,3,Jakarta,1
USR001392,Champions,2024-12-19,13,19,964000.0,7763,Gold,GrabExpress|GrabMart|GrabCar,3,Jakarta,0
USR001921,Loyal,2024-12-03,29,14,371000.0,3723,Silver,GrabFood|GrabBike|GrabMart,3,Jakarta,0
USR007018,Promising,2024-12-18,14,5,106000.0,1252,Member,GrabCar|GrabMart|GrabBike|GrabExpress,4,Jakarta,0
USR003621,Loyal,2024-12-17,15,14,665000.0,5474,Gold,GrabFood,1,Jakarta,1
USR004848,At_Risk,2024-10-11,82,2,118000.0,1231,Member,GrabExpress|GrabMart,2,Surabaya,1
USR002291,Loyal,2024-12-13,19,8,495000.0,5753,Silver,GrabBike|GrabExpress|GrabMart|GrabFood,4,Surabaya,1
USR002133,Loyal,2024-12-20,12,14,625000.0,5039,Gold,GrabFood|GrabMart,2,Jakarta,0
USR000550,Champions,2024-12-19,13,28,1927000.0,17817,Platinum,GrabBike|GrabMart,2,Bekasi,0
USR001740,Loyal,2024-12-25,7,8,594000.0,6325,Silver,GrabCar,1,Jakarta,0
USR005289,At_Risk,2024-11-15,47,2,245000.0,2733,Silver,GrabExpress,1,Jakarta,1
USR001817,Loyal,2024-12-05,27,8,349000.0,3608,Silver,GrabFood,1,Jakarta,0
USR004698,At_Risk,2024-10-13,80,2,208000.0,1919,Silver,GrabExpress,1,Jakarta,0
USR005181,At_Risk,2024-10-18,75,4,340000.0,2997,Silver,GrabExpress,1,Jakarta,0
USR003018,Loyal,2024-12-16,16,12,364000.0,4224,Silver,GrabMart,1,Surabaya,0
USR000017,Champions,2024-12-25,7,26,871000.0,6976,Gold,GrabExpress|GrabMart,2,Jakarta,0
USR001770,Loyal,2024-12-22,10,11,765000.0,7914,Gold,GrabCar,1,Bekasi,0
USR001888,Loyal,2024-12-23,9,11,360000.0,3497,Silver,GrabExpress,1,Bekasi,1
USR002152,Loyal,2024-12-12,20,12,529000.0,5719,Silver,GrabFood|GrabExpress|GrabMart,3,Surabaya,0
USR001642,Loyal,2024-12-10,22,10,675000.0,5531,Gold,GrabBike,1,Medan,0
USR007846,Promising,2024-12-17,15,7,106000.0,1176,Member,GrabMart|GrabCar,2,Jakarta,0
USR004193,At_Risk,2024-10-18,75,5,112000.0,1261,Member,GrabMart,1,Bekasi,0
USR009432,Hibernating,2024-07-20,165,0,15000.0,134,Member,GrabCar|GrabFood,2,Bandung,0
USR008898,Hibernating,2024-06-23,192,0,14000.0,153,Member,GrabMart|GrabCar,2,Bekasi,1
USR000533,Champions,2024-12-23,9,25,1853000.0,21599,Platinum,GrabCar|GrabExpress|GrabBike|GrabMart,4,Surabaya,0
USR000132,Champions,2024-12-19,13,26,1904000.0,15247,Platinum,GrabBike|GrabMart|GrabCar,3,Jakarta,0
USR007722,Promising,2024-12-19,13,6,219000.0,2544,Silver,GrabMart|GrabBike|GrabFood,3,Medan,0
USR008458,Hibernating,2024-08-11,143,0,31000.0,337,Member,GrabFood,1,Bekasi,1
USR000964,Champions,2024-12-28,4,21,1022000.0,11138,Gold,GrabExpress|GrabBike,2,Jakarta,0
USR008719,Hibernating,2024-02-19,317,0,73000.0,735,Member,GrabBike|GrabExpress|GrabMart|GrabCar,4,Jakarta,1
USR006412,Promising,2024-12-20,12,6,204000.0,1979,Silver,GrabMart,1,Jakarta,0
USR008285,Hibernating,2024-06-22,193,0,44000.0,389,Member,GrabFood,1,Bekasi,1
USR007853,Promising,2024-12-14,18,4,131000.0,1456,Member,GrabBike,1,Jakarta,0
USR001095,Champions,2024-12-25,7,27,1222000.0,14482,Gold,GrabBike|GrabCar|GrabFood,3,Surabaya,0
USR006929,Promising,2024-12-13,19,5,189000.0,2109,Member,GrabFood|GrabExpress,2,Bandung,0
USR009254,Hibernating,2024-06-11,204,0,2000.0,18,Member,GrabExpress|GrabCar,2,Jakarta,1
USR001561,Loyal,2024-12-04,28,9,387000.0,4372,Silver,GrabFood,1,Medan,0
USR001670,Loyal,2024-12-04,28,13,598000.0,5377,Silver,GrabCar|GrabBike|GrabExpress,3,Surabaya,0
USR006087,Promising,2024-12-21,11,4,116000.0,1149,Member,GrabBike|GrabFood|GrabExpress,3,Jakarta,0
USR006669,Promising,2024-12-13,19,5,85000.0,838,Member,GrabExpress|GrabBike|GrabFood,3,Medan,0
USR005933,At_Risk,2024-10-17,76,5,108000.0,974,Member,GrabExpress|GrabFood,2,Medan,1
USR008829,Hibernating,2024-01-23,344,0,1000.0,9,Member,GrabMart|GrabBike|GrabFood,3,Bandung,1
USR007945,Promising,2024-12-27,5,6,233000.0,2183,Silver,GrabFood,1,Jakarta,0
USR003508,Loyal,2024-12-12,20,9,321000.0,3184,Silver,GrabFood|GrabMart,2,Jakarta,1
USR002002,Loyal,2024-12-24,8,14,671000.0,6960,Gold,GrabCar|GrabBike|GrabFood,3,Jakarta,0
USR005866,At_Risk,2024-11-16,46,5,348000.0,3941,Silver,GrabExpress,1,Jakarta,1
USR000168,Champions,2024-12-28,4,26,1686000.0,17060,Platinum,GrabCar|GrabBike|GrabExpress,3,Jakarta,0
USR002588,Loyal,2024-12-23,9,9,616000.0,6693,Gold,GrabExpress|GrabMart,2,Jakarta,0
USR005905,At_Risk,2024-10-28,65,3,125000.0,1061,Member,GrabCar,1,Surabaya,1
USR009529,Hibernating,2024-05-18,228,0,67000.0,771,Member,GrabBike|GrabExpress,2,Bekasi,1
USR006384,Promising,2024-12-27,5,5,175000.0,1904,Member,GrabExpress|GrabMart|GrabBike|GrabFood,4,Surabaya,0
USR007824,Promising,2024-12-23,9,4,107000.0,934,Member,GrabMart|GrabExpress,2,Jakarta,0
USR009779,Hibernating,2024-02-10,326,0,57000.0,603,Member,GrabCar|GrabMart,2,Bekasi,1
USR004629,At_Risk,2024-10-10,83,4,348000.0,3695,Silver,GrabMart,1,Jakarta,1
USR008560,Hibernating,2024-06-14,201,0,69000.0,752,Member,GrabMart|GrabFood|GrabBike,3,Surabaya,1
USR009291,Hibernating,2024-05-03,243,0,15000.0,167,Member,GrabMart|GrabBike|GrabExpress|GrabCar,4,Medan,1
USR006874,Promising,2024-12-14,18,7,160000.0,1786,Member,GrabCar|GrabBike|GrabExpress,3,Jakarta,0
USR006521,Promising,2024-12-27,5,6,227000.0,1877,Silver,GrabCar,1,Medan,0
USR008979,Hibernating,2024-05-27,219,0,4000.0,46,Member,GrabBike|GrabFood,2,Bekasi,1
USR006647,Promising,2024-12-18,14,4,156000.0,1372,Member,GrabCar|GrabFood,2,Bekasi,0
USR009825,Hibernating,2024-08-05,149,0,46000.0,506,Member,GrabExpress,1,Jakarta,1
USR000210,Champions,2024-12-22,10,26,1560000.0,18147,Platinum,GrabBike|GrabFood,2,Bekasi,0
USR005278,At_Risk,2024-10-23,70,3,206000.0,2340,Silver,GrabMart|GrabExpress|GrabBike,3,Jakarta,0
USR001919,Loyal,2024-12-06,26,14,542000.0,6400,Silver,GrabExpress,1,Jakarta,0
USR000718,Champions,2024-12-27,5,26,912000.0,10746,Gold,GrabMart|GrabCar|GrabFood|GrabBike,4,Surabaya,0
USR004868,At_Risk,2024-10-24,69,4,295000.0,3044,Silver,GrabFood|GrabBike,2,Medan,0
USR007834,Promising,2024-12-24,8,6,90000.0,986,Member,GrabBike|GrabFood,2,Jakarta,0
USR001298,Champions,2024-12-19,13,27,1382000.0,12414,Gold,GrabExpress|GrabFood,2,Bandung,0
USR009193,Hibernating,2024-03-18,289,0,11000.0,126,Member,GrabCar,1,Jakarta,1
USR004617,At_Risk,2024-11-11,51,2,298000.0,2951,Silver,GrabBike|GrabMart|GrabCar|GrabExpress,4,Jakarta,0
USR003128,Loyal,2024-12-07,25,8,585000.0,6783,Silver,GrabFood|GrabExpress|GrabCar,3,Bandung,0
USR009795,Hibernating,2024-09-29,94,0,60000.0,489,Member,GrabMart|GrabFood,2,Bekasi,1
USR003979,Loyal,2024-12-23,9,10,333000.0,3540,Silver,GrabBike,1,Medan,0
USR009924,Hibernating,2024-06-10,205,0,60000.0,554,Member,GrabBike|GrabCar,2,Bekasi,1
USR008317,Hibernating,2024-07-15,170,0,7000.0,61,Member,GrabExpress|GrabFood,2,Medan,1
USR004393,At_Risk,2024-10-15,78,2,246000.0,2675,Silver,GrabBike,1,Jakarta,0
USR001287,Champions,2024-12-24,8,23,1302000.0,14387,Gold,GrabCar,1,Jakarta,0
USR004355,At_Risk,2024-11-10,52,5,342000.0,3495,Silver,GrabCar,1,Bandung,0
USR007013,Promising,2024-12-29,3,4,219000.0,2393,Silver,GrabMart,1,Medan,1
USR003885,Loyal,2024-12-23,9,9,471000.0,5383,Silver,GrabFood|GrabExpress|GrabCar,3,Jakarta,0
USR005749,At_Risk,2024-10-10,83,5,204000.0,1783,Silver,GrabExpress,1,Jakarta,0
USR009169,Hibernating,2024-02-17,319,0,78000.0,825,Member,GrabFood,1,Bandung,1
USR002407,Loyal,2024-12-11,21,9,409000.0,4834,Silver,GrabBike,1,Jakarta,0
USR002013,Loyal,2024-12-05,27,10,742000.0,8706,Gold,GrabCar|GrabBike,2,Bandung,0
USR005153,At_Risk,2024-10-19,74,5,228000.0,1939,Silver,GrabMart|GrabFood|GrabCar,3,Bandung,0
USR008551,Hibernating,2024-06-19,196,0,57000.0,623,Member,GrabBike,1,Bekasi,1
USR004376,At_Risk,2024-11-07,55,2,207000.0,1964,Silver,GrabCar|GrabBike|GrabExpress,3,Bekasi,0
USR008822,Hibernating,2024-03-10,297,0,49000.0,471,Member,GrabCar|GrabFood,2,Bandung,1
USR004273,At_Risk,2024-11-17,45,2,137000.0,1253,Member,GrabFood|GrabBike|GrabMart,3,Jakarta,0
USR005825,At_Risk,2024-10-10,83,2,213000.0,1944,Silver,GrabMart|GrabExpress,2,Jakarta,0
USR006699,Promising,2024-12-28,4,5,99000.0,909,Member,GrabFood|GrabExpress|GrabCar|GrabBike,4,Bandung,1
USR007243,Promising,2024-12-26,6,3,137000.0,1637,Member,GrabBike|GrabMart,2,Jakarta,0
USR000449,Champions,2024-12-30,2,27,2327000.0,23068,Platinum,GrabBike|GrabMart,2,Jakarta,0
USR002227,Loyal,2024-12-03,29,11,414000.0,4633,Silver,GrabFood|GrabMart,2,Bandung,0
USR005756,At_Risk,2024-11-08,54,3,328000.0,3472,Silver,GrabFood|GrabExpress,2,Jakarta,1
USR000810,Champions,2024-12-26,6,15,1934000.0,18466,Platinum,GrabCar|GrabExpress|GrabMart,3,Jakarta,0
USR004180,At_Risk,2024-11-01,61,2,148000.0,1257,Member,GrabFood,1,Bekasi,0
USR009000,Hibernating,2024-07-24,161,0,77000.0,693,Member,GrabFood|GrabMart|GrabCar,3,Jakarta,0
USR005438,At_Risk,2024-10-06,87,5,127000.0,1396,Member,GrabFood|GrabBike|GrabCar,3,Bandung,0
USR007533,Promising,2024-12-23,9,4,140000.0,1577,Member,GrabMart,1,Medan,1
USR006369,Promising,2024-12-14,18,6,122000.0,1460,Member,GrabCar|GrabMart|GrabFood,3,Jakarta,0
USR008416,Hibernating,2024-06-16,199,0,47000.0,387,Member,GrabCar,1,Medan,1
USR001477,Champions,2024-12-31,1,29,1761000.0,17445,Platinum,GrabExpress|GrabCar|GrabMart,3,Bekasi,0
USR001790,Loyal,2024-12-17,15,9,715000.0,7039,Gold,GrabExpress|GrabFood|GrabMart,3,Jakarta,0
USR002008,Loyal,2024-12-17,15,12,365000.0,3054,Silver,GrabExpress|GrabCar,2,Bekasi,0
USR000682,Champions,2024-12-31,1,16,855000.0,9950,Gold,GrabBike|GrabExpress|GrabFood,3,Jakarta,0
USR002816,Loyal,2024-12-13,19,11,645000.0,7480,Gold,GrabFood,1,Jakarta,0
USR009431,Hibernating,2024-02-10,326,0,32000.0,261,Member,GrabExpress|GrabMart|GrabCar,3,Jakarta,1
USR003774,Loyal,2024-12-04,28,10,751000.0,6062,Gold,GrabFood,1,Jakarta,0
USR006495,Promising,2024-12-17,15,7,152000.0,1655,Member,GrabCar|GrabBike|GrabFood,3,Jakarta,0
USR008878,Hibernating,2024-08-13,141,0,19000.0,197,Member,GrabBike,1,Jakarta,1
USR007361,Promising,2024-12-16,16,3,172000.0,1607,Member,GrabBike|GrabFood|GrabCar|GrabExpress,4,Bekasi,1
USR008366,Hibernating,2024-08-10,144,0,57000.0,558,Member,GrabMart,1,Bekasi,1
USR007474,Promising,2024-12-17,15,7,86000.0,976,Member,GrabMart|GrabExpress|GrabFood|GrabCar,4,Surabaya,0
USR000046,Champions,2024-12-19,13,21,964000.0,7946,Gold,GrabExpress|GrabCar|GrabFood,3,Jakarta,0
USR000030,Champions,2024-12-21,11,19,1671000.0,14372,Platinum,GrabCar|GrabExpress|GrabFood|GrabMart,4,Bandung,0
USR008250,Hibernating,2024-02-19,317,0,67000.0,588,Member,GrabBike,1,Bekasi,1
USR006935,Promising,2024-12-17,15,5,104000.0,1101,Member,GrabBike|GrabFood|GrabCar,3,Jakarta,0
USR001468,Champions,2024-12-23,9,26,1897000.0,18013,Platinum,GrabFood|GrabBike|GrabExpress,3,Jakarta,0
USR001665,Loyal,2024-12-12,20,11,340000.0,3373,Silver,GrabBike|GrabMart,2,Jakarta,0
USR001416,Champions,2024-12-23,9,21,2312000.0,25119,Platinum,GrabBike|GrabExpress,2,Medan,0
USR006480,Promising,2024-12-19,13,6,202000.0,1941,Silver,GrabBike,1,Jakarta,0
USR004852,At_Risk,2024-10-13,80,3,239000.0,2821,Silver,GrabCar|GrabFood|GrabExpress,3,Jakarta,0
USR002470,Loyal,2024-12-05,27,13,526000.0,6128,Silver,GrabBike|GrabMart|GrabCar,3,Medan,0
USR004373,At_Risk,2024-10-13,80,4,185000.0,1774,Member,GrabFood|GrabExpress,2,Jakarta,0
USR008524,Hibernating,2024-07-12,173,0,80000.0,748,Member,GrabFood,1,Bekasi,0
USR000429,Champions,2024-12-22,10,16,1027000.0,10463,Gold,GrabExpress|GrabBike,2,Jakarta,0
USR005244,At_Risk,2024-10-16,77,3,157000.0,1579,Member,GrabBike,1,Bekasi,0
USR002119,Loyal,2024-12-25,7,8,586000.0,6596,Silver,GrabFood,1,Jakarta,1
USR000385,Champions,2024-12-22,10,18,2417000.0,19877,Platinum,GrabFood|GrabCar|GrabExpress|GrabMart,4,Surabaya,0
USR001945,Loyal,2024-12-07,25,14,507000.0,4198,Silver,GrabExpress|GrabMart|GrabFood|GrabBike,4,Medan,0
USR004224,At_Risk,2024-10-24,69,5,111000.0,942,Member,GrabBike|GrabExpress|GrabFood|GrabMart,4,Medan,1
USR000473,Champions,2024-12-28,4,16,1329000.0,15051,Gold,GrabCar,1,Jakarta,0
USR002129,Loyal,2024-12-12,20,10,348000.0,3048,Silver,GrabExpress|GrabMart|GrabBike,3,Bandung,0
USR006556,Promising,2024-12-16,16,3,154000.0,1262,Member,GrabBike|GrabCar,2,Bandung,0
USR006998,Promising,2024-12-26,6,7,178000.0,1487,Member,GrabExpress|GrabCar,2,Jakarta,0
USR001055,Champions,2024-12-24,8,27,2495000.0,29860,Platinum,GrabCar|GrabFood|GrabExpress|GrabBike,4,Jakarta,0
USR003274,Loyal,2024-12-20,12,13,671000.0,6013,Gold,GrabFood,1,Bandung,0
USR004961,At_Risk,2024-10-25,68,5,186000.0,1787,Member,GrabFood|GrabMart,2,Jakarta,0
USR005363,At_Risk,2024-11-05,57,3,139000.0,1594,Member,GrabFood|GrabExpress|GrabBike,3,Bandung,0
USR005816,At_Risk,2024-11-17,45,2,311000.0,3552,Silver,GrabFood,1,Bandung,1
USR000811,Champions,2024-12-22,10,20,1481000.0,12433,Gold,GrabFood|GrabBike,2,Medan,0
USR004573,At_Risk,2024-10-05,88,2,134000.0,1147,Member,GrabExpress,1,Jakarta,1
USR006137,Promising,2024-12-25,7,5,146000.0,1198,Member,GrabCar|GrabExpress,2,Jakarta,0
USR002388,Loyal,2024-12-20,12,8,766000.0,7589,Gold,GrabMart|GrabBike|GrabFood,3,Bekasi,0
USR009648,Hibernating,2024-08-20,134,0,36000.0,423,Member,GrabExpress|GrabMart,2,Surabaya,1
USR006225,Promising,2024-12-19,13,7,133000.0,1193,Member,GrabExpress|GrabFood|GrabCar,3,Bekasi,0
USR000111,Champions,2024-12-25,7,22,1915000.0,22488,Platinum,GrabBike|GrabCar|GrabFood|GrabExpress,4,Bandung,0
USR008909,Hibernating,2024-01-07,360,0,47000.0,560,Member,GrabMart,1,Jakarta,1
USR001745,Loyal,2024-12-18,14,10,486000.0,5745,Silver,GrabBike,1,Jakarta,0
USR007851,Promising,2024-12-16,16,7,206000.0,2430,Silver,GrabExpress|GrabMart,2,Medan,0
USR001452,Champions,2024-12-19,13,27,1919000.0,15395,Platinum,GrabCar|GrabExpress|GrabBike,3,Jakarta,0
USR000319,Champions,2024-12-19,13,22,1103000.0,10294,Gold,GrabFood|GrabMart|GrabCar|GrabExpress,4,Bekasi,0
USR008593,Hibernating,2024-08-02,152,0,52000.0,581,Member,GrabExpress|GrabCar,2,Bandung,1
USR003333,Loyal,2024-12-14,18,12,778000.0,7684,Gold,GrabExpress,1,Medan,0
USR001922,Loyal,2024-12-23,9,10,440000.0,3868,Silver,GrabCar,1,Bekasi,0
USR005865,At_Risk,2024-11-01,61,3,179000.0,1723,Member,GrabCar|GrabBike|GrabFood|GrabExpress,4,Jakarta,0
USR009528,Hibernating,2024-01-12,355,0,56000.0,509,Member,GrabMart|GrabCar,2,Jakarta,1
USR003685,Loyal,2024-12-07,25,10,599000.0,6791,Silver,GrabMart,1,Surabaya,0
USR004275,At_Risk,2024-10-29,64,5,262000.0,2653,Silver,GrabBike,1,Medan,1
USR004889,At_Risk,2024-10-06,87,3,155000.0,1586,Member,GrabBike|GrabExpress,2,Medan,1
USR005225,At_Risk,2024-11-09,53,5,284000.0,2306,Silver,GrabExpress|GrabFood|GrabCar,3,Medan,0
USR007472,Promising,2024-12-15,17,6,124000.0,1218,Member,GrabBike|GrabFood,2,Bekasi,0
USR003605,Loyal,2024-12-19,13,11,495000.0,5553,Silver,GrabExpress|GrabMart,2,Jakarta,0
USR001052,Champions,2024-12-25,7,28,1008000.0,9927,Gold,GrabCar|GrabFood|GrabMart|GrabBike,4,Jakarta,0
USR004156,At_Risk,2024-11-07,55,3,191000.0,2189,Member,GrabFood,1,Jakarta,1
USR009676,Hibernating,2024-01-13,354,0,41000.0,364,Member,GrabExpress|GrabBike,2,Medan,1
USR000099,Champions,2024-12-23,9,22,2084000.0,18999,Platinum,GrabFood|GrabMart|GrabBike,3,Jakarta,0
USR007508,Promising,2024-12-28,4,4,106000.0,1267,Member,GrabExpress|GrabBike|GrabFood|GrabMart,4,Jakarta,0
USR001456,Champions,2024-12-22,10,18,1161000.0,12313,Gold,GrabExpress|GrabMart|GrabBike|GrabFood,4,Surabaya,0
USR007688,Promising,2024-12-12,20,7,87000.0,783,Member,GrabCar,1,Bandung,0
USR004004,At_Risk,2024-10-18,75,5,185000.0,2119,Member,GrabFood|GrabCar,2,Jakarta,1
USR006866,Promising,2024-12-29,3,3,172000.0,1983,Member,GrabBike|GrabMart|GrabExpress,3,Bandung,0
USR004509,At_Risk,2024-10-07,86,2,274000.0,2702,Silver,GrabCar,1,Jakarta,1
USR003299,Loyal,2024-12-19,13,11,536000.0,5742,Silver,GrabFood|GrabBike|GrabCar|GrabMart,4,Jakarta,0
USR003799,Loyal,2024-12-19,13,12,527000.0,5201,Silver,GrabCar,1,Medan,0
USR004281,At_Risk,2024-10-18,75,3,232000.0,2422,Silver,GrabExpress|GrabFood|GrabCar|GrabBike,4,Bekasi,0
USR009051,Hibernating,2024-04-09,267,0,66000.0,631,Member,GrabMart|GrabCar|GrabExpress,3,Surabaya,1
USR006462,Promising,2024-12-20,12,7,232000.0,2578,Silver,GrabExpress,1,Bandung,1
USR007912,Promising,2024-12-29,3,3,231000.0,1927,Silver,GrabCar|GrabExpress|GrabMart,3,Surabaya,0
USR001414,Champions,2024-12-31,1,25,2029000.0,24208,Platinum,GrabExpress|GrabBike|GrabMart,3,Bandung,0
USR000540,Champions,2024-12-24,8,26,919000.0,9358,Gold,GrabCar|GrabMart|GrabBike,3,Surabaya,0
USR005815,At_Risk,2024-11-05,57,5,257000.0,2239,Silver,GrabCar|GrabFood,2,Surabaya,0
USR008199,Hibernating,2024-05-20,226,0,41000.0,443,Member,GrabMart|GrabCar,2,Medan,1
USR003680,Loyal,2024-12-03,29,11,524000.0,5128,Silver,GrabMart|GrabExpress|GrabFood|GrabCar,4,Bandung,0
USR000754,Champions,2024-12-20,12,17,1504000.0,17116,Platinum,GrabCar|GrabMart|GrabExpress,3,Jakarta,0
USR004196,At_Risk,2024-11-16,46,4,161000.0,1499,Member,GrabFood,1,Medan,0
USR002650,Loyal,2024-12-04,28,10,495000.0,5368,Silver,GrabExpress,1,Jakarta,0
USR004522,At_Risk,2024-10-10,83,2,230000.0,2448,Silver,GrabBike,1,Jakarta,0
USR009519,Hibernating,2024-08-08,146,0,16000.0,175,Member,GrabFood,1,Bandung,1
USR003118,Loyal,2024-12-07,25,12,759000.0,6850,Gold,GrabMart|GrabBike|GrabCar|GrabExpress,4,Jakarta,0
USR003728,Loyal,2024-12-09,23,13,430000.0,4093,Silver,GrabCar,1,Jakarta,0
USR003886,Loyal,2024-12-15,17,8,486000.0,5429,Silver,GrabMart|GrabCar,2,Surabaya,0
USR007107,Promising,2024-12-23,9,6,105000.0,1222,Member,GrabExpress,1,Jakarta,0
USR008068,Hibernating,2024-04-03,273,0,41000.0,483,Member,GrabBike|GrabCar|GrabFood,3,Jakarta,0
USR007325,Promising,2024-12-15,17,6,173000.0,1829,Member,GrabCar,1,Jakarta,0
USR008483,Hibernating,2024-08-08,146,0,34000.0,333,Member,GrabExpress|GrabCar,2,Medan,1
USR008767,Hibernating,2024-04-02,274,0,61000.0,499,Member,GrabMart|GrabBike|GrabFood|GrabCar,4,Jakarta,1
USR006500,Promising,2024-12-25,7,3,136000.0,1399,Member,GrabMart,1,Bandung,0
USR008426,Hibernating,2024-01-28,339,0,73000.0,630,Member,GrabMart,1,Jakarta,0
USR007963,Promising,2024-12-15,17,5,94000.0,905,Member,GrabMart,1,Medan,1
USR000601,Champions,2024-12-21,11,24,888000.0,8883,Gold,GrabBike|GrabCar,2,Bekasi,0
USR009249,Hibernating,2024-08-17,137,0,1000.0,9,Member,GrabExpress|GrabBike|GrabCar,3,Jakarta,0
USR008919,Hibernating,2024-05-08,238,0,13000.0,117,Member,GrabBike,1,Jakarta,1
USR006814,Promising,2024-12-12,20,6,218000.0,1981,Silver,GrabBike|GrabCar,2,Medan,0
USR005411,At_Risk,2024-10-31,62,5,244000.0,2869,Silver,GrabCar|GrabBike,2,Jakarta,0
USR008747,Hibernating,2024-02-16,320,0,9000.0,96,Member,GrabExpress,1,Medan,1
USR005522,At_Risk,2024-11-03,59,4,326000.0,2885,Silver,GrabExpress|GrabMart,2,Jakarta,0
USR001044,Champions,2024-12-29,3,26,2084000.0,18275,Platinum,GrabExpress|GrabFood,2,Bandung,0
USR007334,Promising,2024-12-19,13,3,155000.0,1646,Member,GrabMart|GrabBike,2,Bekasi,0
USR001557,Loyal,2024-12-19,13,8,610000.0,7096,Gold,GrabFood|GrabBike,2,Surabaya,0
USR003739,Loyal,2024-12-09,23,13,705000.0,8018,Gold,GrabBike|GrabCar,2,Jakarta,0
USR003522,Loyal,2024-12-12,20,14,435000.0,3804,Silver,GrabExpress|GrabBike|GrabCar,3,Jakarta,1
USR000180,Champions,2024-12-20,12,19,1356000.0,11225,Gold,GrabMart|GrabBike,2,Medan,0
USR002115,Loyal,2024-12-24,8,9,452000.0,4863,Silver,GrabMart|GrabExpress|GrabBike|GrabFood,4,Jakarta,0
USR001699,Loyal,2024-12-24,8,13,498000.0,5275,Silver,GrabMart|GrabBike,2,Jakarta,0
USR001379,Champions,2024-12-20,12,19,2028000.0,22458,Platinum,GrabMart|GrabExpress|GrabFood,3,Jakarta,0
USR007229,Promising,2024-12-24,8,5,229000.0,2673,Silver,GrabCar,1,Jakarta,0
USR009143,Hibernating,2024-07-08,177,0,23000.0,261,Member,GrabCar|GrabFood|GrabMart|GrabExpress,4,Jakarta,1
USR000618,Champions,2024-12-20,12,23,1590000.0,15929,Platinum,GrabBike|GrabFood,2,Jakarta,0
USR003181,Loyal,2024-12-11,21,8,349000.0,3591,Silver,GrabCar|GrabBike|GrabFood,3,Jakarta,0
USR009851,Hibernating,2024-05-01,245,0,76000.0,875,Member,GrabFood|GrabExpress,2,Medan,1
USR001600,Loyal,2024-12-12,20,13,308000.0,3008,Silver,GrabFood|GrabBike|GrabMart|GrabExpress,4,Bekasi,0
USR005963,At_Risk,2024-10-09,84,4,277000.0,2676,Silver,GrabExpress|GrabFood,2,Surabaya,1
USR001615,Loyal,2024-12-06,26,14,587000.0,6556,Silver,GrabExpress|GrabCar,2,Jakarta,0
USR005920,At_Risk,2024-10-29,64,5,299000.0,3495,Silver,GrabExpress|GrabMart,2,Jakarta,1
USR009591,Hibernating,2024-02-09,327,0,16000.0,158,Member,GrabCar|GrabExpress|GrabMart,3,Jakarta,1
USR003891,Loyal,2024-12-23,9,9,429000.0,4537,Silver,GrabExpress,1,Jakarta,0
USR002083,Loyal,2024-12-18,14,14,456000.0,3982,Silver,GrabCar,1,Medan,0
USR004574,At_Risk,2024-10-21,72,3,128000.0,1425,Member,GrabBike|GrabExpress,2,Jakarta,0
USR005594,At_Risk,2024-10-07,86,3,249000.0,2257,Silver,GrabCar|GrabExpress|GrabMart|GrabFood,4,Bandung,1
USR005121,At_Risk,2024-10-20,73,4,151000.0,1456,Member,GrabBike,1,Medan,1
USR004587,At_Risk,2024-11-05,57,5,297000.0,2937,Silver,GrabBike|GrabCar|GrabExpress,3,Jakarta,0
USR004902,At_Risk,2024-10-10,83,2,213000.0,2453,Silver,GrabBike|GrabMart,2,Bandung,0
USR008252,Hibernating,2024-05-31,215,0,9000.0,96,Member,GrabBike,1,Bandung,1
USR005916,At_Risk,2024-10-31,62,4,241000.0,2530,Silver,GrabBike|GrabCar|GrabMart,3,Surabaya,0
USR005129,At_Risk,2024-11-03,59,5,336000.0,3144,Silver,GrabBike,1,Medan,1
USR008334,Hibernating,2024-03-22,285,0,70000.0,817,Member,GrabBike|GrabCar|GrabExpress|GrabFood,4,Bekasi,1
USR001918,Loyal,2024-12-11,21,9,790000.0,8915,Gold,GrabFood,1,Bandung,0
USR008330,Hibernating,2024-09-20,103,0,55000.0,516,Member,GrabMart|GrabBike,2,Bandung,1
USR005707,At_Risk,2024-11-01,61,3,204000.0,1689,Silver,GrabCar|GrabMart,2,Surabaya,0
USR005384,At_Risk,2024-10-15,78,2,336000.0,3935,Silver,GrabCar,1,Bekasi,1
USR006336,Promising,2024-12-12,20,4,178000.0,1637,Member,GrabBike,1,Surabaya,1
USR002054,Loyal,2024-12-08,24,8,467000.0,5042,Silver,GrabMart,1,Jakarta,0
USR007612,Promising,2024-12-24,8,5,115000.0,1226,Member,GrabBike,1,Jakarta,0
USR009209,Hibernating,2024-01-10,357,0,47000.0,487,Member,GrabExpress,1,Surabaya,1
USR003963,Loyal,2024-12-14,18,11,389000.0,3246,Silver,GrabExpress,1,Jakarta,0
USR001126,Champions,2024-12-31,1,28,2380000.0,22821,Platinum,GrabMart|GrabFood|GrabCar|GrabBike,4,Medan,0
USR003428,Loyal,2024-12-21,11,14,432000.0,3566,Silver,GrabMart,1,Bandung,0
USR004601,At_Risk,2024-11-10,52,4,252000.0,2712,Silver,GrabMart|GrabCar|GrabBike,3,Jakarta,1
USR003721,Loyal,2024-12-22,10,12,771000.0,6650,Gold,GrabMart|GrabCar,2,Jakarta,0
USR002389,Loyal,2024-12-19,13,11,612000.0,5823,Gold,GrabExpress|GrabMart|GrabBike,3,Jakarta,0
USR001322,Champions,2024-12-21,11,20,2295000.0,25693,Platinum,GrabBike|GrabCar|GrabExpress,3,Bandung,0
USR001603,Loyal,2024-12-16,16,10,684000.0,5590,Gold,GrabExpress|GrabFood|GrabCar,3,Jakarta,0
USR007224,Promising,2024-12-14,18,4,187000.0,1705,Member,GrabFood|GrabExpress,2,Jakarta,0
USR007425,Promising,2024-12-29,3,3,104000.0,880,Member,GrabExpress|GrabFood,2,Surabaya,1
USR004336,At_Risk,2024-10-21,72,4,223000.0,2008,Silver,GrabExpress|GrabBike|GrabFood,3,Jakarta,1
USR005593,At_Risk,2024-11-07,55,2,157000.0,1871,Member,GrabCar,1,Jakarta,1
USR004411,At_Risk,2024-11-16,46,3,147000.0,1254,Member,GrabBike|GrabFood,2,Jakarta,1
USR005858,At_Risk,2024-10-08,85,4,176000.0,2056,Member,GrabMart|GrabExpress,2,Jakarta,0
USR009343,Hibernating,2024-02-03,333,0,15000.0,147,Member,GrabCar,1,Jakarta,1
USR003991,Loyal,2024-12-03,29,8,624000.0,5427,Gold,GrabBike|GrabCar|GrabMart,3,Bandung,0
USR006079,Promising,2024-12-26,6,3,128000.0,1103,Member,GrabMart|GrabBike|GrabExpress,3,Jakarta,0
USR001559,Loyal,2024-12-05,27,10,574000.0,5276,Silver,GrabExpress,1,Jakarta,0
USR004682,At_Risk,2024-11-11,51,3,146000.0,1470,Member,GrabFood|GrabMart|GrabBike,3,Bandung,0
USR007557,Promising,2024-12-18,14,5,219000.0,2066,Silver,GrabBike,1,Bekasi,1
USR003772,Loyal,2024-12-13,19,11,573000.0,5396,Silver,GrabExpress,1,Bekasi,0
USR008779,Hibernating,2024-06-06,209,0,37000.0,412,Member,GrabMart|GrabFood,2,Bekasi,1
USR003457,Loyal,2024-12-24,8,12,517000.0,4301,Silver,GrabCar|GrabMart,2,Medan,0
USR008383,Hibernating,2024-10-02,91,0,20000.0,171,Member,GrabCar|GrabBike,2,Jakarta,1
USR001354,Champions,2024-12-21,11,16,982000.0,9861,Gold,GrabExpress|GrabFood,2,Medan,0
USR000045,Champions,2024-12-24,8,15,1537000.0,15055,Platinum,GrabCar|GrabExpress,2,Surabaya,0
USR009872,Hibernating,2024-07-04,181,0,38000.0,361,Member,GrabBike,1,Jakarta,1
USR000748,Champions,2024-12-31,1,20,2013000.0,21225,Platinum,GrabBike|GrabCar|GrabFood,3,Bandung,0
USR007917,Promising,2024-12-19,13,7,235000.0,2341,Silver,GrabMart|GrabBike,2,Medan,1
USR004241,At_Risk,2024-11-07,55,5,150000.0,1635,Member,GrabMart,1,Medan,0
USR005628,At_Risk,2024-10-06,87,4,221000.0,2512,Silver,GrabBike|GrabExpress,2,Bandung,0
USR004657,At_Risk,2024-11-10,52,3,233000.0,2151,Silver,GrabMart|GrabCar,2,Jakarta,1
USR004238,At_Risk,2024-10-29,64,3,163000.0,1588,Member,GrabBike|GrabMart,2,Bekasi,0
USR003460,Loyal,2024-12-22,10,8,500000.0,5299,Silver,GrabCar,1,Bekasi,0
USR007381,Promising,2024-12-18,14,3,233000.0,2328,Silver,GrabCar|GrabExpress|GrabFood,3,Jakarta,0
USR005549,At_Risk,2024-11-13,49,2,194000.0,2297,Member,GrabCar|GrabExpress,2,Surabaya,1
USR007075,Promising,2024-12-14,18,3,178000.0,2112,Member,GrabBike|GrabCar,2,Medan,1
USR005838,At_Risk,2024-10-18,75,5,181000.0,1562,Member,GrabBike|GrabMart,2,Bandung,0
USR008091,Hibernating,2024-10-01,92,0,7000.0,60,Member,GrabFood,1,Jakarta,0
USR005474,At_Risk,2024-11-12,50,2,321000.0,2641,Silver,GrabExpress|GrabCar|GrabFood,3,Bekasi,0
USR003614,Loyal,2024-12-13,19,14,449000.0,4574,Silver,GrabBike|GrabMart,2,Surabaya,0
USR007501,Promising,2024-12-22,10,5,140000.0,1300,Member,GrabFood|GrabCar|GrabBike,3,Surabaya,0
USR007053,Promising,2024-12-12,20,5,248000.0,2941,Silver,GrabFood,1,Bekasi,0
USR007367,Promising,2024-12-16,16,4,111000.0,1308,Member,GrabExpress|GrabCar,2,Surabaya,0
USR008019,Hibernating,2024-04-18,258,0,59000.0,679,Member,GrabMart|GrabExpress|GrabCar,3,Jakarta,1
USR009638,Hibernating,2024-06-14,201,0,72000.0,649,Member,GrabBike,1,Bekasi,1
USR009055,Hibernating,2024-08-02,152,0,73000.0,821,Member,GrabExpress,1,Jakarta,1
USR000664,Champions,2024-12-31,1,22,2307000.0,21773,Platinum,GrabCar|GrabBike|GrabMart|GrabExpress,4,Bekasi,0
USR002319,Loyal,2024-12-20,12,13,483000.0,4376,Silver,GrabFood|GrabExpress|GrabBike|GrabCar,4,Medan,0
USR003542,Loyal,2024-12-11,21,8,591000.0,4895,Silver,GrabBike,1,Bekasi,0
USR003677,Loyal,2024-12-06,26,13,696000.0,6598,Gold,GrabFood,1,Bandung,0
USR009599,Hibernating,2024-07-28,157,0,34000.0,286,Member,GrabFood|GrabMart,2,Bandung,0
USR003091,Loyal,2024-12-11,21,14,464000.0,4641,Silver,GrabMart|GrabExpress,2,Surabaya,0
USR000675,Champions,2024-12-30,2,19,1560000.0,13604,Platinum,GrabExpress|GrabCar|GrabFood,3,Surabaya,0
USR008676,Hibernating,2024-09-13,110,0,78000.0,653,Member,GrabCar|GrabMart|GrabExpress,3,Jakarta,0
USR004884,At_Risk,2024-10-25,68,2,170000.0,1669,Member,GrabMart,1,Jakarta,0
USR008079,Hibernating,2024-07-21,164,0,73000.0,772,Member,GrabCar,1,Medan,1
USR001962,Loyal,2024-12-03,29,13,336000.0,3486,Silver,GrabFood|GrabMart,2,Bandung,0
USR001840,Loyal,2024-12-21,11,13,543000.0,4559,Silver,GrabCar|GrabBike,2,Jakarta,1
USR007168,Promising,2024-12-14,18,3,204000.0,1655,Silver,GrabCar|GrabExpress,2,Jakarta,0
USR009898,Hibernating,2024-08-16,138,0,46000.0,420,Member,GrabFood|GrabExpress,2,Jakarta,1
USR003538,Loyal,2024-12-06,26,12,333000.0,3404,Silver,GrabFood|GrabMart,2,Surabaya,0
USR008026,Hibernating,2024-09-28,95,0,24000.0,192,Member,GrabExpress|GrabMart|GrabBike|GrabFood,4,Bekasi,1
USR004866,At_Risk,2024-10-05,88,3,334000.0,3151,Silver,GrabMart|GrabExpress,2,Surabaya,1
USR004174,At_Risk,2024-10-10,83,4,162000.0,1318,Member,GrabCar,1,Jakarta,0
USR008088,Hibernating,2024-01-17,350,0,56000.0,653,Member,GrabCar,1,Jakarta,1
USR004377,At_Risk,2024-11-14,48,2,274000.0,2726,Silver,GrabFood|GrabExpress|GrabBike,3,Bekasi,0
USR006211,Promising,2024-12-15,17,5,204000.0,2081,Silver,GrabBike|GrabExpress|GrabMart|GrabFood,4,Bandung,0
USR004766,At_Risk,2024-10-27,66,2,131000.0,1474,Member,GrabMart|GrabExpress,2,Bandung,1
USR000411,Champions,2024-12-20,12,21,1035000.0,9119,Gold,GrabExpress|GrabMart|GrabFood,3,Jakarta,0
USR000613,Champions,2024-12-22,10,20,1826000.0,14930,Platinum,GrabCar|GrabExpress|GrabBike,3,Medan,0
USR006126,Promising,2024-12-12,20,4,100000.0,1044,Member,GrabExpress|GrabCar|GrabBike,3,Jakarta,0
USR005210,At_Risk,2024-11-15,47,4,332000.0,3902,Silver,GrabExpress,1,Jakarta,0
USR001430,Champions,2024-12-29,3,16,1838000.0,15736,Platinum,GrabExpress|GrabBike,2,Medan,0
USR002425,Loyal,2024-12-23,9,14,689000.0,6027,Gold,GrabBike|GrabMart,2,Medan,0
USR008841,Hibernating,2024-06-02,213,0,73000.0,675,Member,GrabCar,1,Medan,1
USR003833,Loyal,2024-12-16,16,14,470000.0,4350,Silver,GrabFood,1,Jakarta,0
USR004718,At_Risk,2024-10-18,75,2,323000.0,3216,Silver,GrabMart|GrabFood|GrabExpress,3,Bekasi,0
USR007185,Promising,2024-12-28,4,3,151000.0,1620,Member,GrabBike|GrabMart|GrabCar,3,Jakarta,0
USR001417,Champions,2024-12-26,6,29,825000.0,8389,Gold,GrabCar|GrabExpress|GrabBike|GrabMart,4,Jakarta,0
USR007199,Promising,2024-12-15,17,4,230000.0,2634,Silver,GrabBike|GrabExpress,2,Jakarta,0
USR000604,Champions,2024-12-24,8,28,1576000.0,16762,Platinum,GrabFood|GrabMart|GrabCar,3,Bekasi,0
USR001272,Champions,2024-12-21,11,19,813000.0,7255,Gold,GrabBike|GrabCar,2,Surabaya,0
USR003964,Loyal,2024-12-08,24,12,396000.0,3451,Silver,GrabExpress,1,Surabaya,0
USR006367,Promising,2024-12-17,15,6,102000.0,956,Member,GrabMart,1,Surabaya,0
USR008746,Hibernating,2024-04-11,265,0,24000.0,266,Member,GrabMart,1,Jakarta,1
USR000247,Champions,2024-12-24,8,20,2205000.0,18511,Platinum,GrabExpress|GrabBike,2,Jakarta,0
USR009226,Hibernating,2024-07-07,178,0,55000.0,583,Member,GrabExpress|GrabFood,2,Jakarta,1
USR001982,Loyal,2024-12-05,27,13,320000.0,3193,Silver,GrabExpress|GrabFood|GrabCar,3,Bekasi,0
USR002835,Loyal,2024-12-04,28,10,737000.0,6907,Gold,GrabMart,1,Jakarta,1
USR005375,At_Risk,2024-11-01,61,4,315000.0,3759,Silver,GrabFood|GrabBike|GrabExpress|GrabCar,4,Bekasi,1
USR000199,Champions,2024-12-24,8,27,1231000.0,10984,Gold,GrabFood|GrabExpress,2,Jakarta,0
USR000485,Champions,2024-12-26,6,18,1634000.0,18070,Platinum,GrabBike|GrabMart|GrabExpress,3,Jakarta,0
USR006083,Promising,2024-12-29,3,3,249000.0,2401,Silver,GrabCar|GrabFood|GrabMart,3,Jakarta,0
USR008956,Hibernating,2024-05-14,232,0,77000.0,671,Member,GrabBike|GrabFood|GrabExpress,3,Jakarta,1
USR000455,Champions,2024-12-30,2,18,1695000.0,15954,Platinum,GrabFood|GrabCar,2,Bandung,0
USR009798,Hibernating,2024-08-06,148,0,19000.0,159,Member,GrabExpress|GrabMart|GrabBike|GrabCar,4,Jakarta,1
USR008826,Hibernating,2024-07-09,176,0,4000.0,41,Member,GrabBike|GrabFood,2,Jakarta,0
USR006515,Promising,2024-12-24,8,7,141000.0,1220,Member,GrabBike|GrabFood|GrabCar|GrabExpress,4,Jakarta,0
USR001721,Loyal,2024-12-15,17,8,389000.0,4544,Silver,GrabMart|GrabFood|GrabCar,3,Bandung,0
USR007050,Promising,2024-12-29,3,7,182000.0,2047,Member,GrabMart,1,Jakarta,1
USR006382,Promising,2024-12-22,10,5,114000.0,1081,Member,GrabFood|GrabBike|GrabMart,3,Jakarta,0
USR008165,Hibernating,2024-04-23,253,0,6000.0,60,Member,GrabMart|GrabBike|GrabFood,3,Bandung,1
USR005767,At_Risk,2024-10-05,88,3,211000.0,2458,Silver,GrabCar|GrabMart|GrabExpress|GrabFood,4,Bandung,0
USR005809,At_Risk,2024-11-12,50,3,156000.0,1325,Member,GrabBike,1,Jakarta,0
USR004626,At_Risk,2024-11-06,56,4,165000.0,1744,Member,GrabBike,1,Jakarta,1
USR000862,Champions,2024-12-28,4,28,1920000.0,20717,Platinum,GrabFood|GrabCar|GrabExpress,3,Jakarta,0
USR002094,Loyal,2024-12-05,27,12,342000.0,3526,Silver,GrabExpress|GrabMart,2,Medan,1
USR000947,Champions,2024-12-26,6,28,1249000.0,11669,Gold,GrabBike|GrabMart|GrabCar,3,Jakarta,0
USR005641,At_Risk,2024-10-17,76,4,335000.0,3913,Silver,GrabCar,1,Bekasi,0
USR001444,Champions,2024-12-27,5,28,953000.0,9805,Gold,GrabMart|GrabBike|GrabCar|GrabFood,4,Bekasi,0
USR001280,Champions,2024-12-29,3,17,1870000.0,17913,Platinum,GrabCar|GrabFood,2,Jakarta,0
USR003110,Loyal,2024-12-10,22,10,679000.0,7385,Gold,GrabMart|GrabCar,2,Jakarta,0
USR008952,Hibernating,2024-01-25,342,0,12000.0,117,Member,GrabBike|GrabFood|GrabExpress,3,Jakarta,1
USR007609,Promising,2024-12-20,12,6,221000.0,1854,Silver,GrabMart|GrabFood|GrabBike|GrabCar,4,Jakarta,0
USR005135,At_Risk,2024-11-16,46,3,152000.0,1406,Member,GrabCar|GrabExpress|GrabFood,3,Jakarta,1
USR003016,Loyal,2024-12-20,12,8,436000.0,5151,Silver,GrabMart,1,Jakarta,0
USR002302,Loyal,2024-12-14,18,9,306000.0,2608,Silver,GrabCar,1,Surabaya,0
USR002004,Loyal,2024-12-05,27,8,590000.0,6294,Silver,GrabMart,1,Jakarta,0
USR004580,At_Risk,2024-11-16,46,4,268000.0,2909,Silver,GrabMart|GrabCar|GrabExpress|GrabBike,4,Jakarta,0
USR008704,Hibernating,2024-03-30,277,0,26000.0,277,Member,GrabCar|GrabFood,2,Bekasi,1
USR001005,Champions,2024-12-26,6,17,2323000.0,21264,Platinum,GrabCar|GrabFood|GrabMart|GrabExpress,4,Medan,1
USR005138,At_Risk,2024-10-06,87,4,285000.0,2325,Silver,GrabCar,1,Bekasi,1
USR004317,At_Risk,2024-10-06,87,5,269000.0,2477,Silver,GrabBike|GrabExpress,2,Jakarta,0
USR006558,Promising,2024-12-22,10,5,106000.0,940,Member,GrabExpress|GrabCar|GrabFood,3,Surabaya,0
USR004387,At_Risk,2024-10-23,70,5,153000.0,1772,Member,GrabFood,1,Jakarta,0
USR002132,Loyal,2024-12-23,9,9,742000.0,7727,Gold,GrabFood,1,Medan,0
USR004265,At_Risk,2024-11-04,58,3,263000.0,2938,Silver,GrabExpress|GrabCar|GrabMart,3,Surabaya,0
USR002057,Loyal,2024-12-17,15,10,633000.0,6329,Gold,GrabCar|GrabExpress,2,Surabaya,0
USR005386,At_Risk,2024-11-07,55,2,336000.0,3945,Silver,GrabFood|GrabBike|GrabMart,3,Jakarta,0
USR000229,Champions,2024-12-24,8,25,1556000.0,14000,Platinum,GrabExpress|GrabBike|GrabCar|GrabMart,4,Jakarta,0
USR002889,Loyal,2024-12-10,22,14,441000.0,3707,Silver,GrabExpress|GrabCar,2,Jakarta,0
USR004472,At_Risk,2024-11-06,56,3,209000.0,1901,Silver,GrabExpress,1,Bandung,0
USR006064,Promising,2024-12-13,19,7,203000.0,2261,Silver,GrabBike|GrabFood,2,Medan,0
USR007924,Promising,2024-12-22,10,4,159000.0,1682,Member,GrabExpress|GrabBike|GrabFood,3,Surabaya,1
USR007649,Promising,2024-12-26,6,3,141000.0,1416,Member,GrabBike|GrabExpress|GrabCar,3,Jakarta,0
USR008381,Hibernating,2024-08-10,144,0,58000.0,484,Member,GrabMart|GrabBike|GrabExpress,3,Jakarta,1
USR000209,Champions,2024-12-23,9,29,2037000.0,16462,Platinum,GrabBike|GrabFood|GrabCar,3,Jakarta,0
USR002758,Loyal,2024-12-08,24,10,796000.0,8360,Gold,GrabMart|GrabCar,2,Surabaya,0
USR008471,Hibernating,2024-08-21,133,0,1000.0,11,Member,GrabBike|GrabMart,2,Surabaya,0
USR002948,Loyal,2024-12-13,19,9,768000.0,7790,Gold,GrabFood,1,Bandung,0
USR007116,Promising,2024-12-14,18,5,112000.0,963,Member,GrabExpress,1,Jakarta,0
USR006330,Promising,2024-12-23,9,4,118000.0,1151,Member,GrabExpress,1,Medan,0
USR001728,Loyal,2024-12-05,27,10,517000.0,4403,Silver,GrabCar,1,Surabaya,1
USR004176,At_Risk,2024-10-31,62,5,330000.0,2718,Silver,GrabBike|GrabCar|GrabMart|GrabExpress,4,Surabaya,1
USR000337,Champions,2024-12-29,3,25,1850000.0,17418,Platinum,GrabBike|GrabCar|GrabFood|GrabMart,4,Jakarta,0
USR004984,At_Risk,2024-10-31,62,2,310000.0,2973,Silver,GrabMart,1,Jakarta,0
USR006878,Promising,2024-12-27,5,3,156000.0,1510,Member,GrabBike|GrabCar,2,Jakarta,0
USR007248,Promising,2024-12-29,3,7,137000.0,1478,Member,GrabExpress,1,Surabaya,1
USR008452,Hibernating,2024-02-02,334,0,71000.0,771,Member,GrabBike,1,Bekasi,1
USR001226,Champions,2024-12-29,3,18,1584000.0,18691,Platinum,GrabMart|GrabCar,2,Jakarta,0
USR007608,Promising,2024-12-22,10,4,243000.0,2435,Silver,GrabBike|GrabFood|GrabExpress|GrabCar,4,Bekasi,0
USR006827,Promising,2024-12-17,15,7,222000.0,2330,Silver,GrabExpress|GrabCar|GrabBike,3,Jakarta,0
USR003540,Loyal,2024-12-23,9,9,606000.0,6915,Gold,GrabExpress,1,Jakarta,0
USR005868,At_Risk,2024-10-04,89,2,318000.0,2555,Silver,GrabExpress|GrabFood,2,Bekasi,1
USR002111,Loyal,2024-12-18,14,12,580000.0,5195,Silver,GrabCar|GrabExpress,2,Bekasi,0
USR002691,Loyal,2024-12-05,27,9,426000.0,4492,Silver,GrabFood,1,Jakarta,0
USR007153,Promising,2024-12-26,6,4,246000.0,1970,Silver,GrabCar|GrabFood|GrabMart,3,Jakarta,0
USR003707,Loyal,2024-12-10,22,12,326000.0,3289,Silver,GrabFood|GrabMart,2,Surabaya,0
USR001017,Champions,2024-12-27,5,26,1576000.0,15444,Platinum,GrabMart|GrabFood,2,Medan,0
USR008511,Hibernating,2024-09-11,112,0,65000.0,536,Member,GrabMart,1,Jakarta,1
USR002807,Loyal,2024-12-21,11,11,669000.0,6177,Gold,GrabBike|GrabFood,2,Bekasi,0
USR005015,At_Risk,2024-10-14,79,5,334000.0,3582,Silver,GrabFood|GrabCar,2,Jakarta,1
USR001928,Loyal,2024-12-06,26,11,546000.0,5823,Silver,GrabBike|GrabFood|GrabCar,3,Jakarta,0
USR000350,Champions,2024-12-27,5,21,1946000.0,20788,Platinum,GrabBike|GrabExpress|GrabCar,3,Medan,0
USR005173,At_Risk,2024-10-06,87,3,123000.0,1339,Member,GrabFood,1,Bekasi,1
USR004192,At_Risk,2024-10-26,67,3,286000.0,3091,Silver,GrabCar|GrabMart|GrabBike,3,Jakarta,1
USR001934,Loyal,2024-12-08,24,14,444000.0,4310,Silver,GrabCar,1,Bekasi,0
USR006901,Promising,2024-12-25,7,4,219000.0,1992,Silver,GrabExpress|GrabFood,2,Medan,0
USR004823,At_Risk,2024-11-15,47,3,239000.0,2611,Silver,GrabCar|GrabBike,2,Bekasi,0
USR000564,Champions,2024-12-22,10,27,1823000.0,20550,Platinum,GrabCar|GrabMart|GrabFood,3,Medan,0
USR001582,Loyal,2024-12-13,19,12,372000.0,4036,Silver,GrabBike,1,Medan,0
USR004694,At_Risk,2024-10-22,71,2,304000.0,2605,Silver,GrabExpress|GrabFood,2,Jakarta,0
USR002175,Loyal,2024-12-12,20,13,708000.0,6287,Gold,GrabCar|GrabBike,2,Jakarta,0
USR007028,Promising,2024-12-17,15,7,151000.0,1591,Member,GrabCar|GrabMart,2,Medan,1
USR004880,At_Risk,2024-11-10,52,3,206000.0,1991,Silver,GrabBike|GrabFood,2,Bandung,0
USR002228,Loyal,2024-12-03,29,8,725000.0,7052,Gold,GrabBike|GrabExpress,2,Bekasi,0
USR001115,Champions,2024-12-24,8,21,1124000.0,13485,Gold,GrabBike|GrabExpress,2,Jakarta,0
USR003126,Loyal,2024-12-23,9,10,637000.0,6385,Gold,GrabBike|GrabMart,2,Bandung,0
USR003544,Loyal,2024-12-06,26,8,327000.0,3242,Silver,GrabExpress|GrabMart,2,Bandung,0
USR005048,At_Risk,2024-10-28,65,5,180000.0,2064,Member,GrabFood,1,Jakarta,0
USR007476,Promising,2024-12-27,5,7,189000.0,1775,Member,GrabExpress|GrabBike,2,Surabaya,0
USR000821,Champions,2024-12-31,1,25,999000.0,10068,Gold,GrabCar|GrabMart|GrabBike,3,Surabaya,0
USR006532,Promising,2024-12-25,7,6,236000.0,1902,Silver,GrabBike|GrabFood,2,Jakarta,0
USR002272,Loyal,2024-12-16,16,8,671000.0,7035,Gold,GrabExpress|GrabBike|GrabCar,3,Surabaya,1
USR005545,At_Risk,2024-10-05,88,5,154000.0,1644,Member,GrabExpress|GrabFood|GrabMart,3,Jakarta,0
USR000081,Champions,2024-12-29,3,21,1320000.0,14514,Gold,GrabCar|GrabFood,2,Bandung,0
USR001323,Champions,2024-12-22,10,18,1031000.0,11824,Gold,GrabCar|GrabFood,2,Jakarta,0
USR009405,Hibernating,2024-04-05,271,0,46000.0,466,Member,GrabFood,1,Jakarta,0
USR001614,Loyal,2024-12-07,25,13,752000.0,6243,Gold,GrabCar,1,Bandung,0
USR000831,Champions,2024-12-19,13,25,2101000.0,17175,Platinum,GrabBike|GrabFood,2,Bekasi,0
USR003883,Loyal,2024-12-06,26,8,735000.0,8536,Gold,GrabFood,1,Bandung,0
USR008641,Hibernating,2024-08-13,141,0,17000.0,194,Member,GrabFood,1,Medan,1
USR004464,At_Risk,2024-11-15,47,5,317000.0,3626,Silver,GrabBike,1,Bandung,1
USR005339,At_Risk,2024-11-04,58,3,283000.0,2442,Silver,GrabExpress|GrabMart,2,Surabaya,1
USR008066,Hibernating,2024-09-29,94,0,37000.0,332,Member,GrabExpress|GrabBike,2,Medan,1
USR001649,Loyal,2024-12-13,19,10,378000.0,3534,Silver,GrabExpress|GrabMart,2,Jakarta,0
USR004065,At_Risk,2024-10-08,85,4,135000.0,1580,Member,GrabMart,1,Medan,1
USR009665,Hibernating,2024-03-30,277,0,4000.0,39,Member,GrabFood,1,Surabaya,1
USR003038,Loyal,2024-12-06,26,13,617000.0,5382,Gold,GrabBike|GrabExpress|GrabCar|GrabFood,4,Jakarta,0
USR003320,Loyal,2024-12-06,26,8,509000.0,5990,Silver,GrabBike|GrabMart|GrabFood,3,Jakarta,0
USR007143,Promising,2024-12-24,8,3,188000.0,1824,Member,GrabMart,1,Medan,0
USR006889,Promising,2024-12-15,17,3,247000.0,2719,Silver,GrabCar,1,Jakarta,0
USR005092,At_Risk,2024-10-19,74,2,115000.0,1024,Member,GrabCar|GrabMart,2,Bandung,1
USR003720,Loyal,2024-12-04,28,8,569000.0,4693,Silver,GrabMart,1,Medan,0
USR002423,Loyal,2024-12-15,17,14,380000.0,4481,Silver,GrabExpress,1,Jakarta,0
USR000749,Champions,2024-12-28,4,17,2263000.0,19866,Platinum,GrabCar|GrabMart|GrabBike,3,Surabaya,0
USR005271,At_Risk,2024-10-23,70,2,189000.0,1969,Member,GrabMart|GrabCar,2,Jakarta,1
USR002373,Loyal,2024-12-04,28,13,555000.0,6223,Silver,GrabExpress|GrabCar,2,Bekasi,0
USR004693,At_Risk,2024-11-11,51,2,104000.0,1185,Member,GrabBike,1,Bandung,0
USR009879,Hibernating,2024-04-08,268,0,46000.0,540,Member,GrabFood|GrabBike,2,Jakarta,1
USR008370,Hibernating,2024-09-28,95,0,54000.0,540,Member,GrabExpress,1,Bekasi,1
USR007319,Promising,2024-12-27,5,3,86000.0,719,Member,GrabFood|GrabCar,2,Surabaya,0
USR004368,At_Risk,2024-10-12,81,3,122000.0,1256,Member,GrabCar,1,Jakarta,1
USR006785,Promising,2024-12-13,19,7,231000.0,2237,Silver,GrabCar|GrabBike|GrabMart,3,Bandung,0
USR007401,Promising,2024-12-18,14,4,83000.0,898,Member,GrabCar|GrabMart,2,Surabaya,0
USR001139,Champions,2024-12-23,9,24,1913000.0,21857,Platinum,GrabBike|GrabFood|GrabCar|GrabExpress,4,Bandung,0
USR007631,Promising,2024-12-23,9,4,179000.0,1972,Member,GrabMart|GrabCar|GrabFood|GrabExpress,4,Jakarta,0
USR002231,Loyal,2024-12-09,23,9,640000.0,6844,Gold,GrabExpress,1,Surabaya,0
USR002164,Loyal,2024-12-21,11,13,360000.0,3661,Silver,GrabExpress|GrabCar|GrabFood,3,Jakarta,0
USR005217,At_Risk,2024-11-13,49,4,297000.0,2909,Silver,GrabMart,1,Jakarta,0
USR009444,Hibernating,2024-04-16,260,0,19000.0,178,Member,GrabCar,1,Bekasi,1
USR009237,Hibernating,2024-05-22,224,0,58000.0,590,Member,GrabMart,1,Jakarta,1
USR004561,At_Risk,2024-11-12,50,3,275000.0,2583,Silver,GrabMart,1,Jakarta,1
USR001570,Loyal,2024-12-05,27,11,654000.0,7545,Gold,GrabExpress,1,Jakarta,0
USR000172,Champions,2024-12-26,6,16,2487000.0,23656,Platinum,GrabExpress|GrabMart|GrabBike|GrabFood,4,Surabaya,0
USR007163,Promising,2024-12-12,20,3,110000.0,991,Member,GrabCar,1,Jakarta,1
USR002087,Loyal,2024-12-20,12,9,364000.0,4312,Silver,GrabExpress|GrabMart,2,Surabaya,0
USR004667,At_Risk,2024-10-16,77,4,240000.0,2834,Silver,GrabMart,1,Bandung,0
USR004565,At_Risk,2024-10-10,83,3,103000.0,904,Member,GrabBike|GrabExpress,2,Surabaya,1
USR007089,Promising,2024-12-26,6,5,226000.0,2431,Silver,GrabBike|GrabFood,2,Bekasi,0
USR006569,Promising,2024-12-29,3,4,177000.0,1732,Member,GrabMart|GrabExpress|GrabCar|GrabBike,4,Jakarta,0
USR004783,At_Risk,2024-11-14,48,3,138000.0,1457,Member,GrabMart,1,Medan,0
USR002684,Loyal,2024-12-15,17,8,341000.0,3227,Silver,GrabBike|GrabExpress|GrabMart,3,Bandung,0
USR001832,Loyal,2024-12-15,17,8,682000.0,7263,Gold,GrabFood,1,Jakarta,0
USR008546,Hibernating,2024-09-17,106,0,2000.0,16,Member,GrabFood|GrabMart,2,Jakarta,1
USR005065,At_Risk,2024-11-05,57,5,241000.0,2806,Silver,GrabFood,1,Jakarta,0
USR009130,Hibernating,2024-01-18,349,0,75000.0,699,Member,GrabCar|GrabExpress,2,Surabaya,1
USR009355,Hibernating,2024-04-17,259,0,48000.0,411,Member,GrabCar|GrabMart,2,Jakarta,1
USR004412,At_Risk,2024-10-29,64,3,113000.0,1079,Member,GrabCar,1,Surabaya,0
USR007207,Promising,2024-12-17,15,5,242000.0,1990,Silver,GrabExpress|GrabBike|GrabCar|GrabFood,4,Surabaya,0
USR009890,Hibernating,2024-08-06,148,0,58000.0,595,Member,GrabBike|GrabCar,2,Surabaya,1
USR000834,Champions,2024-12-19,13,24,1325000.0,14116,Gold,GrabCar|GrabMart|GrabExpress,3,Jakarta,0
USR006821,Promising,2024-12-28,4,5,129000.0,1112,Member,GrabCar,1,Bandung,1
USR003781,Loyal,2024-12-04,28,14,483000.0,5163,Silver,GrabMart|GrabExpress|GrabBike,3,Jakarta,0
USR009012,Hibernating,2024-04-26,250,0,14000.0,122,Member,GrabFood|GrabBike,2,Jakarta,1
USR007499,Promising,2024-12-14,18,5,121000.0,1324,Member,GrabFood,1,Jakarta,0
USR003424,Loyal,2024-12-11,21,13,521000.0,5360,Silver,GrabFood,1,Jakarta,0
USR000065,Champions,2024-12-25,7,27,1836000.0,17028,Platinum,GrabCar|GrabMart|GrabBike,3,Jakarta,0
USR002963,Loyal,2024-12-08,24,14,537000.0,6130,Silver,GrabExpress|GrabCar|GrabBike,3,Jakarta,0
USR005669,At_Risk,2024-10-09,84,5,246000.0,2830,Silver,GrabBike|GrabMart,2,Jakarta,1
USR008962,Hibernating,2024-03-06,301,0,9000.0,105,Member,GrabMart|GrabBike|GrabCar,3,Jakarta,1
USR000354,Champions,2024-12-27,5,26,1521000.0,17099,Platinum,GrabBike|GrabCar,2,Surabaya,0
USR008171,Hibernating,2024-03-08,299,0,55000.0,605,Member,GrabExpress,1,Bekasi,1
USR004030,At_Risk,2024-10-10,83,4,197000.0,2312,Member,GrabMart,1,Jakarta,0
USR008534,Hibernating,2024-02-21,315,0,42000.0,427,Member,GrabMart|GrabFood|GrabCar,3,Jakarta,1
USR003651,Loyal,2024-12-22,10,14,503000.0,5856,Silver,GrabFood|GrabMart|GrabExpress|GrabCar,4,Bekasi,0
USR006739,Promising,2024-12-29,3,7,171000.0,1552,Member,GrabExpress|GrabBike|GrabMart|GrabFood,4,Jakarta,0
USR003297,Loyal,2024-12-11,21,11,738000.0,7930,Gold,GrabMart,1,Bandung,0
USR004127,At_Risk,2024-11-08,54,3,276000.0,2790,Silver,GrabFood,1,Jakarta,1
USR008043,Hibernating,2024-03-15,292,0,43000.0,346,Member,GrabBike|GrabFood,2,Jakarta,1
USR004767,At_Risk,2024-11-11,51,3,116000.0,1080,Member,GrabFood,1,Jakarta,0
USR000472,Champions,2024-12-29,3,18,1698000.0,16284,Platinum,GrabFood|GrabCar|GrabBike,3,Bandung,0
USR003761,Loyal,2024-12-12,20,13,671000.0,6829,Gold,GrabFood,1,Bandung,0
USR008617,Hibernating,2024-07-11,174,0,76000.0,737,Member,GrabFood,1,Bekasi,1
USR003566,Loyal,2024-12-12,20,11,660000.0,7438,Gold,GrabCar|GrabExpress|GrabBike,3,Bekasi,0
USR002760,Loyal,2024-12-21,11,10,336000.0,3376,Silver,GrabBike|GrabExpress,2,Jakarta,0
USR000868,Champions,2024-12-24,8,23,1635000.0,17920,Platinum,GrabMart|GrabFood|GrabCar|GrabBike,4,Jakarta,0
USR009382,Hibernating,2024-02-07,329,0,72000.0,743,Member,GrabFood,1,Jakarta,0
USR008688,Hibernating,2024-09-15,108,0,32000.0,335,Member,GrabMart|GrabBike|GrabFood,3,Bandung,1
USR004052,At_Risk,2024-11-14,48,5,288000.0,2724,Silver,GrabExpress|GrabFood|GrabMart,3,Bekasi,0
USR006130,Promising,2024-12-15,17,7,161000.0,1853,Member,GrabCar,1,Jakarta,0
USR003244,Loyal,2024-12-24,8,12,587000.0,6297,Silver,GrabBike|GrabFood|GrabCar,3,Jakarta,0
USR004842,At_Risk,2024-10-28,65,2,222000.0,2137,Silver,GrabFood|GrabCar|GrabBike|GrabMart,4,Jakarta,0
USR009330,Hibernating,2024-02-02,334,0,32000.0,348,Member,GrabCar,1,Jakarta,1
USR005640,At_Risk,2024-11-17,45,2,326000.0,2985,Silver,GrabFood,1,Bandung,0
USR005780,At_Risk,2024-11-02,60,4,119000.0,1328,Member,GrabBike|GrabFood|GrabExpress,3,Bandung,1
USR008540,Hibernating,2024-08-11,143,0,48000.0,518,Member,GrabExpress,1,Bekasi,1
USR001075,Champions,2024-12-31,1,28,1989000.0,21479,Platinum,GrabExpress|GrabFood|GrabBike,3,Medan,0
USR002957,Loyal,2024-12-25,7,12,487000.0,4759,Silver,GrabFood|GrabExpress|GrabCar,3,Jakarta,0
USR006752,Promising,2024-12-21,11,3,176000.0,1440,Member,GrabCar|GrabMart|GrabBike,3,Bandung,0
USR008657,Hibernating,2024-04-01,275,0,29000.0,268,Member,GrabBike|GrabCar|GrabMart,3,Jakarta,1
USR007272,Promising,2024-12-22,10,4,167000.0,1659,Member,GrabMart,1,Surabaya,0
USR004759,At_Risk,2024-10-11,82,3,344000.0,3404,Silver,GrabFood|GrabExpress,2,Medan,0
USR004862,At_Risk,2024-10-23,70,2,191000.0,1807,Member,GrabBike|GrabCar,2,Medan,0
USR007025,Promising,2024-12-20,12,7,173000.0,1998,Member,GrabMart|GrabFood,2,Surabaya,0
USR007647,Promising,2024-12-28,4,3,182000.0,1764,Member,GrabMart|GrabBike|GrabExpress,3,Jakarta,0
USR007161,Promising,2024-12-12,20,3,106000.0,1252,Member,GrabExpress,1,Bekasi,0
USR000073,Champions,2024-12-31,1,15,809000.0,7719,Gold,GrabCar|GrabBike|GrabExpress,3,Bandung,1
USR004901,At_Risk,2024-10-28,65,4,149000.0,1737,Member,GrabMart|GrabFood,2,Jakarta,0
USR004375,At_Risk,2024-10-19,74,4,176000.0,1547,Member,GrabCar|GrabFood|GrabMart,3,Bandung,0
USR006698,Promising,2024-12-19,13,3,249000.0,2647,Silver,GrabExpress|GrabFood,2,Medan,0
USR009805,Hibernating,2024-03-13,294,0,14000.0,113,Member,GrabExpress|GrabFood,2,Jakarta,1
USR001101,Champions,2024-12-30,2,22,2152000.0,24580,Platinum,GrabCar,1,Bandung,0
USR009537,Hibernating,2024-02-08,328,0,39000.0,321,Member,GrabCar|GrabFood,2,Bandung,1
USR007655,Promising,2024-12-27,5,7,241000.0,2281,Silver,GrabMart,1,Medan,1
USR005235,At_Risk,2024-10-12,81,3,236000.0,2433,Silver,GrabCar|GrabBike,2,Medan,1
USR005165,At_Risk,2024-11-01,61,4,290000.0,3429,Silver,GrabMart|GrabBike|GrabCar,3,Jakarta,0
USR000118,Champions,2024-12-19,13,20,1869000.0,17078,Platinum,GrabFood|GrabMart|GrabExpress,3,Jakarta,0
USR002022,Loyal,2024-12-06,26,10,372000.0,4228,Silver,GrabFood|GrabBike|GrabExpress,3,Surabaya,0
USR009885,Hibernating,2024-09-29,94,0,80000.0,661,Member,GrabFood,1,Surabaya,1
USR002638,Loyal,2024-12-25,7,11,555000.0,6647,Silver,GrabFood,1,Jakarta,0
USR002034,Loyal,2024-12-12,20,9,763000.0,8881,Gold,GrabBike,1,Medan,0
USR002564,Loyal,2024-12-08,24,11,400000.0,4562,Silver,GrabCar,1,Jakarta,0
USR008665,Hibernating,2024-07-03,182,0,51000.0,474,Member,GrabMart|GrabExpress,2,Jakarta,1
USR003543,Loyal,2024-12-22,10,12,406000.0,4709,Silver,GrabFood|GrabExpress,2,Bekasi,0
USR001219,Champions,2024-12-27,5,25,1194000.0,13382,Gold,GrabMart|GrabCar|GrabBike,3,Jakarta,0
USR009714,Hibernating,2024-06-03,212,0,53000.0,554,Member,GrabMart,1,Jakarta,1
USR006711,Promising,2024-12-12,20,6,89000.0,817,Member,GrabExpress|GrabCar|GrabMart,3,Jakarta,1
USR002903,Loyal,2024-12-07,25,8,393000.0,4683,Silver,GrabBike,1,Jakarta,0
USR003026,Loyal,2024-12-10,22,12,500000.0,4268,Silver,GrabCar|GrabExpress|GrabMart|GrabFood,4,Surabaya,0
USR002510,Loyal,2024-12-03,29,8,375000.0,3929,Silver,GrabCar,1,Jakarta,1
USR004201,At_Risk,2024-10-19,74,5,218000.0,2572,Silver,GrabMart,1,Jakarta,1
USR003207,Loyal,2024-12-11,21,10,785000.0,7078,Gold,GrabCar,1,Jakarta,0
USR004489,At_Risk,2024-10-12,81,5,294000.0,3456,Silver,GrabBike,1,Jakarta,0
USR002755,Loyal,2024-12-24,8,9,432000.0,3819,Silver,GrabBike|GrabExpress,2,Jakarta,0
USR008889,Hibernating,2024-03-07,300,0,17000.0,155,Member,GrabExpress|GrabCar,2,Surabaya,1
USR000177,Champions,2024-12-27,5,18,2045000.0,17867,Platinum,GrabBike|GrabMart|GrabCar,3,Jakarta,0
USR001643,Loyal,2024-12-21,11,9,461000.0,3886,Silver,GrabExpress|GrabFood,2,Jakarta,1
USR009292,Hibernating,2024-05-22,224,0,23000.0,217,Member,GrabExpress,1,Jakarta,0
USR003518,Loyal,2024-12-18,14,9,783000.0,6458,Gold,GrabExpress,1,Medan,0
USR001374,Champions,2024-12-25,7,23,1135000.0,11392,Gold,GrabCar|GrabMart,2,Jakarta,0
USR001720,Loyal,2024-12-24,8,11,700000.0,6008,Gold,GrabMart|GrabFood|GrabBike|GrabExpress,4,Jakarta,0
USR003995,Loyal,2024-12-23,9,8,689000.0,8033,Gold,GrabMart,1,Jakarta,1
USR003688,Loyal,2024-12-19,13,10,762000.0,7554,Gold,GrabCar|GrabFood,2,Jakarta,1
USR002264,Loyal,2024-12-05,27,14,374000.0,4158,Silver,GrabCar,1,Surabaya,0
USR000087,Champions,2024-12-24,8,22,1222000.0,10663,Gold,GrabExpress|GrabCar,2,Bandung,0
USR002848,Loyal,2024-12-06,26,10,479000.0,3930,Silver,GrabFood|GrabExpress,2,Bandung,0
USR008687,Hibernating,2024-09-02,121,0,57000.0,543,Member,GrabExpress,1,Bandung,1
USR000403,Champions,2024-12-29,3,21,2006000.0,22644,Platinum,GrabFood|GrabCar|GrabBike,3,Surabaya,0
USR009900,Hibernating,2024-09-01,122,0,43000.0,351,Member,GrabBike|GrabExpress|GrabCar,3,Jakarta,1
USR004077,At_Risk,2024-11-11,51,5,206000.0,2079,Silver,GrabCar,1,Surabaya,1
USR006835,Promising,2024-12-18,14,3,171000.0,1446,Member,GrabExpress|GrabFood|GrabMart,3,Medan,0
USR006537,Promising,2024-12-28,4,6,172000.0,1822,Member,GrabBike|GrabFood,2,Surabaya,0
USR002456,Loyal,2024-12-05,27,9,595000.0,5017,Silver,GrabBike,1,Jakarta,0
USR002751,Loyal,2024-12-07,25,8,314000.0,2515,Silver,GrabBike,1,Bandung,0
USR002214,Loyal,2024-12-07,25,11,331000.0,3750,Silver,GrabExpress,1,Bandung,0
USR001027,Champions,2024-12-27,5,17,2245000.0,22052,Platinum,GrabExpress|GrabCar,2,Jakarta,0
USR009703,Hibernating,2024-01-12,355,0,62000.0,709,Member,GrabExpress|GrabFood,2,Bekasi,1
USR001421,Champions,2024-12-27,5,25,2090000.0,24761,Platinum,GrabCar|GrabFood,2,Surabaya,0
USR002436,Loyal,2024-12-23,9,8,768000.0,6559,Gold,GrabFood,1,Surabaya,0
USR004277,At_Risk,2024-11-17,45,3,270000.0,3119,Silver,GrabFood|GrabMart,2,Surabaya,0
USR009609,Hibernating,2024-01-24,343,0,74000.0,659,Member,GrabFood|GrabExpress|GrabMart,3,Bekasi,1
USR001278,Champions,2024-12-23,9,24,1017000.0,10596,Gold,GrabMart|GrabBike,2,Jakarta,0
USR006220,Promising,2024-12-19,13,4,105000.0,1009,Member,GrabCar|GrabExpress|GrabMart,3,Medan,1
USR004907,At_Risk,2024-10-20,73,4,135000.0,1211,Member,GrabMart|GrabCar,2,Surabaya,0
USR005064,At_Risk,2024-10-06,87,4,201000.0,2001,Silver,GrabFood,1,Jakarta,1
USR001978,Loyal,2024-12-23,9,12,642000.0,6499,Gold,GrabMart|GrabCar|GrabFood|GrabExpress,4,Bekasi,0
USR001061,Champions,2024-12-25,7,23,1827000.0,15456,Platinum,GrabCar|GrabBike|GrabMart|GrabFood,4,Bekasi,0
USR005014,At_Risk,2024-10-08,85,3,226000.0,2238,Silver,GrabExpress,1,Jakarta,1
USR004535,At_Risk,2024-11-06,56,4,289000.0,2432,Silver,GrabCar,1,Bekasi,0
USR006993,Promising,2024-12-22,10,7,242000.0,2623,Silver,GrabBike|GrabMart,2,Bandung,0
USR009253,Hibernating,2024-09-27,96,0,40000.0,432,Member,GrabBike,1,Jakarta,1
USR001502,Loyal,2024-12-09,23,9,434000.0,3894,Silver,GrabFood|GrabCar,2,Jakarta,0
USR008568,Hibernating,2024-08-16,138,0,42000.0,456,Member,GrabFood|GrabBike,2,Jakarta,1
USR009314,Hibernating,2024-03-30,277,0,47000.0,528,Member,GrabExpress|GrabBike|GrabMart|GrabFood,4,Jakarta,1
USR008836,Hibernating,2024-08-06,148,0,39000.0,386,Member,GrabFood|GrabMart,2,Bandung,1
USR008920,Hibernating,2024-05-18,228,0,56000.0,646,Member,GrabMart,1,Bandung,1
USR004918,At_Risk,2024-11-07,55,3,262000.0,2155,Silver,GrabCar|GrabExpress,2,Surabaya,1
USR000678,Champions,2024-12-21,11,27,1628000.0,17767,Platinum,GrabBike|GrabMart|GrabExpress,3,Jakarta,0
USR005076,At_Risk,2024-10-29,64,4,125000.0,1057,Member,GrabMart|GrabCar,2,Bekasi,1
USR008064,Hibernating,2024-06-28,187,0,7000.0,63,Member,GrabMart|GrabFood,2,Bandung,1
USR007568,Promising,2024-12-13,19,4,204000.0,2246,Silver,GrabBike|GrabExpress|GrabCar|GrabFood,4,Bekasi,0
USR000102,Champions,2024-12-31,1,21,1165000.0,9864,Gold,GrabExpress,1,Bandung,0
USR000957,Champions,2024-12-29,3,18,1672000.0,18715,Platinum,GrabMart|GrabCar|GrabFood,3,Medan,0
USR008556,Hibernating,2024-06-18,197,0,12000.0,107,Member,GrabExpress|GrabMart,2,Jakarta,1
USR003785,Loyal,2024-12-05,27,9,769000.0,7708,Gold,GrabFood|GrabBike,2,Surabaya,0
USR009630,Hibernating,2024-05-12,234,0,55000.0,459,Member,GrabBike,1,Bandung,0
USR007173,Promising,2024-12-21,11,4,247000.0,2084,Silver,GrabBike,1,Jakarta,0
USR004043,At_Risk,2024-10-26,67,2,298000.0,2861,Silver,GrabMart,1,Jakarta,1
USR002648,Loyal,2024-12-17,15,9,397000.0,4735,Silver,GrabBike,1,Medan,0
USR006000,Promising,2024-12-14,18,3,225000.0,2050,Silver,GrabFood,1,Jakarta,0
USR007927,Promising,2024-12-18,14,4,208000.0,1839,Silver,GrabExpress|GrabCar,2,Jakarta,0
USR002826,Loyal,2024-12-24,8,14,762000.0,8936,Gold,GrabBike|GrabMart,2,Jakarta,0
USR004094,At_Risk,2024-10-24,69,3,189000.0,2260,Member,GrabBike|GrabCar,2,Jakarta,1
USR007774,Promising,2024-12-13,19,5,214000.0,2200,Silver,GrabMart|GrabBike,2,Surabaya,1
USR009258,Hibernating,2024-04-18,258,0,31000.0,310,Member,GrabExpress|GrabCar,2,Jakarta,1
USR008113,Hibernating,2024-07-08,177,0,36000.0,325,Member,GrabCar|GrabExpress|GrabBike,3,Medan,0
USR004772,At_Risk,2024-11-15,47,5,313000.0,3135,Silver,GrabCar|GrabMart|GrabFood|GrabBike,4,Surabaya,1
USR001947,Loyal,2024-12-18,14,8,315000.0,2626,Silver,GrabMart,1,Bandung,0
USR006109,Promising,2024-12-14,18,5,223000.0,2614,Silver,GrabBike,1,Jakarta,0
USR002299,Loyal,2024-12-04,28,14,423000.0,4435,Silver,GrabMart|GrabCar,2,Medan,0
USR007844,Promising,2024-12-17,15,7,191000.0,2014,Member,GrabMart|GrabBike|GrabExpress,3,Jakarta,0
USR004382,At_Risk,2024-11-15,47,4,150000.0,1231,Member,GrabCar|GrabMart,2,Surabaya,0
USR005425,At_Risk,2024-11-13,49,4,322000.0,3693,Silver,GrabBike,1,Jakarta,0
USR006771,Promising,2024-12-12,20,5,182000.0,2037,Member,GrabExpress|GrabBike|GrabMart|GrabFood,4,Jakarta,1
USR008578,Hibernating,2024-03-09,298,0,19000.0,215,Member,GrabFood|GrabExpress,2,Jakarta,0
USR004291,At_Risk,2024-11-16,46,4,346000.0,3404,Silver,GrabFood,1,Surabaya,0
USR000528,Champions,2024-12-23,9,21,1932000.0,20726,Platinum,GrabMart|GrabExpress|GrabCar|GrabBike,4,Bandung,0
USR001233,Champions,2024-12-21,11,29,1529000.0,14301,Platinum,GrabExpress,1,Jakarta,0
USR000779,Champions,2024-12-19,13,29,1830000.0,20925,Platinum,GrabBike|GrabCar|GrabExpress|GrabFood,4,Jakarta,0
USR005859,At_Risk,2024-10-22,71,2,315000.0,3706,Silver,GrabCar|GrabExpress|GrabBike,3,Jakarta,0
USR003059,Loyal,2024-12-17,15,9,517000.0,4292,Silver,GrabBike,1,Jakarta,0
USR008587,Hibernating,2024-01-04,363,0,27000.0,320,Member,GrabFood|GrabExpress,2,Jakarta,1
USR001860,Loyal,2024-12-13,19,11,302000.0,2983,Silver,GrabMart,1,Medan,0
USR008438,Hibernating,2024-04-25,251,0,22000.0,226,Member,GrabCar,1,Jakarta,1
USR007403,Promising,2024-12-13,19,3,240000.0,2527,Silver,GrabFood,1,Jakarta,1
USR004639,At_Risk,2024-11-08,54,3,147000.0,1397,Member,GrabBike,1,Jakarta,1
USR004250,At_Risk,2024-10-22,71,3,297000.0,3008,Silver,GrabMart,1,Bekasi,1
USR001992,Loyal,2024-12-07,25,12,789000.0,8298,Gold,GrabFood|GrabCar|GrabMart|GrabBike,4,Bandung,0
USR007379,Promising,2024-12-23,9,6,226000.0,2542,Silver,GrabBike|GrabMart|GrabExpress,3,Bandung,0
USR007305,Promising,2024-12-29,3,6,236000.0,2139,Silver,GrabExpress|GrabCar,2,Bekasi,0
USR005303,At_Risk,2024-10-17,76,2,276000.0,2756,Silver,GrabMart|GrabFood|GrabCar|GrabBike,4,Bandung,1
USR008192,Hibernating,2024-09-09,114,0,43000.0,458,Member,GrabFood,1,Jakarta,1
USR007447,Promising,2024-12-26,6,3,229000.0,2034,Silver,GrabMart,1,Surabaya,1
USR002471,Loyal,2024-12-18,14,9,356000.0,3476,Silver,GrabFood|GrabMart,2,Jakarta,0
USR007197,Promising,2024-12-20,12,4,152000.0,1269,Member,GrabFood|GrabBike|GrabMart,3,Bekasi,0
USR005312,At_Risk,2024-10-10,83,2,199000.0,1779,Member,GrabMart,1,Bandung,1
USR009035,Hibernating,2024-05-25,221,0,59000.0,626,Member,GrabCar|GrabMart,2,Jakarta,1
USR001396,Champions,2024-12-27,5,17,1952000.0,23030,Platinum,GrabBike|GrabExpress,2,Surabaya,0
USR004002,At_Risk,2024-11-05,57,4,307000.0,3341,Silver,GrabCar,1,Bekasi,0
USR005371,At_Risk,2024-10-26,67,3,230000.0,1858,Silver,GrabMart,1,Jakarta,0
USR003235,Loyal,2024-12-11,21,11,409000.0,3553,Silver,GrabMart|GrabCar|GrabFood,3,Jakarta,0
USR001042,Champions,2024-12-31,1,18,2256000.0,18052,Platinum,GrabBike|GrabCar,2,Jakarta,0
USR003298,Loyal,2024-12-25,7,10,675000.0,7457,Gold,GrabFood,1,Surabaya,0
USR007256,Promising,2024-12-26,6,4,239000.0,2300,Silver,GrabMart,1,Jakarta,0
USR000257,Champions,2024-12-25,7,26,1378000.0,15926,Gold,GrabFood|GrabCar,2,Jakarta,0
USR007286,Promising,2024-12-23,9,5,214000.0,1802,Silver,GrabMart|GrabCar|GrabBike|GrabFood,4,Bekasi,0
USR008616,Hibernating,2024-02-03,333,0,42000.0,484,Member,GrabMart,1,Bekasi,0
USR007816,Promising,2024-12-15,17,3,181000.0,1519,Member,GrabExpress|GrabFood,2,Jakarta,0
USR005843,At_Risk,2024-10-14,79,2,285000.0,2905,Silver,GrabMart|GrabExpress|GrabCar,3,Medan,1
USR002089,Loyal,2024-12-10,22,9,732000.0,7477,Gold,GrabFood|GrabExpress|GrabBike,3,Jakarta,1
USR007702,Promising,2024-12-29,3,3,211000.0,2167,Silver,GrabExpress,1,Jakarta,0
USR000503,Champions,2024-12-19,13,15,2308000.0,27449,Platinum,GrabExpress|GrabCar|GrabMart,3,Surabaya,0
USR005265,At_Risk,2024-10-26,67,4,278000.0,2291,Silver,GrabCar,1,Jakarta,1
USR008814,Hibernating,2024-04-14,262,0,12000.0,124,Member,GrabExpress,1,Jakarta,1
USR001345,Champions,2024-12-28,4,28,1997000.0,16542,Platinum,GrabFood,1,Medan,0
USR008455,Hibernating,2024-09-18,105,0,36000.0,431,Member,GrabBike|GrabCar,2,Medan,0
USR005046,At_Risk,2024-10-11,82,5,258000.0,2881,Silver,GrabMart|GrabBike|GrabExpress,3,Surabaya,0
USR002248,Loyal,2024-12-21,11,8,591000.0,6537,Silver,GrabCar,1,Bekasi,0
USR004981,At_Risk,2024-10-21,72,5,335000.0,3818,Silver,GrabCar,1,Jakarta,1
USR000372,Champions,2024-12-30,2,27,1542000.0,13956,Platinum,GrabFood|GrabCar,2,Jakarta,0
USR008454,Hibernating,2024-07-11,174,0,61000.0,723,Member,GrabFood,1,Jakarta,1
USR003370,Loyal,2024-12-17,15,9,476000.0,3850,Silver,GrabExpress|GrabMart,2,Jakarta,0
USR002006,Loyal,2024-12-10,22,12,500000.0,5277,Silver,GrabCar|GrabExpress|GrabFood,3,Jakarta,0
USR003656,Loyal,2024-12-05,27,14,348000.0,3319,Silver,GrabBike|GrabExpress,2,Bekasi,0
USR008327,Hibernating,2024-05-23,223,0,75000.0,634,Member,GrabExpress|GrabFood,2,Jakarta,1
USR007521,Promising,2024-12-20,12,6,208000.0,2344,Silver,GrabBike,1,Jakarta,0
USR004001,At_Risk,2024-11-14,48,2,188000.0,1722,Member,GrabFood|GrabBike|GrabExpress,3,Bekasi,1
USR006072,Promising,2024-12-14,18,3,93000.0,846,Member,GrabCar,1,Bekasi,1
USR008736,Hibernating,2024-06-01,214,0,65000.0,721,Member,GrabFood,1,Bekasi,1
USR000997,Champions,2024-12-31,1,20,884000.0,7241,Gold,GrabExpress|GrabBike|GrabMart|GrabFood,4,Jakarta,0
USR008179,Hibernating,2024-01-15,352,0,34000.0,340,Member,GrabMart|GrabFood,2,Jakarta,1
USR003290,Loyal,2024-12-24,8,13,368000.0,3311,Silver,GrabFood,1,Jakarta,0
USR001176,Champions,2024-12-30,2,19,1458000.0,11741,Gold,GrabExpress|GrabMart,2,Bekasi,1
USR000551,Champions,2024-12-31,1,18,1247000.0,13135,Gold,GrabCar|GrabFood|GrabBike|GrabExpress,4,Bekasi,0
USR000744,Champions,2024-12-31,1,27,1518000.0,17010,Platinum,GrabBike|GrabCar|GrabFood,3,Bandung,0
USR007223,Promising,2024-12-21,11,5,96000.0,982,Member,GrabCar|GrabExpress,2,Medan,0
USR004554,At_Risk,2024-11-13,49,5,135000.0,1616,Member,GrabFood|GrabBike|GrabExpress,3,Medan,1
USR002859,Loyal,2024-12-05,27,11,504000.0,4623,Silver,GrabBike|GrabExpress|GrabMart|GrabFood,4,Bekasi,0
USR008820,Hibernating,2024-03-15,292,0,50000.0,484,Member,GrabBike|GrabFood,2,Surabaya,1
USR003459,Loyal,2024-12-11,21,11,321000.0,3050,Silver,GrabExpress|GrabFood|GrabBike,3,Bandung,0
USR002724,Loyal,2024-12-08,24,10,440000.0,3737,Silver,GrabMart|GrabCar|GrabFood,3,Bandung,1
USR006847,Promising,2024-12-24,8,3,232000.0,1892,Silver,GrabFood|GrabCar|GrabMart,3,Bekasi,1
USR007615,Promising,2024-12-22,10,6,205000.0,2331,Silver,GrabFood|GrabMart,2,Bandung,0
USR007547,Promising,2024-12-14,18,7,128000.0,1098,Member,GrabCar|GrabFood,2,Surabaya,0
USR009174,Hibernating,2024-07-05,180,0,10000.0,83,Member,GrabMart|GrabFood|GrabCar,3,Bandung,1
USR006393,Promising,2024-12-24,8,5,142000.0,1691,Member,GrabExpress|GrabBike|GrabCar|GrabFood,4,Jakarta,0
USR005358,At_Risk,2024-10-29,64,2,228000.0,2233,Silver,GrabMart|GrabFood|GrabCar|GrabExpress,4,Jakarta,1
USR009488,Hibernating,2024-02-25,311,0,4000.0,35,Member,GrabMart|GrabFood,2,Jakarta,1
USR002968,Loyal,2024-12-12,20,14,546000.0,5952,Silver,GrabMart|GrabFood|GrabCar,3,Bandung,0
USR000693,Champions,2024-12-26,6,28,1167000.0,13391,Gold,GrabFood|GrabBike|GrabExpress|GrabCar,4,Jakarta,0
USR002533,Loyal,2024-12-08,24,11,780000.0,7073,Gold,GrabCar|GrabBike,2,Jakarta,0
USR006399,Promising,2024-12-26,6,5,114000.0,1081,Member,GrabMart|GrabFood,2,Jakarta,0
USR000982,Champions,2024-12-19,13,17,1402000.0,11824,Gold,GrabBike,1,Jakarta,0
USR005364,At_Risk,2024-10-27,66,3,102000.0,1048,Member,GrabFood,1,Medan,1
USR000079,Champions,2024-12-21,11,27,1038000.0,8905,Gold,GrabExpress|GrabBike|GrabMart|GrabFood,4,Jakarta,0
USR004053,At_Risk,2024-10-04,89,2,171000.0,1837,Member,GrabCar|GrabBike,2,Jakarta,0
USR006258,Promising,2024-12-12,20,7,233000.0,2106,Silver,GrabBike|GrabExpress|GrabCar,3,Medan,0
USR009576,Hibernating,2024-08-27,127,0,22000.0,237,Member,GrabBike,1,Jakarta,1
USR009025,Hibernating,2024-04-27,249,0,39000.0,462,Member,GrabMart|GrabFood,2,Bandung,0
USR003107,Loyal,2024-12-10,22,9,759000.0,7401,Gold,GrabFood|GrabCar,2,Jakarta,0
USR003601,Loyal,2024-12-25,7,13,549000.0,4580,Silver,GrabFood,1,Jakarta,0
USR006073,Promising,2024-12-29,3,6,189000.0,2171,Member,GrabCar|GrabFood|GrabBike|GrabMart,4,Surabaya,0
USR008126,Hibernating,2024-06-05,210,0,57000.0,562,Member,GrabFood,1,Jakarta,1
USR002142,Loyal,2024-12-14,18,13,496000.0,4774,Silver,GrabExpress|GrabMart,2,Surabaya,0
USR006310,Promising,2024-12-20,12,7,158000.0,1562,Member,GrabBike|GrabCar,2,Bekasi,0
USR002268,Loyal,2024-12-12,20,11,700000.0,7647,Gold,GrabCar|GrabBike,2,Jakarta,0
USR000445,Champions,2024-12-24,8,21,1354000.0,15774,Gold,GrabExpress,1,Bekasi,1
USR004883,At_Risk,2024-10-09,84,3,344000.0,3636,Silver,GrabMart,1,Jakarta,0
USR004466,At_Risk,2024-10-18,75,4,231000.0,1865,Silver,GrabBike|GrabCar|GrabExpress,3,Bandung,1
USR009026,Hibernating,2024-04-19,257,0,75000.0,753,Member,GrabMart|GrabFood|GrabBike|GrabExpress,4,Bandung,0
USR006632,Promising,2024-12-24,8,7,170000.0,1824,Member,GrabExpress,1,Jakarta,1
USR003316,Loyal,2024-12-05,27,8,648000.0,5683,Gold,GrabCar|GrabBike|GrabMart,3,Jakarta,0
USR001701,Loyal,2024-12-12,20,9,676000.0,7404,Gold,GrabFood|GrabMart,2,Jakarta,0
USR002526,Loyal,2024-12-18,14,14,398000.0,4699,Silver,GrabMart|GrabCar|GrabBike,3,Bandung,0
USR000068,Champions,2024-12-19,13,16,1152000.0,12702,Gold,GrabCar,1,Jakarta,0
USR001168,Champions,2024-12-24,8,21,1704000.0,14235,Platinum,GrabMart|GrabCar|GrabFood,3,Medan,0
USR000048,Champions,2024-12-23,9,21,1324000.0,12649,Gold,GrabBike|GrabMart,2,Surabaya,0
USR001053,Champions,2024-12-23,9,26,2128000.0,22247,Platinum,GrabFood|GrabBike,2,Medan,0
USR004029,At_Risk,2024-11-14,48,4,189000.0,1921,Member,GrabExpress|GrabBike|GrabFood,3,Jakarta,1
USR000880,Champions,2024-12-29,3,18,2334000.0,21385,Platinum,GrabFood|GrabCar|GrabBike,3,Bandung,0
USR002651,Loyal,2024-12-18,14,11,657000.0,7064,Gold,GrabCar|GrabFood,2,Jakarta,0
USR007759,Promising,2024-12-16,16,3,205000.0,1756,Silver,GrabCar|GrabExpress|GrabFood,3,Jakarta,0
USR002439,Loyal,2024-12-09,23,11,501000.0,5165,Silver,GrabCar|GrabFood,2,Jakarta,0
USR004924,At_Risk,2024-11-10,52,5,235000.0,2488,Silver,GrabMart|GrabBike,2,Medan,1
USR001467,Champions,2024-12-20,12,15,1601000.0,17206,Platinum,GrabCar|GrabMart|GrabBike,3,Surabaya,0
USR007292,Promising,2024-12-23,9,5,153000.0,1311,Member,GrabFood,1,Bekasi,0
USR005035,At_Risk,2024-10-25,68,3,193000.0,2197,Member,GrabExpress,1,Jakarta,0
USR002441,Loyal,2024-12-14,18,13,527000.0,5218,Silver,GrabMart|GrabFood|GrabCar|GrabBike,4,Jakarta,0
USR006554,Promising,2024-12-22,10,4,150000.0,1514,Member,GrabExpress|GrabBike|GrabFood|GrabMart,4,Medan,0
USR000230,Champions,2024-12-29,3,17,1137000.0,13522,Gold,GrabMart|GrabFood|GrabCar,3,Bekasi,0
USR001320,Champions,2024-12-20,12,26,1706000.0,15456,Platinum,GrabBike|GrabMart|GrabCar,3,Jakarta,0
USR000041,Champions,2024-12-20,12,24,858000.0,8012,Gold,GrabFood|GrabCar|GrabBike,3,Jakarta,0
USR000777,Champions,2024-12-27,5,18,1141000.0,11600,Gold,GrabMart|GrabFood|GrabBike,3,Surabaya,0
USR008950,Hibernating,2024-09-14,109,0,39000.0,389,Member,GrabBike,1,Jakarta,1
USR008404,Hibernating,2024-07-08,177,0,7000.0,58,Member,GrabCar,1,Surabaya,1
USR001729,Loyal,2024-12-07,25,13,438000.0,4460,Silver,GrabMart,1,Surabaya,0
USR003910,Loyal,2024-12-04,28,14,768000.0,8851,Gold,GrabMart,1,Jakarta,0
USR000579,Champions,2024-12-27,5,27,1188000.0,9952,Gold,GrabBike|GrabMart,2,Jakarta,0
USR009941,Hibernating,2024-05-15,231,0,21000.0,184,Member,GrabFood,1,Jakarta,1
USR005839,At_Risk,2024-10-28,65,4,175000.0,1902,Member,GrabExpress|GrabMart,2,Bekasi,1
USR008271,Hibernating,2024-07-18,167,0,43000.0,405,Member,GrabExpress,1,Bandung,1
USR007275,Promising,2024-12-17,15,5,85000.0,1002,Member,GrabCar,1,Jakarta,0
USR001491,Champions,2024-12-28,4,22,1777000.0,15684,Platinum,GrabBike|GrabCar,2,Jakarta,0
USR009109,Hibernating,2024-02-04,332,0,58000.0,613,Member,GrabCar,1,Bekasi,1
USR005610,At_Risk,2024-10-04,89,5,128000.0,1330,Member,GrabMart,1,Jakarta,1
USR000061,Champions,2024-12-21,11,20,1629000.0,19509,Platinum,GrabBike|GrabCar|GrabMart,3,Medan,0
USR005471,At_Risk,2024-10-30,63,2,298000.0,2515,Silver,GrabMart,1,Jakarta,1
USR003905,Loyal,2024-12-24,8,14,497000.0,4699,Silver,GrabExpress,1,Jakarta,0
USR006531,Promising,2024-12-29,3,3,153000.0,1376,Member,GrabFood,1,Jakarta,1
USR000402,Champions,2024-12-24,8,26,1133000.0,11866,Gold,GrabFood|GrabMart|GrabExpress,3,Bekasi,1
USR000332,Champions,2024-12-31,1,24,1412000.0,12716,Gold,GrabCar|GrabMart|GrabFood,3,Jakarta,0
USR002084,Loyal,2024-12-20,12,11,337000.0,3047,Silver,GrabBike,1,Jakarta,0
USR009557,Hibernating,2024-05-20,226,0,47000.0,481,Member,GrabExpress|GrabMart,2,Surabaya,1
USR000164,Champions,2024-12-24,8,27,1066000.0,11972,Gold,GrabExpress|GrabMart|GrabCar,3,Medan,0
USR004379,At_Risk,2024-10-23,70,4,247000.0,2357,Silver,GrabBike,1,Surabaya,1
USR002715,Loyal,2024-12-13,19,10,570000.0,4887,Silver,GrabMart|GrabCar,2,Jakarta,0
USR008923,Hibernating,2024-05-26,220,0,54000.0,627,Member,GrabExpress,1,Surabaya,1
USR007346,Promising,2024-12-19,13,3,140000.0,1632,Member,GrabExpress|GrabFood,2,Surabaya,1
USR005453,At_Risk,2024-11-17,45,3,189000.0,2142,Member,GrabFood|GrabExpress,2,Bekasi,0
USR007046,Promising,2024-12-22,10,6,248000.0,2364,Silver,GrabMart|GrabFood,2,Surabaya,0
USR001334,Champions,2024-12-23,9,17,2326000.0,27151,Platinum,GrabMart|GrabCar|GrabFood,3,Jakarta,0
USR008698,Hibernating,2024-07-17,168,0,31000.0,316,Member,GrabBike,1,Bekasi,1
USR001659,Loyal,2024-12-07,25,8,673000.0,5596,Gold,GrabMart,1,Medan,0
USR003578,Loyal,2024-12-15,17,10,551000.0,5435,Silver,GrabMart|GrabBike|GrabCar|GrabFood,4,Medan,0
USR000753,Champions,2024-12-27,5,26,1936000.0,16502,Platinum,GrabBike|GrabFood,2,Jakarta,0
USR006584,Promising,2024-12-17,15,5,224000.0,2679,Silver,GrabExpress|GrabCar,2,Jakarta,0
USR000706,Champions,2024-12-24,8,24,1957000.0,20507,Platinum,GrabMart|GrabBike|GrabFood|GrabCar,4,Jakarta,0
USR003014,Loyal,2024-12-18,14,10,378000.0,3574,Silver,GrabExpress,1,Jakarta,0
USR008558,Hibernating,2024-07-12,173,0,22000.0,240,Member,GrabMart,1,Jakarta,0
USR009875,Hibernating,2024-07-01,184,0,9000.0,81,Member,GrabBike,1,Surabaya,1
USR009582,Hibernating,2024-05-14,232,0,36000.0,313,Member,GrabMart|GrabExpress,2,Bandung,1
USR008928,Hibernating,2024-03-21,286,0,74000.0,723,Member,GrabBike,1,Jakarta,1
USR009556,Hibernating,2024-03-31,276,0,33000.0,272,Member,GrabMart|GrabExpress,2,Bandung,1
USR008983,Hibernating,2024-01-07,360,0,31000.0,284,Member,GrabFood|GrabBike|GrabCar,3,Jakarta,1
USR001834,Loyal,2024-12-19,13,13,402000.0,3472,Silver,GrabExpress,1,Jakarta,0
USR002996,Loyal,2024-12-07,25,10,406000.0,3503,Silver,GrabExpress,1,Surabaya,1
USR005427,At_Risk,2024-10-04,89,5,169000.0,1585,Member,GrabExpress|GrabCar,2,Jakarta,0
USR003879,Loyal,2024-12-09,23,10,501000.0,4101,Silver,GrabMart|GrabFood,2,Jakarta,0
USR007156,Promising,2024-12-29,3,6,240000.0,2132,Silver,GrabFood,1,Jakarta,1
USR005081,At_Risk,2024-11-15,47,4,223000.0,2087,Silver,GrabCar|GrabMart,2,Bekasi,1
USR009114,Hibernating,2024-04-10,266,0,31000.0,256,Member,GrabCar|GrabFood,2,Bandung,1
USR007244,Promising,2024-12-15,17,6,226000.0,1965,Silver,GrabFood|GrabCar|GrabExpress|GrabBike,4,Jakarta,0
USR005400,At_Risk,2024-11-02,60,3,209000.0,1722,Silver,GrabCar,1,Jakarta,0
USR005395,At_Risk,2024-11-12,50,5,287000.0,3272,Silver,GrabMart|GrabCar,2,Surabaya,1
USR009427,Hibernating,2024-04-25,251,0,37000.0,395,Member,GrabBike,1,Medan,1
USR002246,Loyal,2024-12-05,27,8,471000.0,5400,Silver,GrabFood,1,Surabaya,0
USR000835,Champions,2024-12-25,7,27,1151000.0,13716,Gold,GrabCar|GrabBike|GrabMart|GrabExpress,4,Bandung,0
USR008394,Hibernating,2024-09-19,104,0,44000.0,381,Member,GrabMart|GrabFood,2,Jakarta,1
USR009042,Hibernating,2024-04-06,270,0,73000.0,690,Member,GrabExpress,1,Surabaya,1
USR000432,Champions,2024-12-22,10,17,1736000.0,14738,Platinum,GrabFood,1,Bekasi,0
USR003378,Loyal,2024-12-23,9,10,422000.0,4781,Silver,GrabExpress|GrabBike|GrabFood,3,Bandung,0
USR006817,Promising,2024-12-23,9,5,240000.0,2809,Silver,GrabBike,1,Jakarta,0
USR008131,Hibernating,2024-08-11,143,0,5000.0,40,Member,GrabExpress|GrabCar,2,Jakarta,1
USR009621,Hibernating,2024-05-14,232,0,39000.0,339,Member,GrabBike,1,Jakarta,1
USR006066,Promising,2024-12-29,3,4,178000.0,1768,Member,GrabBike|GrabCar,2,Jakarta,1
USR001193,Champions,2024-12-31,1,18,2319000.0,21877,Platinum,GrabMart|GrabCar|GrabExpress,3,Bandung,0
USR006934,Promising,2024-12-21,11,6,106000.0,1198,Member,GrabCar|GrabMart,2,Bandung,0
USR005461,At_Risk,2024-10-15,78,5,185000.0,1748,Member,GrabCar,1,Surabaya,1
USR003071,Loyal,2024-12-07,25,11,659000.0,5799,Gold,GrabBike|GrabExpress|GrabMart,3,Surabaya,0
USR003044,Loyal,2024-12-06,26,9,398000.0,4008,Silver,GrabExpress,1,Jakarta,0
USR003263,Loyal,2024-12-13,19,13,574000.0,6175,Silver,GrabCar,1,Jakarta,0
USR002729,Loyal,2024-12-14,18,8,711000.0,7810,Gold,GrabFood|GrabCar|GrabBike|GrabExpress,4,Bandung,0
USR003433,Loyal,2024-12-23,9,11,799000.0,7085,Gold,GrabExpress,1,Bandung,0
USR000433,Champions,2024-12-28,4,22,1251000.0,10534,Gold,GrabMart|GrabBike|GrabFood,3,Surabaya,0
USR003272,Loyal,2024-12-22,10,11,405000.0,4786,Silver,GrabMart|GrabBike|GrabFood,3,Bekasi,0
USR007001,Promising,2024-12-22,10,7,153000.0,1787,Member,GrabCar,1,Surabaya,0
USR009726,Hibernating,2024-03-04,303,0,3000.0,29,Member,GrabMart|GrabExpress,2,Jakarta,1
USR000104,Champions,2024-12-19,13,24,1896000.0,15958,Platinum,GrabFood|GrabBike|GrabExpress,3,Bandung,0
USR003315,Loyal,2024-12-13,19,12,631000.0,6345,Gold,GrabCar,1,Surabaya,1
USR001656,Loyal,2024-12-20,12,8,690000.0,6137,Gold,GrabBike|GrabFood|GrabExpress,3,Jakarta,0
USR001533,Loyal,2024-12-06,26,11,749000.0,7244,Gold,GrabCar|GrabBike|GrabMart,3,Jakarta,0
USR004680,At_Risk,2024-10-25,68,3,298000.0,3539,Silver,GrabExpress|GrabMart,2,Jakarta,0
USR008813,Hibernating,2024-09-16,107,0,75000.0,654,Member,GrabExpress|GrabCar|GrabMart|GrabBike,4,Bekasi,1
USR009002,Hibernating,2024-04-20,256,0,77000.0,899,Member,GrabMart|GrabFood|GrabExpress,3,Bekasi,1
USR006622,Promising,2024-12-23,9,3,240000.0,2402,Silver,GrabBike|GrabCar|GrabFood,3,Surabaya,1
USR001443,Champions,2024-12-20,12,23,1811000.0,16927,Platinum,GrabExpress|GrabCar|GrabMart|GrabFood,4,Jakarta,0
USR000214,Champions,2024-12-19,13,20,1467000.0,13751,Gold,GrabBike|GrabFood|GrabExpress,3,Surabaya,0
USR005356,At_Risk,2024-11-06,56,4,140000.0,1165,Member,GrabExpress,1,Bekasi,1
USR009218,Hibernating,2024-07-15,170,0,75000.0,812,Member,GrabBike|GrabCar,2,Bekasi,0
USR006322,Promising,2024-12-22,10,5,166000.0,1462,Member,GrabFood|GrabBike|GrabCar,3,Jakarta,1
USR004989,At_Risk,2024-11-06,56,5,174000.0,1474,Member,GrabBike|GrabExpress,2,Bandung,0
USR001419,Champions,2024-12-26,6,21,1504000.0,16996,Platinum,GrabBike,1,Medan,0
USR009516,Hibernating,2024-04-17,259,0,59000.0,694,Member,GrabExpress,1,Bandung,1
USR008606,Hibernating,2024-01-12,355,0,33000.0,313,Member,GrabBike|GrabFood,2,Surabaya,1
USR000181,Champions,2024-12-29,3,27,2072000.0,18841,Platinum,GrabExpress,1,Bandung,0
USR004352,At_Risk,2024-11-01,61,5,142000.0,1507,Member,GrabExpress,1,Jakarta,1
USR008700,Hibernating,2024-09-20,103,0,34000.0,358,Member,GrabMart|GrabExpress,2,Surabaya,1
USR002446,Loyal,2024-12-10,22,10,468000.0,4031,Silver,GrabMart|GrabExpress|GrabBike|GrabCar,4,Medan,0
USR005321,At_Risk,2024-11-16,46,3,212000.0,2451,Silver,GrabCar|GrabBike|GrabMart,3,Jakarta,1
USR008045,Hibernating,2024-02-22,314,0,72000.0,791,Member,GrabCar|GrabMart|GrabFood|GrabExpress,4,Bekasi,0
USR005684,At_Risk,2024-10-27,66,3,308000.0,2875,Silver,GrabExpress|GrabFood,2,Jakarta,0
USR003532,Loyal,2024-12-22,10,12,592000.0,6357,Silver,GrabFood|GrabMart,2,Jakarta,0
USR008244,Hibernating,2024-09-13,110,0,17000.0,163,Member,GrabFood|GrabCar|GrabMart|GrabBike,4,Bandung,1
USR007976,Promising,2024-12-22,10,7,237000.0,2125,Silver,GrabMart,1,Bekasi,0
USR003698,Loyal,2024-12-20,12,10,753000.0,7628,Gold,GrabCar|GrabExpress,2,Surabaya,0
USR000070,Champions,2024-12-31,1,15,2276000.0,26920,Platinum,GrabMart|GrabFood|GrabExpress,3,Jakarta,0
USR000544,Champions,2024-12-25,7,22,1235000.0,13218,Gold,GrabCar|GrabMart|GrabFood,3,Jakarta,0
USR001204,Champions,2024-12-30,2,26,1503000.0,13418,Platinum,GrabMart|GrabCar|GrabExpress,3,Bandung,0
USR003078,Loyal,2024-12-11,21,12,606000.0,5021,Gold,GrabFood|GrabBike,2,Bandung,0
USR009106,Hibernating,2024-04-24,252,0,15000.0,123,Member,GrabFood|GrabCar|GrabBike|GrabExpress,4,Surabaya,1
USR009120,Hibernating,2024-04-16,260,0,37000.0,396,Member,GrabBike,1,Jakarta,1
USR009680,Hibernating,2024-04-21,255,0,44000.0,496,Member,GrabExpress,1,Jakarta,1
USR006180,Promising,2024-12-17,15,3,85000.0,768,Member,GrabMart,1,Surabaya,0
USR008329,Hibernating,2024-01-06,361,0,33000.0,357,Member,GrabCar|GrabMart,2,Bekasi,1
USR004284,At_Risk,2024-11-16,46,5,234000.0,2772,Silver,GrabCar|GrabBike|GrabMart|GrabFood,4,Jakarta,1
USR004007,At_Risk,2024-10-30,63,3,116000.0,1064,Member,GrabBike|GrabMart|GrabFood|GrabExpress,4,Jakarta,0
USR008713,Hibernating,2024-08-09,145,0,67000.0,680,Member,GrabExpress,1,Jakarta,0
USR000877,Champions,2024-12-29,3,20,2463000.0,20560,Platinum,GrabBike|GrabFood|GrabCar,3,Jakarta,0
USR008060,Hibernating,2024-05-20,226,0,46000.0,390,Member,GrabBike|GrabCar|GrabMart|GrabFood,4,Bandung,1
USR000196,Champions,2024-12-26,6,18,1772000.0,15294,Platinum,GrabMart|GrabFood|GrabExpress,3,Jakarta,0
USR009746,Hibernating,2024-01-30,337,0,20000.0,223,Member,GrabCar|GrabFood,2,Medan,1
USR004010,At_Risk,2024-10-28,65,2,250000.0,2253,Silver,GrabMart,1,Bekasi,0
USR009962,Hibernating,2024-08-14,140,0,24000.0,227,Member,GrabBike,1,Bekasi,1
USR002571,Loyal,2024-12-20,12,13,306000.0,2514,Silver,GrabBike|GrabFood,2,Bandung,0
USR003753,Loyal,2024-12-18,14,14,318000.0,3257,Silver,GrabCar|GrabMart,2,Medan,0
USR009247,Hibernating,2024-06-19,196,0,75000.0,877,Member,GrabBike,1,Jakarta,1
USR008628,Hibernating,2024-05-27,219,0,78000.0,852,Member,GrabBike,1,Bandung,1
USR009368,Hibernating,2024-02-28,308,0,79000.0,786,Member,GrabFood|GrabBike|GrabExpress|GrabCar,4,Jakarta,1
USR006159,Promising,2024-12-29,3,4,156000.0,1567,Member,GrabExpress|GrabFood,2,Bekasi,0
USR004791,At_Risk,2024-11-04,58,3,154000.0,1588,Member,GrabBike|GrabFood|GrabExpress|GrabMart,4,Jakarta,0
USR005337,At_Risk,2024-11-04,58,4,292000.0,3287,Silver,GrabExpress|GrabFood|GrabBike,3,Jakarta,0
USR003024,Loyal,2024-12-08,24,12,305000.0,2490,Silver,GrabBike,1,Surabaya,0
USR002718,Loyal,2024-12-21,11,10,439000.0,4555,Silver,GrabCar|GrabMart,2,Surabaya,0
USR008655,Hibernating,2024-08-28,126,0,28000.0,298,Member,GrabCar,1,Medan,1
USR006916,Promising,2024-12-20,12,3,160000.0,1436,Member,GrabBike|GrabFood|GrabExpress,3,Surabaya,0
USR003984,Loyal,2024-12-11,21,14,463000.0,5172,Silver,GrabExpress,1,Jakarta,0
USR007308,Promising,2024-12-20,12,5,116000.0,1248,Member,GrabCar|GrabBike,2,Jakarta,1
USR005953,At_Risk,2024-10-24,69,2,192000.0,1593,Member,GrabMart|GrabExpress|GrabBike|GrabCar,4,Bekasi,0
USR003844,Loyal,2024-12-11,21,10,733000.0,7577,Gold,GrabExpress|GrabFood,2,Bandung,0
USR002682,Loyal,2024-12-03,29,13,499000.0,4428,Silver,GrabMart|GrabCar|GrabBike,3,Jakarta,0
USR004024,At_Risk,2024-11-08,54,3,281000.0,2713,Silver,GrabFood,1,Jakarta,0
USR008715,Hibernating,2024-01-24,343,0,20000.0,171,Member,GrabFood,1,Jakarta,1
USR003139,Loyal,2024-12-12,20,10,657000.0,5723,Gold,GrabFood|GrabExpress,2,Jakarta,0
USR004237,At_Risk,2024-10-31,62,5,120000.0,1209,Member,GrabCar,1,Jakarta,0
USR000218,Champions,2024-12-19,13,15,1104000.0,11217,Gold,GrabCar|GrabFood,2,Jakarta,0
USR006618,Promising,2024-12-19,13,4,117000.0,1075,Member,GrabMart,1,Bekasi,0
USR009606,Hibernating,2024-02-02,334,0,45000.0,452,Member,GrabExpress,1,Surabaya,1
USR005268,At_Risk,2024-11-06,56,5,225000.0,2590,Silver,GrabCar,1,Jakarta,0
USR002543,Loyal,2024-12-09,23,8,709000.0,8139,Gold,GrabExpress|GrabCar,2,Surabaya,1
USR002870,Loyal,2024-12-12,20,12,516000.0,4472,Silver,GrabFood|GrabExpress|GrabBike|GrabCar,4,Bekasi,0
USR001244,Champions,2024-12-20,12,28,827000.0,9730,Gold,GrabFood,1,Jakarta,0
USR000420,Champions,2024-12-31,1,24,1360000.0,14749,Gold,GrabMart|GrabFood,2,Jakarta,1
USR006227,Promising,2024-12-12,20,7,108000.0,1022,Member,GrabCar|GrabFood,2,Surabaya,0
USR002058,Loyal,2024-12-03,29,13,643000.0,6988,Gold,GrabBike|GrabCar|GrabMart,3,Jakarta,0
USR008493,Hibernating,2024-08-22,132,0,6000.0,70,Member,GrabCar|GrabFood|GrabExpress|GrabBike,4,Medan,1
USR006434,Promising,2024-12-16,16,6,220000.0,2571,Silver,GrabCar,1,Jakarta,1
USR003422,Loyal,2024-12-11,21,10,380000.0,4336,Silver,GrabExpress,1,Medan,0
USR004510,At_Risk,2024-11-06,56,5,185000.0,1792,Member,GrabBike|GrabCar|GrabFood,3,Jakarta,0
USR001166,Champions,2024-12-25,7,21,1029000.0,10167,Gold,GrabExpress|GrabFood|GrabMart,3,Medan,0
USR000254,Champions,2024-12-21,11,22,839000.0,9167,Gold,GrabFood|GrabBike|GrabCar,3,Bandung,0
USR000415,Champions,2024-12-20,12,24,2217000.0,19205,Platinum,GrabCar|GrabFood,2,Jakarta,0
USR009175,Hibernating,2024-08-29,125,0,7000.0,56,Member,GrabFood|GrabExpress|GrabBike,3,Surabaya,1
USR003469,Loyal,2024-12-10,22,9,538000.0,6064,Silver,GrabMart,1,Jakarta,0
USR003050,Loyal,2024-12-05,27,13,637000.0,5512,Gold,GrabBike,1,Bekasi,0
USR000759,Champions,2024-12-21,11,25,1219000.0,10973,Gold,GrabBike|GrabFood|GrabMart,3,Jakarta,0
USR001385,Champions,2024-12-23,9,24,1339000.0,14787,Gold,GrabCar|GrabExpress|GrabMart,3,Jakarta,0
USR000654,Champions,2024-12-20,12,26,1546000.0,17213,Platinum,GrabCar|GrabFood|GrabExpress|GrabBike,4,Jakarta,0
USR001201,Champions,2024-12-30,2,27,1868000.0,19522,Platinum,GrabMart|GrabBike|GrabCar|GrabFood,4,Surabaya,0
USR002413,Loyal,2024-12-03,29,9,530000.0,4261,Silver,GrabFood,1,Bandung,0
USR005579,At_Risk,2024-11-14,48,5,258000.0,2966,Silver,GrabExpress|GrabCar,2,Bandung,1
USR005993,At_Risk,2024-11-11,51,2,132000.0,1260,Member,GrabExpress|GrabBike|GrabFood|GrabMart,4,Bandung,1
USR005294,At_Risk,2024-10-06,87,2,132000.0,1431,Member,GrabFood|GrabBike|GrabMart,3,Jakarta,0
USR003055,Loyal,2024-12-10,22,8,495000.0,5760,Silver,GrabMart|GrabExpress|GrabBike,3,Jakarta,0
USR002830,Loyal,2024-12-12,20,10,400000.0,4692,Silver,GrabBike,1,Jakarta,0
USR002970,Loyal,2024-12-06,26,8,512000.0,5812,Silver,GrabCar,1,Jakarta,0
USR000328,Champions,2024-12-30,2,27,1291000.0,14418,Gold,GrabFood|GrabMart|GrabBike,3,Jakarta,0
USR004270,At_Risk,2024-11-02,60,2,229000.0,2137,Silver,GrabCar,1,Jakarta,0
USR005994,At_Risk,2024-10-24,69,4,346000.0,3601,Silver,GrabFood|GrabBike,2,Jakarta,1
USR004392,At_Risk,2024-10-04,89,5,258000.0,3052,Silver,GrabBike,1,Surabaya,0
USR002063,Loyal,2024-12-18,14,10,331000.0,3128,Silver,GrabExpress,1,Jakarta,0
USR008301,Hibernating,2024-08-25,129,0,25000.0,260,Member,GrabExpress,1,Jakarta,1
USR009013,Hibernating,2024-08-31,123,0,42000.0,482,Member,GrabExpress|GrabFood|GrabMart,3,Jakarta,1
USR009329,Hibernating,2024-09-24,99,0,8000.0,78,Member,GrabExpress|GrabCar,2,Jakarta,1
USR005169,At_Risk,2024-11-02,60,5,174000.0,2056,Member,GrabCar|GrabMart|GrabExpress,3,Jakarta,1
USR004429,At_Risk,2024-10-08,85,5,324000.0,3769,Silver,GrabFood|GrabMart|GrabBike|GrabExpress,4,Medan,0
USR001281,Champions,2024-12-31,1,25,1236000.0,12275,Gold,GrabExpress|GrabCar|GrabFood,3,Jakarta,0
USR003381,Loyal,2024-12-08,24,12,463000.0,5357,Silver,GrabMart,1,Jakarta,0
USR002636,Loyal,2024-12-16,16,11,473000.0,4672,Silver,GrabCar|GrabBike|GrabExpress,3,Surabaya,0
USR003328,Loyal,2024-12-12,20,12,777000.0,8517,Gold,GrabCar|GrabFood|GrabMart,3,Jakarta,0
USR006436,Promising,2024-12-12,20,4,180000.0,1501,Member,GrabBike|GrabMart|GrabExpress|GrabCar,4,Jakarta,0
USR005018,At_Risk,2024-10-28,65,2,248000.0,2387,Silver,GrabFood|GrabMart|GrabExpress,3,Jakarta,1
USR007324,Promising,2024-12-21,11,7,130000.0,1116,Member,GrabFood,1,Jakarta,0
USR003795,Loyal,2024-12-04,28,8,404000.0,3833,Silver,GrabCar,1,Bekasi,0
USR002663,Loyal,2024-12-16,16,11,395000.0,3292,Silver,GrabExpress|GrabFood|GrabBike,3,Jakarta,1
USR008282,Hibernating,2024-04-03,273,0,41000.0,378,Member,GrabCar,1,Jakarta,1
USR001282,Champions,2024-12-19,13,22,1030000.0,9284,Gold,GrabExpress|GrabCar,2,Jakarta,0
USR004148,At_Risk,2024-10-30,63,5,306000.0,3429,Silver,GrabExpress,1,Medan,0
USR001362,Champions,2024-12-30,2,22,2392000.0,28382,Platinum,GrabCar|GrabExpress|GrabBike,3,Jakarta,0
USR001437,Champions,2024-12-30,2,18,1426000.0,15532,Gold,GrabExpress|GrabFood|GrabMart,3,Jakarta,0
USR009628,Hibernating,2024-09-27,96,0,48000.0,518,Member,GrabCar|GrabExpress,2,Jakarta,1
USR003441,Loyal,2024-12-15,17,14,721000.0,7933,Gold,GrabFood|GrabMart,2,Jakarta,0
USR000056,Champions,2024-12-28,4,26,2114000.0,21010,Platinum,GrabExpress|GrabFood|GrabMart,3,Bandung,0
USR004597,At_Risk,2024-11-11,51,2,155000.0,1390,Member,GrabBike|GrabCar,2,Jakarta,1
USR008479,Hibernating,2024-06-04,211,0,31000.0,337,Member,GrabCar|GrabFood|GrabBike|GrabMart,4,Jakarta,1
USR005365,At_Risk,2024-10-24,69,5,241000.0,2437,Silver,GrabMart|GrabBike,2,Medan,0
USR001844,Loyal,2024-12-15,17,10,612000.0,6160,Gold,GrabFood|GrabExpress,2,Surabaya,0
USR005515,At_Risk,2024-11-07,55,3,253000.0,2402,Silver,GrabCar,1,Medan,0
USR008573,Hibernating,2024-02-10,326,0,16000.0,138,Member,GrabCar|GrabFood,2,Bekasi,1
USR006263,Promising,2024-12-17,15,6,211000.0,2235,Silver,GrabCar|GrabBike|GrabMart,3,Jakarta,1
USR002880,Loyal,2024-12-13,19,9,404000.0,3365,Silver,GrabMart,1,Bekasi,0
USR001743,Loyal,2024-12-04,28,9,305000.0,2973,Silver,GrabCar|GrabExpress|GrabBike|GrabFood,4,Jakarta,0
USR008398,Hibernating,2024-04-05,271,0,29000.0,345,Member,GrabCar|GrabMart,2,Bekasi,1
USR004169,At_Risk,2024-10-28,65,5,178000.0,1656,Member,GrabCar,1,Bandung,0
USR005197,At_Risk,2024-10-24,69,5,136000.0,1264,Member,GrabBike|GrabCar,2,Jakarta,1
USR008993,Hibernating,2024-03-14,293,0,50000.0,440,Member,GrabCar|GrabExpress|GrabFood,3,Surabaya,1
USR000740,Champions,2024-12-28,4,18,1059000.0,10678,Gold,GrabFood|GrabExpress|GrabBike,3,Medan,0
USR009066,Hibernating,2024-04-03,273,0,78000.0,927,Member,GrabMart,1,Surabaya,1
USR001624,Loyal,2024-12-21,11,13,620000.0,5100,Gold,GrabMart,1,Medan,0
USR000524,Champions,2024-12-30,2,21,1401000.0,15323,Gold,GrabMart|GrabCar|GrabBike,3,Jakarta,0
USR007999,Promising,2024-12-21,11,6,117000.0,999,Member,GrabBike|GrabMart,2,Jakarta,1
USR004419,At_Risk,2024-10-09,84,3,306000.0,2501,Silver,GrabFood,1,Surabaya,1
USR005426,At_Risk,2024-11-09,53,3,114000.0,1357,Member,GrabBike,1,Jakarta,0
USR006689,Promising,2024-12-15,17,6,164000.0,1929,Member,GrabCar|GrabExpress,2,Surabaya,1
USR007382,Promising,2024-12-28,4,7,194000.0,2096,Member,GrabBike,1,Jakarta,0
USR000435,Champions,2024-12-29,3,22,2121000.0,21480,Platinum,GrabExpress|GrabFood|GrabBike|GrabCar,4,Bandung,0
USR002960,Loyal,2024-12-12,20,12,426000.0,3987,Silver,GrabExpress|GrabCar|GrabFood,3,Bekasi,0
USR000308,Champions,2024-12-28,4,22,1457000.0,15502,Gold,GrabMart|GrabFood,2,Jakarta,0
USR001565,Loyal,2024-12-19,13,11,477000.0,5680,Silver,GrabBike,1,Bandung,0
USR002631,Loyal,2024-12-12,20,12,773000.0,6415,Gold,GrabCar|GrabFood|GrabExpress,3,Jakarta,0
USR005597,At_Risk,2024-10-29,64,3,316000.0,3476,Silver,GrabExpress,1,Bekasi,0
USR009477,Hibernating,2024-07-22,163,0,6000.0,57,Member,GrabMart|GrabCar,2,Surabaya,1
USR000401,Champions,2024-12-23,9,27,1757000.0,20525,Platinum,GrabMart|GrabBike|GrabExpress,3,Jakarta,0
USR003826,Loyal,2024-12-04,28,13,416000.0,4036,Silver,GrabExpress|GrabMart|GrabBike,3,Medan,0
USR000881,Champions,2024-12-21,11,19,1854000.0,15719,Platinum,GrabBike|GrabCar|GrabMart,3,Jakarta,0
USR003997,Loyal,2024-12-25,7,13,381000.0,4405,Silver,GrabFood|GrabMart|GrabExpress|GrabBike,4,Bekasi,1
USR007118,Promising,2024-12-16,16,7,221000.0,1774,Silver,GrabBike|GrabFood|GrabExpress,3,Surabaya,0
USR003265,Loyal,2024-12-20,12,14,701000.0,7444,Gold,GrabFood|GrabCar,2,Bandung,0
USR008406,Hibernating,2024-08-05,149,0,18000.0,151,Member,GrabBike,1,Jakarta,1
USR005009,At_Risk,2024-10-15,78,5,136000.0,1189,Member,GrabCar|GrabMart|GrabBike,3,Jakarta,0
USR005736,At_Risk,2024-10-14,79,4,227000.0,2703,Silver,GrabExpress,1,Jakarta,0
USR005554,At_Risk,2024-11-14,48,5,220000.0,2521,Silver,GrabCar|GrabMart,2,Surabaya,1
USR000288,Champions,2024-12-22,10,22,1552000.0,16908,Platinum,GrabFood|GrabBike,2,Bandung,0
USR005564,At_Risk,2024-10-14,79,5,251000.0,2876,Silver,GrabFood|GrabMart,2,Surabaya,0
USR008324,Hibernating,2024-02-17,319,0,40000.0,347,Member,GrabMart,1,Surabaya,0
USR002623,Loyal,2024-12-14,18,11,775000.0,6666,Gold,GrabFood|GrabMart|GrabExpress,3,Bandung,0
USR008859,Hibernating,2024-04-04,272,0,68000.0,787,Member,GrabBike,1,Bandung,1
USR000476,Champions,2024-12-31,1,24,1241000.0,13113,Gold,GrabFood|GrabMart,2,Jakarta,0
USR008591,Hibernating,2024-08-24,130,0,50000.0,484,Member,GrabFood|GrabExpress,2,Bekasi,1
USR009713,Hibernating,2024-08-26,128,0,73000.0,669,Member,GrabCar|GrabMart,2,Bekasi,1
USR006522,Promising,2024-12-20,12,6,235000.0,2545,Silver,GrabBike,1,Surabaya,0
USR003111,Loyal,2024-12-09,23,11,777000.0,6426,Gold,GrabBike|GrabExpress,2,Jakarta,0
USR009470,Hibernating,2024-02-06,330,0,53000.0,619,Member,GrabFood,1,Jakarta,1
USR000737,Champions,2024-12-23,9,21,2058000.0,23070,Platinum,GrabMart|GrabBike,2,Jakarta,0
USR003133,Loyal,2024-12-18,14,14,700000.0,8125,Gold,GrabMart,1,Medan,0
USR008047,Hibernating,2024-02-02,334,0,10000.0,86,Member,GrabBike|GrabCar,2,Medan,0
USR006551,Promising,2024-12-14,18,5,250000.0,2213,Silver,GrabFood|GrabCar,2,Medan,0
USR005407,At_Risk,2024-10-05,88,2,184000.0,1975,Member,GrabBike,1,Jakarta,0
USR005563,At_Risk,2024-10-29,64,4,174000.0,1897,Member,GrabMart,1,Jakarta,0
USR005328,At_Risk,2024-11-13,49,4,335000.0,3322,Silver,GrabCar,1,Bandung,0
USR006718,Promising,2024-12-15,17,5,91000.0,913,Member,GrabMart|GrabBike|GrabFood,3,Bandung,0
USR005118,At_Risk,2024-11-13,49,2,185000.0,2145,Member,GrabBike|GrabExpress,2,Bekasi,1
USR004619,At_Risk,2024-10-12,81,3,350000.0,4077,Silver,GrabExpress|GrabCar|GrabFood,3,Surabaya,1
USR003689,Loyal,2024-12-03,29,11,621000.0,6030,Gold,GrabMart|GrabExpress|GrabCar,3,Jakarta,1
USR007716,Promising,2024-12-28,4,4,155000.0,1404,Member,GrabExpress|GrabCar|GrabMart,3,Surabaya,0
USR001839,Loyal,2024-12-22,10,11,572000.0,5271,Silver,GrabCar|GrabExpress|GrabMart,3,Jakarta,0
USR001995,Loyal,2024-12-10,22,10,566000.0,6755,Silver,GrabExpress|GrabFood,2,Medan,0
USR002399,Loyal,2024-12-24,8,12,518000.0,5009,Silver,GrabExpress|GrabMart,2,Surabaya,0
USR006510,Promising,2024-12-27,5,6,208000.0,2131,Silver,GrabCar|GrabExpress|GrabFood,3,Jakarta,0
USR009356,Hibernating,2024-02-21,315,0,22000.0,238,Member,GrabExpress|GrabBike,2,Jakarta,1
USR004119,At_Risk,2024-10-05,88,4,109000.0,913,Member,GrabExpress|GrabCar|GrabMart|GrabBike,4,Medan,1
USR005894,At_Risk,2024-10-20,73,5,180000.0,1560,Member,GrabFood,1,Bandung,0
USR000800,Champions,2024-12-22,10,29,1368000.0,16207,Gold,GrabMart|GrabBike|GrabExpress|GrabFood,4,Bandung,0
USR008423,Hibernating,2024-06-22,193,0,4000.0,46,Member,GrabBike|GrabMart|GrabExpress|GrabFood,4,Jakarta,1
USR007680,Promising,2024-12-15,17,6,208000.0,2434,Silver,GrabBike,1,Surabaya,0
USR001405,Champions,2024-12-31,1,18,1606000.0,16481,Platinum,GrabMart|GrabExpress|GrabBike|GrabCar,4,Bekasi,0
USR005431,At_Risk,2024-10-15,78,5,138000.0,1493,Member,GrabCar|GrabExpress,2,Bandung,1
USR000069,Champions,2024-12-21,11,17,1654000.0,14408,Platinum,GrabFood,1,Surabaya,0
USR009543,Hibernating,2024-02-26,310,0,8000.0,70,Member,GrabMart,1,Jakarta,1
USR002759,Loyal,2024-12-05,27,13,385000.0,4095,Silver,GrabCar,1,Jakarta,0
USR008294,Hibernating,2024-03-18,289,0,52000.0,423,Member,GrabMart,1,Surabaya,1
USR001586,Loyal,2024-12-05,27,11,429000.0,4054,Silver,GrabBike|GrabFood,2,Medan,0
USR006666,Promising,2024-12-13,19,4,165000.0,1689,Member,GrabMart|GrabExpress|GrabCar|GrabFood,4,Jakarta,1
USR008014,Hibernating,2024-04-29,247,0,6000.0,52,Member,GrabMart|GrabCar|GrabFood,3,Surabaya,1
USR001074,Champions,2024-12-23,9,18,2260000.0,19807,Platinum,GrabFood|GrabExpress|GrabMart,3,Jakarta,0
USR003063,Loyal,2024-12-13,19,11,474000.0,4844,Silver,GrabBike|GrabMart,2,Bandung,0
USR006487,Promising,2024-12-18,14,3,230000.0,2179,Silver,GrabMart|GrabBike,2,Jakarta,0
USR004705,At_Risk,2024-10-29,64,5,234000.0,2184,Silver,GrabMart|GrabBike,2,Jakarta,1
USR009069,Hibernating,2024-08-20,134,0,1000.0,11,Member,GrabFood,1,Bandung,1
USR002603,Loyal,2024-12-17,15,11,508000.0,5921,Silver,GrabBike,1,Jakarta,0
USR007738,Promising,2024-12-20,12,4,165000.0,1342,Member,GrabFood|GrabCar,2,Bekasi,0
USR001579,Loyal,2024-12-08,24,11,319000.0,3227,Silver,GrabExpress|GrabFood,2,Jakarta,0
USR005058,At_Risk,2024-10-28,65,3,224000.0,2202,Silver,GrabMart|GrabBike,2,Jakarta,1
USR005753,At_Risk,2024-11-09,53,3,157000.0,1293,Member,GrabFood,1,Jakarta,1
USR003548,Loyal,2024-12-23,9,12,578000.0,6575,Silver,GrabFood|GrabCar,2,Bekasi,0
USR000409,Champions,2024-12-20,12,23,2039000.0,20330,Platinum,GrabBike|GrabFood|GrabExpress,3,Bekasi,0
USR004097,At_Risk,2024-11-10,52,5,231000.0,1989,Silver,GrabCar|GrabFood,2,Surabaya,0
USR006461,Promising,2024-12-26,6,6,100000.0,1109,Member,GrabMart|GrabExpress|GrabCar|GrabBike,4,Surabaya,0
USR005601,At_Risk,2024-10-28,65,3,218000.0,1793,Silver,GrabMart|GrabCar,2,Medan,0
USR005231,At_Risk,2024-11-09,53,3,348000.0,3072,Silver,GrabFood|GrabBike,2,Bandung,1
USR003777,Loyal,2024-12-21,11,9,416000.0,3701,Silver,GrabBike|GrabFood,2,Jakarta,0
USR002726,Loyal,2024-12-17,15,9,574000.0,6494,Silver,GrabBike,1,Jakarta,0
USR000477,Champions,2024-12-23,9,18,1795000.0,20781,Platinum,GrabFood|GrabCar|GrabExpress,3,Bandung,0
USR001329,Champions,2024-12-30,2,25,2005000.0,20547,Platinum,GrabCar|GrabBike,2,Bekasi,0
USR004035,At_Risk,2024-10-20,73,4,141000.0,1454,Member,GrabExpress|GrabBike,2,Bekasi,0
USR009642,Hibernating,2024-03-04,303,0,66000.0,621,Member,GrabFood|GrabMart,2,Jakarta,1
USR001777,Loyal,2024-12-07,25,10,792000.0,6442,Gold,GrabBike|GrabMart,2,Surabaya,0
USR006096,Promising,2024-12-16,16,6,217000.0,1954,Silver,GrabExpress|GrabBike,2,Jakarta,0
USR000751,Champions,2024-12-29,3,15,1275000.0,13496,Gold,GrabBike|GrabMart,2,Bekasi,0
USR005792,At_Risk,2024-11-11,51,3,102000.0,1187,Member,GrabExpress|GrabBike,2,Bandung,0
USR004060,At_Risk,2024-10-09,84,2,270000.0,2788,Silver,GrabFood|GrabExpress,2,Jakarta,1
USR009041,Hibernating,2024-08-30,124,0,74000.0,688,Member,GrabExpress,1,Jakarta,1
USR006030,Promising,2024-12-23,9,3,91000.0,792,Member,GrabFood,1,Bekasi,0
USR005898,At_Risk,2024-11-17,45,4,209000.0,2238,Silver,GrabBike,1,Jakarta,0
USR009338,Hibernating,2024-03-27,280,0,3000.0,28,Member,GrabMart|GrabExpress|GrabCar,3,Medan,1
USR009160,Hibernating,2024-03-03,304,0,27000.0,307,Member,GrabCar|GrabBike|GrabFood,3,Jakarta,1
USR009996,Hibernating,2024-01-31,336,0,71000.0,704,Member,GrabBike|GrabCar|GrabExpress,3,Bandung,1
USR005151,At_Risk,2024-10-22,71,3,232000.0,2107,Silver,GrabMart|GrabExpress,2,Bekasi,0
USR000468,Champions,2024-12-27,5,19,977000.0,10654,Gold,GrabFood|GrabBike|GrabCar,3,Jakarta,0
USR001545,Loyal,2024-12-05,27,11,652000.0,5719,Gold,GrabFood|GrabExpress|GrabBike,3,Surabaya,0
USR006311,Promising,2024-12-19,13,5,125000.0,1102,Member,GrabBike|GrabCar,2,Bandung,0
USR002683,Loyal,2024-12-13,19,14,737000.0,8132,Gold,GrabBike,1,Jakarta,0
USR008966,Hibernating,2024-05-17,229,0,38000.0,423,Member,GrabCar,1,Jakarta,1
USR006181,Promising,2024-12-12,20,7,198000.0,2030,Member,GrabExpress,1,Surabaya,0
USR001025,Champions,2024-12-19,13,26,1778000.0,17290,Platinum,GrabCar|GrabFood|GrabBike,3,Jakarta,0
USR005112,At_Risk,2024-10-10,83,5,349000.0,3377,Silver,GrabCar|GrabBike,2,Bekasi,0
USR008562,Hibernating,2024-07-09,176,0,11000.0,91,Member,GrabCar|GrabExpress|GrabBike,3,Bekasi,0
USR005368,At_Risk,2024-11-15,47,3,118000.0,1048,Member,GrabBike,1,Jakarta,0
USR002354,Loyal,2024-12-11,21,11,343000.0,4088,Silver,GrabFood,1,Bekasi,0
USR007278,Promising,2024-12-17,15,5,108000.0,961,Member,GrabFood,1,Jakarta,0
USR003602,Loyal,2024-12-20,12,14,764000.0,7050,Gold,GrabFood|GrabMart,2,Surabaya,0
USR000773,Champions,2024-12-26,6,15,2190000.0,22990,Platinum,GrabExpress,1,Jakarta,0
USR006773,Promising,2024-12-27,5,6,190000.0,1657,Member,GrabMart,1,Bekasi,0
USR008809,Hibernating,2024-05-25,221,0,61000.0,570,Member,GrabExpress|GrabBike,2,Jakarta,1
USR003382,Loyal,2024-12-08,24,9,716000.0,7112,Gold,GrabCar|GrabFood|GrabBike|GrabExpress,4,Jakarta,1
USR000641,Champions,2024-12-20,12,25,1530000.0,12251,Platinum,GrabCar|GrabBike|GrabMart,3,Bekasi,0
USR004233,At_Risk,2024-11-13,49,3,257000.0,3055,Silver,GrabBike|GrabMart,2,Jakarta,1
USR003815,Loyal,2024-12-16,16,11,352000.0,3044,Silver,GrabFood|GrabExpress,2,Medan,0
USR004104,At_Risk,2024-11-04,58,3,149000.0,1307,Member,GrabMart,1,Medan,1
USR009925,Hibernating,2024-03-27,280,0,53000.0,632,Member,GrabBike,1,Surabaya,1
USR001108,Champions,2024-12-31,1,16,2176000.0,20021,Platinum,GrabFood|GrabBike,2,Bandung,0
USR003527,Loyal,2024-12-12,20,9,403000.0,3988,Silver,GrabMart|GrabBike,2,Jakarta,0
USR003495,Loyal,2024-12-23,9,12,495000.0,5743,Silver,GrabBike|GrabCar|GrabFood,3,Bandung,0
USR001420,Champions,2024-12-24,8,20,1427000.0,16720,Gold,GrabCar|GrabFood|GrabExpress,3,Jakarta,0
USR006923,Promising,2024-12-16,16,4,102000.0,1153,Member,GrabBike|GrabCar|GrabMart,3,Jakarta,0
USR003881,Loyal,2024-12-04,28,10,526000.0,5923,Silver,GrabFood|GrabMart|GrabCar,3,Jakarta,0
USR008353,Hibernating,2024-01-20,347,0,64000.0,748,Member,GrabMart,1,Jakarta,0
USR006245,Promising,2024-12-28,4,7,193000.0,2098,Member,GrabFood|GrabCar|GrabExpress,3,Jakarta,0
USR004938,At_Risk,2024-11-09,53,5,340000.0,3656,Silver,GrabMart,1,Jakarta,0
USR006798,Promising,2024-12-12,20,7,142000.0,1346,Member,GrabCar,1,Bandung,0
USR007812,Promising,2024-12-21,11,7,125000.0,1369,Member,GrabFood|GrabCar,2,Bekasi,0
USR001680,Loyal,2024-12-20,12,12,647000.0,6564,Gold,GrabMart|GrabFood,2,Bandung,0
USR006715,Promising,2024-12-12,20,4,237000.0,2217,Silver,GrabExpress,1,Jakarta,1
USR000633,Champions,2024-12-26,6,19,1031000.0,9397,Gold,GrabFood|GrabMart|GrabCar|GrabExpress,4,Bekasi,0
USR002569,Loyal,2024-12-14,18,13,613000.0,7053,Gold,GrabCar|GrabMart|GrabExpress|GrabBike,4,Jakarta,1
USR007359,Promising,2024-12-17,15,5,83000.0,974,Member,GrabMart|GrabCar,2,Surabaya,1
USR002166,Loyal,2024-12-12,20,8,632000.0,6777,Gold,GrabMart,1,Bandung,0
USR008169,Hibernating,2024-07-17,168,0,32000.0,306,Member,GrabExpress|GrabBike|GrabCar,3,Jakarta,1
USR008845,Hibernating,2024-06-22,193,0,62000.0,506,Member,GrabFood,1,Jakarta,1
USR002825,Loyal,2024-12-23,9,12,625000.0,5206,Gold,GrabExpress|GrabFood|GrabMart,3,Jakarta,0
USR004087,At_Risk,2024-11-13,49,5,243000.0,2106,Silver,GrabFood,1,Bandung,0
USR006243,Promising,2024-12-27,5,6,113000.0,1093,Member,GrabFood,1,Bekasi,1
USR008364,Hibernating,2024-02-10,326,0,37000.0,430,Member,GrabMart,1,Jakarta,1
USR003941,Loyal,2024-12-24,8,12,649000.0,5311,Gold,GrabMart,1,Jakarta,0
USR009179,Hibernating,2024-03-18,289,0,63000.0,574,Member,GrabExpress|GrabCar|GrabMart|GrabBike,4,Jakarta,1
USR008075,Hibernating,2024-07-22,163,0,37000.0,406,Member,GrabMart,1,Bandung,1
USR009195,Hibernating,2024-02-24,312,0,60000.0,586,Member,GrabCar|GrabBike|GrabFood,3,Jakarta,1
USR004128,At_Risk,2024-11-01,61,2,336000.0,3193,Silver,GrabCar|GrabMart,2,Jakarta,1
USR001172,Champions,2024-12-19,13,17,2183000.0,25377,Platinum,GrabCar|GrabBike,2,Medan,0
USR008668,Hibernating,2024-04-15,261,0,59000.0,683,Member,GrabBike|GrabCar|GrabExpress,3,Surabaya,0
USR004222,At_Risk,2024-10-25,68,5,251000.0,2942,Silver,GrabExpress|GrabCar|GrabFood,3,Surabaya,0
USR004834,At_Risk,2024-11-09,53,4,297000.0,2844,Silver,GrabBike|GrabFood|GrabExpress,3,Bandung,0
USR002576,Loyal,2024-12-05,27,14,387000.0,3928,Silver,GrabFood|GrabMart,2,Bekasi,0
USR001989,Loyal,2024-12-09,23,14,485000.0,5267,Silver,GrabMart|GrabExpress|GrabFood|GrabCar,4,Jakarta,0
USR006973,Promising,2024-12-27,5,7,198000.0,1811,Member,GrabBike,1,Jakarta,0
USR005836,At_Risk,2024-10-26,67,5,282000.0,3223,Silver,GrabBike|GrabMart,2,Bandung,0
USR004532,At_Risk,2024-11-04,58,5,163000.0,1644,Member,GrabCar,1,Bekasi,1
USR003209,Loyal,2024-12-20,12,13,409000.0,3503,Silver,GrabBike,1,Bekasi,0
USR003855,Loyal,2024-12-04,28,10,427000.0,4822,Silver,GrabMart,1,Jakarta,0
USR002628,Loyal,2024-12-05,27,10,644000.0,7328,Gold,GrabFood|GrabBike|GrabExpress,3,Medan,0
USR007803,Promising,2024-12-23,9,5,91000.0,816,Member,GrabFood,1,Jakarta,0
USR001410,Champions,2024-12-29,3,27,2086000.0,24041,Platinum,GrabFood|GrabExpress,2,Jakarta,0
USR008257,Hibernating,2024-02-11,325,0,75000.0,813,Member,GrabFood,1,Bekasi,1
USR007386,Promising,2024-12-21,11,6,98000.0,1015,Member,GrabBike|GrabMart,2,Bekasi,0
USR004303,At_Risk,2024-11-06,56,5,229000.0,1929,Silver,GrabBike,1,Surabaya,0
USR006750,Promising,2024-12-21,11,6,231000.0,2496,Silver,GrabFood|GrabMart|GrabCar,3,Surabaya,0
USR006555,Promising,2024-12-22,10,3,100000.0,1079,Member,GrabMart,1,Surabaya,0
USR000815,Champions,2024-12-27,5,15,1096000.0,11268,Gold,GrabBike|GrabMart|GrabFood,3,Jakarta,0
USR002404,Loyal,2024-12-20,12,9,642000.0,5653,Gold,GrabMart|GrabExpress|GrabFood,3,Jakarta,0
USR005397,At_Risk,2024-11-14,48,3,177000.0,2058,Member,GrabMart|GrabFood,2,Jakarta,0
USR009956,Hibernating,2024-01-25,342,0,44000.0,441,Member,GrabExpress|GrabCar,2,Surabaya,1
USR002131,Loyal,2024-12-23,9,8,359000.0,3492,Silver,GrabExpress,1,Bekasi,0
USR001797,Loyal,2024-12-25,7,9,491000.0,5016,Silver,GrabBike|GrabMart,2,Jakarta,0
USR003090,Loyal,2024-12-05,27,11,437000.0,3822,Silver,GrabMart|GrabFood|GrabCar|GrabExpress,4,Jakarta,0
USR004184,At_Risk,2024-10-07,86,4,324000.0,2910,Silver,GrabFood|GrabMart,2,Bandung,0
USR004564,At_Risk,2024-10-28,65,2,213000.0,2230,Silver,GrabCar|GrabExpress|GrabMart,3,Jakarta,1
USR005030,At_Risk,2024-10-26,67,5,214000.0,1750,Silver,GrabBike|GrabMart,2,Medan,1
USR008048,Hibernating,2024-05-05,241,0,79000.0,640,Member,GrabExpress,1,Jakarta,1
USR000122,Champions,2024-12-29,3,28,1112000.0,13112,Gold,GrabBike|GrabMart|GrabCar,3,Jakarta,0
USR000179,Champions,2024-12-19,13,19,1109000.0,10795,Gold,GrabMart,1,Jakarta,0
USR009250,Hibernating,2024-09-29,94,0,75000.0,773,Member,GrabCar|GrabBike|GrabFood,3,Jakarta,1
USR008095,Hibernating,2024-08-28,126,0,0.0,0,Member,GrabCar,1,Jakarta,1
USR006429,Promising,2024-12-17,15,7,134000.0,1142,Member,GrabExpress,1,Medan,1
USR009737,Hibernating,2024-05-26,220,0,73000.0,705,Member,GrabBike|GrabCar,2,Surabaya,1
USR004992,At_Risk,2024-11-16,46,5,116000.0,1148,Member,GrabMart|GrabBike|GrabExpress,3,Jakarta,0
USR001157,Champions,2024-12-22,10,25,812000.0,6561,Gold,GrabMart|GrabBike,2,Bandung,0
USR009003,Hibernating,2024-02-21,315,0,28000.0,259,Member,GrabExpress|GrabMart,2,Jakarta,1
USR001532,Loyal,2024-12-05,27,13,414000.0,4304,Silver,GrabExpress,1,Bekasi,0
USR008992,Hibernating,2024-03-12,295,0,23000.0,255,Member,GrabExpress,1,Surabaya,0
USR007859,Promising,2024-12-14,18,4,128000.0,1332,Member,GrabFood|GrabBike,2,Jakarta,1
USR009110,Hibernating,2024-08-02,152,0,27000.0,272,Member,GrabCar|GrabFood,2,Bandung,1
USR001535,Loyal,2024-12-25,7,11,457000.0,4704,Silver,GrabMart,1,Jakarta,0
USR009259,Hibernating,2024-07-08,177,0,68000.0,669,Member,GrabFood|GrabBike|GrabMart,3,Surabaya,1
USR005517,At_Risk,2024-11-04,58,5,165000.0,1822,Member,GrabCar|GrabExpress|GrabFood,3,Jakarta,0
USR002605,Loyal,2024-12-13,19,9,781000.0,7144,Gold,GrabMart|GrabCar|GrabBike,3,Bandung,0
USR006127,Promising,2024-12-21,11,3,207000.0,2201,Silver,GrabMart|GrabCar|GrabBike,3,Surabaya,0
USR009141,Hibernating,2024-08-09,145,0,10000.0,84,Member,GrabExpress|GrabBike|GrabMart|GrabCar,4,Surabaya,0
USR007458,Promising,2024-12-25,7,5,114000.0,1063,Member,GrabExpress|GrabFood|GrabMart,3,Jakarta,0
USR002177,Loyal,2024-12-04,28,11,382000.0,4005,Silver,GrabExpress,1,Medan,0
USR007990,Promising,2024-12-27,5,7,124000.0,1021,Member,GrabBike|GrabMart|GrabFood,3,Jakarta,1
USR002351,Loyal,2024-12-03,29,14,491000.0,4898,Silver,GrabFood|GrabExpress,2,Medan,0
USR009177,Hibernating,2024-09-09,114,0,46000.0,385,Member,GrabFood,1,Bandung,1
USR003502,Loyal,2024-12-22,10,8,332000.0,3477,Silver,GrabCar,1,Jakarta,0
USR002134,Loyal,2024-12-04,28,13,336000.0,3864,Silver,GrabMart|GrabExpress,2,Jakarta,0
USR001480,Champions,2024-12-20,12,29,1856000.0,15301,Platinum,GrabExpress|GrabBike,2,Surabaya,0
USR002793,Loyal,2024-12-10,22,12,326000.0,2646,Silver,GrabMart|GrabBike|GrabCar|GrabExpress,4,Jakarta,0
USR004843,At_Risk,2024-11-12,50,3,308000.0,3248,Silver,GrabExpress,1,Jakarta,0
USR009780,Hibernating,2024-09-08,115,0,63000.0,522,Member,GrabCar,1,Surabaya,1
USR009934,Hibernating,2024-06-08,207,0,72000.0,779,Member,GrabBike,1,Jakarta,0
USR004762,At_Risk,2024-10-29,64,4,145000.0,1716,Member,GrabFood|GrabMart,2,Bekasi,1
USR007191,Promising,2024-12-12,20,4,149000.0,1767,Member,GrabExpress,1,Jakarta,0
USR006041,Promising,2024-12-21,11,3,228000.0,2248,Silver,GrabFood|GrabBike|GrabCar,3,Surabaya,0
USR009636,Hibernating,2024-05-22,224,0,47000.0,397,Member,GrabFood,1,Bandung,1
USR003445,Loyal,2024-12-10,22,14,796000.0,6382,Gold,GrabFood|GrabMart,2,Jakarta,1
USR008149,Hibernating,2024-04-14,262,0,78000.0,722,Member,GrabFood|GrabMart|GrabExpress,3,Jakarta,1
USR007765,Promising,2024-12-21,11,5,121000.0,1071,Member,GrabMart|GrabBike|GrabExpress|GrabFood,4,Surabaya,0
USR003620,Loyal,2024-12-21,11,13,510000.0,6017,Silver,GrabBike,1,Bekasi,0
USR001952,Loyal,2024-12-17,15,14,455000.0,4424,Silver,GrabExpress|GrabMart,2,Jakarta,1
USR000555,Champions,2024-12-25,7,25,1651000.0,15742,Platinum,GrabCar,1,Bekasi,0
USR004264,At_Risk,2024-11-07,55,5,255000.0,3044,Silver,GrabCar|GrabExpress,2,Jakarta,1
USR001163,Champions,2024-12-20,12,26,1574000.0,16455,Platinum,GrabFood|GrabCar|GrabExpress,3,Bekasi,0
USR001584,Loyal,2024-12-07,25,11,735000.0,7661,Gold,GrabCar,1,Surabaya,0
USR006151,Promising,2024-12-17,15,3,222000.0,1963,Silver,GrabFood|GrabCar,2,Bekasi,1
USR009720,Hibernating,2024-07-05,180,0,42000.0,398,Member,GrabBike,1,Bekasi,1
USR005837,At_Risk,2024-10-18,75,3,115000.0,965,Member,GrabBike|GrabExpress,2,Bekasi,0
USR005261,At_Risk,2024-10-10,83,2,215000.0,1874,Silver,GrabBike|GrabFood|GrabExpress|GrabCar,4,Bandung,0
USR005239,At_Risk,2024-11-11,51,2,310000.0,3586,Silver,GrabBike|GrabFood,2,Jakarta,1
USR007913,Promising,2024-12-20,12,4,112000.0,1232,Member,GrabExpress|GrabBike,2,Jakarta,0
USR009162,Hibernating,2024-02-02,334,0,27000.0,267,Member,GrabExpress|GrabFood|GrabCar|GrabMart,4,Surabaya,1
USR001598,Loyal,2024-12-17,15,8,325000.0,2746,Silver,GrabBike|GrabFood,2,Jakarta,0
USR007182,Promising,2024-12-15,17,4,235000.0,2648,Silver,GrabFood|GrabMart|GrabBike|GrabCar,4,Bandung,0
USR000300,Champions,2024-12-25,7,20,2012000.0,18568,Platinum,GrabBike|GrabFood|GrabExpress,3,Medan,0
USR009660,Hibernating,2024-09-11,112,0,5000.0,41,Member,GrabCar|GrabExpress|GrabMart,3,Jakarta,1
USR006947,Promising,2024-12-19,13,3,192000.0,1738,Member,GrabBike|GrabMart,2,Jakarta,0
USR003794,Loyal,2024-12-19,13,13,533000.0,5014,Silver,GrabCar,1,Jakarta,0
USR004572,At_Risk,2024-10-19,74,3,218000.0,2445,Silver,GrabExpress,1,Bekasi,0
USR004335,At_Risk,2024-10-28,65,4,178000.0,1840,Member,GrabFood|GrabMart|GrabCar,3,Jakarta,0
USR002858,Loyal,2024-12-22,10,9,360000.0,4139,Silver,GrabBike,1,Medan,0
USR005694,At_Risk,2024-10-16,77,2,260000.0,3052,Silver,GrabFood|GrabBike,2,Jakarta,1
USR003142,Loyal,2024-12-13,19,14,787000.0,6614,Gold,GrabMart|GrabFood|GrabBike,3,Surabaya,0
USR001359,Champions,2024-12-21,11,28,1719000.0,17182,Platinum,GrabCar|GrabExpress,2,Medan,0
USR004533,At_Risk,2024-10-10,83,5,171000.0,1657,Member,GrabMart,1,Jakarta,1
USR009749,Hibernating,2024-01-13,354,0,41000.0,427,Member,GrabMart|GrabFood|GrabExpress,3,Bandung,1
USR005687,At_Risk,2024-11-02,60,4,105000.0,890,Member,GrabExpress,1,Jakarta,0
USR000486,Champions,2024-12-28,4,25,2309000.0,21909,Platinum,GrabMart|GrabExpress,2,Jakarta,0
USR007836,Promising,2024-12-20,12,6,199000.0,1924,Member,GrabMart,1,Jakarta,1
USR009554,Hibernating,2024-09-02,121,0,17000.0,180,Member,GrabMart,1,Medan,1
USR005900,At_Risk,2024-10-12,81,4,116000.0,1040,Member,GrabMart|GrabExpress,2,Bekasi,0
USR008116,Hibernating,2024-07-13,172,0,57000.0,496,Member,GrabExpress,1,Bandung,1
USR007362,Promising,2024-12-13,19,3,167000.0,1783,Member,GrabFood,1,Jakarta,0
USR001152,Champions,2024-12-19,13,21,2020000.0,21209,Platinum,GrabCar|GrabFood,2,Jakarta,0
USR005382,At_Risk,2024-11-09,53,2,300000.0,3434,Silver,GrabMart|GrabCar|GrabFood,3,Surabaya,1
USR009741,Hibernating,2024-05-26,220,0,46000.0,528,Member,GrabFood|GrabBike|GrabCar,3,Bandung,1
USR005424,At_Risk,2024-11-09,53,2,137000.0,1557,Member,GrabCar,1,Surabaya,0
USR008807,Hibernating,2024-02-04,332,0,20000.0,183,Member,GrabFood|GrabMart,2,Bandung,1
USR005186,At_Risk,2024-11-15,47,4,312000.0,2535,Silver,GrabExpress,1,Jakarta,0
USR008409,Hibernating,2024-04-18,258,0,74000.0,686,Member,GrabBike|GrabMart,2,Bandung,1
USR006189,Promising,2024-12-12,20,4,220000.0,2193,Silver,GrabExpress|GrabFood,2,Bandung,1
USR009702,Hibernating,2024-09-06,117,0,30000.0,357,Member,GrabExpress|GrabCar,2,Jakarta,1
USR008269,Hibernating,2024-06-24,191,0,39000.0,316,Member,GrabFood|GrabCar,2,Bekasi,1
USR005314,At_Risk,2024-11-11,51,3,185000.0,1487,Member,GrabFood|GrabExpress,2,Jakarta,1
USR009903,Hibernating,2024-03-17,290,0,46000.0,405,Member,GrabMart|GrabFood,2,Surabaya,1
USR000665,Champions,2024-12-25,7,23,2123000.0,21712,Platinum,GrabBike|GrabFood|GrabMart|GrabExpress,4,Medan,0
USR003353,Loyal,2024-12-20,12,12,418000.0,4220,Silver,GrabCar|GrabFood|GrabMart|GrabExpress,4,Bekasi,0
USR008851,Hibernating,2024-08-10,144,0,49000.0,547,Member,GrabMart,1,Medan,1
USR008061,Hibernating,2024-08-02,152,0,71000.0,820,Member,GrabCar|GrabFood,2,Medan,0
USR000642,Champions,2024-12-29,3,23,1279000.0,13554,Gold,GrabExpress|GrabMart|GrabCar|GrabBike,4,Jakarta,0
USR009242,Hibernating,2024-09-02,121,0,59000.0,615,Member,GrabBike|GrabFood,2,Medan,1
USR000176,Champions,2024-12-22,10,29,972000.0,11263,Gold,GrabFood|GrabBike|GrabCar,3,Medan,0
USR006431,Promising,2024-12-19,13,7,92000.0,740,Member,GrabBike|GrabMart|GrabCar,3,Jakarta,0
USR009910,Hibernating,2024-04-26,250,0,8000.0,64,Member,GrabMart,1,Surabaya,0
USR003438,Loyal,2024-12-22,10,10,422000.0,4846,Silver,GrabFood|GrabBike|GrabExpress,3,Surabaya,0
USR000786,Champions,2024-12-23,9,27,2448000.0,23515,Platinum,GrabMart,1,Jakarta,0
USR006391,Promising,2024-12-12,20,6,117000.0,969,Member,GrabCar|GrabMart,2,Medan,0
USR009065,Hibernating,2024-03-18,289,0,57000.0,488,Member,GrabCar,1,Jakarta,1
USR009927,Hibernating,2024-09-08,115,0,45000.0,421,Member,GrabBike|GrabExpress|GrabMart,3,Jakarta,1
USR003202,Loyal,2024-12-04,28,12,452000.0,3919,Silver,GrabFood,1,Surabaya,0
USR004803,At_Risk,2024-11-17,45,2,334000.0,2795,Silver,GrabBike,1,Jakarta,0
USR007835,Promising,2024-12-17,15,5,250000.0,2819,Silver,GrabMart|GrabCar|GrabBike,3,Bekasi,0
USR007940,Promising,2024-12-23,9,6,206000.0,2228,Silver,GrabMart,1,Bandung,0
USR000091,Champions,2024-12-30,2,18,852000.0,10199,Gold,GrabMart|GrabCar,2,Jakarta,0
USR005762,At_Risk,2024-10-05,88,3,185000.0,1553,Member,GrabExpress|GrabMart|GrabBike,3,Medan,1
USR009027,Hibernating,2024-01-16,351,0,70000.0,698,Member,GrabCar|GrabExpress,2,Bandung,1
USR009504,Hibernating,2024-06-16,199,0,28000.0,240,Member,GrabFood,1,Jakarta,0
USR008237,Hibernating,2024-07-17,168,0,23000.0,221,Member,GrabMart,1,Surabaya,1
USR001971,Loyal,2024-12-15,17,13,647000.0,6314,Gold,GrabMart|GrabExpress|GrabFood,3,Bekasi,1
USR002905,Loyal,2024-12-07,25,13,386000.0,3909,Silver,GrabExpress|GrabMart,2,Bekasi,0
USR000530,Champions,2024-12-26,6,21,2169000.0,24552,Platinum,GrabCar,1,Bekasi,0
USR003635,Loyal,2024-12-03,29,10,360000.0,3347,Silver,GrabCar,1,Jakarta,1
USR000996,Champions,2024-12-20,12,23,1782000.0,14580,Platinum,GrabMart,1,Surabaya,0
USR005852,At_Risk,2024-10-31,62,3,158000.0,1569,Member,GrabBike,1,Bekasi,0
USR004226,At_Risk,2024-11-01,61,4,338000.0,2842,Silver,GrabMart|GrabCar,2,Bandung,1
USR005616,At_Risk,2024-10-23,70,2,305000.0,2990,Silver,GrabBike|GrabMart,2,Surabaya,0
USR002312,Loyal,2024-12-17,15,14,700000.0,8199,Gold,GrabBike,1,Jakarta,0
USR002154,Loyal,2024-12-11,21,10,389000.0,3934,Silver,GrabFood,1,Bekasi,0
USR005317,At_Risk,2024-10-16,77,3,206000.0,1696,Silver,GrabMart,1,Jakarta,1
USR001427,Champions,2024-12-21,11,28,921000.0,9124,Gold,GrabFood|GrabMart|GrabCar,3,Medan,0
USR008630,Hibernating,2024-06-16,199,0,54000.0,511,Member,GrabBike,1,Bekasi,1
USR006032,Promising,2024-12-25,7,5,103000.0,852,Member,GrabExpress|GrabCar|GrabBike|GrabMart,4,Jakarta,1
USR004415,At_Risk,2024-11-03,59,4,222000.0,2154,Silver,GrabCar,1,Jakarta,1
USR008818,Hibernating,2024-07-13,172,0,56000.0,636,Member,GrabFood|GrabBike,2,Bekasi,1
USR003085,Loyal,2024-12-16,16,11,546000.0,4998,Silver,GrabFood|GrabBike,2,Jakarta,0
USR007798,Promising,2024-12-23,9,4,175000.0,1472,Member,GrabFood|GrabBike|GrabCar|GrabExpress,4,Surabaya,0
USR009153,Hibernating,2024-09-04,119,0,9000.0,89,Member,GrabFood|GrabExpress,2,Jakarta,1
USR008209,Hibernating,2024-04-21,255,0,36000.0,352,Member,GrabBike|GrabFood|GrabCar|GrabMart,4,Jakarta,1
USR009573,Hibernating,2024-09-01,122,0,6000.0,49,Member,GrabExpress,1,Surabaya,1
USR009534,Hibernating,2024-01-11,356,0,72000.0,764,Member,GrabBike|GrabFood,2,Surabaya,1
USR000495,Champions,2024-12-23,9,26,2139000.0,22507,Platinum,GrabCar|GrabMart|GrabFood,3,Jakarta,0
USR003749,Loyal,2024-12-08,24,9,724000.0,6183,Gold,GrabBike,1,Bekasi,0
USR002321,Loyal,2024-12-13,19,14,423000.0,4709,Silver,GrabFood|GrabCar|GrabBike|GrabExpress,4,Jakarta,0
USR004267,At_Risk,2024-10-11,82,2,158000.0,1823,Member,GrabFood|GrabBike|GrabMart|GrabExpress,4,Jakarta,1
USR003405,Loyal,2024-12-16,16,12,612000.0,5087,Gold,GrabExpress|GrabCar,2,Jakarta,0
USR000151,Champions,2024-12-22,10,29,2345000.0,18965,Platinum,GrabBike|GrabMart|GrabFood|GrabCar,4,Jakarta,0
USR007369,Promising,2024-12-12,20,6,139000.0,1583,Member,GrabFood,1,Jakarta,0
USR000694,Champions,2024-12-21,11,27,907000.0,7291,Gold,GrabExpress,1,Surabaya,1
USR004417,At_Risk,2024-11-01,61,3,313000.0,3526,Silver,GrabBike,1,Medan,0
USR005697,At_Risk,2024-10-31,62,3,304000.0,3162,Silver,GrabCar,1,Surabaya,0
USR001738,Loyal,2024-12-25,7,13,785000.0,9368,Gold,GrabMart,1,Bandung,0
USR003001,Loyal,2024-12-12,20,10,422000.0,3646,Silver,GrabCar|GrabFood|GrabBike,3,Bekasi,0
USR000167,Champions,2024-12-19,13,23,2054000.0,21881,Platinum,GrabCar|GrabFood|GrabMart,3,Jakarta,0
USR006111,Promising,2024-12-15,17,3,118000.0,1108,Member,GrabMart,1,Jakarta,1
USR004622,At_Risk,2024-10-10,83,5,307000.0,3531,Silver,GrabCar|GrabMart|GrabBike,3,Jakarta,1
USR002865,Loyal,2024-12-04,28,11,707000.0,6568,Gold,GrabBike|GrabExpress|GrabFood,3,Bekasi,0
USR008544,Hibernating,2024-05-05,241,0,27000.0,320,Member,GrabExpress|GrabMart,2,Bandung,1
USR004702,At_Risk,2024-11-14,48,2,292000.0,3125,Silver,GrabBike,1,Medan,1
USR002883,Loyal,2024-12-23,9,14,390000.0,4199,Silver,GrabBike,1,Jakarta,1
USR003031,Loyal,2024-12-25,7,9,557000.0,6636,Silver,GrabCar,1,Bandung,0
USR008183,Hibernating,2024-04-25,251,0,75000.0,677,Member,GrabCar,1,Jakarta,1
USR008980,Hibernating,2024-07-02,183,0,64000.0,645,Member,GrabExpress,1,Bandung,1
USR008528,Hibernating,2024-01-13,354,0,32000.0,273,Member,GrabCar,1,Jakarta,1
USR005681,At_Risk,2024-10-22,71,5,201000.0,1784,Silver,GrabMart,1,Bandung,0
USR007209,Promising,2024-12-17,15,7,146000.0,1469,Member,GrabMart|GrabFood,2,Jakarta,0
USR005991,At_Risk,2024-10-12,81,4,319000.0,3181,Silver,GrabMart,1,Jakarta,0
USR002276,Loyal,2024-12-04,28,11,584000.0,6893,Silver,GrabBike,1,Bandung,0
USR007132,Promising,2024-12-24,8,5,135000.0,1548,Member,GrabCar|GrabMart,2,Bandung,0
USR005705,At_Risk,2024-10-14,79,2,307000.0,3638,Silver,GrabMart|GrabExpress|GrabBike,3,Bekasi,1
USR007998,Promising,2024-12-26,6,5,250000.0,2362,Silver,GrabBike|GrabExpress,2,Jakarta,0
USR005292,At_Risk,2024-10-27,66,5,276000.0,2518,Silver,GrabFood,1,Jakarta,1
USR004304,At_Risk,2024-11-01,61,5,202000.0,2069,Silver,GrabExpress,1,Bekasi,0
USR007445,Promising,2024-12-19,13,4,219000.0,2346,Silver,GrabMart,1,Medan,0
USR000428,Champions,2024-12-30,2,28,1485000.0,14928,Gold,GrabCar|GrabMart,2,Jakarta,0
USR007068,Promising,2024-12-25,7,3,200000.0,1969,Member,GrabExpress|GrabFood,2,Surabaya,0
USR006364,Promising,2024-12-28,4,7,148000.0,1503,Member,GrabFood|GrabBike,2,Jakarta,1
USR004215,At_Risk,2024-10-17,76,2,240000.0,2363,Silver,GrabExpress|GrabFood|GrabCar|GrabBike,4,Bekasi,0
USR000426,Champions,2024-12-25,7,23,2373000.0,21131,Platinum,GrabBike,1,Jakarta,0
USR002223,Loyal,2024-12-07,25,13,726000.0,8144,Gold,GrabFood|GrabCar|GrabExpress,3,Surabaya,0
USR000100,Champions,2024-12-30,2,19,1197000.0,12076,Gold,GrabCar|GrabFood|GrabExpress,3,Surabaya,0
USR009244,Hibernating,2024-05-23,223,0,0.0,0,Member,GrabFood|GrabBike|GrabExpress,3,Jakarta,1
USR003307,Loyal,2024-12-25,7,11,791000.0,7359,Gold,GrabCar,1,Surabaya,0
USR002762,Loyal,2024-12-06,26,9,493000.0,4062,Silver,GrabExpress|GrabFood|GrabCar|GrabMart,4,Jakarta,0
USR005857,At_Risk,2024-11-13,49,2,288000.0,2420,Silver,GrabCar,1,Bandung,0
USR004738,At_Risk,2024-10-29,64,4,307000.0,3022,Silver,GrabFood,1,Surabaya,1
USR007092,Promising,2024-12-24,8,4,191000.0,1588,Member,GrabCar|GrabBike|GrabExpress,3,Jakarta,0
USR009632,Hibernating,2024-05-20,226,0,53000.0,425,Member,GrabMart|GrabBike|GrabExpress,3,Bandung,1
USR003286,Loyal,2024-12-08,24,8,361000.0,3474,Silver,GrabMart,1,Jakarta,0
USR007712,Promising,2024-12-21,11,4,183000.0,1648,Member,GrabExpress|GrabMart,2,Jakarta,0
USR007868,Promising,2024-12-16,16,4,110000.0,1013,Member,GrabMart|GrabBike,2,Surabaya,0
USR006067,Promising,2024-12-24,8,4,223000.0,2428,Silver,GrabFood|GrabBike|GrabMart,3,Bekasi,0
USR009235,Hibernating,2024-03-04,303,0,20000.0,221,Member,GrabCar,1,Medan,1
USR003577,Loyal,2024-12-08,24,8,563000.0,4777,Silver,GrabCar|GrabMart,2,Jakarta,0
USR001465,Champions,2024-12-29,3,29,2245000.0,26094,Platinum,GrabBike|GrabExpress,2,Bandung,0
USR007675,Promising,2024-12-29,3,6,213000.0,2228,Silver,GrabFood|GrabBike|GrabMart,3,Bandung,1
USR002234,Loyal,2024-12-19,13,9,482000.0,4495,Silver,GrabFood,1,Bekasi,0
USR001744,Loyal,2024-12-13,19,10,615000.0,7338,Gold,GrabMart|GrabExpress,2,Jakarta,0
USR009754,Hibernating,2024-07-04,181,0,9000.0,107,Member,GrabCar|GrabBike|GrabMart|GrabFood,4,Bandung,1
USR006094,Promising,2024-12-16,16,3,198000.0,2213,Member,GrabCar,1,Jakarta,0
USR008781,Hibernating,2024-05-20,226,0,6000.0,56,Member,GrabMart|GrabFood|GrabExpress,3,Jakarta,1
USR009401,Hibernating,2024-02-08,328,0,12000.0,129,Member,GrabBike,1,Surabaya,1
USR008371,Hibernating,2024-03-31,276,0,5000.0,56,Member,GrabExpress|GrabCar|GrabFood|GrabMart,4,Bandung,1
USR005027,At_Risk,2024-10-10,83,5,188000.0,1816,Member,GrabExpress|GrabBike,2,Bandung,0
USR009234,Hibernating,2024-08-01,153,0,6000.0,63,Member,GrabExpress|GrabFood,2,Jakarta,1
USR003944,Loyal,2024-12-12,20,11,658000.0,5946,Gold,GrabMart,1,Bekasi,0
USR006862,Promising,2024-12-20,12,7,239000.0,2372,Silver,GrabExpress|GrabFood,2,Jakarta,0
USR005350,At_Risk,2024-11-10,52,3,320000.0,3459,Silver,GrabFood,1,Jakarta,1
USR009422,Hibernating,2024-04-05,271,0,40000.0,432,Member,GrabBike|GrabMart,2,Jakarta,1
USR002121,Loyal,2024-12-23,9,9,662000.0,7181,Gold,GrabBike|GrabFood|GrabMart,3,Jakarta,0
USR004972,At_Risk,2024-10-17,76,5,314000.0,3231,Silver,GrabFood|GrabExpress,2,Jakarta,1
USR008576,Hibernating,2024-08-08,146,0,24000.0,267,Member,GrabMart|GrabFood|GrabExpress,3,Jakarta,1
USR003784,Loyal,2024-12-18,14,14,416000.0,3717,Silver,GrabBike|GrabCar,2,Jakarta,0
USR006872,Promising,2024-12-24,8,7,135000.0,1111,Member,GrabBike|GrabCar|GrabMart|GrabFood,4,Medan,0
USR000916,Champions,2024-12-26,6,29,1864000.0,17350,Platinum,GrabBike|GrabMart,2,Jakarta,0
USR009394,Hibernating,2024-07-15,170,0,56000.0,481,Member,GrabExpress|GrabBike,2,Jakarta,1
USR007252,Promising,2024-12-18,14,6,105000.0,1174,Member,GrabFood|GrabMart|GrabExpress|GrabBike,4,Medan,0
USR008012,Hibernating,2024-06-25,190,0,16000.0,167,Member,GrabCar|GrabMart,2,Jakarta,1
USR005821,At_Risk,2024-11-02,60,3,278000.0,2768,Silver,GrabExpress|GrabMart|GrabCar|GrabBike,4,Medan,1
USR004403,At_Risk,2024-10-15,78,3,138000.0,1365,Member,GrabFood|GrabMart|GrabBike,3,Medan,0
USR004863,At_Risk,2024-10-19,74,2,316000.0,3364,Silver,GrabFood|GrabCar,2,Bekasi,0
USR008515,Hibernating,2024-05-31,215,0,30000.0,262,Member,GrabExpress|GrabCar|GrabFood|GrabMart,4,Jakarta,1
USR005422,At_Risk,2024-10-17,76,2,153000.0,1569,Member,GrabMart|GrabExpress,2,Bandung,1
USR007733,Promising,2024-12-18,14,6,227000.0,2120,Silver,GrabMart|GrabExpress|GrabCar,3,Jakarta,1
USR001203,Champions,2024-12-23,9,25,2365000.0,24550,Platinum,GrabBike|GrabExpress|GrabCar,3,Jakarta,0
USR003768,Loyal,2024-12-16,16,8,708000.0,7136,Gold,GrabMart,1,Jakarta,0
USR005357,At_Risk,2024-11-11,51,3,289000.0,3079,Silver,GrabMart|GrabExpress|GrabFood,3,Jakarta,0
USR003852,Loyal,2024-12-24,8,10,656000.0,7661,Gold,GrabExpress|GrabCar,2,Surabaya,0
USR001926,Loyal,2024-12-03,29,12,334000.0,3720,Silver,GrabMart|GrabExpress|GrabFood,3,Jakarta,0
USR003114,Loyal,2024-12-09,23,13,407000.0,4064,Silver,GrabBike,1,Jakarta,0
USR002641,Loyal,2024-12-22,10,11,542000.0,5035,Silver,GrabMart|GrabBike,2,Jakarta,0
USR007639,Promising,2024-12-16,16,5,225000.0,2032,Silver,GrabExpress|GrabFood,2,Surabaya,0
USR007360,Promising,2024-12-28,4,5,188000.0,1750,Member,GrabCar,1,Bekasi,1
USR008182,Hibernating,2024-03-29,278,0,32000.0,273,Member,GrabExpress|GrabBike|GrabCar|GrabMart,4,Medan,0
USR007610,Promising,2024-12-18,14,3,193000.0,2113,Member,GrabMart|GrabCar|GrabFood,3,Jakarta,1
USR002728,Loyal,2024-12-07,25,12,553000.0,6469,Silver,GrabExpress|GrabCar|GrabMart,3,Jakarta,0
USR009597,Hibernating,2024-08-31,123,0,67000.0,732,Member,GrabMart|GrabFood|GrabCar,3,Jakarta,1
USR004985,At_Risk,2024-10-12,81,4,287000.0,3121,Silver,GrabExpress,1,Jakarta,1
USR006846,Promising,2024-12-27,5,6,167000.0,1782,Member,GrabMart|GrabFood|GrabCar,3,Jakarta,1
USR007698,Promising,2024-12-29,3,4,152000.0,1231,Member,GrabExpress,1,Jakarta,0
USR004012,At_Risk,2024-11-16,46,5,305000.0,2446,Silver,GrabCar|GrabExpress|GrabMart,3,Surabaya,1
USR002626,Loyal,2024-12-08,24,13,719000.0,8114,Gold,GrabBike|GrabCar|GrabFood,3,Surabaya,1
USR007238,Promising,2024-12-21,11,6,233000.0,2650,Silver,GrabBike,1,Medan,0
USR008255,Hibernating,2024-06-25,190,0,24000.0,264,Member,GrabFood,1,Jakarta,1
USR009565,Hibernating,2024-03-30,277,0,71000.0,787,Member,GrabExpress,1,Surabaya,1
USR000805,Champions,2024-12-21,11,21,1014000.0,8928,Gold,GrabCar|GrabMart,2,Jakarta,0
USR004634,At_Risk,2024-10-21,72,5,169000.0,1774,Member,GrabMart,1,Jakarta,1
USR005247,At_Risk,2024-10-05,88,2,316000.0,3634,Silver,GrabCar|GrabFood|GrabBike,3,Surabaya,0
USR005566,At_Risk,2024-10-11,82,3,124000.0,1173,Member,GrabFood,1,Surabaya,0
USR005739,At_Risk,2024-10-20,73,3,135000.0,1215,Member,GrabExpress,1,Jakarta,0
USR005143,At_Risk,2024-11-08,54,3,224000.0,1852,Silver,GrabBike,1,Bandung,1
USR008265,Hibernating,2024-08-25,129,0,78000.0,724,Member,GrabBike|GrabCar,2,Bekasi,1
USR004459,At_Risk,2024-11-13,49,4,293000.0,2458,Silver,GrabFood|GrabBike,2,Jakarta,0
USR001242,Champions,2024-12-29,3,28,1064000.0,11945,Gold,GrabMart,1,Surabaya,0
USR006945,Promising,2024-12-21,11,5,159000.0,1748,Member,GrabMart|GrabFood|GrabCar,3,Jakarta,1
USR005740,At_Risk,2024-11-04,58,3,326000.0,3799,Silver,GrabMart|GrabCar|GrabBike,3,Surabaya,1
USR005325,At_Risk,2024-11-17,45,5,317000.0,3617,Silver,GrabBike|GrabFood,2,Jakarta,1
USR000547,Champions,2024-12-22,10,20,1811000.0,15933,Platinum,GrabCar|GrabExpress|GrabFood|GrabBike,4,Jakarta,0
USR003022,Loyal,2024-12-06,26,9,407000.0,3591,Silver,GrabFood|GrabCar,2,Jakarta,0
USR005761,At_Risk,2024-10-18,75,5,262000.0,2304,Silver,GrabMart|GrabCar,2,Jakarta,1
USR004031,At_Risk,2024-10-20,73,4,109000.0,1256,Member,GrabBike|GrabCar|GrabMart|GrabFood,4,Jakarta,0
USR000026,Champions,2024-12-25,7,16,1399000.0,15791,Gold,GrabBike|GrabCar|GrabExpress,3,Jakarta,0
USR004952,At_Risk,2024-10-04,89,4,222000.0,2291,Silver,GrabFood,1,Jakarta,1
USR005152,At_Risk,2024-10-05,88,3,320000.0,3387,Silver,GrabCar|GrabBike|GrabMart,3,Surabaya,0
USR002508,Loyal,2024-12-07,25,11,652000.0,7203,Gold,GrabFood,1,Jakarta,0
USR001433,Champions,2024-12-26,6,18,804000.0,6476,Gold,GrabBike|GrabCar|GrabFood,3,Surabaya,0
USR002582,Loyal,2024-12-09,23,9,677000.0,7505,Gold,GrabBike,1,Bekasi,0
USR001302,Champions,2024-12-19,13,20,1527000.0,17323,Platinum,GrabMart,1,Bekasi,1
USR005812,At_Risk,2024-10-16,77,3,201000.0,1698,Silver,GrabCar,1,Surabaya,1
USR007349,Promising,2024-12-23,9,3,196000.0,1715,Member,GrabFood,1,Bandung,1
USR005281,At_Risk,2024-10-16,77,3,141000.0,1436,Member,GrabCar|GrabExpress,2,Medan,1
USR006114,Promising,2024-12-18,14,7,245000.0,2044,Silver,GrabExpress|GrabFood|GrabCar,3,Jakarta,1
USR001221,Champions,2024-12-19,13,28,2386000.0,27579,Platinum,GrabExpress|GrabBike|GrabFood|GrabMart,4,Bekasi,0
USR007435,Promising,2024-12-16,16,4,152000.0,1468,Member,GrabBike,1,Jakarta,0
USR002548,Loyal,2024-12-07,25,8,467000.0,5005,Silver,GrabMart|GrabCar|GrabBike,3,Bandung,0
USR000750,Champions,2024-12-25,7,18,801000.0,8783,Gold,GrabExpress|GrabCar|GrabFood|GrabBike,4,Bekasi,0
USR000437,Champions,2024-12-29,3,18,1509000.0,12657,Platinum,GrabBike|GrabExpress|GrabMart|GrabCar,4,Medan,0
USR004371,At_Risk,2024-10-15,78,5,177000.0,1744,Member,GrabFood,1,Bekasi,1
USR004448,At_Risk,2024-11-01,61,5,204000.0,1834,Silver,GrabCar,1,Surabaya,0
USR002847,Loyal,2024-12-03,29,13,725000.0,6255,Gold,GrabCar,1,Jakarta,0
USR001173,Champions,2024-12-19,13,26,1958000.0,18772,Platinum,GrabFood|GrabCar|GrabMart,3,Surabaya,0
USR007495,Promising,2024-12-16,16,5,174000.0,1950,Member,GrabExpress|GrabBike,2,Surabaya,0
USR002699,Loyal,2024-12-23,9,8,398000.0,3605,Silver,GrabMart|GrabFood|GrabExpress,3,Bandung,0
USR009888,Hibernating,2024-03-16,291,0,8000.0,91,Member,GrabCar|GrabExpress|GrabFood,3,Medan,1
USR009506,Hibernating,2024-04-26,250,0,41000.0,422,Member,GrabCar,1,Surabaya,1
USR006395,Promising,2024-12-15,17,4,241000.0,2280,Silver,GrabExpress,1,Jakarta,0
USR002481,Loyal,2024-12-04,28,13,560000.0,6584,Silver,GrabFood,1,Jakarta,0
USR005456,At_Risk,2024-10-26,67,2,224000.0,1819,Silver,GrabCar,1,Jakarta,0
USR008444,Hibernating,2024-09-27,96,0,52000.0,583,Member,GrabMart|GrabBike|GrabCar,3,Bandung,1
USR002706,Loyal,2024-12-15,17,8,548000.0,5108,Silver,GrabMart|GrabBike,2,Jakarta,0
USR004661,At_Risk,2024-10-27,66,4,299000.0,3439,Silver,GrabFood|GrabCar,2,Bandung,1
USR000326,Champions,2024-12-20,12,20,836000.0,9868,Gold,GrabFood|GrabMart|GrabExpress,3,Surabaya,0
USR001039,Champions,2024-12-25,7,28,1522000.0,12859,Platinum,GrabBike|GrabCar|GrabExpress,3,Medan,0
USR002637,Loyal,2024-12-16,16,8,398000.0,4120,Silver,GrabCar,1,Jakarta,0
USR005022,At_Risk,2024-10-07,86,4,258000.0,2889,Silver,GrabBike,1,Surabaya,0
USR002499,Loyal,2024-12-13,19,13,650000.0,5901,Gold,GrabMart|GrabFood,2,Jakarta,1
USR001004,Champions,2024-12-27,5,23,1561000.0,15934,Platinum,GrabBike,1,Surabaya,0
USR002861,Loyal,2024-12-20,12,12,501000.0,5488,Silver,GrabExpress|GrabMart|GrabCar,3,Jakarta,0
USR003233,Loyal,2024-12-25,7,11,435000.0,5061,Silver,GrabFood,1,Bandung,0
USR001870,Loyal,2024-12-16,16,11,649000.0,6134,Gold,GrabCar|GrabFood|GrabMart|GrabExpress,4,Bandung,0
USR004245,At_Risk,2024-10-15,78,2,106000.0,1034,Member,GrabFood|GrabCar|GrabMart,3,Jakarta,1
USR006927,Promising,2024-12-27,5,6,141000.0,1360,Member,GrabExpress|GrabCar,2,Bandung,0
USR008385,Hibernating,2024-07-29,156,0,39000.0,365,Member,GrabFood,1,Jakarta,1
USR000534,Champions,2024-12-31,1,22,1852000.0,17519,Platinum,GrabMart|GrabFood,2,Bandung,0
USR009827,Hibernating,2024-03-06,301,0,38000.0,384,Member,GrabMart,1,Bekasi,1
USR007148,Promising,2024-12-17,15,6,222000.0,1971,Silver,GrabFood,1,Bandung,0
USR007365,Promising,2024-12-25,7,6,159000.0,1646,Member,GrabMart,1,Surabaya,1
USR000585,Champions,2024-12-20,12,19,1232000.0,11416,Gold,GrabMart|GrabFood|GrabBike,3,Jakarta,0
USR009914,Hibernating,2024-07-18,167,0,71000.0,659,Member,GrabBike,1,Jakarta,1
USR003035,Loyal,2024-12-11,21,10,401000.0,3301,Silver,GrabFood|GrabMart|GrabBike,3,Bekasi,0
USR004428,At_Risk,2024-10-16,77,4,109000.0,1177,Member,GrabCar|GrabMart,2,Jakarta,0
USR004089,At_Risk,2024-10-23,70,3,312000.0,3172,Silver,GrabExpress,1,Jakarta,1
USR001703,Loyal,2024-12-06,26,14,548000.0,6244,Silver,GrabCar|GrabExpress,2,Bandung,1
USR004295,At_Risk,2024-11-04,58,5,164000.0,1340,Member,GrabCar|GrabMart|GrabFood,3,Bekasi,0
USR005719,At_Risk,2024-10-14,79,4,190000.0,1770,Member,GrabCar|GrabBike,2,Bandung,1
USR000491,Champions,2024-12-31,1,20,876000.0,8330,Gold,GrabCar|GrabFood|GrabBike|GrabExpress,4,Jakarta,0
USR006899,Promising,2024-12-14,18,7,221000.0,1951,Silver,GrabFood,1,Jakarta,0
USR004353,At_Risk,2024-10-12,81,4,161000.0,1894,Member,GrabExpress|GrabMart,2,Medan,0
USR002836,Loyal,2024-12-06,26,13,599000.0,5357,Silver,GrabMart|GrabExpress|GrabCar|GrabBike,4,Jakarta,0
USR002266,Loyal,2024-12-23,9,12,655000.0,6481,Gold,GrabFood|GrabBike,2,Bandung,0
USR007718,Promising,2024-12-12,20,5,243000.0,2595,Silver,GrabMart,1,Medan,1
USR009523,Hibernating,2024-05-26,220,0,1000.0,11,Member,GrabMart,1,Jakarta,1
USR008022,Hibernating,2024-06-28,187,0,67000.0,564,Member,GrabMart,1,Jakarta,1
USR004707,At_Risk,2024-11-09,53,4,193000.0,1895,Member,GrabCar,1,Bekasi,1
USR009843,Hibernating,2024-06-20,195,0,10000.0,84,Member,GrabBike|GrabCar,2,Jakarta,1
USR002900,Loyal,2024-12-21,11,8,300000.0,2946,Silver,GrabExpress,1,Jakarta,0
USR009618,Hibernating,2024-09-07,116,0,10000.0,109,Member,GrabMart|GrabCar,2,Jakarta,1
USR002944,Loyal,2024-12-22,10,8,324000.0,2756,Silver,GrabBike|GrabCar,2,Medan,0
USR001916,Loyal,2024-12-17,15,13,565000.0,4600,Silver,GrabCar,1,Bekasi,0
USR003185,Loyal,2024-12-06,26,13,481000.0,4302,Silver,GrabCar|GrabFood,2,Jakarta,0
USR008626,Hibernating,2024-01-04,363,0,5000.0,51,Member,GrabCar,1,Jakarta,0
USR009434,Hibernating,2024-02-16,320,0,9000.0,90,Member,GrabMart|GrabFood|GrabBike,3,Surabaya,1
USR007255,Promising,2024-12-23,9,6,103000.0,1052,Member,GrabExpress,1,Bekasi,0
USR004246,At_Risk,2024-11-04,58,2,308000.0,3202,Silver,GrabFood,1,Bandung,1
USR008615,Hibernating,2024-05-01,245,0,69000.0,817,Member,GrabFood,1,Jakarta,1
USR005146,At_Risk,2024-11-07,55,2,125000.0,1264,Member,GrabFood,1,Jakarta,0
USR008565,Hibernating,2024-05-16,230,0,44000.0,381,Member,GrabExpress,1,Bekasi,1
USR002518,Loyal,2024-12-17,15,12,648000.0,5972,Gold,GrabExpress|GrabFood,2,Jakarta,1
USR000397,Champions,2024-12-30,2,23,1677000.0,19469,Platinum,GrabCar|GrabMart,2,Bekasi,0
USR001317,Champions,2024-12-27,5,15,1380000.0,15446,Gold,GrabCar|GrabMart,2,Bekasi,0
USR004560,At_Risk,2024-10-04,89,5,316000.0,2666,Silver,GrabExpress,1,Bekasi,1
USR000121,Champions,2024-12-21,11,15,2389000.0,25871,Platinum,GrabFood|GrabBike|GrabMart,3,Surabaya,0
USR002449,Loyal,2024-12-04,28,14,798000.0,9139,Gold,GrabMart|GrabCar|GrabFood,3,Medan,0
USR008855,Hibernating,2024-07-22,163,0,74000.0,784,Member,GrabExpress|GrabFood|GrabBike|GrabCar,4,Bandung,1
USR008108,Hibernating,2024-06-02,213,0,1000.0,10,Member,GrabMart,1,Jakarta,1
USR001566,Loyal,2024-12-04,28,9,520000.0,5540,Silver,GrabFood,1,Jakarta,0
USR001984,Loyal,2024-12-08,24,11,604000.0,4933,Gold,GrabCar|GrabFood|GrabMart,3,Jakarta,0
USR004333,At_Risk,2024-10-12,81,4,274000.0,2909,Silver,GrabExpress|GrabBike,2,Medan,0
USR007910,Promising,2024-12-21,11,5,133000.0,1097,Member,GrabBike,1,Jakarta,0
USR009286,Hibernating,2024-10-01,92,0,72000.0,671,Member,GrabMart|GrabExpress,2,Jakarta,1
USR003918,Loyal,2024-12-10,22,14,548000.0,5983,Silver,GrabMart|GrabBike|GrabFood,3,Jakarta,1
USR002173,Loyal,2024-12-08,24,10,556000.0,6412,Silver,GrabBike|GrabFood,2,Surabaya,0
USR003283,Loyal,2024-12-13,19,11,476000.0,5406,Silver,GrabFood|GrabExpress,2,Bekasi,0
USR008495,Hibernating,2024-02-23,313,0,29000.0,307,Member,GrabExpress|GrabFood|GrabCar,3,Jakarta,1
USR008584,Hibernating,2024-05-05,241,0,29000.0,269,Member,GrabBike,1,Jakarta,1
USR002333,Loyal,2024-12-10,22,8,384000.0,4415,Silver,GrabBike,1,Jakarta,0
USR000573,Champions,2024-12-23,9,27,1277000.0,12825,Gold,GrabExpress|GrabFood,2,Surabaya,0
USR003660,Loyal,2024-12-21,11,8,608000.0,6246,Gold,GrabCar,1,Jakarta,0
USR009075,Hibernating,2024-03-06,301,0,27000.0,246,Member,GrabFood,1,Jakarta,1
USR000981,Champions,2024-12-27,5,19,2078000.0,20109,Platinum,GrabMart|GrabExpress,2,Bandung,0
USR009370,Hibernating,2024-04-17,259,0,47000.0,404,Member,GrabCar|GrabExpress|GrabMart|GrabBike,4,Surabaya,1
USR001407,Champions,2024-12-27,5,26,1403000.0,16690,Gold,GrabMart|GrabBike|GrabCar,3,Medan,0
USR000535,Champions,2024-12-25,7,15,1400000.0,13610,Gold,GrabBike|GrabFood,2,Jakarta,0
USR004315,At_Risk,2024-10-31,62,4,213000.0,1936,Silver,GrabFood|GrabCar,2,Jakarta,0
USR004598,At_Risk,2024-10-14,79,5,294000.0,2805,Silver,GrabCar|GrabFood|GrabExpress,3,Bekasi,0
USR008622,Hibernating,2024-02-15,321,0,3000.0,25,Member,GrabBike,1,Bekasi,1
USR008758,Hibernating,2024-09-29,94,0,76000.0,900,Member,GrabCar|GrabMart,2,Jakarta,0
USR001434,Champions,2024-12-21,11,27,2136000.0,19479,Platinum,GrabCar|GrabExpress|GrabMart|GrabBike,4,Surabaya,0
USR006994,Promising,2024-12-26,6,5,145000.0,1604,Member,GrabCar,1,Bandung,0
USR002579,Loyal,2024-12-05,27,10,341000.0,4051,Silver,GrabFood|GrabExpress|GrabCar,3,Jakarta,0
USR009403,Hibernating,2024-01-24,343,0,56000.0,550,Member,GrabMart|GrabFood|GrabBike,3,Jakarta,1
USR003269,Loyal,2024-12-20,12,8,589000.0,6843,Silver,GrabCar|GrabExpress|GrabFood,3,Medan,0
USR009553,Hibernating,2024-07-21,164,0,27000.0,307,Member,GrabFood|GrabBike|GrabCar,3,Jakarta,1
USR003838,Loyal,2024-12-25,7,11,590000.0,5070,Silver,GrabMart|GrabCar|GrabFood|GrabBike,4,Jakarta,0
USR001867,Loyal,2024-12-13,19,9,355000.0,3000,Silver,GrabExpress,1,Jakarta,1
USR001454,Champions,2024-12-19,13,19,2258000.0,18986,Platinum,GrabExpress|GrabMart|GrabFood,3,Surabaya,0
USR001786,Loyal,2024-12-24,8,13,733000.0,8664,Gold,GrabFood|GrabExpress,2,Jakarta,1
USR009912,Hibernating,2024-07-04,181,0,56000.0,461,Member,GrabMart|GrabFood,2,Bekasi,0
USR007095,Promising,2024-12-13,19,5,139000.0,1449,Member,GrabBike,1,Bandung,0
USR002521,Loyal,2024-12-03,29,14,753000.0,8164,Gold,GrabBike,1,Jakarta,0
USR004439,At_Risk,2024-11-03,59,5,224000.0,2270,Silver,GrabMart|GrabFood|GrabCar,3,Bekasi,1
USR001820,Loyal,2024-12-22,10,12,662000.0,6239,Gold,GrabMart|GrabCar|GrabFood|GrabBike,4,Medan,0
USR005615,At_Risk,2024-10-16,77,4,271000.0,3043,Silver,GrabExpress|GrabBike|GrabFood,3,Jakarta,0
USR002929,Loyal,2024-12-23,9,13,645000.0,6338,Gold,GrabFood|GrabBike,2,Jakarta,0
USR000051,Champions,2024-12-26,6,18,922000.0,10541,Gold,GrabMart|GrabBike|GrabFood,3,Medan,0
USR004726,At_Risk,2024-11-14,48,2,269000.0,3133,Silver,GrabExpress,1,Jakarta,1
USR005716,At_Risk,2024-10-21,72,4,260000.0,2424,Silver,GrabCar|GrabBike|GrabMart,3,Jakarta,0
USR005465,At_Risk,2024-10-29,64,4,181000.0,1600,Member,GrabBike,1,Bekasi,0
USR000469,Champions,2024-12-29,3,28,2499000.0,22178,Platinum,GrabFood|GrabCar|GrabBike|GrabMart,4,Jakarta,0
USR002629,Loyal,2024-12-25,7,13,389000.0,3564,Silver,GrabCar,1,Medan,0
USR006513,Promising,2024-12-19,13,4,122000.0,1183,Member,GrabExpress,1,Jakarta,0
USR007467,Promising,2024-12-15,17,7,89000.0,806,Member,GrabFood,1,Bekasi,1
USR003945,Loyal,2024-12-21,11,14,316000.0,2553,Silver,GrabExpress|GrabMart,2,Surabaya,0
USR006204,Promising,2024-12-12,20,4,158000.0,1274,Member,GrabCar,1,Jakarta,0
USR004262,At_Risk,2024-10-05,88,4,220000.0,1899,Silver,GrabCar|GrabFood|GrabExpress|GrabMart,4,Jakarta,1
USR001858,Loyal,2024-12-19,13,12,674000.0,5712,Gold,GrabCar|GrabExpress|GrabFood,3,Surabaya,0
USR009532,Hibernating,2024-06-30,185,0,13000.0,154,Member,GrabFood|GrabCar|GrabMart,3,Bekasi,0
USR000865,Champions,2024-12-25,7,22,1799000.0,15807,Platinum,GrabCar|GrabMart|GrabBike,3,Bandung,0
USR006390,Promising,2024-12-16,16,6,195000.0,1597,Member,GrabFood,1,Jakarta,1
USR007212,Promising,2024-12-17,15,6,85000.0,709,Member,GrabMart|GrabFood,2,Jakarta,1
USR004921,At_Risk,2024-10-27,66,4,201000.0,1697,Silver,GrabFood,1,Surabaya,1
USR008101,Hibernating,2024-08-18,136,0,63000.0,745,Member,GrabFood|GrabBike|GrabExpress,3,Bandung,1
USR004792,At_Risk,2024-11-02,60,2,316000.0,3655,Silver,GrabBike|GrabMart|GrabFood,3,Surabaya,1
USR008854,Hibernating,2024-07-23,162,0,39000.0,464,Member,GrabFood|GrabMart,2,Jakarta,1
USR006250,Promising,2024-12-15,17,3,230000.0,2464,Silver,GrabCar,1,Medan,1
USR005936,At_Risk,2024-11-05,57,5,330000.0,3387,Silver,GrabMart,1,Bandung,0
USR000425,Champions,2024-12-27,5,29,2200000.0,23140,Platinum,GrabBike|GrabCar|GrabFood|GrabMart,4,Bekasi,0
USR000188,Champions,2024-12-30,2,28,1549000.0,14813,Platinum,GrabFood|GrabExpress|GrabCar|GrabBike,4,Jakarta,0
USR005629,At_Risk,2024-10-24,69,2,205000.0,2153,Silver,GrabCar|GrabMart,2,Bandung,1
USR004359,At_Risk,2024-10-10,83,2,208000.0,2471,Silver,GrabExpress,1,Bandung,1
USR000228,Champions,2024-12-26,6,16,1378000.0,15028,Gold,GrabMart|GrabCar|GrabExpress,3,Surabaya,0
USR007757,Promising,2024-12-25,7,7,206000.0,2286,Silver,GrabBike|GrabFood,2,Medan,0
USR007677,Promising,2024-12-22,10,7,126000.0,1049,Member,GrabFood|GrabMart|GrabBike,3,Bekasi,1
USR002741,Loyal,2024-12-11,21,10,602000.0,5898,Gold,GrabBike,1,Jakarta,1
USR001041,Champions,2024-12-25,7,24,1454000.0,17395,Gold,GrabBike|GrabExpress|GrabMart|GrabFood,4,Jakarta,0
USR004075,At_Risk,2024-11-05,57,5,113000.0,1087,Member,GrabCar|GrabFood|GrabExpress,3,Jakarta,0
USR009140,Hibernating,2024-06-23,192,0,19000.0,208,Member,GrabFood|GrabCar,2,Surabaya,1
USR006118,Promising,2024-12-17,15,6,195000.0,2107,Member,GrabBike|GrabCar,2,Jakarta,0
USR006902,Promising,2024-12-18,14,4,163000.0,1467,Member,GrabBike|GrabMart|GrabExpress|GrabCar,4,Surabaya,0
USR000471,Champions,2024-12-30,2,16,1754000.0,18858,Platinum,GrabBike|GrabCar|GrabMart|GrabFood,4,Bandung,0
USR002921,Loyal,2024-12-14,18,13,485000.0,4031,Silver,GrabExpress|GrabBike|GrabCar,3,Bandung,0
USR001905,Loyal,2024-12-07,25,14,649000.0,6677,Gold,GrabExpress,1,Bekasi,1
USR008876,Hibernating,2024-08-16,138,0,69000.0,651,Member,GrabCar,1,Jakarta,1
USR000801,Champions,2024-12-28,4,28,1200000.0,10877,Gold,GrabFood|GrabCar|GrabBike,3,Jakarta,0
USR001487,Champions,2024-12-25,7,29,1359000.0,14838,Gold,GrabMart|GrabBike|GrabExpress|GrabFood,4,Surabaya,0
USR008441,Hibernating,2024-08-31,123,0,46000.0,532,Member,GrabMart|GrabExpress,2,Surabaya,1
USR000227,Champions,2024-12-27,5,26,1136000.0,13109,Gold,GrabExpress|GrabBike|GrabCar,3,Bandung,0
USR007890,Promising,2024-12-16,16,6,226000.0,1914,Silver,GrabExpress|GrabBike|GrabCar,3,Jakarta,0
USR001128,Champions,2024-12-20,12,19,1856000.0,16782,Platinum,GrabMart|GrabFood,2,Jakarta,0
USR005070,At_Risk,2024-11-11,51,4,114000.0,1171,Member,GrabExpress|GrabCar|GrabMart|GrabBike,4,Jakarta,0
USR009166,Hibernating,2024-08-26,128,0,79000.0,809,Member,GrabCar|GrabExpress|GrabBike,3,Jakarta,1
USR002208,Loyal,2024-12-13,19,10,510000.0,6054,Silver,GrabFood|GrabBike,2,Bandung,0
USR007993,Promising,2024-12-22,10,7,154000.0,1285,Member,GrabMart,1,Jakarta,1
USR009842,Hibernating,2024-07-24,161,0,12000.0,123,Member,GrabMart|GrabBike|GrabCar,3,Surabaya,1
USR006559,Promising,2024-12-22,10,6,93000.0,862,Member,GrabCar|GrabFood,2,Jakarta,0
USR009921,Hibernating,2024-09-24,99,0,50000.0,547,Member,GrabExpress,1,Surabaya,1
USR003153,Loyal,2024-12-10,22,13,346000.0,3200,Silver,GrabMart|GrabBike|GrabFood,3,Bandung,0
USR004441,At_Risk,2024-11-17,45,2,277000.0,3270,Silver,GrabCar|GrabMart,2,Bekasi,0
USR007505,Promising,2024-12-23,9,7,237000.0,1938,Silver,GrabMart|GrabExpress,2,Medan,0
USR008957,Hibernating,2024-01-06,361,0,74000.0,766,Member,GrabFood,1,Bandung,1
USR006215,Promising,2024-12-22,10,5,110000.0,1225,Member,GrabCar,1,Jakarta,0
USR009598,Hibernating,2024-05-03,243,0,71000.0,760,Member,GrabFood,1,Jakarta,1
USR002144,Loyal,2024-12-21,11,9,686000.0,6368,Gold,GrabCar,1,Surabaya,0
USR007411,Promising,2024-12-16,16,4,94000.0,838,Member,GrabMart|GrabCar|GrabExpress,3,Surabaya,1
USR008929,Hibernating,2024-07-11,174,0,57000.0,561,Member,GrabMart|GrabCar|GrabBike,3,Jakarta,1
USR002374,Loyal,2024-12-22,10,13,495000.0,4411,Silver,GrabCar,1,Jakarta,0
USR002577,Loyal,2024-12-14,18,10,685000.0,6679,Gold,GrabFood,1,Bandung,0
USR001632,Loyal,2024-12-06,26,12,617000.0,5499,Gold,GrabBike|GrabExpress|GrabCar|GrabFood,4,Medan,0
USR004832,At_Risk,2024-11-10,52,4,349000.0,3855,Silver,GrabMart|GrabCar,2,Bandung,0
USR002298,Loyal,2024-12-11,21,10,389000.0,3961,Silver,GrabMart|GrabCar|GrabExpress,3,Medan,0
USR005033,At_Risk,2024-10-19,74,5,156000.0,1857,Member,GrabCar,1,Medan,1
USR000156,Champions,2024-12-24,8,25,1193000.0,12688,Gold,GrabFood|GrabMart|GrabExpress|GrabCar,4,Surabaya,0
USR008046,Hibernating,2024-07-09,176,0,43000.0,362,Member,GrabMart|GrabCar|GrabFood|GrabBike,4,Jakarta,1
USR006706,Promising,2024-12-17,15,3,111000.0,1045,Member,GrabCar,1,Surabaya,0
USR003349,Loyal,2024-12-08,24,9,384000.0,3881,Silver,GrabBike|GrabMart|GrabCar|GrabFood,4,Surabaya,0
USR002879,Loyal,2024-12-22,10,10,543000.0,5275,Silver,GrabCar|GrabBike|GrabFood,3,Jakarta,0
USR003413,Loyal,2024-12-10,22,14,690000.0,7364,Gold,GrabExpress|GrabFood|GrabBike|GrabCar,4,Bandung,0
USR007768,Promising,2024-12-19,13,4,117000.0,1391,Member,GrabExpress,1,Surabaya,0
USR004189,At_Risk,2024-10-26,67,2,240000.0,2669,Silver,GrabMart|GrabFood|GrabBike,3,Bandung,0
USR009610,Hibernating,2024-05-19,227,0,56000.0,460,Member,GrabFood|GrabCar,2,Surabaya,1
USR009734,Hibernating,2024-01-17,350,0,7000.0,81,Member,GrabCar,1,Surabaya,1
USR007251,Promising,2024-12-24,8,4,100000.0,1093,Member,GrabExpress|GrabMart|GrabFood|GrabCar,4,Bandung,1
USR007613,Promising,2024-12-29,3,4,108000.0,1175,Member,GrabExpress|GrabMart|GrabCar,3,Surabaya,0
USR006919,Promising,2024-12-16,16,6,125000.0,1397,Member,GrabCar|GrabBike,2,Bandung,0
USR009681,Hibernating,2024-09-20,103,0,41000.0,378,Member,GrabExpress,1,Surabaya,1
USR009671,Hibernating,2024-06-02,213,0,3000.0,27,Member,GrabExpress|GrabMart|GrabFood,3,Jakarta,1
USR004794,At_Risk,2024-11-10,52,4,326000.0,3090,Silver,GrabMart|GrabCar,2,Bandung,1
USR005654,At_Risk,2024-10-21,72,2,277000.0,3171,Silver,GrabFood,1,Jakarta,0
USR002495,Loyal,2024-12-05,27,9,309000.0,3349,Silver,GrabCar|GrabExpress|GrabFood|GrabBike,4,Jakarta,1
USR007304,Promising,2024-12-25,7,6,210000.0,1813,Silver,GrabCar,1,Medan,1
USR002372,Loyal,2024-12-11,21,13,450000.0,3664,Silver,GrabExpress|GrabFood|GrabBike,3,Bekasi,0
USR004091,At_Risk,2024-10-15,78,2,307000.0,2733,Silver,GrabFood|GrabCar,2,Jakarta,1
USR009471,Hibernating,2024-04-22,254,0,31000.0,251,Member,GrabMart,1,Bekasi,1
USR003461,Loyal,2024-12-06,26,11,602000.0,6884,Gold,GrabCar|GrabMart|GrabBike,3,Bandung,1
USR007006,Promising,2024-12-20,12,7,101000.0,1057,Member,GrabFood,1,Surabaya,0
USR005391,At_Risk,2024-11-15,47,5,275000.0,3095,Silver,GrabBike,1,Bekasi,1
USR007172,Promising,2024-12-28,4,6,228000.0,2578,Silver,GrabFood|GrabCar|GrabBike|GrabExpress,4,Jakarta,0
USR005696,At_Risk,2024-11-10,52,3,333000.0,2680,Silver,GrabCar,1,Jakarta,1
USR005664,At_Risk,2024-11-16,46,3,233000.0,2242,Silver,GrabExpress|GrabCar|GrabFood|GrabBike,4,Bekasi,0
USR004503,At_Risk,2024-11-14,48,3,284000.0,2602,Silver,GrabCar|GrabMart,2,Jakarta,0
USR002550,Loyal,2024-12-15,17,10,750000.0,6254,Gold,GrabFood|GrabBike|GrabMart,3,Jakarta,1
USR004715,At_Risk,2024-11-10,52,4,174000.0,1839,Member,GrabFood,1,Bekasi,0
USR000847,Champions,2024-12-22,10,27,2218000.0,26471,Platinum,GrabFood|GrabBike,2,Surabaya,0
USR003344,Loyal,2024-12-24,8,12,546000.0,5735,Silver,GrabFood|GrabBike|GrabExpress,3,Jakarta,0
USR000938,Champions,2024-12-22,10,19,828000.0,9836,Gold,GrabCar|GrabFood|GrabMart,3,Surabaya,0
USR004825,At_Risk,2024-11-09,53,2,232000.0,2702,Silver,GrabBike|GrabCar|GrabExpress,3,Surabaya,0
USR009693,Hibernating,2024-02-06,330,0,32000.0,356,Member,GrabFood|GrabMart|GrabCar|GrabExpress,4,Surabaya,0
USR008863,Hibernating,2024-02-10,326,0,2000.0,18,Member,GrabMart,1,Jakarta,1
USR008610,Hibernating,2024-02-19,317,0,22000.0,201,Member,GrabFood,1,Bandung,1
USR005354,At_Risk,2024-11-09,53,4,256000.0,2841,Silver,GrabFood|GrabMart|GrabExpress,3,Jakarta,0
USR005477,At_Risk,2024-11-07,55,5,112000.0,959,Member,GrabMart|GrabFood|GrabCar,3,Jakarta,0
USR009723,Hibernating,2024-07-05,180,0,73000.0,801,Member,GrabFood|GrabBike,2,Medan,1
USR000756,Champions,2024-12-22,10,17,2272000.0,19655,Platinum,GrabExpress|GrabCar|GrabMart|GrabBike,4,Surabaya,0
USR004750,At_Risk,2024-10-19,74,2,318000.0,3240,Silver,GrabMart|GrabCar,2,Medan,1
USR002644,Loyal,2024-12-19,13,8,394000.0,3838,Silver,GrabExpress,1,Jakarta,0
USR004162,At_Risk,2024-10-31,62,2,166000.0,1740,Member,GrabMart,1,Surabaya,0
USR008648,Hibernating,2024-05-11,235,0,30000.0,342,Member,GrabBike,1,Jakarta,1
USR003165,Loyal,2024-12-23,9,11,538000.0,4488,Silver,GrabFood|GrabBike,2,Jakarta,0
USR006497,Promising,2024-12-13,19,3,144000.0,1350,Member,GrabExpress,1,Medan,0
USR005987,At_Risk,2024-10-29,64,5,204000.0,2077,Silver,GrabBike|GrabMart,2,Medan,1
USR003873,Loyal,2024-12-21,11,13,304000.0,3097,Silver,GrabFood,1,Medan,0
USR007751,Promising,2024-12-29,3,6,187000.0,2202,Member,GrabMart|GrabBike,2,Jakarta,1
USR006523,Promising,2024-12-22,10,4,81000.0,937,Member,GrabCar|GrabFood|GrabMart|GrabBike,4,Jakarta,0
USR003418,Loyal,2024-12-15,17,9,364000.0,3829,Silver,GrabMart|GrabBike,2,Bekasi,0
USR009904,Hibernating,2024-04-20,256,0,51000.0,422,Member,GrabFood,1,Surabaya,1
USR002061,Loyal,2024-12-05,27,14,580000.0,5472,Silver,GrabFood|GrabBike,2,Surabaya,1
USR000549,Champions,2024-12-27,5,17,949000.0,8618,Gold,GrabFood|GrabMart,2,Surabaya,0
USR004453,At_Risk,2024-10-12,81,5,303000.0,2757,Silver,GrabCar,1,Jakarta,0
USR002812,Loyal,2024-12-15,17,11,719000.0,6691,Gold,GrabFood|GrabMart,2,Jakarta,0
USR008777,Hibernating,2024-07-06,179,0,51000.0,596,Member,GrabBike|GrabMart|GrabFood|GrabCar,4,Jakarta,1
USR008995,Hibernating,2024-05-20,226,0,15000.0,137,Member,GrabMart,1,Surabaya,1
USR002549,Loyal,2024-12-22,10,13,376000.0,4012,Silver,GrabCar|GrabBike,2,Jakarta,0
USR006069,Promising,2024-12-26,6,7,186000.0,2192,Member,GrabFood|GrabExpress|GrabBike,3,Medan,0
USR003169,Loyal,2024-12-17,15,8,590000.0,5608,Silver,GrabMart,1,Jakarta,1
USR007054,Promising,2024-12-12,20,7,197000.0,1944,Member,GrabExpress|GrabCar,2,Medan,0
USR004828,At_Risk,2024-10-17,76,4,130000.0,1160,Member,GrabFood|GrabCar,2,Bekasi,1
USR009570,Hibernating,2024-09-26,97,0,78000.0,734,Member,GrabCar|GrabMart|GrabExpress|GrabFood,4,Jakarta,0
USR001259,Champions,2024-12-25,7,18,941000.0,7999,Gold,GrabMart|GrabFood,2,Jakarta,0
USR008712,Hibernating,2024-04-14,262,0,53000.0,425,Member,GrabBike|GrabMart|GrabFood,3,Jakarta,1
USR003661,Loyal,2024-12-25,7,14,601000.0,4951,Gold,GrabBike|GrabMart|GrabCar,3,Jakarta,0
USR007922,Promising,2024-12-17,15,7,145000.0,1169,Member,GrabBike|GrabCar|GrabExpress,3,Jakarta,0
USR001024,Champions,2024-12-31,1,19,1043000.0,10063,Gold,GrabFood|GrabBike,2,Surabaya,0
USR004965,At_Risk,2024-11-09,53,3,339000.0,2829,Silver,GrabFood,1,Bekasi,1
USR000752,Champions,2024-12-28,4,22,1178000.0,13351,Gold,GrabCar|GrabExpress,2,Jakarta,0
USR003942,Loyal,2024-12-25,7,9,559000.0,6222,Silver,GrabMart,1,Jakarta,1
USR003710,Loyal,2024-12-03,29,14,762000.0,9068,Gold,GrabCar,1,Bandung,1
USR009960,Hibernating,2024-04-07,269,0,2000.0,21,Member,GrabCar|GrabBike|GrabMart|GrabFood,4,Bandung,1
USR001951,Loyal,2024-12-11,21,10,758000.0,7263,Gold,GrabExpress,1,Jakarta,0
USR006314,Promising,2024-12-20,12,7,180000.0,2106,Member,GrabFood|GrabCar,2,Surabaya,0
USR000351,Champions,2024-12-20,12,16,1653000.0,13515,Platinum,GrabExpress|GrabFood|GrabMart,3,Bandung,0
USR001511,Loyal,2024-12-11,21,12,713000.0,8302,Gold,GrabBike,1,Bekasi,0
USR004829,At_Risk,2024-10-07,86,4,214000.0,2382,Silver,GrabFood|GrabMart,2,Surabaya,0
USR009616,Hibernating,2024-03-06,301,0,80000.0,815,Member,GrabMart,1,Jakarta,1
USR003746,Loyal,2024-12-12,20,8,594000.0,6817,Silver,GrabMart|GrabExpress,2,Medan,0
USR005799,At_Risk,2024-10-08,85,4,222000.0,1909,Silver,GrabCar|GrabExpress|GrabBike|GrabMart,4,Jakarta,1
USR000701,Champions,2024-12-21,11,19,1274000.0,14419,Gold,GrabBike|GrabFood|GrabMart,3,Jakarta,0
USR003693,Loyal,2024-12-12,20,10,649000.0,7382,Gold,GrabFood|GrabBike|GrabCar,3,Jakarta,0
USR004614,At_Risk,2024-10-27,66,5,209000.0,2468,Silver,GrabCar|GrabFood,2,Bekasi,0
USR007213,Promising,2024-12-21,11,5,162000.0,1511,Member,GrabBike|GrabCar,2,Surabaya,0
USR000561,Champions,2024-12-27,5,28,1204000.0,10676,Gold,GrabCar,1,Bekasi,1
USR002318,Loyal,2024-12-22,10,10,514000.0,5272,Silver,GrabFood,1,Bandung,0
USR003098,Loyal,2024-12-24,8,10,684000.0,5835,Gold,GrabCar|GrabFood,2,Jakarta,0
USR004838,At_Risk,2024-10-09,84,5,242000.0,2792,Silver,GrabBike|GrabFood|GrabCar|GrabExpress,4,Jakarta,1
USR003150,Loyal,2024-12-14,18,8,702000.0,7841,Gold,GrabFood|GrabMart|GrabExpress,3,Bandung,0
USR005608,At_Risk,2024-11-13,49,5,131000.0,1057,Member,GrabExpress,1,Jakarta,0
USR004299,At_Risk,2024-10-09,84,4,247000.0,1999,Silver,GrabFood|GrabMart,2,Jakarta,1
USR004618,At_Risk,2024-10-10,83,4,327000.0,3306,Silver,GrabBike,1,Surabaya,0
USR004074,At_Risk,2024-10-16,77,5,199000.0,2209,Member,GrabCar|GrabMart,2,Jakarta,1
USR003994,Loyal,2024-12-15,17,13,428000.0,5040,Silver,GrabBike|GrabCar|GrabExpress,3,Jakarta,0
USR006373,Promising,2024-12-17,15,6,155000.0,1503,Member,GrabCar,1,Jakarta,0
USR006167,Promising,2024-12-17,15,5,191000.0,2016,Member,GrabExpress|GrabFood,2,Jakarta,0
USR001047,Champions,2024-12-31,1,17,2038000.0,17577,Platinum,GrabFood|GrabBike|GrabExpress,3,Bandung,0
USR002939,Loyal,2024-12-21,11,9,681000.0,6143,Gold,GrabCar|GrabMart,2,Bekasi,0
USR001808,Loyal,2024-12-20,12,11,792000.0,7081,Gold,GrabFood,1,Surabaya,1
USR003166,Loyal,2024-12-08,24,13,379000.0,4400,Silver,GrabBike,1,Bandung,1
USR000414,Champions,2024-12-19,13,18,1264000.0,14352,Gold,GrabExpress|GrabBike|GrabCar|GrabFood,4,Bekasi,1
USR001340,Champions,2024-12-31,1,24,1859000.0,18974,Platinum,GrabBike|GrabFood|GrabExpress|GrabCar,4,Bekasi,0
USR009371,Hibernating,2024-05-02,244,0,57000.0,592,Member,GrabFood,1,Jakarta,1
USR007740,Promising,2024-12-14,18,6,183000.0,1591,Member,GrabFood,1,Jakarta,0
USR005060,At_Risk,2024-10-29,64,2,252000.0,2025,Silver,GrabCar|GrabBike|GrabFood,3,Surabaya,0
USR004633,At_Risk,2024-10-27,66,4,181000.0,1923,Member,GrabExpress|GrabMart,2,Jakarta,1
USR004609,At_Risk,2024-11-09,53,3,136000.0,1570,Member,GrabCar,1,Jakarta,1
USR007366,Promising,2024-12-19,13,7,124000.0,1368,Member,GrabExpress,1,Bandung,0
USR001469,Champions,2024-12-20,12,21,2242000.0,17993,Platinum,GrabExpress|GrabBike,2,Jakarta,1
USR001710,Loyal,2024-12-11,21,12,675000.0,5659,Gold,GrabCar|GrabFood,2,Bandung,0
USR006270,Promising,2024-12-17,15,3,195000.0,2005,Member,GrabBike,1,Bekasi,0
USR008732,Hibernating,2024-05-14,232,0,29000.0,264,Member,GrabExpress|GrabCar,2,Jakarta,1
USR002271,Loyal,2024-12-04,28,8,421000.0,3940,Silver,GrabFood|GrabMart,2,Jakarta,0
USR001583,Loyal,2024-12-19,13,12,695000.0,7193,Gold,GrabExpress|GrabMart,2,Jakarta,0
USR001412,Champions,2024-12-24,8,17,1408000.0,11278,Gold,GrabMart|GrabFood,2,Bekasi,0
USR004111,At_Risk,2024-10-22,71,3,340000.0,3011,Silver,GrabBike|GrabCar,2,Medan,1
USR007652,Promising,2024-12-29,3,5,159000.0,1734,Member,GrabCar|GrabBike|GrabMart|GrabFood,4,Jakarta,0
USR006693,Promising,2024-12-20,12,7,153000.0,1758,Member,GrabMart,1,Jakarta,0
USR001722,Loyal,2024-12-08,24,11,462000.0,5330,Silver,GrabExpress|GrabMart,2,Jakarta,0
USR002024,Loyal,2024-12-09,23,14,748000.0,7782,Gold,GrabExpress|GrabFood,2,Bandung,0
USR002212,Loyal,2024-12-17,15,9,764000.0,7331,Gold,GrabCar|GrabBike,2,Medan,0
USR001507,Loyal,2024-12-24,8,8,679000.0,7209,Gold,GrabExpress|GrabCar|GrabBike,3,Jakarta,0
USR002622,Loyal,2024-12-08,24,14,621000.0,5487,Gold,GrabBike|GrabMart,2,Jakarta,0
USR005290,At_Risk,2024-11-01,61,5,339000.0,3358,Silver,GrabBike|GrabCar,2,Medan,0
USR009128,Hibernating,2024-07-21,164,0,62000.0,512,Member,GrabCar|GrabExpress|GrabFood,3,Jakarta,1
USR001321,Champions,2024-12-25,7,23,2228000.0,24107,Platinum,GrabMart|GrabFood,2,Jakarta,0
USR000842,Champions,2024-12-23,9,20,1390000.0,12798,Gold,GrabExpress|GrabBike|GrabCar,3,Bandung,0
USR001146,Champions,2024-12-29,3,24,1535000.0,14554,Platinum,GrabBike|GrabCar|GrabExpress|GrabFood,4,Bandung,0
USR003624,Loyal,2024-12-18,14,11,714000.0,7951,Gold,GrabExpress,1,Bandung,1
USR004280,At_Risk,2024-10-14,79,4,195000.0,1824,Member,GrabFood,1,Surabaya,1
USR009010,Hibernating,2024-01-30,337,0,40000.0,382,Member,GrabBike,1,Bandung,1
USR008986,Hibernating,2024-09-12,111,0,74000.0,815,Member,GrabMart|GrabExpress|GrabCar,3,Medan,0
USR004681,At_Risk,2024-10-11,82,4,318000.0,2789,Silver,GrabBike|GrabFood|GrabExpress,3,Surabaya,1
USR000463,Champions,2024-12-30,2,18,1010000.0,11823,Gold,GrabMart,1,Jakarta,1
USR001754,Loyal,2024-12-23,9,11,324000.0,3580,Silver,GrabBike|GrabFood|GrabExpress,3,Medan,0
USR003936,Loyal,2024-12-16,16,11,509000.0,4662,Silver,GrabMart|GrabCar,2,Surabaya,0
USR007933,Promising,2024-12-29,3,4,95000.0,854,Member,GrabFood,1,Medan,0
USR009460,Hibernating,2024-02-10,326,0,66000.0,691,Member,GrabBike|GrabExpress,2,Jakarta,1
USR004401,At_Risk,2024-10-18,75,2,328000.0,3839,Silver,GrabCar|GrabMart,2,Surabaya,0
USR004700,At_Risk,2024-10-13,80,2,320000.0,2941,Silver,GrabFood,1,Jakarta,1
USR008991,Hibernating,2024-04-23,253,0,40000.0,350,Member,GrabExpress|GrabFood,2,Medan,1
USR000378,Champions,2024-12-23,9,27,2469000.0,27775,Platinum,GrabMart|GrabBike|GrabCar,3,Bekasi,0
USR003106,Loyal,2024-12-10,22,14,559000.0,6648,Silver,GrabBike,1,Medan,0
USR008215,Hibernating,2024-02-02,334,0,52000.0,560,Member,GrabExpress|GrabBike|GrabCar,3,Medan,1
USR001335,Champions,2024-12-20,12,23,2037000.0,20272,Platinum,GrabExpress|GrabBike|GrabFood,3,Medan,1
USR001223,Champions,2024-12-26,6,24,1031000.0,8948,Gold,GrabExpress|GrabBike|GrabFood,3,Bandung,0
USR003848,Loyal,2024-12-12,20,13,407000.0,3670,Silver,GrabCar,1,Jakarta,1
USR002716,Loyal,2024-12-07,25,12,496000.0,5281,Silver,GrabBike|GrabFood,2,Surabaya,0
USR006837,Promising,2024-12-15,17,7,86000.0,859,Member,GrabMart|GrabFood,2,Bandung,0
USR002952,Loyal,2024-12-17,15,14,310000.0,3302,Silver,GrabBike|GrabMart|GrabExpress,3,Jakarta,0
USR001350,Champions,2024-12-27,5,15,1183000.0,10845,Gold,GrabBike|GrabExpress|GrabMart,3,Surabaya,1
USR001082,Champions,2024-12-26,6,18,967000.0,11114,Gold,GrabBike|GrabExpress,2,Bekasi,0
USR006453,Promising,2024-12-27,5,7,233000.0,2688,Silver,GrabCar|GrabMart|GrabFood|GrabBike,4,Medan,0
USR001811,Loyal,2024-12-23,9,14,365000.0,4089,Silver,GrabMart,1,Surabaya,0
USR004121,At_Risk,2024-10-30,63,3,219000.0,1829,Silver,GrabFood|GrabExpress,2,Bandung,1
USR001351,Champions,2024-12-31,1,21,1096000.0,10536,Gold,GrabCar|GrabFood|GrabExpress|GrabBike,4,Jakarta,0
USR007817,Promising,2024-12-13,19,6,165000.0,1833,Member,GrabFood,1,Jakarta,0
USR008796,Hibernating,2024-09-05,118,0,47000.0,522,Member,GrabMart,1,Jakarta,1
USR001894,Loyal,2024-12-21,11,9,362000.0,3237,Silver,GrabMart|GrabBike|GrabFood,3,Jakarta,0
USR006639,Promising,2024-12-25,7,5,160000.0,1323,Member,GrabMart|GrabCar|GrabFood|GrabBike,4,Jakarta,0
USR000565,Champions,2024-12-19,13,28,1266000.0,12357,Gold,GrabFood|GrabMart|GrabCar|GrabExpress,4,Jakarta,0
USR003903,Loyal,2024-12-13,19,11,720000.0,8097,Gold,GrabMart|GrabCar|GrabBike,3,Jakarta,1
USR007100,Promising,2024-12-14,18,5,243000.0,1945,Silver,GrabExpress|GrabCar,2,Bandung,0
USR003673,Loyal,2024-12-12,20,9,435000.0,3505,Silver,GrabExpress|GrabCar|GrabBike,3,Medan,0
USR004366,At_Risk,2024-10-26,67,5,294000.0,2859,Silver,GrabExpress|GrabMart|GrabFood,3,Surabaya,1
USR007545,Promising,2024-12-20,12,6,106000.0,962,Member,GrabBike,1,Surabaya,0
USR001212,Champions,2024-12-21,11,15,2336000.0,22857,Platinum,GrabCar|GrabMart,2,Jakarta,0
USR001189,Champions,2024-12-21,11,22,1575000.0,13668,Platinum,GrabExpress|GrabFood|GrabBike,3,Bandung,0
USR003955,Loyal,2024-12-24,8,10,305000.0,2785,Silver,GrabCar,1,Surabaya,0
USR000898,Champions,2024-12-21,11,17,2057000.0,17516,Platinum,GrabBike|GrabMart,2,Jakarta,0
USR004786,At_Risk,2024-11-03,59,5,321000.0,3569,Silver,GrabMart|GrabFood|GrabBike|GrabExpress,4,Bandung,1
USR008092,Hibernating,2024-08-23,131,0,4000.0,40,Member,GrabFood|GrabMart,2,Jakarta,1
USR004602,At_Risk,2024-10-24,69,2,262000.0,2605,Silver,GrabBike|GrabExpress|GrabCar,3,Bekasi,0
USR008896,Hibernating,2024-01-31,336,0,35000.0,305,Member,GrabCar|GrabExpress,2,Surabaya,1
USR003454,Loyal,2024-12-14,18,12,722000.0,7368,Gold,GrabExpress,1,Bekasi,0
USR003609,Loyal,2024-12-14,18,11,602000.0,5867,Gold,GrabMart|GrabFood|GrabBike,3,Jakarta,1
USR008157,Hibernating,2024-09-12,111,0,61000.0,593,Member,GrabCar,1,Jakarta,1
USR008765,Hibernating,2024-01-06,361,0,20000.0,204,Member,GrabMart|GrabBike,2,Bandung,1
USR009677,Hibernating,2024-02-23,313,0,50000.0,427,Member,GrabBike,1,Jakarta,1
USR007572,Promising,2024-12-28,4,4,80000.0,747,Member,GrabBike|GrabFood|GrabCar,3,Jakarta,0
USR003909,Loyal,2024-12-10,22,9,663000.0,5940,Gold,GrabExpress|GrabCar|GrabFood|GrabMart,4,Jakarta,0
USR004028,At_Risk,2024-10-26,67,4,257000.0,2749,Silver,GrabFood|GrabCar|GrabExpress|GrabBike,4,Jakarta,0
USR003931,Loyal,2024-12-14,18,9,532000.0,5338,Silver,GrabMart|GrabBike,2,Bandung,0
USR002332,Loyal,2024-12-07,25,13,563000.0,6591,Silver,GrabExpress,1,Jakarta,0
USR007302,Promising,2024-12-14,18,7,87000.0,850,Member,GrabMart|GrabBike|GrabCar|GrabFood,4,Surabaya,0
USR002262,Loyal,2024-12-13,19,14,556000.0,5983,Silver,GrabFood,1,Jakarta,0
USR009260,Hibernating,2024-02-29,307,0,60000.0,707,Member,GrabCar,1,Medan,1
USR005781,At_Risk,2024-10-30,63,3,265000.0,2450,Silver,GrabFood|GrabMart|GrabExpress,3,Jakarta,1
USR002595,Loyal,2024-12-18,14,10,542000.0,5485,Silver,GrabBike,1,Bandung,0
USR007200,Promising,2024-12-18,14,6,173000.0,1962,Member,GrabCar|GrabExpress,2,Jakarta,0
USR003593,Loyal,2024-12-22,10,8,796000.0,8527,Gold,GrabBike,1,Jakarta,0
USR005216,At_Risk,2024-10-16,77,4,290000.0,2449,Silver,GrabExpress|GrabFood|GrabBike,3,Medan,0
USR001030,Champions,2024-12-28,4,26,1498000.0,15359,Gold,GrabBike|GrabCar,2,Jakarta,0
USR007433,Promising,2024-12-27,5,7,105000.0,1088,Member,GrabCar,1,Jakarta,0
USR007877,Promising,2024-12-16,16,6,165000.0,1577,Member,GrabMart|GrabCar|GrabBike,3,Jakarta,1
USR008823,Hibernating,2024-07-31,154,0,78000.0,758,Member,GrabExpress,1,Bekasi,1
USR008236,Hibernating,2024-02-02,334,0,16000.0,188,Member,GrabFood,1,Jakarta,1
USR005733,At_Risk,2024-10-10,83,5,273000.0,3050,Silver,GrabCar|GrabMart|GrabExpress,3,Bandung,0
USR005378,At_Risk,2024-11-03,59,5,236000.0,2153,Silver,GrabExpress,1,Bandung,0
USR007762,Promising,2024-12-17,15,6,139000.0,1259,Member,GrabFood|GrabCar|GrabBike,3,Medan,0
USR001755,Loyal,2024-12-21,11,10,539000.0,4884,Silver,GrabCar,1,Bekasi,0
USR007355,Promising,2024-12-25,7,4,107000.0,875,Member,GrabCar|GrabMart,2,Jakarta,0
USR004161,At_Risk,2024-11-05,57,3,296000.0,2573,Silver,GrabCar,1,Jakarta,0
USR000231,Champions,2024-12-24,8,29,1341000.0,12102,Gold,GrabCar,1,Bandung,0
USR008104,Hibernating,2024-03-20,287,0,42000.0,420,Member,GrabExpress,1,Surabaya,1
USR000110,Champions,2024-12-21,11,23,1688000.0,18551,Platinum,GrabExpress|GrabBike,2,Medan,0
USR005457,At_Risk,2024-11-02,60,4,121000.0,1143,Member,GrabExpress,1,Medan,0
USR006708,Promising,2024-12-21,11,7,172000.0,1427,Member,GrabCar|GrabMart|GrabFood,3,Medan,1
USR002514,Loyal,2024-12-16,16,10,417000.0,3980,Silver,GrabCar|GrabExpress|GrabFood|GrabBike,4,Jakarta,0
USR005961,At_Risk,2024-10-04,89,2,243000.0,2763,Silver,GrabFood|GrabBike|GrabMart,3,Jakarta,1
USR004279,At_Risk,2024-11-08,54,2,331000.0,2834,Silver,GrabFood,1,Medan,0
USR004720,At_Risk,2024-10-13,80,5,105000.0,1188,Member,GrabMart,1,Jakarta,0
USR002917,Loyal,2024-12-16,16,9,538000.0,4876,Silver,GrabBike|GrabExpress,2,Jakarta,0
USR009390,Hibernating,2024-07-26,159,0,78000.0,883,Member,GrabMart,1,Medan,0
USR002992,Loyal,2024-12-11,21,13,334000.0,3565,Silver,GrabCar,1,Surabaya,0
USR002317,Loyal,2024-12-07,25,13,558000.0,6049,Silver,GrabCar|GrabFood,2,Bandung,0
USR004847,At_Risk,2024-10-18,75,5,345000.0,3899,Silver,GrabMart,1,Jakarta,1
USR004292,At_Risk,2024-10-20,73,2,149000.0,1736,Member,GrabCar|GrabBike,2,Surabaya,0
USR006991,Promising,2024-12-15,17,4,215000.0,1729,Silver,GrabBike|GrabCar|GrabMart,3,Surabaya,0
USR001515,Loyal,2024-12-11,21,12,547000.0,5592,Silver,GrabFood|GrabCar,2,Surabaya,0
USR000216,Champions,2024-12-31,1,29,1004000.0,10618,Gold,GrabBike|GrabCar|GrabMart,3,Jakarta,0
USR009213,Hibernating,2024-06-28,187,0,14000.0,117,Member,GrabCar|GrabBike,2,Surabaya,1
USR009061,Hibernating,2024-02-03,333,0,8000.0,86,Member,GrabExpress|GrabMart,2,Jakarta,1
USR008417,Hibernating,2024-02-22,314,0,28000.0,300,Member,GrabExpress|GrabFood|GrabCar,3,Jakarta,1
USR002263,Loyal,2024-12-07,25,9,492000.0,5592,Silver,GrabCar|GrabMart,2,Surabaya,0
USR005326,At_Risk,2024-11-04,58,2,283000.0,2718,Silver,GrabCar|GrabFood|GrabExpress,3,Jakarta,0
USR006840,Promising,2024-12-15,17,5,151000.0,1534,Member,GrabBike,1,Bekasi,0
USR008498,Hibernating,2024-05-16,230,0,11000.0,125,Member,GrabExpress|GrabFood,2,Jakarta,1
USR006010,Promising,2024-12-25,7,3,206000.0,2074,Silver,GrabMart,1,Surabaya,0
USR000893,Champions,2024-12-29,3,18,2194000.0,25641,Platinum,GrabCar|GrabFood|GrabBike|GrabMart,4,Jakarta,0
USR001490,Champions,2024-12-23,9,15,1638000.0,15496,Platinum,GrabExpress|GrabFood|GrabCar,3,Jakarta,1
USR003003,Loyal,2024-12-07,25,9,572000.0,6207,Silver,GrabCar|GrabExpress|GrabBike,3,Bekasi,0
USR001850,Loyal,2024-12-17,15,9,691000.0,7235,Gold,GrabExpress|GrabCar,2,Bekasi,0
USR005199,At_Risk,2024-10-22,71,2,197000.0,1638,Member,GrabBike,1,Bandung,1
USR006380,Promising,2024-12-12,20,3,248000.0,2134,Silver,GrabCar,1,Bandung,0
USR000324,Champions,2024-12-20,12,29,2027000.0,16817,Platinum,GrabMart,1,Surabaya,0
USR001215,Champions,2024-12-20,12,24,1980000.0,21877,Platinum,GrabExpress|GrabCar|GrabMart,3,Bekasi,0
USR002899,Loyal,2024-12-05,27,12,593000.0,7079,Silver,GrabFood|GrabBike,2,Bekasi,0
USR002933,Loyal,2024-12-08,24,8,335000.0,3944,Silver,GrabBike|GrabFood|GrabExpress,3,Jakarta,0
USR003658,Loyal,2024-12-15,17,12,715000.0,7923,Gold,GrabExpress|GrabCar,2,Jakarta,0
USR008678,Hibernating,2024-06-08,207,0,43000.0,513,Member,GrabExpress,1,Surabaya,1
USR006673,Promising,2024-12-18,14,4,181000.0,2078,Member,GrabExpress,1,Medan,0
USR007972,Promising,2024-12-26,6,4,140000.0,1255,Member,GrabExpress,1,Medan,0
USR008586,Hibernating,2024-09-13,110,0,9000.0,82,Member,GrabCar|GrabBike,2,Jakarta,1
USR006169,Promising,2024-12-28,4,4,141000.0,1208,Member,GrabFood|GrabMart,2,Jakarta,0
USR009724,Hibernating,2024-05-17,229,0,13000.0,126,Member,GrabFood,1,Medan,1
USR001129,Champions,2024-12-24,8,19,1526000.0,17538,Platinum,GrabFood|GrabBike,2,Jakarta,0
USR008856,Hibernating,2024-07-03,182,0,2000.0,18,Member,GrabExpress|GrabBike|GrabFood|GrabCar,4,Medan,1
USR002918,Loyal,2024-12-12,20,14,669000.0,5547,Gold,GrabMart|GrabBike,2,Bandung,0
USR003902,Loyal,2024-12-08,24,13,360000.0,3785,Silver,GrabCar|GrabExpress|GrabFood|GrabMart,4,Bekasi,0
USR007947,Promising,2024-12-14,18,3,167000.0,1431,Member,GrabCar|GrabExpress|GrabMart,3,Jakarta,0
USR009097,Hibernating,2024-01-21,346,0,22000.0,255,Member,GrabMart|GrabCar|GrabExpress|GrabFood,4,Jakarta,1
USR003827,Loyal,2024-12-09,23,14,579000.0,5327,Silver,GrabExpress,1,Bekasi,0
USR004923,At_Risk,2024-11-09,53,5,349000.0,3328,Silver,GrabFood|GrabCar|GrabBike,3,Bandung,1
USR000208,Champions,2024-12-30,2,20,2287000.0,22328,Platinum,GrabBike|GrabCar|GrabMart,3,Bekasi,0
USR003254,Loyal,2024-12-17,15,9,795000.0,8012,Gold,GrabCar|GrabMart,2,Bekasi,1
USR002795,Loyal,2024-12-22,10,9,614000.0,5609,Gold,GrabExpress|GrabFood|GrabBike,3,Surabaya,0
USR005106,At_Risk,2024-10-10,83,3,340000.0,3604,Silver,GrabFood|GrabExpress,2,Jakarta,0
USR009011,Hibernating,2024-05-29,217,0,19000.0,175,Member,GrabFood,1,Medan,1
USR000798,Champions,2024-12-23,9,26,1863000.0,16096,Platinum,GrabExpress|GrabBike|GrabCar,3,Surabaya,1
USR009105,Hibernating,2024-05-05,241,0,39000.0,448,Member,GrabFood,1,Jakarta,1
USR000734,Champions,2024-12-24,8,19,2232000.0,23809,Platinum,GrabBike|GrabExpress|GrabMart,3,Jakarta,0
USR002244,Loyal,2024-12-06,26,9,563000.0,4872,Silver,GrabFood,1,Medan,0
USR000178,Champions,2024-12-20,12,26,2274000.0,23827,Platinum,GrabExpress|GrabCar|GrabBike,3,Surabaya,0
USR005830,At_Risk,2024-10-23,70,5,304000.0,3257,Silver,GrabFood|GrabBike,2,Jakarta,1
USR007008,Promising,2024-12-27,5,4,129000.0,1370,Member,GrabFood,1,Medan,1
USR001174,Champions,2024-12-22,10,21,1855000.0,14874,Platinum,GrabExpress|GrabFood,2,Jakarta,0
USR006642,Promising,2024-12-29,3,6,147000.0,1425,Member,GrabCar,1,Bekasi,0
USR005848,At_Risk,2024-10-29,64,2,199000.0,2298,Member,GrabExpress|GrabFood|GrabMart|GrabBike,4,Jakarta,1
USR001831,Loyal,2024-12-25,7,9,359000.0,3900,Silver,GrabExpress,1,Bandung,0
USR007995,Promising,2024-12-25,7,5,228000.0,1922,Silver,GrabMart|GrabExpress,2,Surabaya,0
USR009279,Hibernating,2024-10-02,91,0,15000.0,177,Member,GrabExpress,1,Jakarta,1
USR007897,Promising,2024-12-12,20,4,212000.0,2025,Silver,GrabCar|GrabMart|GrabExpress,3,Bekasi,0
USR008597,Hibernating,2024-03-13,294,0,6000.0,57,Member,GrabFood,1,Jakarta,1
USR008522,Hibernating,2024-04-27,249,0,54000.0,473,Member,GrabBike|GrabCar|GrabFood,3,Bandung,1
USR000198,Champions,2024-12-23,9,18,1930000.0,19170,Platinum,GrabExpress|GrabFood,2,Jakarta,0
USR007928,Promising,2024-12-16,16,5,235000.0,2696,Silver,GrabFood|GrabCar|GrabMart,3,Jakarta,0
USR007076,Promising,2024-12-28,4,4,152000.0,1263,Member,GrabFood|GrabCar,2,Bekasi,0
USR009284,Hibernating,2024-01-29,338,0,3000.0,35,Member,GrabMart|GrabCar|GrabFood,3,Surabaya,1
USR001097,Champions,2024-12-27,5,18,1963000.0,19029,Platinum,GrabExpress|GrabCar|GrabFood,3,Bandung,0
USR000548,Champions,2024-12-28,4,16,1284000.0,13115,Gold,GrabFood,1,Jakarta,0
USR006908,Promising,2024-12-16,16,5,155000.0,1652,Member,GrabMart,1,Bekasi,0
USR008229,Hibernating,2024-02-10,326,0,3000.0,28,Member,GrabExpress|GrabFood|GrabMart|GrabBike,4,Jakarta,1
USR004706,At_Risk,2024-11-01,61,4,176000.0,1646,Member,GrabExpress,1,Bekasi,0
USR006912,Promising,2024-12-23,9,4,125000.0,1156,Member,GrabFood|GrabCar|GrabBike,3,Jakarta,0
USR003369,Loyal,2024-12-20,12,11,311000.0,3633,Silver,GrabExpress|GrabMart|GrabBike|GrabFood,4,Jakarta,0
USR007583,Promising,2024-12-12,20,6,226000.0,2544,Silver,GrabBike|GrabFood,2,Medan,1
USR002532,Loyal,2024-12-20,12,14,410000.0,4486,Silver,GrabExpress|GrabBike,2,Bandung,0
USR004055,At_Risk,2024-10-11,82,4,195000.0,1679,Member,GrabFood|GrabCar,2,Medan,1
USR002314,Loyal,2024-12-07,25,14,477000.0,4553,Silver,GrabMart|GrabFood|GrabCar|GrabExpress,4,Jakarta,1
USR006653,Promising,2024-12-19,13,5,93000.0,1059,Member,GrabMart,1,Bekasi,0
USR006885,Promising,2024-12-15,17,7,84000.0,911,Member,GrabFood,1,Jakarta,0
USR005937,At_Risk,2024-11-02,60,5,170000.0,1595,Member,GrabCar,1,Bandung,0
USR002815,Loyal,2024-12-13,19,11,321000.0,2860,Silver,GrabExpress,1,Bekasi,0
USR003437,Loyal,2024-12-06,26,13,367000.0,4167,Silver,GrabExpress,1,Bandung,0
USR003880,Loyal,2024-12-18,14,8,448000.0,4020,Silver,GrabExpress,1,Jakarta,0
USR004157,At_Risk,2024-11-01,61,2,137000.0,1621,Member,GrabCar|GrabMart,2,Surabaya,1
USR000066,Champions,2024-12-21,11,26,1790000.0,21161,Platinum,GrabExpress|GrabCar|GrabMart,3,Bekasi,0
USR007866,Promising,2024-12-16,16,4,110000.0,990,Member,GrabExpress,1,Jakarta,0
USR000616,Champions,2024-12-20,12,20,1529000.0,15281,Platinum,GrabMart|GrabFood,2,Jakarta,0
USR001118,Champions,2024-12-22,10,15,1632000.0,13881,Platinum,GrabMart|GrabFood|GrabCar,3,Jakarta,0
USR003260,Loyal,2024-12-13,19,8,313000.0,3140,Silver,GrabCar|GrabFood|GrabExpress,3,Medan,0
USR003401,Loyal,2024-12-11,21,11,705000.0,8053,Gold,GrabFood,1,Jakarta,0
USR003692,Loyal,2024-12-20,12,10,356000.0,3729,Silver,GrabCar,1,Surabaya,0
USR000937,Champions,2024-12-30,2,25,2036000.0,19314,Platinum,GrabBike|GrabFood|GrabCar,3,Bekasi,0
USR006604,Promising,2024-12-22,10,3,98000.0,868,Member,GrabCar|GrabFood,2,Bandung,0
USR002572,Loyal,2024-12-05,27,9,473000.0,5610,Silver,GrabFood,1,Surabaya,0
USR007536,Promising,2024-12-19,13,5,96000.0,1126,Member,GrabExpress,1,Bandung,0
USR006324,Promising,2024-12-25,7,6,164000.0,1321,Member,GrabExpress|GrabMart|GrabCar,3,Bekasi,0
USR000622,Champions,2024-12-29,3,15,1917000.0,20114,Platinum,GrabExpress|GrabCar|GrabFood,3,Jakarta,0
USR001681,Loyal,2024-12-12,20,11,732000.0,8578,Gold,GrabMart|GrabExpress|GrabBike,3,Surabaya,1
USR002126,Loyal,2024-12-24,8,10,368000.0,4198,Silver,GrabExpress|GrabCar,2,Bekasi,0
USR000787,Champions,2024-12-30,2,27,1671000.0,16575,Platinum,GrabExpress|GrabBike|GrabMart|GrabFood,4,Bekasi,0
USR003332,Loyal,2024-12-09,23,10,389000.0,3392,Silver,GrabCar|GrabFood|GrabMart,3,Surabaya,0
USR007236,Promising,2024-12-22,10,5,120000.0,1395,Member,GrabMart|GrabExpress|GrabFood,3,Bekasi,0
USR001092,Champions,2024-12-24,8,24,1351000.0,15803,Gold,GrabFood|GrabMart|GrabCar,3,Bekasi,0
USR009103,Hibernating,2024-07-02,183,0,50000.0,531,Member,GrabCar,1,Surabaya,1
USR005020,At_Risk,2024-11-13,49,4,269000.0,2400,Silver,GrabExpress|GrabFood,2,Jakarta,0
USR009353,Hibernating,2024-03-29,278,0,42000.0,373,Member,GrabExpress,1,Bekasi,1
USR005944,At_Risk,2024-11-11,51,4,165000.0,1750,Member,GrabExpress|GrabBike|GrabMart|GrabFood,4,Medan,0
USR003280,Loyal,2024-12-13,19,13,361000.0,4288,Silver,GrabFood|GrabMart,2,Jakarta,0
USR008186,Hibernating,2024-05-16,230,0,54000.0,432,Member,GrabFood|GrabExpress,2,Jakarta,1
USR002201,Loyal,2024-12-08,24,12,401000.0,4107,Silver,GrabExpress|GrabFood|GrabBike,3,Medan,1
USR001160,Champions,2024-12-24,8,24,1481000.0,14440,Gold,GrabCar|GrabExpress,2,Jakarta,0
USR005581,At_Risk,2024-10-28,65,2,104000.0,1045,Member,GrabExpress,1,Medan,0
USR003592,Loyal,2024-12-17,15,11,797000.0,9269,Gold,GrabBike|GrabFood,2,Jakarta,0
USR003952,Loyal,2024-12-11,21,14,367000.0,3431,Silver,GrabBike|GrabFood,2,Jakarta,0
USR009691,Hibernating,2024-09-30,93,0,43000.0,359,Member,GrabFood|GrabCar,2,Surabaya,1
USR006247,Promising,2024-12-29,3,3,213000.0,2068,Silver,GrabBike|GrabCar,2,Jakarta,0
USR004153,At_Risk,2024-11-11,51,5,306000.0,3311,Silver,GrabCar,1,Bekasi,0
USR000478,Champions,2024-12-24,8,24,1173000.0,13418,Gold,GrabFood|GrabBike|GrabCar|GrabMart,4,Bandung,0
USR001352,Champions,2024-12-19,13,19,2330000.0,18787,Platinum,GrabCar|GrabFood|GrabMart|GrabBike,4,Jakarta,0
USR004309,At_Risk,2024-10-30,63,3,240000.0,2338,Silver,GrabBike,1,Jakarta,1
USR005698,At_Risk,2024-10-27,66,5,350000.0,2995,Silver,GrabExpress|GrabCar,2,Bandung,0
USR002647,Loyal,2024-12-16,16,12,650000.0,6259,Gold,GrabCar|GrabMart|GrabExpress,3,Medan,0
USR008460,Hibernating,2024-03-04,303,0,59000.0,575,Member,GrabCar|GrabExpress|GrabMart,3,Medan,1
USR008198,Hibernating,2024-04-11,265,0,77000.0,845,Member,GrabMart|GrabCar,2,Bekasi,0
USR007689,Promising,2024-12-29,3,3,128000.0,1235,Member,GrabMart|GrabBike,2,Jakarta,0
USR009257,Hibernating,2024-04-30,246,0,12000.0,103,Member,GrabFood|GrabBike,2,Jakarta,1
USR002589,Loyal,2024-12-13,19,8,427000.0,4455,Silver,GrabCar|GrabMart,2,Jakarta,0
USR001033,Champions,2024-12-20,12,22,967000.0,8786,Gold,GrabCar|GrabBike|GrabExpress|GrabMart,4,Jakarta,0
USR004686,At_Risk,2024-11-03,59,2,277000.0,2693,Silver,GrabExpress|GrabCar|GrabFood,3,Jakarta,1
USR005011,At_Risk,2024-11-16,46,2,227000.0,2510,Silver,GrabFood,1,Bandung,0
USR002598,Loyal,2024-12-03,29,10,745000.0,8698,Gold,GrabFood,1,Jakarta,0
USR005819,At_Risk,2024-10-11,82,4,265000.0,2629,Silver,GrabFood|GrabMart|GrabBike,3,Surabaya,0
USR004608,At_Risk,2024-10-06,87,5,310000.0,3052,Silver,GrabMart|GrabExpress|GrabBike,3,Bekasi,0
USR008470,Hibernating,2024-03-13,294,0,79000.0,826,Member,GrabFood|GrabExpress,2,Jakarta,1
USR009040,Hibernating,2024-08-18,136,0,59000.0,681,Member,GrabExpress|GrabBike|GrabMart,3,Jakarta,1
USR007450,Promising,2024-12-13,19,5,82000.0,917,Member,GrabMart,1,Jakarta,0
USR004671,At_Risk,2024-10-07,86,3,106000.0,920,Member,GrabMart,1,Jakarta,0
USR005583,At_Risk,2024-10-15,78,4,144000.0,1330,Member,GrabMart|GrabExpress,2,Medan,1
USR003717,Loyal,2024-12-19,13,12,774000.0,7029,Gold,GrabExpress|GrabCar,2,Jakarta,0
USR009327,Hibernating,2024-04-18,258,0,28000.0,232,Member,GrabCar|GrabExpress,2,Jakarta,0
USR003928,Loyal,2024-12-22,10,12,467000.0,4672,Silver,GrabMart|GrabExpress|GrabBike,3,Bekasi,0
USR003617,Loyal,2024-12-21,11,8,614000.0,6703,Gold,GrabFood,1,Bekasi,0
USR001425,Champions,2024-12-26,6,19,1698000.0,14323,Platinum,GrabBike|GrabFood|GrabExpress|GrabCar,4,Jakarta,0
USR009378,Hibernating,2024-07-27,158,0,47000.0,448,Member,GrabExpress|GrabFood,2,Jakarta,0
USR002919,Loyal,2024-12-18,14,14,556000.0,6116,Silver,GrabExpress,1,Jakarta,0
USR003819,Loyal,2024-12-17,15,8,492000.0,4316,Silver,GrabFood|GrabBike,2,Jakarta,0
USR001871,Loyal,2024-12-24,8,8,784000.0,8604,Gold,GrabExpress,1,Surabaya,0
USR005487,At_Risk,2024-10-11,82,3,228000.0,2029,Silver,GrabCar,1,Bandung,0
USR000480,Champions,2024-12-28,4,29,1592000.0,16947,Platinum,GrabCar|GrabBike|GrabExpress|GrabMart,4,Bandung,0
USR005972,At_Risk,2024-10-06,87,5,229000.0,2480,Silver,GrabExpress|GrabFood|GrabBike,3,Surabaya,1
USR009600,Hibernating,2024-07-31,154,0,13000.0,109,Member,GrabBike|GrabCar|GrabMart,3,Bandung,1
USR002888,Loyal,2024-12-12,20,12,356000.0,3996,Silver,GrabCar|GrabExpress|GrabMart,3,Jakarta,0
USR006686,Promising,2024-12-14,18,6,195000.0,2303,Member,GrabExpress|GrabFood,2,Jakarta,0
USR006315,Promising,2024-12-28,4,3,166000.0,1758,Member,GrabCar|GrabExpress,2,Bandung,0
USR000527,Champions,2024-12-28,4,28,2062000.0,17432,Platinum,GrabCar|GrabBike|GrabMart,3,Jakarta,0
USR004129,At_Risk,2024-10-26,67,4,254000.0,2899,Silver,GrabCar|GrabExpress|GrabBike,3,Jakarta,0
USR000722,Champions,2024-12-21,11,22,1626000.0,15296,Platinum,GrabExpress|GrabCar,2,Bekasi,0
USR005120,At_Risk,2024-10-18,75,5,148000.0,1547,Member,GrabMart|GrabFood,2,Bekasi,1
USR004722,At_Risk,2024-11-14,48,4,139000.0,1640,Member,GrabCar|GrabFood|GrabMart|GrabExpress,4,Bandung,1
USR000220,Champions,2024-12-29,3,28,1669000.0,14379,Platinum,GrabExpress|GrabBike|GrabCar,3,Jakarta,0
USR009188,Hibernating,2024-01-11,356,0,32000.0,263,Member,GrabBike|GrabMart,2,Surabaya,0
USR001935,Loyal,2024-12-19,13,10,351000.0,3617,Silver,GrabExpress,1,Surabaya,0
USR000344,Champions,2024-12-20,12,17,1541000.0,12426,Platinum,GrabCar|GrabBike,2,Bekasi,0
USR008332,Hibernating,2024-07-12,173,0,24000.0,222,Member,GrabExpress|GrabBike,2,Surabaya,1
USR009674,Hibernating,2024-04-30,246,0,10000.0,112,Member,GrabBike|GrabFood|GrabCar|GrabExpress,4,Surabaya,1
USR004483,At_Risk,2024-11-04,58,3,280000.0,2502,Silver,GrabFood,1,Bekasi,1
USR009706,Hibernating,2024-09-14,109,0,64000.0,537,Member,GrabBike|GrabExpress,2,Bekasi,0
USR008486,Hibernating,2024-06-16,199,0,8000.0,80,Member,GrabMart|GrabFood|GrabCar|GrabExpress,4,Surabaya,0
USR009216,Hibernating,2024-06-11,204,0,28000.0,293,Member,GrabExpress,1,Jakarta,1
USR006903,Promising,2024-12-12,20,5,197000.0,1621,Member,GrabFood,1,Jakarta,1
USR009154,Hibernating,2024-07-15,170,0,20000.0,209,Member,GrabExpress|GrabCar,2,Jakarta,1
USR005960,At_Risk,2024-11-08,54,3,273000.0,2289,Silver,GrabBike,1,Bandung,1
USR007034,Promising,2024-12-13,19,6,188000.0,1773,Member,GrabCar,1,Bekasi,0
USR006051,Promising,2024-12-17,15,4,226000.0,2163,Silver,GrabFood,1,Jakarta,1
USR002391,Loyal,2024-12-25,7,9,516000.0,6072,Silver,GrabExpress|GrabCar,2,Jakarta,0
USR007181,Promising,2024-12-23,9,3,163000.0,1921,Member,GrabBike|GrabExpress,2,Medan,0
USR004328,At_Risk,2024-10-06,87,2,325000.0,2864,Silver,GrabBike,1,Surabaya,1
USR006452,Promising,2024-12-21,11,7,123000.0,1327,Member,GrabExpress,1,Jakarta,0
USR001983,Loyal,2024-12-06,26,9,328000.0,3663,Silver,GrabCar|GrabFood|GrabMart,3,Jakarta,0
USR008246,Hibernating,2024-04-22,254,0,45000.0,392,Member,GrabExpress|GrabMart,2,Jakarta,1
USR001554,Loyal,2024-12-10,22,8,750000.0,6464,Gold,GrabCar,1,Bandung,0
USR004850,At_Risk,2024-10-09,84,2,323000.0,2675,Silver,GrabCar|GrabExpress|GrabBike,3,Bekasi,1
USR009095,Hibernating,2024-04-06,270,0,12000.0,134,Member,GrabCar|GrabExpress|GrabMart,3,Jakarta,1
USR009922,Hibernating,2024-02-24,312,0,9000.0,102,Member,GrabFood|GrabExpress,2,Bekasi,1
USR007532,Promising,2024-12-16,16,7,219000.0,2153,Silver,GrabFood|GrabMart,2,Jakarta,0
USR006853,Promising,2024-12-21,11,3,202000.0,2256,Silver,GrabExpress,1,Jakarta,0
USR004641,At_Risk,2024-10-22,71,5,227000.0,2436,Silver,GrabMart,1,Bandung,0
USR002881,Loyal,2024-12-08,24,10,716000.0,7355,Gold,GrabFood,1,Surabaya,0
USR001677,Loyal,2024-12-23,9,12,794000.0,6483,Gold,GrabCar,1,Bandung,0
USR004885,At_Risk,2024-11-12,50,4,336000.0,3311,Silver,GrabCar|GrabBike|GrabFood,3,Jakarta,1
USR001964,Loyal,2024-12-06,26,9,800000.0,7128,Gold,GrabBike,1,Bandung,0
USR000901,Champions,2024-12-25,7,29,1688000.0,17298,Platinum,GrabFood|GrabExpress|GrabBike,3,Jakarta,0
USR007130,Promising,2024-12-24,8,7,137000.0,1429,Member,GrabFood|GrabExpress,2,Surabaya,0
USR003068,Loyal,2024-12-08,24,11,719000.0,8610,Gold,GrabBike|GrabExpress,2,Jakarta,0
USR002296,Loyal,2024-12-08,24,10,415000.0,3917,Silver,GrabCar|GrabBike,2,Bandung,0
USR006237,Promising,2024-12-16,16,7,226000.0,2023,Silver,GrabBike|GrabFood,2,Bandung,0
USR005862,At_Risk,2024-10-20,73,4,289000.0,2751,Silver,GrabExpress,1,Jakarta,0
USR000296,Champions,2024-12-25,7,21,2492000.0,29901,Platinum,GrabCar|GrabExpress,2,Medan,0
USR008778,Hibernating,2024-07-17,168,0,2000.0,20,Member,GrabCar|GrabFood,2,Bandung,1
USR000057,Champions,2024-12-28,4,16,1691000.0,17235,Platinum,GrabCar|GrabBike,2,Surabaya,0
USR007242,Promising,2024-12-16,16,4,143000.0,1661,Member,GrabBike,1,Jakarta,0
USR004385,At_Risk,2024-10-06,87,4,225000.0,2315,Silver,GrabMart|GrabBike|GrabFood,3,Jakarta,0
USR002984,Loyal,2024-12-14,18,11,622000.0,5444,Gold,GrabMart,1,Surabaya,1
USR000027,Champions,2024-12-23,9,18,1453000.0,14816,Gold,GrabFood|GrabBike,2,Jakarta,0
USR004407,At_Risk,2024-10-31,62,5,330000.0,3806,Silver,GrabExpress,1,Bandung,1
USR009877,Hibernating,2024-04-05,271,0,28000.0,335,Member,GrabFood|GrabCar|GrabExpress,3,Bandung,1
USR002676,Loyal,2024-12-03,29,9,550000.0,6405,Silver,GrabCar|GrabMart|GrabFood,3,Bekasi,0
USR008545,Hibernating,2024-01-05,362,0,60000.0,574,Member,GrabMart|GrabBike|GrabExpress,3,Bandung,1
USR005262,At_Risk,2024-10-12,81,5,166000.0,1805,Member,GrabExpress,1,Medan,0
USR005841,At_Risk,2024-10-14,79,4,190000.0,2257,Member,GrabCar|GrabExpress,2,Bandung,1
USR007021,Promising,2024-12-14,18,4,103000.0,831,Member,GrabCar,1,Bandung,0
USR003248,Loyal,2024-12-04,28,9,800000.0,7813,Gold,GrabCar,1,Jakarta,0
USR005667,At_Risk,2024-11-16,46,5,299000.0,2746,Silver,GrabCar|GrabMart|GrabExpress,3,Medan,0
USR003884,Loyal,2024-12-08,24,13,678000.0,6852,Gold,GrabBike,1,Medan,0
USR007663,Promising,2024-12-14,18,5,160000.0,1420,Member,GrabExpress|GrabMart|GrabBike|GrabCar,4,Jakarta,0
USR000295,Champions,2024-12-29,3,22,1052000.0,9568,Gold,GrabBike|GrabExpress,2,Jakarta,0
USR003161,Loyal,2024-12-20,12,11,358000.0,4295,Silver,GrabFood|GrabBike|GrabMart,3,Medan,0
USR002580,Loyal,2024-12-05,27,14,715000.0,6678,Gold,GrabMart|GrabCar|GrabFood,3,Jakarta,0
USR003870,Loyal,2024-12-07,25,10,606000.0,6860,Gold,GrabFood|GrabCar|GrabExpress,3,Jakarta,0
USR009210,Hibernating,2024-02-28,308,0,73000.0,608,Member,GrabBike|GrabExpress,2,Medan,1
USR004404,At_Risk,2024-10-16,77,5,158000.0,1405,Member,GrabMart,1,Jakarta,0
USR006952,Promising,2024-12-18,14,5,238000.0,2080,Silver,GrabBike|GrabFood|GrabExpress,3,Bekasi,1
USR000648,Champions,2024-12-20,12,17,2078000.0,17176,Platinum,GrabCar|GrabBike,2,Bandung,0
USR001370,Champions,2024-12-26,6,28,809000.0,7922,Gold,GrabBike|GrabCar,2,Medan,0
USR009855,Hibernating,2024-06-14,201,0,64000.0,629,Member,GrabExpress,1,Jakarta,1
USR006992,Promising,2024-12-17,15,3,172000.0,1602,Member,GrabBike,1,Bekasi,0
USR005532,At_Risk,2024-11-12,50,3,289000.0,2556,Silver,GrabExpress|GrabCar|GrabMart,3,Jakarta,0
USR009620,Hibernating,2024-05-26,220,0,27000.0,307,Member,GrabExpress|GrabCar|GrabFood,3,Surabaya,1
USR005708,At_Risk,2024-10-29,64,3,184000.0,1569,Member,GrabBike|GrabCar,2,Jakarta,0
USR004209,At_Risk,2024-11-13,49,2,337000.0,2707,Silver,GrabCar|GrabExpress|GrabBike,3,Medan,1
USR000681,Champions,2024-12-20,12,21,1119000.0,11149,Gold,GrabCar|GrabExpress|GrabFood,3,Jakarta,0
USR000434,Champions,2024-12-22,10,19,1242000.0,13502,Gold,GrabCar|GrabBike,2,Medan,0
USR009309,Hibernating,2024-06-14,201,0,15000.0,164,Member,GrabExpress|GrabCar,2,Bandung,1
USR004824,At_Risk,2024-10-13,80,5,202000.0,1982,Silver,GrabCar,1,Jakarta,0
USR009761,Hibernating,2024-09-08,115,0,20000.0,237,Member,GrabBike|GrabFood|GrabExpress,3,Surabaya,1
USR003159,Loyal,2024-12-08,24,14,625000.0,6132,Gold,GrabMart,1,Bandung,1
USR001489,Champions,2024-12-25,7,25,2235000.0,24963,Platinum,GrabFood|GrabCar|GrabBike,3,Bandung,0
USR002987,Loyal,2024-12-17,15,12,728000.0,5952,Gold,GrabBike,1,Bekasi,0
USR000812,Champions,2024-12-23,9,23,1145000.0,13502,Gold,GrabExpress|GrabMart|GrabBike,3,Jakarta,0
USR001882,Loyal,2024-12-07,25,11,623000.0,6346,Gold,GrabMart|GrabBike,2,Surabaya,0
USR009267,Hibernating,2024-06-22,193,0,29000.0,249,Member,GrabFood,1,Jakarta,1
USR004936,At_Risk,2024-10-19,74,5,221000.0,2484,Silver,GrabExpress|GrabMart,2,Surabaya,0
USR009935,Hibernating,2024-03-02,305,0,31000.0,297,Member,GrabMart|GrabCar,2,Jakarta,1
USR001940,Loyal,2024-12-24,8,14,301000.0,2560,Silver,GrabExpress|GrabCar,2,Bekasi,0
USR003296,Loyal,2024-12-06,26,14,403000.0,4597,Silver,GrabMart|GrabFood|GrabBike|GrabExpress,4,Medan,0
USR003534,Loyal,2024-12-08,24,12,792000.0,7058,Gold,GrabBike|GrabFood,2,Bekasi,0
USR004525,At_Risk,2024-10-26,67,5,130000.0,1356,Member,GrabBike|GrabFood,2,Surabaya,0
USR003729,Loyal,2024-12-21,11,14,694000.0,8311,Gold,GrabMart|GrabBike,2,Bekasi,0
USR007015,Promising,2024-12-29,3,3,137000.0,1106,Member,GrabExpress,1,Jakarta,0
USR001612,Loyal,2024-12-04,28,13,786000.0,7680,Gold,GrabBike|GrabExpress,2,Jakarta,0
USR001181,Champions,2024-12-25,7,29,1088000.0,10407,Gold,GrabExpress|GrabMart|GrabFood,3,Jakarta,0
USR001375,Champions,2024-12-22,10,25,1675000.0,15432,Platinum,GrabBike|GrabCar|GrabFood|GrabExpress,4,Jakarta,0
USR009224,Hibernating,2024-09-22,101,0,21000.0,202,Member,GrabMart,1,Medan,1
USR003946,Loyal,2024-12-10,22,9,512000.0,5428,Silver,GrabMart|GrabExpress,2,Jakarta,0
USR007210,Promising,2024-12-27,5,6,122000.0,1419,Member,GrabBike,1,Jakarta,0
USR005211,At_Risk,2024-11-10,52,3,113000.0,1052,Member,GrabFood|GrabCar|GrabMart|GrabExpress,4,Medan,1
USR000063,Champions,2024-12-21,11,27,1599000.0,15878,Platinum,GrabMart|GrabExpress|GrabBike,3,Bandung,0
USR000626,Champions,2024-12-20,12,27,2131000.0,21497,Platinum,GrabBike|GrabFood|GrabMart|GrabCar,4,Jakarta,0
USR004421,At_Risk,2024-11-09,53,3,326000.0,3040,Silver,GrabExpress,1,Bandung,1
USR001669,Loyal,2024-12-19,13,11,606000.0,5748,Gold,GrabMart,1,Jakarta,0
USR002112,Loyal,2024-12-23,9,8,599000.0,5654,Silver,GrabMart,1,Surabaya,0
USR005804,At_Risk,2024-10-06,87,2,233000.0,2581,Silver,GrabBike|GrabMart,2,Surabaya,1
USR009763,Hibernating,2024-01-12,355,0,56000.0,529,Member,GrabMart|GrabExpress|GrabCar,3,Surabaya,1
USR004032,At_Risk,2024-10-31,62,2,281000.0,2485,Silver,GrabFood,1,Medan,1
USR006545,Promising,2024-12-28,4,4,146000.0,1304,Member,GrabBike|GrabMart,2,Surabaya,1
USR007948,Promising,2024-12-17,15,3,127000.0,1205,Member,GrabExpress|GrabBike,2,Bekasi,0
USR000084,Champions,2024-12-29,3,23,807000.0,9231,Gold,GrabCar|GrabFood,2,Jakarta,0
USR009180,Hibernating,2024-02-17,319,0,41000.0,433,Member,GrabCar|GrabExpress,2,Bekasi,1
USR001462,Champions,2024-12-19,13,27,2076000.0,24737,Platinum,GrabCar|GrabMart,2,Jakarta,0
USR002283,Loyal,2024-12-12,20,8,362000.0,3176,Silver,GrabMart,1,Jakarta,0
USR002887,Loyal,2024-12-23,9,13,534000.0,4722,Silver,GrabCar|GrabExpress|GrabMart|GrabBike,4,Bekasi,0
USR005834,At_Risk,2024-10-17,76,5,120000.0,1039,Member,GrabFood,1,Jakarta,1
USR000684,Champions,2024-12-21,11,29,1247000.0,13336,Gold,GrabMart|GrabFood,2,Bandung,0
USR004469,At_Risk,2024-10-27,66,2,249000.0,2368,Silver,GrabCar|GrabFood,2,Surabaya,0
USR000418,Champions,2024-12-24,8,27,1771000.0,17901,Platinum,GrabCar|GrabExpress|GrabBike,3,Jakarta,0
USR005228,At_Risk,2024-11-03,59,2,128000.0,1050,Member,GrabExpress|GrabFood|GrabCar|GrabMart,4,Bekasi,0
USR004253,At_Risk,2024-11-10,52,4,271000.0,2874,Silver,GrabBike,1,Bekasi,1
USR002709,Loyal,2024-12-12,20,8,429000.0,4551,Silver,GrabCar|GrabFood,2,Surabaya,0
USR002357,Loyal,2024-12-15,17,8,350000.0,2856,Silver,GrabExpress,1,Surabaya,0
USR008059,Hibernating,2024-04-25,251,0,52000.0,566,Member,GrabMart|GrabFood,2,Jakarta,1
USR001366,Champions,2024-12-19,13,27,2260000.0,22393,Platinum,GrabMart|GrabFood,2,Bekasi,0
USR006277,Promising,2024-12-28,4,7,133000.0,1215,Member,GrabMart,1,Medan,0
USR003916,Loyal,2024-12-12,20,9,391000.0,3511,Silver,GrabCar|GrabExpress,2,Jakarta,1
USR000293,Champions,2024-12-24,8,20,2389000.0,26994,Platinum,GrabFood|GrabMart|GrabCar,3,Jakarta,0
USR002639,Loyal,2024-12-22,10,11,673000.0,7660,Gold,GrabExpress|GrabCar,2,Jakarta,0
USR009458,Hibernating,2024-04-09,267,0,20000.0,162,Member,GrabBike,1,Jakarta,1
USR001506,Loyal,2024-12-04,28,11,458000.0,4177,Silver,GrabFood|GrabCar|GrabExpress,3,Jakarta,0
USR009037,Hibernating,2024-02-18,318,0,24000.0,282,Member,GrabFood|GrabCar|GrabMart|GrabBike,4,Jakarta,1
USR007393,Promising,2024-12-14,18,5,112000.0,1143,Member,GrabBike|GrabExpress,2,Medan,1
USR001634,Loyal,2024-12-04,28,11,379000.0,3904,Silver,GrabCar|GrabBike,2,Jakarta,0
USR002457,Loyal,2024-12-04,28,10,471000.0,5473,Silver,GrabBike,1,Bandung,0
USR009891,Hibernating,2024-01-30,337,0,49000.0,565,Member,GrabMart|GrabFood|GrabBike,3,Bandung,1
USR005558,At_Risk,2024-10-25,68,2,285000.0,2728,Silver,GrabFood,1,Medan,1
USR009751,Hibernating,2024-05-20,226,0,43000.0,416,Member,GrabMart,1,Bandung,0
USR002300,Loyal,2024-12-12,20,11,759000.0,7251,Gold,GrabExpress,1,Jakarta,0
USR004537,At_Risk,2024-11-13,49,3,295000.0,2710,Silver,GrabExpress|GrabCar|GrabMart,3,Jakarta,1
USR002938,Loyal,2024-12-12,20,12,482000.0,4331,Silver,GrabFood|GrabBike,2,Medan,0
USR001563,Loyal,2024-12-04,28,14,661000.0,5490,Gold,GrabFood|GrabMart|GrabCar,3,Bekasi,0
USR005689,At_Risk,2024-10-12,81,2,221000.0,1774,Silver,GrabBike,1,Surabaya,1
USR008658,Hibernating,2024-03-27,280,0,70000.0,776,Member,GrabBike,1,Jakarta,1
USR007517,Promising,2024-12-28,4,3,205000.0,2379,Silver,GrabFood|GrabCar|GrabBike|GrabExpress,4,Jakarta,0
USR001979,Loyal,2024-12-15,17,8,734000.0,8326,Gold,GrabMart|GrabFood,2,Surabaya,0
USR001883,Loyal,2024-12-14,18,8,663000.0,5668,Gold,GrabCar|GrabExpress,2,Bekasi,0
USR003803,Loyal,2024-12-16,16,9,334000.0,3844,Silver,GrabCar,1,Surabaya,0
USR000438,Champions,2024-12-25,7,25,1544000.0,13168,Platinum,GrabBike|GrabCar|GrabFood,3,Jakarta,0
USR004635,At_Risk,2024-10-05,88,3,210000.0,2483,Silver,GrabCar,1,Jakarta,0
USR004528,At_Risk,2024-11-11,51,3,308000.0,3003,Silver,GrabMart|GrabBike,2,Bekasi,1
USR004332,At_Risk,2024-11-06,56,5,321000.0,3057,Silver,GrabExpress,1,Bandung,1
USR003573,Loyal,2024-12-21,11,13,790000.0,6421,Gold,GrabMart|GrabBike,2,Jakarta,0
USR008741,Hibernating,2024-01-27,340,0,14000.0,125,Member,GrabExpress|GrabMart,2,Bandung,0
USR008911,Hibernating,2024-02-18,318,0,46000.0,532,Member,GrabExpress|GrabFood|GrabBike,3,Jakarta,1
USR004817,At_Risk,2024-11-17,45,3,337000.0,3754,Silver,GrabMart|GrabExpress|GrabFood|GrabBike,4,Jakarta,1
USR006435,Promising,2024-12-29,3,6,112000.0,1279,Member,GrabMart,1,Bandung,0
USR002986,Loyal,2024-12-07,25,10,463000.0,4970,Silver,GrabFood|GrabCar,2,Bekasi,0
USR007838,Promising,2024-12-24,8,6,94000.0,799,Member,GrabCar|GrabExpress,2,Surabaya,0
USR000704,Champions,2024-12-29,3,23,1954000.0,16465,Platinum,GrabFood|GrabMart|GrabCar,3,Jakarta,0
USR002280,Loyal,2024-12-13,19,9,388000.0,4627,Silver,GrabExpress,1,Jakarta,0
USR008734,Hibernating,2024-04-16,260,0,38000.0,419,Member,GrabExpress|GrabBike,2,Jakarta,1
USR004147,At_Risk,2024-10-18,75,3,136000.0,1606,Member,GrabCar,1,Surabaya,1
USR005412,At_Risk,2024-11-08,54,4,215000.0,2023,Silver,GrabMart|GrabBike|GrabCar,3,Bekasi,0
USR000373,Champions,2024-12-24,8,15,1439000.0,16419,Gold,GrabFood|GrabCar,2,Jakarta,0
USR006405,Promising,2024-12-16,16,7,106000.0,1246,Member,GrabCar,1,Jakarta,1
USR009223,Hibernating,2024-05-19,227,0,2000.0,19,Member,GrabCar|GrabFood|GrabExpress,3,Jakarta,1
USR002585,Loyal,2024-12-10,22,10,350000.0,3300,Silver,GrabExpress,1,Medan,0
USR001332,Champions,2024-12-25,7,23,1224000.0,12918,Gold,GrabFood|GrabMart,2,Bandung,0
USR009572,Hibernating,2024-07-08,177,0,36000.0,388,Member,GrabMart|GrabFood,2,Jakarta,1
USR005282,At_Risk,2024-11-05,57,3,204000.0,2191,Silver,GrabExpress|GrabFood|GrabMart,3,Jakarta,0
USR009131,Hibernating,2024-02-22,314,0,69000.0,690,Member,GrabFood,1,Surabaya,1
USR008315,Hibernating,2024-06-06,209,0,70000.0,737,Member,GrabExpress|GrabBike,2,Jakarta,1
USR009809,Hibernating,2024-02-20,316,0,22000.0,216,Member,GrabCar|GrabFood|GrabMart,3,Bandung,0
USR001784,Loyal,2024-12-09,23,11,727000.0,8572,Gold,GrabMart|GrabBike|GrabExpress|GrabFood,4,Bandung,0
USR003182,Loyal,2024-12-22,10,8,653000.0,6193,Gold,GrabBike|GrabCar|GrabExpress,3,Bekasi,0
USR000494,Champions,2024-12-29,3,17,2184000.0,21653,Platinum,GrabCar|GrabExpress,2,Jakarta,0
USR007363,Promising,2024-12-18,14,4,123000.0,1269,Member,GrabFood,1,Jakarta,0
USR002860,Loyal,2024-12-10,22,8,308000.0,3654,Silver,GrabMart,1,Jakarta,0
USR007929,Promising,2024-12-23,9,4,163000.0,1623,Member,GrabBike|GrabExpress|GrabMart|GrabFood,4,Medan,0
USR004041,At_Risk,2024-10-23,70,2,183000.0,1533,Member,GrabCar|GrabBike|GrabFood|GrabExpress,4,Jakarta,1
USR007178,Promising,2024-12-19,13,6,122000.0,1020,Member,GrabCar,1,Bekasi,0
USR002897,Loyal,2024-12-20,12,8,620000.0,7270,Gold,GrabBike|GrabFood|GrabMart,3,Jakarta,0
USR000366,Champions,2024-12-28,4,25,2162000.0,25418,Platinum,GrabMart|GrabBike|GrabCar|GrabFood,4,Surabaya,0
USR000849,Champions,2024-12-31,1,28,2148000.0,17607,Platinum,GrabFood|GrabMart|GrabBike,3,Bekasi,0
USR007440,Promising,2024-12-23,9,4,149000.0,1609,Member,GrabFood|GrabExpress,2,Jakarta,0
USR009454,Hibernating,2024-09-12,111,0,71000.0,827,Member,GrabFood|GrabMart,2,Jakarta,1
USR004301,At_Risk,2024-10-16,77,4,107000.0,935,Member,GrabFood,1,Jakarta,0
USR002653,Loyal,2024-12-15,17,11,410000.0,3655,Silver,GrabExpress,1,Bekasi,0
USR003503,Loyal,2024-12-04,28,13,793000.0,9010,Gold,GrabMart,1,Jakarta,0
USR001541,Loyal,2024-12-12,20,11,457000.0,5197,Silver,GrabExpress|GrabCar,2,Surabaya,0
USR004165,At_Risk,2024-10-08,85,2,314000.0,3757,Silver,GrabExpress,1,Jakarta,1
USR008866,Hibernating,2024-04-21,255,0,20000.0,175,Member,GrabMart|GrabBike|GrabCar,3,Medan,1
USR000322,Champions,2024-12-27,5,21,948000.0,7651,Gold,GrabFood|GrabCar|GrabBike,3,Bandung,0
USR002031,Loyal,2024-12-16,16,13,381000.0,3801,Silver,GrabMart|GrabExpress|GrabBike,3,Medan,0
USR000813,Champions,2024-12-30,2,16,1020000.0,10901,Gold,GrabCar|GrabFood|GrabBike,3,Jakarta,0
USR008939,Hibernating,2024-02-22,314,0,80000.0,897,Member,GrabMart|GrabExpress|GrabFood,3,Bandung,1
USR009375,Hibernating,2024-02-21,315,0,51000.0,568,Member,GrabFood,1,Jakarta,1
USR001079,Champions,2024-12-19,13,26,1152000.0,13454,Gold,GrabCar|GrabMart,2,Bandung,0
USR002226,Loyal,2024-12-23,9,9,426000.0,5090,Silver,GrabFood,1,Jakarta,0
USR009136,Hibernating,2024-04-28,248,0,33000.0,309,Member,GrabCar|GrabBike,2,Bandung,1
USR009531,Hibernating,2024-01-11,356,0,7000.0,68,Member,GrabBike,1,Jakarta,1
USR002705,Loyal,2024-12-17,15,9,769000.0,9132,Gold,GrabCar,1,Bekasi,0
USR006824,Promising,2024-12-16,16,7,230000.0,2404,Silver,GrabCar|GrabFood,2,Jakarta,0
USR007556,Promising,2024-12-22,10,6,237000.0,2394,Silver,GrabCar|GrabMart,2,Jakarta,1
USR001164,Champions,2024-12-19,13,21,1020000.0,10054,Gold,GrabExpress|GrabCar|GrabBike|GrabFood,4,Jakarta,0
USR003261,Loyal,2024-12-15,17,14,488000.0,4131,Silver,GrabCar|GrabBike|GrabMart,3,Bandung,0
USR004687,At_Risk,2024-10-10,83,3,133000.0,1094,Member,GrabFood,1,Jakarta,0
USR001450,Champions,2024-12-22,10,27,1065000.0,11060,Gold,GrabExpress,1,Jakarta,0
USR003862,Loyal,2024-12-25,7,13,753000.0,8582,Gold,GrabExpress|GrabCar,2,Jakarta,0
USR006103,Promising,2024-12-24,8,3,95000.0,769,Member,GrabMart,1,Jakarta,0
USR009215,Hibernating,2024-01-27,340,0,41000.0,458,Member,GrabCar,1,Jakarta,1
USR007120,Promising,2024-12-14,18,5,145000.0,1607,Member,GrabBike|GrabExpress|GrabFood,3,Jakarta,0
USR006398,Promising,2024-12-21,11,5,241000.0,2096,Silver,GrabCar,1,Bandung,0
USR009588,Hibernating,2024-05-04,242,0,52000.0,419,Member,GrabMart|GrabCar,2,Bandung,1
USR006214,Promising,2024-12-26,6,5,188000.0,1842,Member,GrabFood|GrabBike,2,Jakarta,0
USR009645,Hibernating,2024-06-15,200,0,11000.0,123,Member,GrabBike,1,Jakarta,1
USR005336,At_Risk,2024-11-07,55,2,340000.0,2832,Silver,GrabFood,1,Jakarta,0
USR004056,At_Risk,2024-10-31,62,3,342000.0,3969,Silver,GrabBike|GrabExpress|GrabFood|GrabMart,4,Jakarta,1
USR009511,Hibernating,2024-06-05,210,0,4000.0,38,Member,GrabMart,1,Jakarta,1
USR002999,Loyal,2024-12-16,16,12,757000.0,6145,Gold,GrabExpress|GrabBike|GrabFood|GrabMart,4,Jakarta,0
USR009024,Hibernating,2024-08-11,143,0,5000.0,53,Member,GrabMart|GrabBike|GrabCar|GrabFood,4,Jakarta,1
USR001231,Champions,2024-12-19,13,18,1046000.0,12443,Gold,GrabBike|GrabFood,2,Jakarta,0
USR001514,Loyal,2024-12-15,17,11,542000.0,6103,Silver,GrabExpress,1,Bekasi,0
USR002313,Loyal,2024-12-10,22,9,641000.0,6400,Gold,GrabCar,1,Jakarta,0
USR001451,Champions,2024-12-19,13,27,1198000.0,9813,Gold,GrabMart|GrabBike|GrabExpress|GrabCar,4,Jakarta,0
USR005267,At_Risk,2024-10-16,77,2,198000.0,2364,Member,GrabFood|GrabMart,2,Surabaya,1
USR006131,Promising,2024-12-18,14,3,86000.0,900,Member,GrabMart|GrabExpress|GrabBike,3,Jakarta,0
USR008531,Hibernating,2024-07-19,166,0,41000.0,330,Member,GrabBike|GrabFood,2,Jakarta,1
USR006464,Promising,2024-12-29,3,3,166000.0,1814,Member,GrabFood,1,Bandung,1
USR000838,Champions,2024-12-29,3,22,823000.0,6609,Gold,GrabExpress|GrabCar|GrabFood,3,Medan,0
USR009915,Hibernating,2024-07-13,172,0,49000.0,497,Member,GrabMart|GrabExpress|GrabFood|GrabCar,4,Bandung,1
USR008261,Hibernating,2024-03-26,281,0,50000.0,468,Member,GrabBike,1,Bandung,1
USR006414,Promising,2024-12-22,10,6,198000.0,1817,Member,GrabCar,1,Bandung,0
USR008504,Hibernating,2024-04-12,264,0,69000.0,595,Member,GrabMart,1,Bandung,1
USR003567,Loyal,2024-12-12,20,10,689000.0,6477,Gold,GrabMart,1,Bekasi,0
USR009264,Hibernating,2024-08-18,136,0,42000.0,345,Member,GrabCar|GrabMart|GrabExpress,3,Bandung,0
USR003087,Loyal,2024-12-08,24,9,509000.0,5388,Silver,GrabMart,1,Jakarta,0
USR008643,Hibernating,2024-08-30,124,0,35000.0,281,Member,GrabExpress|GrabBike,2,Jakarta,1
USR001714,Loyal,2024-12-23,9,13,434000.0,3854,Silver,GrabFood,1,Medan,0
USR000339,Champions,2024-12-22,10,29,2213000.0,19159,Platinum,GrabFood|GrabExpress,2,Bekasi,0
USR009563,Hibernating,2024-09-06,117,0,1000.0,11,Member,GrabBike|GrabCar,2,Jakarta,0
USR005942,At_Risk,2024-10-09,84,3,320000.0,3692,Silver,GrabMart,1,Jakarta,1
USR009869,Hibernating,2024-07-07,178,0,31000.0,256,Member,GrabFood,1,Bekasi,1
USR008102,Hibernating,2024-07-23,162,0,37000.0,299,Member,GrabFood|GrabCar,2,Jakarta,1
USR008488,Hibernating,2024-01-07,360,0,45000.0,424,Member,GrabMart,1,Jakarta,1
USR000588,Champions,2024-12-25,7,19,1678000.0,17289,Platinum,GrabMart|GrabBike|GrabCar,3,Jakarta,0
USR003365,Loyal,2024-12-07,25,9,776000.0,8244,Gold,GrabFood|GrabExpress,2,Jakarta,1
USR002670,Loyal,2024-12-20,12,10,362000.0,3169,Silver,GrabCar|GrabBike|GrabMart,3,Bandung,0
USR003589,Loyal,2024-12-16,16,8,741000.0,6107,Gold,GrabMart|GrabBike|GrabFood,3,Jakarta,0
USR000034,Champions,2024-12-20,12,27,2021000.0,17009,Platinum,GrabCar|GrabBike,2,Jakarta,0
USR000028,Champions,2024-12-27,5,25,1627000.0,18904,Platinum,GrabCar|GrabBike,2,Surabaya,0
USR008553,Hibernating,2024-09-29,94,0,49000.0,521,Member,GrabBike|GrabMart|GrabExpress,3,Surabaya,1
USR008117,Hibernating,2024-05-27,219,0,54000.0,587,Member,GrabBike|GrabMart|GrabFood,3,Jakarta,1
USR002170,Loyal,2024-12-16,16,11,648000.0,5479,Gold,GrabBike|GrabFood,2,Bandung,0
USR008377,Hibernating,2024-08-22,132,0,18000.0,162,Member,GrabCar,1,Jakarta,1
USR005620,At_Risk,2024-10-28,65,4,187000.0,1954,Member,GrabBike|GrabMart,2,Medan,0
USR000889,Champions,2024-12-28,4,26,1294000.0,13020,Gold,GrabMart|GrabExpress|GrabCar,3,Jakarta,0
USR006489,Promising,2024-12-21,11,3,109000.0,1114,Member,GrabCar|GrabFood,2,Surabaya,0
USR003322,Loyal,2024-12-19,13,12,503000.0,4249,Silver,GrabExpress,1,Jakarta,1
USR009396,Hibernating,2024-03-08,299,0,36000.0,314,Member,GrabBike|GrabFood,2,Bandung,1
USR003514,Loyal,2024-12-06,26,8,570000.0,6676,Silver,GrabMart|GrabFood|GrabExpress,3,Jakarta,0
USR004420,At_Risk,2024-11-03,59,4,164000.0,1715,Member,GrabBike|GrabFood,2,Surabaya,0
USR008351,Hibernating,2024-04-09,267,0,72000.0,577,Member,GrabBike|GrabCar,2,Bandung,1
USR005361,At_Risk,2024-10-26,67,4,261000.0,2743,Silver,GrabExpress|GrabFood,2,Surabaya,1
USR003733,Loyal,2024-12-11,21,9,590000.0,5184,Silver,GrabFood,1,Jakarta,0
USR009463,Hibernating,2024-09-23,100,0,38000.0,354,Member,GrabFood,1,Jakarta,1
USR007081,Promising,2024-12-15,17,4,226000.0,2615,Silver,GrabExpress,1,Bekasi,0
USR001654,Loyal,2024-12-16,16,10,341000.0,3704,Silver,GrabBike,1,Surabaya,0
USR005032,At_Risk,2024-11-01,61,3,219000.0,1883,Silver,GrabMart|GrabBike,2,Bandung,1
USR000223,Champions,2024-12-26,6,28,850000.0,8841,Gold,GrabExpress|GrabMart|GrabCar,3,Bekasi,0
USR008625,Hibernating,2024-01-25,342,0,51000.0,542,Member,GrabCar,1,Medan,1
USR006194,Promising,2024-12-13,19,4,212000.0,1796,Silver,GrabCar|GrabExpress,2,Medan,1
USR001590,Loyal,2024-12-12,20,8,774000.0,7854,Gold,GrabCar,1,Jakarta,0
USR005982,At_Risk,2024-10-31,62,4,155000.0,1361,Member,GrabFood|GrabCar|GrabBike|GrabExpress,4,Jakarta,1
USR003256,Loyal,2024-12-20,12,14,699000.0,7809,Gold,GrabMart|GrabExpress|GrabFood,3,Jakarta,0
USR006680,Promising,2024-12-20,12,4,153000.0,1655,Member,GrabMart,1,Jakarta,0
USR004770,At_Risk,2024-11-08,54,3,133000.0,1301,Member,GrabFood|GrabCar,2,Jakarta,1
USR002181,Loyal,2024-12-23,9,13,481000.0,5167,Silver,GrabCar,1,Jakarta,0
USR006803,Promising,2024-12-15,17,6,115000.0,1207,Member,GrabExpress,1,Medan,0
USR004913,At_Risk,2024-10-05,88,3,132000.0,1352,Member,GrabExpress|GrabMart,2,Jakarta,1
USR006786,Promising,2024-12-24,8,4,237000.0,2248,Silver,GrabFood|GrabBike,2,Medan,0
USR004789,At_Risk,2024-11-15,47,5,260000.0,2651,Silver,GrabCar|GrabMart,2,Surabaya,1
USR001209,Champions,2024-12-25,7,23,944000.0,9477,Gold,GrabMart|GrabCar,2,Jakarta,0
USR000421,Champions,2024-12-29,3,25,1859000.0,21643,Platinum,GrabCar|GrabMart|GrabExpress,3,Medan,0
USR008740,Hibernating,2024-04-21,255,0,50000.0,478,Member,GrabCar,1,Jakarta,1
USR001706,Loyal,2024-12-06,26,8,400000.0,4084,Silver,GrabMart,1,Jakarta,0
USR001158,Champions,2024-12-29,3,24,1590000.0,17800,Platinum,GrabMart|GrabExpress,2,Jakarta,0
USR002306,Loyal,2024-12-12,20,11,362000.0,3727,Silver,GrabMart|GrabExpress|GrabCar,3,Jakarta,0
USR000273,Champions,2024-12-27,5,17,2243000.0,26341,Platinum,GrabMart|GrabCar|GrabBike|GrabExpress,4,Surabaya,0
USR000171,Champions,2024-12-22,10,18,1433000.0,11786,Gold,GrabExpress|GrabCar|GrabFood,3,Bandung,0
USR003956,Loyal,2024-12-08,24,8,419000.0,4336,Silver,GrabFood,1,Jakarta,0
USR006696,Promising,2024-12-28,4,5,242000.0,2850,Silver,GrabBike|GrabCar|GrabMart,3,Bandung,1
USR003188,Loyal,2024-12-15,17,12,644000.0,7427,Gold,GrabExpress|GrabBike,2,Jakarta,0
USR008132,Hibernating,2024-02-07,329,0,46000.0,524,Member,GrabExpress|GrabFood|GrabCar,3,Bekasi,1
USR004808,At_Risk,2024-11-10,52,3,275000.0,3274,Silver,GrabFood|GrabExpress,2,Jakarta,1
USR008083,Hibernating,2024-09-10,113,0,38000.0,359,Member,GrabExpress|GrabBike,2,Jakarta,1
USR001564,Loyal,2024-12-21,11,14,633000.0,6209,Gold,GrabCar,1,Jakarta,1
USR001782,Loyal,2024-12-08,24,11,631000.0,6387,Gold,GrabMart,1,Bandung,0
USR000843,Champions,2024-12-19,13,25,1326000.0,12115,Gold,GrabMart|GrabExpress,2,Bandung,0
USR009345,Hibernating,2024-07-17,168,0,66000.0,777,Member,GrabCar,1,Bekasi,1
USR004461,At_Risk,2024-11-04,58,3,118000.0,962,Member,GrabExpress,1,Jakarta,0
USR000904,Champions,2024-12-30,2,28,2499000.0,20780,Platinum,GrabExpress|GrabFood|GrabMart|GrabBike,4,Jakarta,0
USR005911,At_Risk,2024-10-15,78,4,276000.0,2518,Silver,GrabFood|GrabMart|GrabExpress,3,Bandung,0
USR009950,Hibernating,2024-01-15,352,0,48000.0,499,Member,GrabBike|GrabExpress,2,Jakarta,1
USR009297,Hibernating,2024-04-03,273,0,21000.0,234,Member,GrabFood,1,Bekasi,1
USR001547,Loyal,2024-12-22,10,11,355000.0,4120,Silver,GrabMart|GrabFood,2,Bandung,0
USR002080,Loyal,2024-12-05,27,14,797000.0,7776,Gold,GrabFood,1,Medan,0
USR009881,Hibernating,2024-02-21,315,0,76000.0,664,Member,GrabExpress|GrabBike,2,Bandung,1
USR003985,Loyal,2024-12-08,24,11,741000.0,8110,Gold,GrabMart,1,Jakarta,0
USR006389,Promising,2024-12-24,8,7,240000.0,2452,Silver,GrabExpress,1,Surabaya,1
USR007579,Promising,2024-12-14,18,7,85000.0,863,Member,GrabCar,1,Jakarta,0
USR009245,Hibernating,2024-07-06,179,0,30000.0,266,Member,GrabExpress|GrabMart,2,Jakarta,1
USR006567,Promising,2024-12-14,18,7,204000.0,1639,Silver,GrabFood|GrabBike|GrabCar|GrabExpress,4,Jakarta,0
USR008206,Hibernating,2024-01-18,349,0,50000.0,536,Member,GrabFood,1,Jakarta,1
USR003820,Loyal,2024-12-04,28,8,671000.0,7530,Gold,GrabFood,1,Bekasi,0
USR002646,Loyal,2024-12-22,10,14,501000.0,4148,Silver,GrabFood,1,Bandung,0
USR004454,At_Risk,2024-11-01,61,4,183000.0,1987,Member,GrabMart,1,Jakarta,0
USR007159,Promising,2024-12-23,9,5,114000.0,1147,Member,GrabExpress,1,Bandung,0
USR008221,Hibernating,2024-06-14,201,0,31000.0,323,Member,GrabBike|GrabCar|GrabMart,3,Medan,1
USR008596,Hibernating,2024-06-14,201,0,38000.0,411,Member,GrabBike|GrabCar|GrabMart,3,Jakarta,1
USR009589,Hibernating,2024-08-19,135,0,35000.0,401,Member,GrabBike,1,Jakarta,1
USR006071,Promising,2024-12-12,20,6,138000.0,1514,Member,GrabBike|GrabCar,2,Jakarta,0
USR002155,Loyal,2024-12-13,19,14,404000.0,4586,Silver,GrabExpress,1,Bandung,0
USR006712,Promising,2024-12-13,19,5,151000.0,1519,Member,GrabFood,1,Bekasi,0
USR003715,Loyal,2024-12-16,16,9,371000.0,3078,Silver,GrabBike|GrabMart|GrabCar|GrabFood,4,Bandung,0
USR004057,At_Risk,2024-11-10,52,3,223000.0,2108,Silver,GrabBike|GrabFood|GrabCar,3,Jakarta,1
USR005952,At_Risk,2024-10-09,84,4,340000.0,3588,Silver,GrabFood|GrabBike|GrabCar,3,Bandung,1
USR003102,Loyal,2024-12-11,21,10,375000.0,3412,Silver,GrabMart,1,Jakarta,0
USR000558,Champions,2024-12-19,13,22,924000.0,10180,Gold,GrabFood|GrabBike,2,Medan,0
USR004610,At_Risk,2024-10-04,89,5,295000.0,3036,Silver,GrabFood,1,Surabaya,0
USR006978,Promising,2024-12-15,17,6,246000.0,2011,Silver,GrabBike|GrabMart,2,Jakarta,1
USR001436,Champions,2024-12-30,2,25,2158000.0,18596,Platinum,GrabCar|GrabMart,2,Medan,0
USR000507,Champions,2024-12-19,13,21,1729000.0,18202,Platinum,GrabMart|GrabExpress,2,Jakarta,0
USR001869,Loyal,2024-12-18,14,11,427000.0,4859,Silver,GrabCar,1,Jakarta,0
USR000755,Champions,2024-12-20,12,24,2206000.0,26447,Platinum,GrabMart|GrabCar,2,Jakarta,0
USR005419,At_Risk,2024-10-23,70,5,235000.0,2120,Silver,GrabMart|GrabCar|GrabFood,3,Bandung,0
USR004050,At_Risk,2024-11-06,56,3,344000.0,3302,Silver,GrabMart|GrabBike|GrabCar,3,Surabaya,1
USR008089,Hibernating,2024-02-23,313,0,50000.0,487,Member,GrabFood|GrabExpress,2,Bandung,1
USR003836,Loyal,2024-12-03,29,11,499000.0,4421,Silver,GrabCar|GrabMart|GrabBike|GrabExpress,4,Medan,0
USR002118,Loyal,2024-12-18,14,9,367000.0,3580,Silver,GrabFood,1,Medan,1
USR006152,Promising,2024-12-28,4,4,98000.0,833,Member,GrabBike|GrabMart|GrabExpress|GrabCar,4,Medan,1
USR007808,Promising,2024-12-13,19,6,227000.0,1973,Silver,GrabMart|GrabFood|GrabBike,3,Jakarta,0
USR000501,Champions,2024-12-27,5,16,947000.0,10503,Gold,GrabBike,1,Jakarta,0
USR006259,Promising,2024-12-13,19,4,234000.0,2237,Silver,GrabBike|GrabExpress,2,Jakarta,0
USR009743,Hibernating,2024-07-05,180,0,74000.0,636,Member,GrabBike|GrabCar|GrabMart,3,Jakarta,1
USR001539,Loyal,2024-12-19,13,11,327000.0,3451,Silver,GrabExpress|GrabMart,2,Jakarta,0
USR006141,Promising,2024-12-26,6,4,170000.0,1871,Member,GrabCar|GrabExpress,2,Jakarta,0
USR001211,Champions,2024-12-26,6,29,1755000.0,17368,Platinum,GrabMart|GrabExpress|GrabCar|GrabFood,4,Jakarta,0
USR009122,Hibernating,2024-05-10,236,0,64000.0,576,Member,GrabExpress|GrabMart,2,Bekasi,1
USR000672,Champions,2024-12-22,10,18,2050000.0,19421,Platinum,GrabCar,1,Jakarta,0
USR003377,Loyal,2024-12-03,29,12,307000.0,2689,Silver,GrabFood|GrabBike|GrabCar,3,Bekasi,0
USR008783,Hibernating,2024-09-07,116,0,49000.0,448,Member,GrabFood|GrabMart|GrabExpress|GrabBike,4,Jakarta,1
USR001464,Champions,2024-12-19,13,15,1858000.0,16798,Platinum,GrabBike|GrabCar,2,Bekasi,0
USR001192,Champions,2024-12-24,8,28,2403000.0,27281,Platinum,GrabMart|GrabCar|GrabFood,3,Jakarta,0
USR006984,Promising,2024-12-27,5,5,222000.0,1977,Silver,GrabCar|GrabMart,2,Bandung,0
USR001872,Loyal,2024-12-11,21,10,425000.0,4131,Silver,GrabExpress|GrabBike|GrabCar,3,Jakarta,0
USR003590,Loyal,2024-12-14,18,8,565000.0,4767,Silver,GrabBike|GrabMart,2,Surabaya,0
USR006726,Promising,2024-12-22,10,4,89000.0,873,Member,GrabFood|GrabMart,2,Jakarta,0
USR000505,Champions,2024-12-31,1,28,1315000.0,13361,Gold,GrabExpress|GrabMart|GrabFood,3,Bekasi,0
USR008118,Hibernating,2024-09-18,105,0,6000.0,68,Member,GrabFood|GrabCar|GrabExpress,3,Surabaya,0
USR000506,Champions,2024-12-20,12,27,1901000.0,20639,Platinum,GrabBike|GrabMart|GrabFood,3,Medan,0
USR009449,Hibernating,2024-05-30,216,0,64000.0,716,Member,GrabBike,1,Medan,1
USR007131,Promising,2024-12-23,9,3,240000.0,2380,Silver,GrabExpress,1,Surabaya,0
USR004807,At_Risk,2024-11-06,56,5,309000.0,3418,Silver,GrabBike|GrabExpress|GrabCar,3,Jakarta,1
USR007303,Promising,2024-12-16,16,4,242000.0,2773,Silver,GrabCar|GrabFood,2,Jakarta,0
USR001773,Loyal,2024-12-03,29,14,417000.0,4566,Silver,GrabCar,1,Medan,0
USR006854,Promising,2024-12-21,11,4,177000.0,1424,Member,GrabCar|GrabMart,2,Jakarta,0
USR004906,At_Risk,2024-10-19,74,3,291000.0,2595,Silver,GrabFood,1,Surabaya,0
USR000797,Champions,2024-12-23,9,28,2082000.0,16943,Platinum,GrabFood|GrabBike|GrabCar|GrabMart,4,Medan,0
USR008785,Hibernating,2024-06-29,186,0,38000.0,403,Member,GrabFood,1,Surabaya,1
USR007070,Promising,2024-12-21,11,3,98000.0,851,Member,GrabCar,1,Jakarta,0
USR002829,Loyal,2024-12-15,17,9,675000.0,7873,Gold,GrabBike|GrabCar|GrabFood,3,Bandung,1
USR009319,Hibernating,2024-07-14,171,0,59000.0,703,Member,GrabCar|GrabFood|GrabExpress,3,Medan,1
USR008737,Hibernating,2024-04-13,263,0,23000.0,210,Member,GrabBike,1,Jakarta,1
USR000312,Champions,2024-12-30,2,15,1388000.0,16077,Gold,GrabCar|GrabBike|GrabExpress,3,Jakarta,0
USR000746,Champions,2024-12-26,6,26,2466000.0,26400,Platinum,GrabFood|GrabCar,2,Bandung,0
USR003569,Loyal,2024-12-19,13,11,684000.0,6931,Gold,GrabMart,1,Jakarta,0
USR000790,Champions,2024-12-23,9,28,1587000.0,15564,Platinum,GrabCar|GrabBike|GrabMart|GrabExpress,4,Medan,0
USR002476,Loyal,2024-12-12,20,11,483000.0,5727,Silver,GrabBike|GrabFood|GrabCar,3,Jakarta,0
USR009325,Hibernating,2024-03-08,299,0,65000.0,716,Member,GrabCar,1,Surabaya,0
USR002570,Loyal,2024-12-18,14,9,433000.0,3792,Silver,GrabFood,1,Bandung,0
USR005286,At_Risk,2024-11-15,47,4,143000.0,1353,Member,GrabFood,1,Bandung,0
USR005215,At_Risk,2024-11-16,46,4,162000.0,1485,Member,GrabFood,1,Bekasi,1
USR002163,Loyal,2024-12-14,18,14,370000.0,4347,Silver,GrabBike|GrabMart|GrabExpress,3,Bandung,0
USR006577,Promising,2024-12-18,14,6,98000.0,871,Member,GrabBike,1,Jakarta,0
USR008449,Hibernating,2024-08-25,129,0,43000.0,481,Member,GrabFood,1,Jakarta,0
USR000380,Champions,2024-12-26,6,16,1080000.0,10587,Gold,GrabBike,1,Jakarta,0
USR008508,Hibernating,2024-01-21,346,0,45000.0,453,Member,GrabCar,1,Jakarta,1
USR001292,Champions,2024-12-19,13,26,1821000.0,14950,Platinum,GrabExpress|GrabBike|GrabMart,3,Jakarta,0
USR001912,Loyal,2024-12-10,22,9,570000.0,6373,Silver,GrabCar|GrabMart,2,Jakarta,1
USR000599,Champions,2024-12-31,1,23,980000.0,10154,Gold,GrabBike|GrabCar|GrabMart,3,Jakarta,0
USR003892,Loyal,2024-12-14,18,11,372000.0,3450,Silver,GrabFood,1,Jakarta,0
USR004141,At_Risk,2024-11-12,50,4,102000.0,1035,Member,GrabExpress|GrabBike,2,Surabaya,0
USR001652,Loyal,2024-12-03,29,13,729000.0,7217,Gold,GrabBike,1,Jakarta,0
USR005224,At_Risk,2024-10-27,66,3,206000.0,2386,Silver,GrabCar,1,Bandung,0
USR001893,Loyal,2024-12-08,24,9,555000.0,4558,Silver,GrabExpress,1,Jakarta,0
USR001944,Loyal,2024-12-23,9,11,768000.0,9119,Gold,GrabExpress|GrabMart|GrabCar,3,Jakarta,0
USR003395,Loyal,2024-12-07,25,11,396000.0,4134,Silver,GrabMart|GrabExpress|GrabFood|GrabBike,4,Jakarta,0
USR005479,At_Risk,2024-10-31,62,2,189000.0,1627,Member,GrabExpress,1,Surabaya,0
USR009769,Hibernating,2024-08-01,153,0,38000.0,335,Member,GrabFood|GrabCar|GrabExpress,3,Jakarta,1
USR000375,Champions,2024-12-31,1,16,2477000.0,26703,Platinum,GrabBike|GrabMart,2,Bekasi,0
USR001966,Loyal,2024-12-22,10,12,538000.0,4306,Silver,GrabBike|GrabExpress|GrabFood|GrabMart,4,Bekasi,0
USR003957,Loyal,2024-12-14,18,12,518000.0,4385,Silver,GrabMart,1,Surabaya,0
USR007135,Promising,2024-12-12,20,7,94000.0,925,Member,GrabCar|GrabBike|GrabMart,3,Jakarta,1
USR007478,Promising,2024-12-23,9,5,101000.0,1093,Member,GrabCar|GrabExpress,2,Surabaya,1
USR004505,At_Risk,2024-11-16,46,3,296000.0,2436,Silver,GrabCar,1,Surabaya,0
USR009580,Hibernating,2024-08-30,124,0,53000.0,470,Member,GrabCar|GrabBike,2,Jakarta,1
USR005288,At_Risk,2024-11-05,57,3,237000.0,1940,Silver,GrabExpress,1,Jakarta,0
USR001471,Champions,2024-12-29,3,25,903000.0,10366,Gold,GrabExpress|GrabFood,2,Jakarta,0
USR003346,Loyal,2024-12-24,8,8,670000.0,5651,Gold,GrabExpress,1,Bandung,0
USR006253,Promising,2024-12-20,12,4,225000.0,1864,Silver,GrabMart|GrabFood,2,Surabaya,0
USR002853,Loyal,2024-12-21,11,9,346000.0,3919,Silver,GrabFood,1,Bekasi,0
USR008988,Hibernating,2024-04-02,274,0,3000.0,29,Member,GrabMart|GrabFood|GrabBike,3,Surabaya,1
USR009775,Hibernating,2024-03-20,287,0,54000.0,596,Member,GrabFood|GrabBike|GrabMart,3,Jakarta,1
USR006459,Promising,2024-12-12,20,5,92000.0,1091,Member,GrabMart|GrabExpress|GrabCar|GrabBike,4,Bekasi,1
USR004062,At_Risk,2024-11-07,55,2,165000.0,1612,Member,GrabCar|GrabFood,2,Jakarta,0
USR005863,At_Risk,2024-10-28,65,2,317000.0,2867,Silver,GrabBike|GrabMart,2,Bekasi,1
USR004306,At_Risk,2024-11-16,46,3,127000.0,1109,Member,GrabFood,1,Jakarta,1
USR004877,At_Risk,2024-11-12,50,4,115000.0,1355,Member,GrabCar,1,Bandung,0
USR007249,Promising,2024-12-16,16,5,84000.0,983,Member,GrabMart,1,Jakarta,0
USR005273,At_Risk,2024-10-17,76,2,225000.0,1801,Silver,GrabBike,1,Surabaya,1
USR003990,Loyal,2024-12-06,26,9,644000.0,6346,Gold,GrabCar|GrabBike|GrabExpress,3,Jakarta,0
USR001049,Champions,2024-12-30,2,28,1238000.0,10330,Gold,GrabCar|GrabExpress|GrabBike,3,Jakarta,0
USR006175,Promising,2024-12-12,20,4,153000.0,1594,Member,GrabBike|GrabMart|GrabExpress,3,Bandung,1
USR006926,Promising,2024-12-24,8,3,120000.0,1349,Member,GrabBike|GrabCar,2,Bandung,0
USR007864,Promising,2024-12-23,9,4,201000.0,2296,Silver,GrabExpress|GrabFood|GrabMart,3,Surabaya,1
USR002035,Loyal,2024-12-03,29,12,507000.0,5343,Silver,GrabCar|GrabMart|GrabFood,3,Medan,0
USR004039,At_Risk,2024-10-13,80,4,318000.0,3512,Silver,GrabFood|GrabBike,2,Jakarta,0
USR006875,Promising,2024-12-28,4,3,191000.0,1743,Member,GrabCar|GrabFood|GrabExpress|GrabMart,4,Surabaya,0
USR009354,Hibernating,2024-08-30,124,0,23000.0,252,Member,GrabMart,1,Bekasi,1
USR001972,Loyal,2024-12-22,10,8,456000.0,4497,Silver,GrabMart|GrabCar|GrabBike,3,Jakarta,0
USR005072,At_Risk,2024-10-08,85,3,320000.0,2705,Silver,GrabCar|GrabMart|GrabFood,3,Bandung,1
USR002099,Loyal,2024-12-11,21,11,591000.0,5804,Silver,GrabBike,1,Jakarta,0
USR001499,Champions,2024-12-25,7,21,1771000.0,18282,Platinum,GrabFood|GrabMart|GrabExpress,3,Jakarta,0
USR009612,Hibernating,2024-02-03,333,0,19000.0,223,Member,GrabExpress|GrabMart|GrabFood,3,Bandung,1
USR000652,Champions,2024-12-30,2,25,1865000.0,15544,Platinum,GrabBike|GrabFood|GrabExpress,3,Bekasi,0
USR000170,Champions,2024-12-19,13,18,2475000.0,25614,Platinum,GrabExpress|GrabFood|GrabBike,3,Jakarta,0
USR004085,At_Risk,2024-10-17,76,3,177000.0,1733,Member,GrabBike|GrabExpress|GrabFood|GrabCar,4,Bekasi,1
USR000242,Champions,2024-12-30,2,19,1112000.0,9620,Gold,GrabFood|GrabExpress,2,Jakarta,0
USR005710,At_Risk,2024-10-11,82,3,182000.0,1521,Member,GrabMart|GrabExpress,2,Jakarta,1
USR006972,Promising,2024-12-19,13,5,147000.0,1379,Member,GrabMart|GrabFood,2,Jakarta,1
USR002756,Loyal,2024-12-17,15,14,429000.0,3706,Silver,GrabFood|GrabMart|GrabBike,3,Jakarta,0
USR006884,Promising,2024-12-14,18,3,120000.0,1081,Member,GrabExpress,1,Jakarta,0
USR005446,At_Risk,2024-10-07,86,3,137000.0,1623,Member,GrabMart|GrabBike|GrabFood,3,Surabaya,1
USR002076,Loyal,2024-12-22,10,11,567000.0,5266,Silver,GrabMart,1,Jakarta,0
USR004103,At_Risk,2024-10-29,64,5,290000.0,2659,Silver,GrabCar|GrabExpress|GrabFood,3,Bandung,0
USR009559,Hibernating,2024-04-06,270,0,75000.0,852,Member,GrabBike,1,Bekasi,1
USR007571,Promising,2024-12-17,15,5,250000.0,2812,Silver,GrabExpress,1,Jakarta,1
USR009466,Hibernating,2024-05-21,225,0,2000.0,18,Member,GrabFood,1,Medan,1
USR004894,At_Risk,2024-10-21,72,4,121000.0,1447,Member,GrabFood,1,Jakarta,0
USR006692,Promising,2024-12-28,4,3,170000.0,1582,Member,GrabBike|GrabMart,2,Jakarta,1
USR008054,Hibernating,2024-07-06,179,0,78000.0,908,Member,GrabFood|GrabMart,2,Jakarta,1
USR005389,At_Risk,2024-11-13,49,3,270000.0,2977,Silver,GrabMart|GrabBike|GrabExpress,3,Jakarta,1
USR009373,Hibernating,2024-09-01,122,0,35000.0,386,Member,GrabCar|GrabFood|GrabExpress,3,Jakarta,1
USR008021,Hibernating,2024-05-13,233,0,60000.0,682,Member,GrabMart|GrabExpress,2,Bekasi,1
USR008604,Hibernating,2024-03-09,298,0,23000.0,268,Member,GrabCar|GrabExpress|GrabBike,3,Bekasi,1
USR004480,At_Risk,2024-11-11,51,5,176000.0,1551,Member,GrabExpress,1,Bandung,0
USR008326,Hibernating,2024-08-20,134,0,56000.0,570,Member,GrabCar,1,Bandung,0
USR004078,At_Risk,2024-11-02,60,3,125000.0,1334,Member,GrabMart,1,Bandung,1
USR000640,Champions,2024-12-26,6,16,966000.0,11231,Gold,GrabMart|GrabBike|GrabExpress|GrabCar,4,Surabaya,0
USR001270,Champions,2024-12-26,6,27,2277000.0,26673,Platinum,GrabCar|GrabExpress|GrabFood,3,Surabaya,0
USR002778,Loyal,2024-12-15,17,8,748000.0,6360,Gold,GrabFood|GrabMart|GrabExpress,3,Jakarta,1
USR009497,Hibernating,2024-09-24,99,0,69000.0,707,Member,GrabFood|GrabExpress,2,Bekasi,1
USR003861,Loyal,2024-12-20,12,12,656000.0,6782,Gold,GrabMart,1,Jakarta,0
USR003480,Loyal,2024-12-05,27,8,314000.0,2559,Silver,GrabExpress|GrabFood|GrabCar|GrabMart,4,Bandung,0
USR001534,Loyal,2024-12-05,27,13,307000.0,3133,Silver,GrabBike,1,Jakarta,0
USR000325,Champions,2024-12-28,4,26,2443000.0,23492,Platinum,GrabMart,1,Jakarta,0
USR002338,Loyal,2024-12-03,29,11,423000.0,4761,Silver,GrabCar|GrabExpress,2,Bandung,0
USR003980,Loyal,2024-12-05,27,11,781000.0,6870,Gold,GrabCar|GrabMart|GrabFood,3,Surabaya,0
USR006877,Promising,2024-12-17,15,5,117000.0,1121,Member,GrabMart|GrabCar|GrabBike|GrabFood,4,Jakarta,0
USR004054,At_Risk,2024-10-09,84,5,293000.0,3435,Silver,GrabCar|GrabExpress|GrabMart|GrabFood,4,Bekasi,1
USR002237,Loyal,2024-12-11,21,11,718000.0,8145,Gold,GrabFood,1,Jakarta,0
USR007106,Promising,2024-12-21,11,5,111000.0,1018,Member,GrabBike,1,Surabaya,0
USR009668,Hibernating,2024-05-02,244,0,3000.0,33,Member,GrabCar,1,Jakarta,1
USR004745,At_Risk,2024-10-07,86,4,324000.0,2749,Silver,GrabCar,1,Jakarta,0
USR000864,Champions,2024-12-26,6,19,1945000.0,16062,Platinum,GrabMart|GrabCar,2,Jakarta,0
USR006203,Promising,2024-12-20,12,4,105000.0,1030,Member,GrabCar|GrabBike,2,Jakarta,1
USR005508,At_Risk,2024-11-05,57,4,325000.0,3826,Silver,GrabMart,1,Jakarta,1
USR007429,Promising,2024-12-22,10,5,104000.0,1020,Member,GrabFood,1,Jakarta,0
USR000371,Champions,2024-12-20,12,25,1317000.0,12673,Gold,GrabMart|GrabBike|GrabFood,3,Jakarta,0
USR006296,Promising,2024-12-24,8,3,110000.0,925,Member,GrabExpress|GrabFood,2,Jakarta,1
USR005551,At_Risk,2024-10-16,77,2,350000.0,2860,Silver,GrabFood|GrabBike|GrabExpress,3,Jakarta,1
USR005723,At_Risk,2024-10-19,74,3,137000.0,1333,Member,GrabExpress|GrabCar,2,Bandung,1
USR005899,At_Risk,2024-11-05,57,3,114000.0,1261,Member,GrabCar,1,Jakarta,1
USR009287,Hibernating,2024-01-13,354,0,16000.0,158,Member,GrabFood|GrabMart|GrabCar,3,Jakarta,1
USR007871,Promising,2024-12-23,9,3,162000.0,1668,Member,GrabFood,1,Jakarta,0
USR002364,Loyal,2024-12-08,24,8,648000.0,7451,Gold,GrabCar|GrabBike,2,Bandung,0
USR003213,Loyal,2024-12-22,10,9,749000.0,7711,Gold,GrabExpress,1,Surabaya,0
USR000911,Champions,2024-12-28,4,28,1056000.0,11564,Gold,GrabExpress,1,Jakarta,0
USR009047,Hibernating,2024-04-16,260,0,21000.0,180,Member,GrabCar,1,Jakarta,0
USR009790,Hibernating,2024-08-06,148,0,14000.0,149,Member,GrabExpress,1,Jakarta,0
USR007289,Promising,2024-12-12,20,5,198000.0,2244,Member,GrabExpress,1,Bekasi,0
USR009958,Hibernating,2024-02-08,328,0,12000.0,125,Member,GrabFood|GrabCar,2,Bandung,1
USR006536,Promising,2024-12-23,9,5,188000.0,2099,Member,GrabBike|GrabCar,2,Bandung,0
USR009192,Hibernating,2024-01-03,364,0,15000.0,165,Member,GrabFood|GrabExpress,2,Jakarta,1
USR001423,Champions,2024-12-23,9,29,2355000.0,26410,Platinum,GrabCar|GrabExpress|GrabBike|GrabMart,4,Surabaya,0
USR009807,Hibernating,2024-09-13,110,0,32000.0,334,Member,GrabMart,1,Surabaya,1
USR000479,Champions,2024-12-22,10,29,1124000.0,10357,Gold,GrabBike|GrabFood|GrabMart,3,Jakarta,1
USR000662,Champions,2024-12-30,2,29,1338000.0,11650,Gold,GrabCar,1,Jakarta,0
USR004476,At_Risk,2024-10-15,78,4,305000.0,2879,Silver,GrabBike,1,Jakarta,1
USR008982,Hibernating,2024-07-25,160,0,31000.0,330,Member,GrabFood|GrabExpress|GrabCar,3,Jakarta,0
USR008077,Hibernating,2024-09-11,112,0,20000.0,179,Member,GrabExpress|GrabCar,2,Bekasi,1
USR002988,Loyal,2024-12-25,7,11,785000.0,7194,Gold,GrabCar|GrabFood,2,Bekasi,0
USR001119,Champions,2024-12-28,4,17,1711000.0,16814,Platinum,GrabBike,1,Bekasi,0
USR002776,Loyal,2024-12-24,8,9,794000.0,7423,Gold,GrabBike|GrabMart|GrabFood,3,Bekasi,0
USR009835,Hibernating,2024-05-27,219,0,20000.0,198,Member,GrabBike|GrabFood,2,Jakarta,1
USR005003,At_Risk,2024-10-20,73,2,223000.0,2410,Silver,GrabMart|GrabCar,2,Bandung,0
USR006649,Promising,2024-12-21,11,3,138000.0,1484,Member,GrabFood|GrabExpress|GrabBike|GrabCar,4,Bandung,0
USR007254,Promising,2024-12-16,16,3,154000.0,1377,Member,GrabMart,1,Bekasi,0
USR004427,At_Risk,2024-10-29,64,2,210000.0,2297,Silver,GrabBike|GrabCar|GrabMart,3,Jakarta,0
USR007431,Promising,2024-12-29,3,6,163000.0,1700,Member,GrabBike,1,Bekasi,0
USR003981,Loyal,2024-12-05,27,10,440000.0,4051,Silver,GrabMart|GrabCar,2,Jakarta,0
USR006351,Promising,2024-12-24,8,4,91000.0,904,Member,GrabFood|GrabMart,2,Bekasi,0
USR002893,Loyal,2024-12-25,7,8,769000.0,7182,Gold,GrabMart,1,Bekasi,0
USR002669,Loyal,2024-12-04,28,9,634000.0,6898,Gold,GrabCar|GrabExpress|GrabBike,3,Jakarta,0
USR003977,Loyal,2024-12-19,13,9,409000.0,3448,Silver,GrabCar,1,Jakarta,0
USR005259,At_Risk,2024-10-24,69,4,166000.0,1345,Member,GrabCar|GrabMart,2,Medan,0
USR000279,Champions,2024-12-30,2,25,1852000.0,21440,Platinum,GrabExpress|GrabFood|GrabMart,3,Bekasi,0
USR006730,Promising,2024-12-20,12,7,243000.0,2369,Silver,GrabFood,1,Medan,1
USR006104,Promising,2024-12-21,11,7,133000.0,1274,Member,GrabBike|GrabFood,2,Medan,0
USR007020,Promising,2024-12-25,7,6,195000.0,2235,Member,GrabCar,1,Bandung,0
USR001694,Loyal,2024-12-08,24,12,705000.0,8009,Gold,GrabMart|GrabCar|GrabBike,3,Jakarta,1
USR008912,Hibernating,2024-01-19,348,0,73000.0,725,Member,GrabCar|GrabBike|GrabFood,3,Jakarta,1
USR003479,Loyal,2024-12-19,13,13,372000.0,3760,Silver,GrabCar|GrabExpress|GrabBike,3,Bandung,0
USR004416,At_Risk,2024-10-04,89,3,122000.0,1071,Member,GrabBike,1,Jakarta,0
USR007592,Promising,2024-12-12,20,3,174000.0,1669,Member,GrabFood|GrabMart,2,Surabaya,0
USR006282,Promising,2024-12-22,10,5,143000.0,1219,Member,GrabFood,1,Jakarta,0
USR005603,At_Risk,2024-10-08,85,2,316000.0,2776,Silver,GrabBike|GrabMart,2,Medan,1
USR008619,Hibernating,2024-03-13,294,0,71000.0,740,Member,GrabBike|GrabCar,2,Jakarta,1
USR007780,Promising,2024-12-24,8,6,90000.0,891,Member,GrabMart|GrabCar,2,Medan,0
USR004296,At_Risk,2024-10-08,85,2,231000.0,2039,Silver,GrabBike|GrabExpress|GrabMart,3,Bandung,1
USR004593,At_Risk,2024-10-20,73,3,301000.0,3557,Silver,GrabMart|GrabCar,2,Bekasi,0
USR004844,At_Risk,2024-11-15,47,4,287000.0,2684,Silver,GrabExpress|GrabMart|GrabFood,3,Jakarta,1
USR002209,Loyal,2024-12-25,7,13,608000.0,5715,Gold,GrabMart|GrabCar,2,Jakarta,0
USR007605,Promising,2024-12-16,16,5,163000.0,1334,Member,GrabBike|GrabCar|GrabMart,3,Jakarta,0
USR005501,At_Risk,2024-11-05,57,5,258000.0,2115,Silver,GrabBike|GrabMart,2,Bandung,1
USR000184,Champions,2024-12-25,7,23,2099000.0,18403,Platinum,GrabBike|GrabCar|GrabFood,3,Bandung,0
USR004800,At_Risk,2024-11-02,60,2,336000.0,4011,Silver,GrabMart|GrabCar|GrabExpress|GrabBike,4,Jakarta,0
USR004845,At_Risk,2024-10-09,84,5,247000.0,2412,Silver,GrabFood|GrabCar|GrabExpress|GrabBike,4,Medan,0
USR002350,Loyal,2024-12-18,14,11,644000.0,6837,Gold,GrabCar|GrabMart|GrabBike|GrabFood,4,Bandung,0
USR000553,Champions,2024-12-26,6,24,1673000.0,17331,Platinum,GrabCar|GrabFood|GrabExpress,3,Jakarta,0
USR001397,Champions,2024-12-27,5,17,1698000.0,18398,Platinum,GrabBike,1,Bekasi,0
USR001384,Champions,2024-12-24,8,28,2081000.0,23308,Platinum,GrabBike,1,Jakarta,0
USR009182,Hibernating,2024-01-25,342,0,73000.0,672,Member,GrabExpress|GrabFood|GrabMart,3,Jakarta,1
USR009817,Hibernating,2024-06-03,212,0,71000.0,848,Member,GrabCar,1,Surabaya,1
USR000297,Champions,2024-12-19,13,22,2449000.0,24634,Platinum,GrabBike|GrabExpress,2,Bekasi,1
USR000443,Champions,2024-12-26,6,15,1241000.0,12089,Gold,GrabMart|GrabCar|GrabBike,3,Jakarta,0
USR007338,Promising,2024-12-13,19,6,158000.0,1515,Member,GrabBike|GrabExpress|GrabFood|GrabCar,4,Jakarta,1
USR002077,Loyal,2024-12-19,13,14,311000.0,2871,Silver,GrabFood|GrabMart|GrabBike,3,Bekasi,0
USR007815,Promising,2024-12-18,14,7,148000.0,1523,Member,GrabCar|GrabBike|GrabMart,3,Medan,0
USR002229,Loyal,2024-12-10,22,14,610000.0,6122,Gold,GrabMart,1,Medan,0
USR002842,Loyal,2024-12-20,12,9,793000.0,6877,Gold,GrabBike,1,Surabaya,0
USR002537,Loyal,2024-12-13,19,13,369000.0,2983,Silver,GrabBike|GrabFood|GrabMart,3,Jakarta,0
USR008145,Hibernating,2024-03-23,284,0,62000.0,560,Member,GrabMart|GrabBike,2,Bekasi,1
USR009536,Hibernating,2024-01-10,357,0,13000.0,108,Member,GrabBike,1,Surabaya,1
USR006443,Promising,2024-12-24,8,6,129000.0,1036,Member,GrabCar|GrabFood|GrabExpress,3,Jakarta,0
USR003367,Loyal,2024-12-07,25,9,479000.0,4195,Silver,GrabBike|GrabExpress|GrabMart,3,Bekasi,1
USR004486,At_Risk,2024-10-13,80,4,114000.0,922,Member,GrabMart,1,Jakarta,0
USR002578,Loyal,2024-12-24,8,13,345000.0,4009,Silver,GrabExpress|GrabBike|GrabCar,3,Bekasi,0
USR001131,Champions,2024-12-22,10,22,954000.0,7818,Gold,GrabBike|GrabCar|GrabMart,3,Bekasi,0
USR004818,At_Risk,2024-10-20,73,2,176000.0,1593,Member,GrabExpress,1,Jakarta,1
USR000320,Champions,2024-12-29,3,16,1290000.0,15313,Gold,GrabExpress|GrabMart|GrabBike|GrabCar,4,Jakarta,0
USR001371,Champions,2024-12-28,4,28,1975000.0,23669,Platinum,GrabBike|GrabMart|GrabExpress,3,Jakarta,0
USR004042,At_Risk,2024-11-05,57,3,237000.0,2121,Silver,GrabCar,1,Bekasi,1
USR009125,Hibernating,2024-06-29,186,0,60000.0,618,Member,GrabFood|GrabExpress,2,Jakarta,1
USR005145,At_Risk,2024-11-08,54,4,123000.0,1357,Member,GrabMart|GrabBike|GrabFood,3,Bandung,0
USR000907,Champions,2024-12-20,12,26,1055000.0,11764,Gold,GrabMart|GrabFood,2,Bekasi,0
USR009426,Hibernating,2024-06-13,202,0,29000.0,264,Member,GrabMart|GrabExpress,2,Bekasi,1
USR003950,Loyal,2024-12-23,9,11,668000.0,7517,Gold,GrabFood|GrabMart|GrabBike,3,Jakarta,0
USR006145,Promising,2024-12-25,7,5,176000.0,1458,Member,GrabCar,1,Surabaya,0
USR008886,Hibernating,2024-09-05,118,0,34000.0,304,Member,GrabExpress|GrabFood,2,Medan,1
USR006695,Promising,2024-12-26,6,3,197000.0,1696,Member,GrabFood|GrabBike,2,Jakarta,1
USR004977,At_Risk,2024-11-16,46,2,256000.0,2148,Silver,GrabBike|GrabExpress|GrabCar,3,Jakarta,0
USR006092,Promising,2024-12-20,12,3,94000.0,911,Member,GrabFood,1,Jakarta,1
USR008408,Hibernating,2024-07-25,160,0,3000.0,30,Member,GrabFood,1,Jakarta,1
USR000926,Champions,2024-12-19,13,20,1300000.0,15471,Gold,GrabFood|GrabBike|GrabExpress,3,Bandung,0
USR006143,Promising,2024-12-27,5,5,151000.0,1505,Member,GrabMart|GrabBike,2,Bandung,1
USR000015,Champions,2024-12-30,2,26,1418000.0,15157,Gold,GrabExpress|GrabMart,2,Bekasi,0
USR000143,Champions,2024-12-28,4,18,1450000.0,13367,Gold,GrabBike|GrabFood,2,Bandung,0
USR002363,Loyal,2024-12-15,17,13,779000.0,8488,Gold,GrabMart|GrabFood|GrabCar,3,Bekasi,0
USR000129,Champions,2024-12-21,11,25,1648000.0,16632,Platinum,GrabBike|GrabExpress|GrabFood,3,Jakarta,0
USR001161,Champions,2024-12-24,8,17,1683000.0,14429,Platinum,GrabBike,1,Bekasi,1
USR007551,Promising,2024-12-21,11,4,143000.0,1330,Member,GrabCar|GrabMart,2,Jakarta,0
USR006129,Promising,2024-12-18,14,6,120000.0,1241,Member,GrabCar,1,Bekasi,0
USR004665,At_Risk,2024-11-17,45,3,274000.0,2367,Silver,GrabBike|GrabExpress|GrabMart,3,Jakarta,0
USR005660,At_Risk,2024-10-18,75,3,286000.0,3093,Silver,GrabCar,1,Bekasi,0
USR006460,Promising,2024-12-18,14,7,86000.0,724,Member,GrabMart|GrabBike|GrabCar|GrabExpress,4,Surabaya,0
USR001876,Loyal,2024-12-14,18,14,430000.0,5053,Silver,GrabFood,1,Bekasi,0
USR002488,Loyal,2024-12-09,23,8,447000.0,5000,Silver,GrabBike,1,Bandung,0
USR005327,At_Risk,2024-11-13,49,5,250000.0,2470,Silver,GrabFood,1,Bandung,0
USR009361,Hibernating,2024-03-02,305,0,63000.0,651,Member,GrabBike|GrabMart|GrabCar,3,Jakarta,1
USR001182,Champions,2024-12-27,5,24,1467000.0,14483,Gold,GrabBike|GrabMart|GrabCar,3,Bekasi,0
USR006135,Promising,2024-12-12,20,5,240000.0,2218,Silver,GrabMart,1,Jakarta,1
USR006377,Promising,2024-12-22,10,6,191000.0,2255,Member,GrabExpress|GrabBike|GrabCar,3,Surabaya,0
USR001170,Champions,2024-12-27,5,29,1028000.0,10536,Gold,GrabBike|GrabCar|GrabFood,3,Bandung,0
USR002182,Loyal,2024-12-06,26,11,563000.0,5919,Silver,GrabMart|GrabBike,2,Medan,1
USR003371,Loyal,2024-12-21,11,10,609000.0,6639,Gold,GrabCar|GrabBike,2,Jakarta,0
USR008040,Hibernating,2024-05-21,225,0,23000.0,213,Member,GrabMart|GrabExpress|GrabBike|GrabFood,4,Jakarta,1
USR001859,Loyal,2024-12-13,19,11,770000.0,6846,Gold,GrabExpress,1,Jakarta,1
USR004860,At_Risk,2024-10-19,74,4,131000.0,1354,Member,GrabCar|GrabExpress|GrabMart,3,Surabaya,0
USR009255,Hibernating,2024-07-18,167,0,52000.0,587,Member,GrabFood,1,Jakarta,1
USR008345,Hibernating,2024-07-08,177,0,70000.0,763,Member,GrabFood,1,Bekasi,1
USR007347,Promising,2024-12-21,11,7,162000.0,1448,Member,GrabExpress|GrabCar,2,Bandung,1
USR004864,At_Risk,2024-10-27,66,5,291000.0,3062,Silver,GrabCar,1,Medan,1
USR009886,Hibernating,2024-01-22,345,0,36000.0,349,Member,GrabExpress,1,Jakarta,1
USR006388,Promising,2024-12-14,18,7,232000.0,2617,Silver,GrabBike,1,Bekasi,0
USR003121,Loyal,2024-12-20,12,10,575000.0,5382,Silver,GrabBike|GrabMart|GrabCar,3,Bandung,1
USR000387,Champions,2024-12-24,8,26,2141000.0,17590,Platinum,GrabMart|GrabFood|GrabCar|GrabExpress,4,Jakarta,0
USR007785,Promising,2024-12-27,5,7,159000.0,1287,Member,GrabExpress|GrabFood|GrabCar,3,Bandung,0
USR001032,Champions,2024-12-26,6,26,1752000.0,15161,Platinum,GrabExpress|GrabMart,2,Jakarta,0
USR007852,Promising,2024-12-23,9,7,191000.0,2196,Member,GrabExpress|GrabMart,2,Surabaya,1
USR005418,At_Risk,2024-10-14,79,2,251000.0,2945,Silver,GrabMart|GrabBike|GrabExpress|GrabFood,4,Surabaya,1
USR000931,Champions,2024-12-28,4,26,1022000.0,10024,Gold,GrabCar|GrabMart,2,Jakarta,0
USR004019,At_Risk,2024-11-06,56,4,255000.0,2047,Silver,GrabMart|GrabExpress,2,Surabaya,1
USR000691,Champions,2024-12-22,10,21,1030000.0,9376,Gold,GrabExpress|GrabFood|GrabBike,3,Jakarta,0
USR005298,At_Risk,2024-11-14,48,2,338000.0,2949,Silver,GrabBike|GrabCar,2,Jakarta,0
USR006658,Promising,2024-12-25,7,4,202000.0,1717,Silver,GrabCar,1,Jakarta,0
USR000829,Champions,2024-12-28,4,25,1354000.0,12345,Gold,GrabMart|GrabFood,2,Jakarta,0
USR003498,Loyal,2024-12-24,8,14,355000.0,4019,Silver,GrabCar|GrabFood|GrabExpress,3,Surabaya,0
USR002081,Loyal,2024-12-10,22,9,390000.0,3547,Silver,GrabCar,1,Jakarta,0
USR009440,Hibernating,2024-05-16,230,0,11000.0,121,Member,GrabBike|GrabExpress|GrabMart|GrabCar,4,Bekasi,1
USR000044,Champions,2024-12-20,12,22,1038000.0,9277,Gold,GrabMart|GrabCar|GrabBike,3,Jakarta,0
USR003939,Loyal,2024-12-25,7,8,691000.0,8265,Gold,GrabMart|GrabExpress|GrabFood,3,Bekasi,0
USR005257,At_Risk,2024-10-11,82,3,117000.0,1217,Member,GrabMart,1,Jakarta,0
USR008437,Hibernating,2024-04-29,247,0,71000.0,602,Member,GrabMart,1,Bekasi,0
USR004319,At_Risk,2024-10-07,86,3,299000.0,2774,Silver,GrabBike,1,Bekasi,1
USR002965,Loyal,2024-12-06,26,10,505000.0,4157,Silver,GrabExpress|GrabMart|GrabBike|GrabFood,4,Surabaya,0
USR003969,Loyal,2024-12-08,24,9,757000.0,8022,Gold,GrabBike|GrabMart,2,Jakarta,0
USR001187,Champions,2024-12-20,12,24,2339000.0,20647,Platinum,GrabFood|GrabExpress|GrabMart,3,Bekasi,0
USR000284,Champions,2024-12-28,4,17,1972000.0,21891,Platinum,GrabMart|GrabCar|GrabFood|GrabExpress,4,Jakarta,0
USR008873,Hibernating,2024-07-20,165,0,45000.0,523,Member,GrabBike,1,Surabaya,0
USR004159,At_Risk,2024-10-14,79,5,348000.0,3628,Silver,GrabMart|GrabCar|GrabFood|GrabExpress,4,Bandung,0
USR003092,Loyal,2024-12-17,15,9,301000.0,3110,Silver,GrabExpress|GrabBike,2,Surabaya,0
USR004556,At_Risk,2024-10-16,77,5,310000.0,3001,Silver,GrabFood,1,Medan,0
USR004584,At_Risk,2024-11-10,52,3,261000.0,2475,Silver,GrabExpress|GrabFood,2,Jakarta,1
USR004323,At_Risk,2024-10-08,85,5,244000.0,2890,Silver,GrabMart|GrabExpress,2,Surabaya,1
USR005504,At_Risk,2024-11-05,57,3,133000.0,1191,Member,GrabFood|GrabMart,2,Jakarta,0
USR007074,Promising,2024-12-29,3,4,143000.0,1297,Member,GrabMart|GrabCar|GrabBike,3,Jakarta,1
USR003364,Loyal,2024-12-15,17,12,466000.0,3729,Silver,GrabExpress|GrabBike|GrabCar,3,Bekasi,0
USR008025,Hibernating,2024-08-08,146,0,14000.0,121,Member,GrabCar|GrabBike|GrabFood|GrabExpress,4,Jakarta,0
USR003195,Loyal,2024-12-03,29,11,413000.0,4411,Silver,GrabExpress,1,Surabaya,0
USR008810,Hibernating,2024-05-05,241,0,77000.0,704,Member,GrabBike|GrabMart,2,Bekasi,1
USR000969,Champions,2024-12-28,4,29,1460000.0,12350,Gold,GrabBike|GrabExpress,2,Surabaya,0
USR003734,Loyal,2024-12-14,18,8,427000.0,4804,Silver,GrabCar,1,Medan,0
USR000925,Champions,2024-12-25,7,23,1156000.0,9667,Gold,GrabExpress,1,Surabaya,0
USR009496,Hibernating,2024-01-10,357,0,51000.0,568,Member,GrabMart|GrabBike|GrabExpress,3,Medan,1
USR006451,Promising,2024-12-25,7,6,154000.0,1788,Member,GrabMart,1,Jakarta,0
USR008797,Hibernating,2024-07-02,183,0,58000.0,491,Member,GrabMart|GrabCar|GrabFood|GrabExpress,4,Surabaya,1
USR002851,Loyal,2024-12-11,21,9,567000.0,6293,Silver,GrabMart,1,Surabaya,0
USR005180,At_Risk,2024-11-12,50,4,199000.0,1952,Member,GrabExpress|GrabFood|GrabBike,3,Medan,1
USR006723,Promising,2024-12-12,20,3,149000.0,1414,Member,GrabCar|GrabBike|GrabFood|GrabExpress,4,Jakarta,0
USR009322,Hibernating,2024-09-23,100,0,10000.0,92,Member,GrabMart|GrabBike|GrabCar,3,Bekasi,1
USR007810,Promising,2024-12-21,11,7,88000.0,835,Member,GrabExpress|GrabMart|GrabBike,3,Jakarta,1
USR004471,At_Risk,2024-10-07,86,4,269000.0,2520,Silver,GrabCar|GrabBike,2,Bekasi,1
USR005168,At_Risk,2024-11-06,56,4,335000.0,3060,Silver,GrabCar|GrabExpress|GrabMart|GrabFood,4,Jakarta,1
USR004348,At_Risk,2024-10-18,75,3,106000.0,1193,Member,GrabBike|GrabCar|GrabExpress,3,Bandung,1
USR007903,Promising,2024-12-26,6,3,224000.0,2339,Silver,GrabCar,1,Medan,0
USR003626,Loyal,2024-12-23,9,8,696000.0,6593,Gold,GrabCar|GrabMart,2,Jakarta,0
USR001789,Loyal,2024-12-20,12,11,479000.0,5299,Silver,GrabCar|GrabFood,2,Jakarta,0
USR008293,Hibernating,2024-07-01,184,0,2000.0,18,Member,GrabMart,1,Bandung,0
USR002059,Loyal,2024-12-11,21,10,550000.0,5864,Silver,GrabExpress|GrabBike|GrabMart,3,Surabaya,0
USR004013,At_Risk,2024-10-30,63,2,185000.0,2171,Member,GrabMart|GrabCar|GrabFood,3,Bandung,0
USR001902,Loyal,2024-12-05,27,14,773000.0,9228,Gold,GrabBike|GrabExpress,2,Jakarta,0
USR005573,At_Risk,2024-10-30,63,3,272000.0,2712,Silver,GrabMart|GrabBike|GrabFood|GrabCar,4,Jakarta,1
USR006925,Promising,2024-12-23,9,5,169000.0,1788,Member,GrabCar|GrabExpress,2,Medan,1
USR000075,Champions,2024-12-24,8,22,2344000.0,20772,Platinum,GrabMart|GrabExpress|GrabCar,3,Medan,0
USR002345,Loyal,2024-12-04,28,10,414000.0,4142,Silver,GrabFood|GrabBike|GrabExpress,3,Bekasi,1
USR005484,At_Risk,2024-10-21,72,5,298000.0,2542,Silver,GrabBike,1,Medan,1
USR000430,Champions,2024-12-25,7,25,939000.0,8821,Gold,GrabCar|GrabExpress,2,Jakarta,0
USR004586,At_Risk,2024-10-20,73,3,131000.0,1354,Member,GrabFood|GrabBike,2,Surabaya,0
USR008099,Hibernating,2024-03-22,285,0,44000.0,460,Member,GrabFood|GrabExpress|GrabMart|GrabBike,4,Jakarta,1
USR008457,Hibernating,2024-02-01,335,0,25000.0,277,Member,GrabMart,1,Jakarta,1
USR008156,Hibernating,2024-08-27,127,0,65000.0,705,Member,GrabExpress|GrabCar,2,Bandung,0
USR007893,Promising,2024-12-27,5,5,160000.0,1325,Member,GrabCar|GrabMart,2,Surabaya,1
USR001553,Loyal,2024-12-18,14,12,515000.0,4167,Silver,GrabCar|GrabMart|GrabExpress|GrabFood,4,Bandung,0
USR000240,Champions,2024-12-27,5,26,1037000.0,10128,Gold,GrabCar|GrabExpress|GrabMart,3,Jakarta,0
USR000783,Champions,2024-12-19,13,25,1253000.0,11966,Gold,GrabCar,1,Surabaya,0
USR003066,Loyal,2024-12-06,26,13,616000.0,5718,Gold,GrabMart|GrabBike,2,Jakarta,0
USR000977,Champions,2024-12-24,8,26,1936000.0,21359,Platinum,GrabBike|GrabExpress|GrabFood,3,Jakarta,0
USR002941,Loyal,2024-12-03,29,13,531000.0,5945,Silver,GrabExpress|GrabFood|GrabCar|GrabBike,4,Surabaya,0
USR005377,At_Risk,2024-10-24,69,5,215000.0,1742,Silver,GrabFood|GrabBike|GrabMart,3,Bekasi,1
USR004730,At_Risk,2024-11-09,53,4,199000.0,2099,Member,GrabMart|GrabBike|GrabFood|GrabExpress,4,Jakarta,1
USR001620,Loyal,2024-12-15,17,13,383000.0,3449,Silver,GrabCar|GrabFood,2,Bandung,0
USR002146,Loyal,2024-12-24,8,10,779000.0,6957,Gold,GrabCar,1,Jakarta,0
USR001801,Loyal,2024-12-23,9,11,328000.0,2913,Silver,GrabCar|GrabFood,2,Jakarta,1
USR002095,Loyal,2024-12-12,20,8,513000.0,5850,Silver,GrabExpress,1,Bekasi,0
USR006074,Promising,2024-12-18,14,6,135000.0,1195,Member,GrabExpress,1,Jakarta,0
USR005245,At_Risk,2024-10-08,85,3,189000.0,2180,Member,GrabExpress,1,Jakarta,1
USR001357,Champions,2024-12-27,5,27,806000.0,7466,Gold,GrabCar|GrabBike|GrabExpress|GrabFood,4,Jakarta,0
USR008063,Hibernating,2024-04-18,258,0,8000.0,65,Member,GrabCar|GrabExpress|GrabMart,3,Jakarta,1
USR006050,Promising,2024-12-14,18,7,108000.0,1039,Member,GrabMart|GrabBike,2,Bekasi,0
USR008368,Hibernating,2024-01-05,362,0,55000.0,632,Member,GrabCar,1,Bandung,1
USR006017,Promising,2024-12-27,5,7,189000.0,2237,Member,GrabCar|GrabBike|GrabMart,3,Medan,0
USR009931,Hibernating,2024-09-08,115,0,66000.0,733,Member,GrabCar,1,Jakarta,1
USR008769,Hibernating,2024-01-28,339,0,70000.0,620,Member,GrabExpress|GrabMart|GrabCar|GrabBike,4,Jakarta,1
USR007503,Promising,2024-12-26,6,7,150000.0,1405,Member,GrabExpress|GrabBike|GrabMart,3,Bandung,0
USR001609,Loyal,2024-12-23,9,10,560000.0,5828,Silver,GrabCar|GrabFood,2,Bandung,0
USR003096,Loyal,2024-12-17,15,14,701000.0,6918,Gold,GrabFood|GrabCar|GrabMart,3,Jakarta,0
USR009771,Hibernating,2024-10-03,90,0,57000.0,600,Member,GrabBike|GrabMart,2,Jakarta,1
USR002415,Loyal,2024-12-16,16,8,337000.0,3638,Silver,GrabExpress,1,Jakarta,0
USR002017,Loyal,2024-12-17,15,9,739000.0,8445,Gold,GrabCar|GrabExpress,2,Jakarta,1
USR006018,Promising,2024-12-18,14,7,94000.0,770,Member,GrabMart,1,Jakarta,1
USR004125,At_Risk,2024-10-16,77,5,273000.0,2849,Silver,GrabMart,1,Jakarta,0
USR009802,Hibernating,2024-08-01,153,0,79000.0,646,Member,GrabBike,1,Surabaya,1
USR003246,Loyal,2024-12-10,22,8,367000.0,3287,Silver,GrabBike|GrabExpress,2,Jakarta,0
USR000124,Champions,2024-12-19,13,18,2390000.0,26607,Platinum,GrabMart|GrabBike|GrabExpress|GrabCar,4,Jakarta,0
USR006425,Promising,2024-12-16,16,7,244000.0,2546,Silver,GrabCar,1,Surabaya,1
USR005308,At_Risk,2024-10-21,72,5,156000.0,1819,Member,GrabMart,1,Surabaya,0
USR007463,Promising,2024-12-24,8,5,159000.0,1710,Member,GrabFood|GrabMart,2,Bandung,0
USR009157,Hibernating,2024-02-09,327,0,41000.0,464,Member,GrabMart,1,Medan,1
USR003341,Loyal,2024-12-25,7,14,379000.0,3698,Silver,GrabCar|GrabFood,2,Jakarta,0
USR000598,Champions,2024-12-27,5,28,1566000.0,16118,Platinum,GrabMart|GrabExpress,2,Bandung,0
USR002123,Loyal,2024-12-19,13,13,487000.0,5205,Silver,GrabFood|GrabMart|GrabExpress,3,Medan,0
USR009498,Hibernating,2024-06-07,208,0,50000.0,587,Member,GrabFood,1,Bekasi,1
USR007685,Promising,2024-12-16,16,3,170000.0,1649,Member,GrabCar|GrabExpress|GrabFood,3,Jakarta,0
USR007049,Promising,2024-12-14,18,7,81000.0,806,Member,GrabExpress|GrabMart|GrabFood|GrabBike,4,Bekasi,0
USR009661,Hibernating,2024-01-30,337,0,19000.0,220,Member,GrabFood|GrabBike|GrabMart,3,Jakarta,0
USR002197,Loyal,2024-12-20,12,12,455000.0,5274,Silver,GrabBike,1,Bandung,0
USR004051,At_Risk,2024-10-06,87,4,292000.0,2664,Silver,GrabFood|GrabMart|GrabBike,3,Jakarta,1
USR006054,Promising,2024-12-22,10,7,228000.0,2274,Silver,GrabFood|GrabExpress|GrabCar,3,Jakarta,1
USR003362,Loyal,2024-12-08,24,13,425000.0,3664,Silver,GrabFood,1,Surabaya,0
USR006851,Promising,2024-12-14,18,4,185000.0,2219,Member,GrabMart|GrabCar|GrabFood|GrabBike,4,Medan,1
USR000725,Champions,2024-12-19,13,29,1333000.0,13667,Gold,GrabExpress,1,Jakarta,0
USR004934,At_Risk,2024-10-23,70,3,210000.0,1720,Silver,GrabMart|GrabFood,2,Bekasi,1
USR000978,Champions,2024-12-19,13,19,2091000.0,21282,Platinum,GrabMart|GrabCar,2,Jakarta,0
USR000808,Champions,2024-12-21,11,29,1516000.0,15243,Platinum,GrabBike|GrabMart|GrabExpress|GrabFood,4,Bandung,0
USR009603,Hibernating,2024-07-23,162,0,12000.0,123,Member,GrabMart,1,Bekasi,1
USR001475,Champions,2024-12-31,1,25,1239000.0,10580,Gold,GrabMart|GrabFood,2,Surabaya,0
USR005935,At_Risk,2024-11-16,46,5,185000.0,1834,Member,GrabBike|GrabMart|GrabCar,3,Jakarta,0
USR009036,Hibernating,2024-06-09,206,0,45000.0,510,Member,GrabMart,1,Bekasi,0
USR007335,Promising,2024-12-28,4,6,202000.0,2420,Silver,GrabExpress|GrabBike|GrabMart|GrabCar,4,Medan,0
USR003962,Loyal,2024-12-05,27,11,659000.0,7891,Gold,GrabExpress|GrabMart|GrabCar,3,Bandung,0
USR006422,Promising,2024-12-12,20,7,115000.0,1341,Member,GrabExpress,1,Bekasi,0
USR004905,At_Risk,2024-11-01,61,2,340000.0,2998,Silver,GrabMart|GrabBike,2,Bekasi,0
USR001235,Champions,2024-12-19,13,19,1462000.0,14312,Gold,GrabBike|GrabMart,2,Surabaya,0
USR001225,Champions,2024-12-25,7,17,1848000.0,15377,Platinum,GrabMart|GrabCar,2,Jakarta,0
USR008049,Hibernating,2024-03-09,298,0,63000.0,570,Member,GrabMart,1,Bekasi,1
USR009278,Hibernating,2024-05-29,217,0,48000.0,459,Member,GrabCar,1,Surabaya,1
USR008671,Hibernating,2024-02-14,322,0,31000.0,349,Member,GrabFood|GrabBike|GrabExpress,3,Jakarta,1
USR005229,At_Risk,2024-10-27,66,2,103000.0,1079,Member,GrabExpress,1,Medan,0
USR006950,Promising,2024-12-13,19,7,84000.0,825,Member,GrabMart|GrabExpress,2,Surabaya,0
USR003217,Loyal,2024-12-24,8,10,728000.0,6958,Gold,GrabCar,1,Jakarta,1
USR000287,Champions,2024-12-30,2,24,1884000.0,18089,Platinum,GrabCar,1,Jakarta,0
USR005023,At_Risk,2024-10-21,72,5,161000.0,1664,Member,GrabFood|GrabMart|GrabExpress,3,Bekasi,0
USR002966,Loyal,2024-12-11,21,11,722000.0,6210,Gold,GrabBike|GrabCar,2,Jakarta,0
USR003164,Loyal,2024-12-15,17,11,538000.0,4865,Silver,GrabCar,1,Surabaya,0
USR006003,Promising,2024-12-20,12,7,151000.0,1235,Member,GrabCar,1,Jakarta,1
USR008887,Hibernating,2024-03-26,281,0,58000.0,609,Member,GrabExpress|GrabMart,2,Surabaya,1
USR001657,Loyal,2024-12-18,14,10,663000.0,6228,Gold,GrabBike|GrabCar|GrabFood,3,Jakarta,0
USR001975,Loyal,2024-12-15,17,14,741000.0,6300,Gold,GrabMart|GrabExpress|GrabFood,3,Bekasi,0
USR002397,Loyal,2024-12-11,21,11,703000.0,7305,Gold,GrabMart,1,Bekasi,1
USR000452,Champions,2024-12-29,3,29,1223000.0,12514,Gold,GrabExpress,1,Bandung,0
USR008030,Hibernating,2024-07-09,176,0,72000.0,663,Member,GrabCar,1,Jakarta,0
USR004696,At_Risk,2024-10-10,83,3,294000.0,3247,Silver,GrabMart|GrabExpress,2,Jakarta,1
USR003681,Loyal,2024-12-17,15,13,759000.0,6265,Gold,GrabBike,1,Bandung,1
USR000422,Champions,2024-12-28,4,27,2451000.0,22085,Platinum,GrabFood|GrabCar,2,Medan,0
USR009725,Hibernating,2024-04-20,256,0,64000.0,555,Member,GrabBike|GrabMart,2,Medan,1
USR000657,Champions,2024-12-27,5,19,1006000.0,9129,Gold,GrabMart|GrabCar|GrabFood|GrabBike,4,Surabaya,0
USR003301,Loyal,2024-12-04,28,11,638000.0,6222,Gold,GrabExpress|GrabMart,2,Bekasi,0
USR006394,Promising,2024-12-13,19,7,244000.0,2716,Silver,GrabCar,1,Bandung,1
USR002845,Loyal,2024-12-21,11,10,670000.0,6257,Gold,GrabFood,1,Jakarta,0
USR008291,Hibernating,2024-06-22,193,0,63000.0,738,Member,GrabMart|GrabCar,2,Jakarta,1
USR007497,Promising,2024-12-25,7,6,184000.0,2167,Member,GrabCar,1,Bandung,1
USR001001,Champions,2024-12-23,9,29,1773000.0,20575,Platinum,GrabMart|GrabCar|GrabBike,3,Bandung,0
USR004198,At_Risk,2024-11-04,58,3,159000.0,1513,Member,GrabExpress|GrabCar,2,Surabaya,1
USR002418,Loyal,2024-12-08,24,9,594000.0,6006,Silver,GrabExpress|GrabBike|GrabFood|GrabCar,4,Jakarta,0
USR007482,Promising,2024-12-21,11,3,117000.0,1214,Member,GrabBike,1,Jakarta,0
USR005706,At_Risk,2024-11-13,49,4,225000.0,2293,Silver,GrabCar,1,Jakarta,0
USR003847,Loyal,2024-12-15,17,14,305000.0,3252,Silver,GrabBike,1,Jakarta,0
USR000961,Champions,2024-12-19,13,22,936000.0,7577,Gold,GrabMart|GrabExpress|GrabBike|GrabCar,4,Bekasi,0
USR001580,Loyal,2024-12-04,28,10,639000.0,5585,Gold,GrabBike,1,Jakarta,0
USR005007,At_Risk,2024-11-13,49,5,338000.0,3650,Silver,GrabFood|GrabMart,2,Bekasi,0
USR002206,Loyal,2024-12-13,19,11,589000.0,5999,Silver,GrabMart|GrabFood,2,Jakarta,0
USR006312,Promising,2024-12-18,14,4,225000.0,1909,Silver,GrabBike|GrabExpress,2,Jakarta,0
USR009562,Hibernating,2024-02-24,312,0,49000.0,463,Member,GrabBike|GrabFood|GrabCar,3,Jakarta,1
USR004231,At_Risk,2024-10-28,65,2,235000.0,2438,Silver,GrabCar|GrabFood,2,Bekasi,0
USR000757,Champions,2024-12-22,10,15,1325000.0,11803,Gold,GrabCar|GrabMart,2,Medan,0
USR002284,Loyal,2024-12-18,14,10,776000.0,7025,Gold,GrabBike|GrabFood|GrabExpress|GrabCar,4,Bandung,0
USR006663,Promising,2024-12-25,7,7,169000.0,1719,Member,GrabMart,1,Jakarta,0
USR004755,At_Risk,2024-10-26,67,2,136000.0,1186,Member,GrabFood|GrabMart|GrabCar,3,Bekasi,1
USR008211,Hibernating,2024-05-03,243,0,38000.0,427,Member,GrabCar|GrabExpress|GrabBike,3,Jakarta,1
USR000807,Champions,2024-12-25,7,26,1242000.0,13320,Gold,GrabBike|GrabCar|GrabFood,3,Bekasi,0
USR006575,Promising,2024-12-14,18,3,184000.0,1901,Member,GrabFood|GrabBike|GrabMart,3,Jakarta,0
USR007719,Promising,2024-12-13,19,5,87000.0,987,Member,GrabBike|GrabCar,2,Surabaya,1
USR001956,Loyal,2024-12-23,9,13,641000.0,5597,Gold,GrabMart,1,Jakarta,0
USR002445,Loyal,2024-12-07,25,14,429000.0,4504,Silver,GrabCar,1,Surabaya,0
USR005875,At_Risk,2024-10-13,80,4,105000.0,1051,Member,GrabMart|GrabBike|GrabExpress|GrabFood,4,Jakarta,0
USR008163,Hibernating,2024-03-13,294,0,50000.0,401,Member,GrabFood|GrabMart|GrabCar,3,Jakarta,1
USR006138,Promising,2024-12-17,15,6,174000.0,1745,Member,GrabCar|GrabFood,2,Jakarta,0
USR002402,Loyal,2024-12-04,28,14,365000.0,3402,Silver,GrabExpress,1,Surabaya,0
USR001073,Champions,2024-12-26,6,24,2017000.0,17546,Platinum,GrabCar|GrabMart|GrabFood|GrabExpress,4,Bandung,0
USR006557,Promising,2024-12-29,3,4,104000.0,1042,Member,GrabMart,1,Bekasi,0
USR004240,At_Risk,2024-10-12,81,5,315000.0,3385,Silver,GrabMart|GrabExpress,2,Bekasi,0
USR008509,Hibernating,2024-02-14,322,0,60000.0,567,Member,GrabExpress|GrabBike|GrabCar|GrabFood,4,Surabaya,1
USR002091,Loyal,2024-12-23,9,11,717000.0,7853,Gold,GrabCar,1,Bekasi,0
USR004527,At_Risk,2024-10-21,72,3,275000.0,2793,Silver,GrabBike|GrabMart|GrabFood|GrabExpress,4,Jakarta,1
USR007202,Promising,2024-12-24,8,3,169000.0,1476,Member,GrabExpress|GrabCar|GrabMart|GrabFood,4,Bekasi,0
USR006795,Promising,2024-12-25,7,6,111000.0,977,Member,GrabBike|GrabMart|GrabFood,3,Jakarta,1
USR007237,Promising,2024-12-16,16,3,117000.0,1365,Member,GrabMart|GrabBike|GrabCar,3,Jakarta,1
USR007422,Promising,2024-12-29,3,4,135000.0,1364,Member,GrabMart|GrabBike,2,Jakarta,0
USR006849,Promising,2024-12-24,8,4,220000.0,2634,Silver,GrabMart|GrabCar,2,Surabaya,0
USR006836,Promising,2024-12-19,13,6,197000.0,2156,Member,GrabCar|GrabMart,2,Jakarta,0
USR001003,Champions,2024-12-20,12,17,881000.0,7213,Gold,GrabFood|GrabBike|GrabCar,3,Surabaya,0
USR009099,Hibernating,2024-08-29,125,0,5000.0,51,Member,GrabFood|GrabCar|GrabMart,3,Jakarta,0
USR006562,Promising,2024-12-17,15,6,227000.0,2348,Silver,GrabExpress|GrabMart,2,Medan,0
USR005614,At_Risk,2024-10-31,62,2,240000.0,2501,Silver,GrabFood|GrabCar,2,Bekasi,1
USR004651,At_Risk,2024-10-16,77,2,301000.0,2898,Silver,GrabFood|GrabMart,2,Jakarta,1
USR005313,At_Risk,2024-11-16,46,5,337000.0,3402,Silver,GrabMart|GrabBike,2,Jakarta,0
USR001485,Champions,2024-12-27,5,18,2363000.0,26541,Platinum,GrabFood|GrabMart,2,Jakarta,1
USR007607,Promising,2024-12-14,18,3,123000.0,1066,Member,GrabMart,1,Jakarta,0
USR001411,Champions,2024-12-22,10,25,2055000.0,21621,Platinum,GrabCar|GrabExpress,2,Surabaya,0
USR009303,Hibernating,2024-02-21,315,0,23000.0,247,Member,GrabMart,1,Medan,1
USR000709,Champions,2024-12-19,13,19,2174000.0,19437,Platinum,GrabBike|GrabCar|GrabExpress,3,Medan,0
USR009806,Hibernating,2024-07-15,170,0,61000.0,620,Member,GrabBike,1,Medan,1
USR008042,Hibernating,2024-07-01,184,0,36000.0,346,Member,GrabMart|GrabCar,2,Surabaya,0
USR007211,Promising,2024-12-12,20,5,165000.0,1429,Member,GrabCar,1,Surabaya,0
USR003076,Loyal,2024-12-11,21,14,557000.0,5490,Silver,GrabCar|GrabMart,2,Bandung,0
USR008314,Hibernating,2024-08-22,132,0,40000.0,332,Member,GrabMart,1,Jakarta,1
USR004101,At_Risk,2024-10-10,83,3,297000.0,3364,Silver,GrabMart,1,Jakarta,0
USR005114,At_Risk,2024-10-05,88,3,212000.0,2217,Silver,GrabExpress|GrabBike|GrabCar|GrabFood,4,Jakarta,0
USR002722,Loyal,2024-12-07,25,13,696000.0,8005,Gold,GrabMart|GrabCar|GrabFood,3,Jakarta,0
USR009359,Hibernating,2024-07-11,174,0,31000.0,366,Member,GrabExpress|GrabBike,2,Bekasi,1
USR001268,Champions,2024-12-25,7,20,2333000.0,25278,Platinum,GrabMart|GrabCar|GrabExpress|GrabBike,4,Bekasi,0
USR002462,Loyal,2024-12-04,28,12,529000.0,6167,Silver,GrabBike|GrabFood,2,Surabaya,0
USR005464,At_Risk,2024-10-27,66,4,327000.0,3234,Silver,GrabFood|GrabMart|GrabBike|GrabCar,4,Bandung,1
USR000268,Champions,2024-12-31,1,16,2144000.0,24240,Platinum,GrabCar|GrabBike|GrabExpress,3,Jakarta,0
USR003580,Loyal,2024-12-15,17,10,640000.0,5513,Gold,GrabBike,1,Jakarta,0
USR005349,At_Risk,2024-11-02,60,4,335000.0,4015,Silver,GrabCar,1,Jakarta,0
USR007290,Promising,2024-12-13,19,6,83000.0,983,Member,GrabMart,1,Jakarta,1
USR005157,At_Risk,2024-11-13,49,3,308000.0,3118,Silver,GrabFood|GrabBike|GrabExpress,3,Medan,0
USR006601,Promising,2024-12-13,19,7,227000.0,2086,Silver,GrabMart|GrabCar|GrabExpress|GrabFood,4,Bandung,0
USR002821,Loyal,2024-12-10,22,11,313000.0,3741,Silver,GrabCar,1,Bandung,0
USR005807,At_Risk,2024-10-09,84,3,263000.0,2688,Silver,GrabExpress|GrabCar,2,Jakarta,0
USR000589,Champions,2024-12-23,9,18,2367000.0,27506,Platinum,GrabBike|GrabMart|GrabExpress,3,Bekasi,0
USR005955,At_Risk,2024-10-27,66,3,314000.0,2883,Silver,GrabCar,1,Medan,0
USR005254,At_Risk,2024-10-27,66,3,206000.0,1991,Silver,GrabMart|GrabCar,2,Bekasi,0
USR006661,Promising,2024-12-24,8,7,237000.0,2547,Silver,GrabFood,1,Bekasi,1
USR007656,Promising,2024-12-16,16,6,152000.0,1652,Member,GrabExpress,1,Jakarta,0
USR008725,Hibernating,2024-09-26,97,0,56000.0,480,Member,GrabExpress|GrabFood|GrabBike|GrabMart,4,Jakarta,1
USR006896,Promising,2024-12-24,8,7,213000.0,1823,Silver,GrabExpress|GrabCar,2,Jakarta,0
USR007594,Promising,2024-12-26,6,3,190000.0,1930,Member,GrabFood,1,Medan,1
USR002028,Loyal,2024-12-07,25,10,508000.0,5533,Silver,GrabBike|GrabMart|GrabFood,3,Bekasi,0
USR006818,Promising,2024-12-19,13,6,209000.0,2498,Silver,GrabMart,1,Bekasi,0
USR000677,Champions,2024-12-23,9,16,2233000.0,22529,Platinum,GrabMart|GrabFood,2,Jakarta,0
USR005763,At_Risk,2024-10-15,78,3,131000.0,1339,Member,GrabCar,1,Medan,1
USR001232,Champions,2024-12-20,12,28,1804000.0,18861,Platinum,GrabCar|GrabBike|GrabMart,3,Jakarta,0
USR005296,At_Risk,2024-10-08,85,3,175000.0,1511,Member,GrabBike|GrabCar,2,Jakarta,0
USR007103,Promising,2024-12-27,5,6,235000.0,2589,Silver,GrabExpress|GrabFood|GrabCar,3,Medan,0
USR005034,At_Risk,2024-11-04,58,2,210000.0,1976,Silver,GrabMart,1,Jakarta,1
USR005452,At_Risk,2024-11-03,59,2,213000.0,1854,Silver,GrabFood|GrabExpress,2,Bandung,0
USR002432,Loyal,2024-12-20,12,14,448000.0,4881,Silver,GrabFood,1,Bekasi,0
USR006319,Promising,2024-12-26,6,5,159000.0,1878,Member,GrabExpress|GrabMart|GrabCar|GrabFood,4,Jakarta,0
USR006119,Promising,2024-12-14,18,5,178000.0,1518,Member,GrabBike|GrabExpress,2,Bekasi,0
USR009158,Hibernating,2024-08-13,141,0,55000.0,573,Member,GrabBike|GrabExpress,2,Bekasi,1
USR009953,Hibernating,2024-06-14,201,0,35000.0,396,Member,GrabMart,1,Bekasi,1
USR000896,Champions,2024-12-30,2,20,1126000.0,13237,Gold,GrabBike|GrabFood|GrabCar|GrabExpress,4,Surabaya,0
USR001611,Loyal,2024-12-10,22,11,630000.0,6501,Gold,GrabBike,1,Jakarta,0
USR006474,Promising,2024-12-29,3,3,190000.0,2134,Member,GrabCar,1,Bandung,1
USR007661,Promising,2024-12-24,8,6,96000.0,926,Member,GrabExpress,1,Jakarta,0
USR007460,Promising,2024-12-13,19,7,214000.0,2048,Silver,GrabExpress,1,Bekasi,0
USR003806,Loyal,2024-12-11,21,10,796000.0,8118,Gold,GrabExpress,1,Jakarta,0
USR008273,Hibernating,2024-07-23,162,0,48000.0,566,Member,GrabCar|GrabFood,2,Jakarta,1
USR009451,Hibernating,2024-05-14,232,0,9000.0,92,Member,GrabFood,1,Bandung,1
USR004701,At_Risk,2024-10-13,80,2,173000.0,1554,Member,GrabMart|GrabExpress|GrabFood,3,Bandung,0
USR003961,Loyal,2024-12-13,19,8,540000.0,6301,Silver,GrabFood|GrabBike,2,Bekasi,0
USR005417,At_Risk,2024-10-11,82,2,109000.0,955,Member,GrabMart|GrabBike,2,Jakarta,1
USR000890,Champions,2024-12-31,1,27,850000.0,8813,Gold,GrabBike|GrabMart|GrabFood|GrabExpress,4,Surabaya,0
USR004999,At_Risk,2024-10-09,84,5,175000.0,1757,Member,GrabCar|GrabBike,2,Jakarta,0
USR007506,Promising,2024-12-15,17,4,92000.0,989,Member,GrabCar|GrabFood|GrabExpress,3,Bandung,0
USR007881,Promising,2024-12-22,10,6,115000.0,928,Member,GrabMart|GrabExpress|GrabCar|GrabFood,4,Jakarta,0
USR005095,At_Risk,2024-11-02,60,4,240000.0,2150,Silver,GrabCar,1,Bekasi,0
USR006932,Promising,2024-12-18,14,6,218000.0,2509,Silver,GrabBike|GrabCar|GrabMart,3,Jakarta,0
USR009617,Hibernating,2024-04-15,261,0,28000.0,304,Member,GrabCar,1,Bekasi,1
USR002799,Loyal,2024-12-10,22,14,624000.0,6892,Gold,GrabCar,1,Medan,0
USR000584,Champions,2024-12-27,5,29,1775000.0,20518,Platinum,GrabCar|GrabBike|GrabExpress,3,Bandung,0
USR003268,Loyal,2024-12-09,23,10,639000.0,5238,Gold,GrabFood|GrabCar|GrabBike,3,Surabaya,0
USR003932,Loyal,2024-12-09,23,8,731000.0,7763,Gold,GrabCar|GrabFood,2,Surabaya,0
USR001260,Champions,2024-12-24,8,28,823000.0,6634,Gold,GrabMart|GrabFood,2,Jakarta,0
USR006205,Promising,2024-12-15,17,3,129000.0,1167,Member,GrabExpress|GrabMart|GrabFood,3,Jakarta,0
USR000310,Champions,2024-12-26,6,20,1886000.0,16593,Platinum,GrabCar|GrabBike|GrabFood,3,Bekasi,0
USR007789,Promising,2024-12-21,11,6,159000.0,1354,Member,GrabBike,1,Jakarta,0
USR006458,Promising,2024-12-14,18,4,224000.0,2348,Silver,GrabFood|GrabBike|GrabExpress,3,Jakarta,0
USR006206,Promising,2024-12-24,8,3,119000.0,994,Member,GrabBike|GrabMart|GrabFood|GrabCar,4,Surabaya,0
USR005882,At_Risk,2024-10-14,79,3,332000.0,2981,Silver,GrabCar|GrabExpress,2,Bekasi,1
USR004668,At_Risk,2024-10-29,64,4,134000.0,1383,Member,GrabCar,1,Jakarta,1
USR004298,At_Risk,2024-10-15,78,2,251000.0,2173,Silver,GrabCar|GrabExpress|GrabBike|GrabFood,4,Bekasi,0
USR003783,Loyal,2024-12-10,22,8,395000.0,3453,Silver,GrabFood|GrabCar|GrabExpress,3,Jakarta,0
USR001008,Champions,2024-12-26,6,26,1269000.0,11459,Gold,GrabBike|GrabCar|GrabFood,3,Bandung,0
USR008354,Hibernating,2024-01-27,340,0,61000.0,701,Member,GrabExpress,1,Jakarta,1
USR002185,Loyal,2024-12-07,25,12,490000.0,5704,Silver,GrabExpress|GrabMart|GrabBike|GrabFood,4,Jakarta,0
USR003623,Loyal,2024-12-23,9,14,746000.0,6329,Gold,GrabCar|GrabExpress|GrabMart,3,Jakarta,0
USR007039,Promising,2024-12-22,10,4,226000.0,2451,Silver,GrabExpress|GrabCar,2,Jakarta,0
USR004922,At_Risk,2024-11-03,59,5,320000.0,3483,Silver,GrabMart,1,Jakarta,0
USR009673,Hibernating,2024-09-10,113,0,21000.0,242,Member,GrabCar,1,Surabaya,1
USR007950,Promising,2024-12-28,4,3,185000.0,1813,Member,GrabCar,1,Surabaya,0
USR006125,Promising,2024-12-12,20,5,110000.0,933,Member,GrabFood,1,Jakarta,0
USR004756,At_Risk,2024-10-26,67,4,201000.0,2379,Silver,GrabFood|GrabBike,2,Bekasi,0
USR005074,At_Risk,2024-10-25,68,3,318000.0,3584,Silver,GrabCar,1,Jakarta,1
USR000090,Champions,2024-12-25,7,18,895000.0,10456,Gold,GrabMart|GrabBike|GrabFood,3,Jakarta,0
USR005974,At_Risk,2024-10-07,86,4,280000.0,2364,Silver,GrabBike,1,Jakarta,1
USR006418,Promising,2024-12-17,15,5,140000.0,1162,Member,GrabFood,1,Jakarta,1
USR008640,Hibernating,2024-04-13,263,0,66000.0,758,Member,GrabFood|GrabMart|GrabBike|GrabCar,4,Bekasi,1
USR008690,Hibernating,2024-05-13,233,0,59000.0,520,Member,GrabExpress,1,Bekasi,1
USR002117,Loyal,2024-12-25,7,14,366000.0,3177,Silver,GrabBike,1,Surabaya,0
USR002937,Loyal,2024-12-21,11,14,739000.0,8407,Gold,GrabBike,1,Jakarta,0
USR006842,Promising,2024-12-25,7,7,241000.0,2795,Silver,GrabFood|GrabCar,2,Surabaya,0
USR000983,Champions,2024-12-31,1,18,1823000.0,17423,Platinum,GrabMart|GrabCar|GrabExpress,3,Bandung,0
USR007260,Promising,2024-12-21,11,6,93000.0,1027,Member,GrabBike|GrabCar,2,Jakarta,0
USR009985,Hibernating,2024-03-27,280,0,21000.0,182,Member,GrabFood,1,Jakarta,0
USR002925,Loyal,2024-12-25,7,8,752000.0,7586,Gold,GrabCar|GrabExpress,2,Surabaya,0
USR006061,Promising,2024-12-26,6,5,203000.0,1817,Silver,GrabMart|GrabExpress,2,Surabaya,1
USR003214,Loyal,2024-12-06,26,10,651000.0,7372,Gold,GrabBike,1,Bandung,0
USR006447,Promising,2024-12-28,4,6,236000.0,1946,Silver,GrabCar|GrabFood,2,Bandung,0
USR006779,Promising,2024-12-21,11,7,138000.0,1580,Member,GrabCar|GrabFood,2,Bekasi,0
USR007038,Promising,2024-12-12,20,6,122000.0,1378,Member,GrabBike|GrabFood|GrabCar,3,Jakarta,1
USR005663,At_Risk,2024-10-14,79,3,249000.0,2127,Silver,GrabExpress,1,Jakarta,0
USR000627,Champions,2024-12-23,9,24,1328000.0,13452,Gold,GrabMart|GrabExpress|GrabFood|GrabCar,4,Jakarta,0
USR008008,Hibernating,2024-06-01,214,0,5000.0,54,Member,GrabBike|GrabMart,2,Jakarta,1
USR005125,At_Risk,2024-11-17,45,3,216000.0,1864,Silver,GrabMart,1,Bekasi,1
USR004765,At_Risk,2024-11-08,54,4,231000.0,2555,Silver,GrabCar|GrabBike,2,Surabaya,1
USR008143,Hibernating,2024-01-05,362,0,44000.0,444,Member,GrabBike,1,Jakarta,1
USR009594,Hibernating,2024-08-21,133,0,77000.0,864,Member,GrabFood,1,Bandung,0
USR001269,Champions,2024-12-28,4,15,1629000.0,19060,Platinum,GrabMart|GrabBike,2,Jakarta,0
USR000128,Champions,2024-12-27,5,16,1675000.0,19374,Platinum,GrabCar|GrabMart|GrabBike,3,Jakarta,0
USR006112,Promising,2024-12-17,15,3,164000.0,1576,Member,GrabFood,1,Bekasi,0
USR001711,Loyal,2024-12-04,28,10,587000.0,6140,Silver,GrabFood|GrabCar,2,Jakarta,0
USR007862,Promising,2024-12-25,7,4,197000.0,2187,Member,GrabCar|GrabBike|GrabFood|GrabMart,4,Bekasi,1
USR004235,At_Risk,2024-10-27,66,3,263000.0,2729,Silver,GrabBike,1,Jakarta,0
USR005192,At_Risk,2024-10-05,88,2,336000.0,2800,Silver,GrabBike|GrabCar|GrabExpress,3,Surabaya,0
USR002398,Loyal,2024-12-13,19,8,586000.0,6301,Silver,GrabFood|GrabBike,2,Bandung,0
USR005434,At_Risk,2024-10-12,81,5,104000.0,1038,Member,GrabBike|GrabMart|GrabFood|GrabExpress,4,Medan,0
USR006057,Promising,2024-12-27,5,6,177000.0,1802,Member,GrabExpress|GrabCar,2,Bandung,1
USR009318,Hibernating,2024-03-15,292,0,34000.0,350,Member,GrabBike|GrabExpress|GrabMart,3,Jakarta,1
USR001186,Champions,2024-12-26,6,20,921000.0,10223,Gold,GrabFood,1,Medan,0
USR006013,Promising,2024-12-22,10,5,201000.0,1999,Silver,GrabMart|GrabExpress,2,Bandung,1
USR009793,Hibernating,2024-08-24,130,0,30000.0,308,Member,GrabMart|GrabFood,2,Jakarta,1
USR006014,Promising,2024-12-27,5,5,177000.0,1938,Member,GrabCar,1,Jakarta,0
USR001977,Loyal,2024-12-12,20,12,783000.0,8559,Gold,GrabCar|GrabFood,2,Jakarta,0
USR009887,Hibernating,2024-10-02,91,0,32000.0,298,Member,GrabExpress|GrabCar,2,Bandung,1
USR004247,At_Risk,2024-11-09,53,4,194000.0,2080,Member,GrabBike,1,Bandung,1
USR007672,Promising,2024-12-17,15,4,130000.0,1469,Member,GrabBike|GrabExpress|GrabCar,3,Jakarta,0
USR000915,Champions,2024-12-31,1,17,1343000.0,15374,Gold,GrabMart|GrabCar|GrabBike,3,Jakarta,0
USR001305,Champions,2024-12-31,1,21,1892000.0,20235,Platinum,GrabMart|GrabCar|GrabFood,3,Medan,0
USR005455,At_Risk,2024-10-27,66,5,265000.0,2932,Silver,GrabCar,1,Surabaya,0
USR003049,Loyal,2024-12-07,25,10,522000.0,4499,Silver,GrabMart,1,Jakarta,0
USR009521,Hibernating,2024-04-12,264,0,51000.0,540,Member,GrabFood|GrabExpress,2,Bekasi,1
USR001273,Champions,2024-12-28,4,28,1996000.0,20138,Platinum,GrabCar|GrabMart|GrabExpress,3,Jakarta,0
USR008055,Hibernating,2024-04-04,272,0,43000.0,456,Member,GrabExpress|GrabCar,2,Jakarta,1
USR002796,Loyal,2024-12-16,16,8,366000.0,3102,Silver,GrabExpress,1,Bekasi,0
USR001398,Champions,2024-12-24,8,18,1577000.0,16037,Platinum,GrabExpress|GrabFood|GrabMart,3,Jakarta,0
USR003358,Loyal,2024-12-09,23,14,610000.0,5298,Gold,GrabExpress,1,Jakarta,0
USR000183,Champions,2024-12-25,7,29,2053000.0,24511,Platinum,GrabCar|GrabFood|GrabExpress,3,Jakarta,0
USR006867,Promising,2024-12-14,18,7,103000.0,1069,Member,GrabMart|GrabBike,2,Medan,0
USR005695,At_Risk,2024-11-02,60,5,229000.0,1850,Silver,GrabCar|GrabExpress,2,Jakarta,1
USR008835,Hibernating,2024-07-11,174,0,63000.0,723,Member,GrabBike,1,Bandung,1
USR009626,Hibernating,2024-07-03,182,0,65000.0,687,Member,GrabFood,1,Bekasi,1
USR006170,Promising,2024-12-14,18,7,100000.0,912,Member,GrabFood|GrabExpress,2,Surabaya,0
USR006987,Promising,2024-12-16,16,4,167000.0,1728,Member,GrabExpress|GrabFood|GrabCar,3,Jakarta,0
USR004567,At_Risk,2024-11-11,51,5,268000.0,2483,Silver,GrabMart|GrabFood|GrabExpress,3,Bekasi,0
USR008955,Hibernating,2024-04-25,251,0,59000.0,695,Member,GrabExpress|GrabMart,2,Jakarta,1
USR002656,Loyal,2024-12-05,27,11,692000.0,7281,Gold,GrabCar,1,Surabaya,0
USR008309,Hibernating,2024-03-19,288,0,74000.0,865,Member,GrabExpress|GrabBike,2,Bekasi,1
USR006857,Promising,2024-12-18,14,5,239000.0,2571,Silver,GrabCar|GrabExpress,2,Surabaya,1
USR001961,Loyal,2024-12-08,24,14,635000.0,6760,Gold,GrabCar|GrabExpress,2,Jakarta,0
USR006383,Promising,2024-12-27,5,7,129000.0,1285,Member,GrabMart,1,Jakarta,0
USR008853,Hibernating,2024-08-03,151,0,12000.0,130,Member,GrabCar,1,Jakarta,1
USR009973,Hibernating,2024-08-28,126,0,25000.0,236,Member,GrabBike|GrabMart,2,Jakarta,1
USR001251,Champions,2024-12-22,10,29,2261000.0,25119,Platinum,GrabMart|GrabCar,2,Jakarta,0
USR003176,Loyal,2024-12-15,17,8,576000.0,5143,Silver,GrabExpress|GrabMart,2,Bandung,0
USR007760,Promising,2024-12-24,8,4,203000.0,2143,Silver,GrabFood,1,Jakarta,0
USR005013,At_Risk,2024-10-24,69,4,262000.0,2170,Silver,GrabFood|GrabCar|GrabExpress|GrabBike,4,Jakarta,0
USR009705,Hibernating,2024-07-18,167,0,13000.0,152,Member,GrabCar|GrabBike,2,Medan,1
USR006539,Promising,2024-12-15,17,5,83000.0,695,Member,GrabBike,1,Surabaya,0
USR003289,Loyal,2024-12-08,24,14,668000.0,6126,Gold,GrabBike|GrabMart,2,Surabaya,1
USR006448,Promising,2024-12-25,7,4,126000.0,1120,Member,GrabCar,1,Bandung,1
USR008726,Hibernating,2024-04-20,256,0,43000.0,475,Member,GrabFood|GrabBike,2,Surabaya,1
USR007611,Promising,2024-12-29,3,3,124000.0,1121,Member,GrabCar,1,Bekasi,0
USR006275,Promising,2024-12-15,17,4,155000.0,1299,Member,GrabFood|GrabExpress|GrabBike,3,Jakarta,0
USR006887,Promising,2024-12-17,15,4,90000.0,849,Member,GrabBike|GrabExpress|GrabMart,3,Bandung,0
USR001051,Champions,2024-12-31,1,22,815000.0,9312,Gold,GrabExpress|GrabBike|GrabMart,3,Medan,0
USR004069,At_Risk,2024-10-28,65,2,301000.0,3474,Silver,GrabBike|GrabFood,2,Jakarta,0
USR006022,Promising,2024-12-23,9,3,244000.0,2729,Silver,GrabExpress,1,Bandung,0
USR005552,At_Risk,2024-10-10,83,2,306000.0,2668,Silver,GrabMart,1,Jakarta,1
USR000272,Champions,2024-12-29,3,15,1195000.0,11160,Gold,GrabBike|GrabCar,2,Medan,0
USR002042,Loyal,2024-12-14,18,13,686000.0,8126,Gold,GrabMart,1,Medan,0
USR004763,At_Risk,2024-10-14,79,4,282000.0,3334,Silver,GrabExpress|GrabMart|GrabCar|GrabFood,4,Jakarta,1
USR008997,Hibernating,2024-05-31,215,0,10000.0,104,Member,GrabCar,1,Jakarta,1
USR005204,At_Risk,2024-10-18,75,4,199000.0,1965,Member,GrabMart,1,Bandung,0
USR009509,Hibernating,2024-09-07,116,0,69000.0,730,Member,GrabExpress|GrabCar,2,Jakarta,1
USR001086,Champions,2024-12-24,8,27,1319000.0,12880,Gold,GrabFood|GrabMart|GrabExpress,3,Jakarta,0
USR008373,Hibernating,2024-01-08,359,0,61000.0,514,Member,GrabCar|GrabExpress,2,Surabaya,1
USR007732,Promising,2024-12-18,14,6,149000.0,1257,Member,GrabCar|GrabMart,2,Medan,0
USR007515,Promising,2024-12-28,4,5,144000.0,1546,Member,GrabBike,1,Jakarta,0
USR006678,Promising,2024-12-19,13,5,227000.0,2424,Silver,GrabBike,1,Jakarta,1
USR004322,At_Risk,2024-10-30,63,2,107000.0,1184,Member,GrabExpress|GrabFood|GrabBike,3,Bandung,1
USR006946,Promising,2024-12-26,6,3,105000.0,1130,Member,GrabCar|GrabBike,2,Jakarta,0
USR007747,Promising,2024-12-18,14,6,229000.0,1872,Silver,GrabExpress|GrabCar|GrabFood,3,Bandung,0
USR006772,Promising,2024-12-24,8,3,144000.0,1180,Member,GrabExpress|GrabBike|GrabCar|GrabFood,4,Jakarta,0
USR005518,At_Risk,2024-10-19,74,5,176000.0,1938,Member,GrabBike,1,Surabaya,0
USR005117,At_Risk,2024-10-22,71,5,271000.0,2903,Silver,GrabFood|GrabBike,2,Bandung,0
USR006179,Promising,2024-12-22,10,3,115000.0,1145,Member,GrabBike|GrabMart|GrabFood,3,Surabaya,0
USR004709,At_Risk,2024-10-06,87,4,141000.0,1354,Member,GrabMart,1,Jakarta,0
USR008121,Hibernating,2024-05-29,217,0,58000.0,657,Member,GrabCar|GrabBike|GrabExpress,3,Jakarta,1
USR005969,At_Risk,2024-10-04,89,4,121000.0,1442,Member,GrabBike,1,Surabaya,1
USR006784,Promising,2024-12-18,14,6,173000.0,1924,Member,GrabBike|GrabFood|GrabExpress,3,Bandung,0
USR003478,Loyal,2024-12-16,16,8,663000.0,6766,Gold,GrabExpress|GrabFood,2,Jakarta,0
USR008414,Hibernating,2024-04-26,250,0,68000.0,777,Member,GrabBike,1,Surabaya,0
USR003924,Loyal,2024-12-23,9,8,568000.0,4904,Silver,GrabExpress|GrabCar|GrabBike,3,Bandung,0
USR001748,Loyal,2024-12-06,26,8,432000.0,4409,Silver,GrabBike|GrabExpress|GrabFood,3,Jakarta,0
USR000732,Champions,2024-12-24,8,26,1155000.0,10382,Gold,GrabExpress,1,Surabaya,0
USR002553,Loyal,2024-12-10,22,11,528000.0,4279,Silver,GrabCar,1,Bandung,0
USR005458,At_Risk,2024-10-26,67,4,213000.0,2242,Silver,GrabMart,1,Medan,0
USR005873,At_Risk,2024-11-10,52,4,332000.0,3423,Silver,GrabCar|GrabBike,2,Bekasi,1
USR002662,Loyal,2024-12-03,29,12,518000.0,5948,Silver,GrabExpress|GrabMart,2,Medan,0
USR009398,Hibernating,2024-07-04,181,0,38000.0,405,Member,GrabMart|GrabBike|GrabFood|GrabExpress,4,Bekasi,1
USR006455,Promising,2024-12-25,7,6,154000.0,1833,Member,GrabBike|GrabCar|GrabFood,3,Jakarta,1
USR003113,Loyal,2024-12-06,26,11,420000.0,4039,Silver,GrabCar|GrabMart,2,Medan,1
USR003303,Loyal,2024-12-12,20,13,319000.0,3264,Silver,GrabMart|GrabFood,2,Bekasi,0
USR001344,Champions,2024-12-23,9,29,1833000.0,17533,Platinum,GrabFood|GrabBike|GrabMart,3,Jakarta,0
USR001690,Loyal,2024-12-11,21,13,387000.0,3222,Silver,GrabCar,1,Medan,0
USR007180,Promising,2024-12-21,11,5,118000.0,1043,Member,GrabFood|GrabCar|GrabBike,3,Surabaya,1
USR006499,Promising,2024-12-16,16,5,241000.0,2130,Silver,GrabFood|GrabExpress|GrabMart,3,Surabaya,0
USR003308,Loyal,2024-12-25,7,8,483000.0,4954,Silver,GrabExpress|GrabFood,2,Jakarta,0
USR001504,Loyal,2024-12-25,7,12,634000.0,6700,Gold,GrabFood|GrabBike,2,Bekasi,0
USR001806,Loyal,2024-12-03,29,14,526000.0,5737,Silver,GrabMart|GrabExpress|GrabFood,3,Jakarta,0
USR008469,Hibernating,2024-03-22,285,0,68000.0,617,Member,GrabExpress|GrabFood,2,Jakarta,1
USR005369,At_Risk,2024-11-01,61,2,216000.0,1905,Silver,GrabExpress,1,Bekasi,0
USR003791,Loyal,2024-12-09,23,14,578000.0,6326,Silver,GrabFood,1,Jakarta,0
USR009520,Hibernating,2024-07-16,169,0,50000.0,455,Member,GrabCar,1,Bandung,1
USR007329,Promising,2024-12-19,13,6,171000.0,1725,Member,GrabFood|GrabExpress|GrabBike,3,Surabaya,0
USR005909,At_Risk,2024-10-12,81,4,296000.0,3066,Silver,GrabMart|GrabExpress,2,Surabaya,0
USR006825,Promising,2024-12-24,8,4,111000.0,1177,Member,GrabBike|GrabExpress,2,Bekasi,1
USR007263,Promising,2024-12-13,19,5,113000.0,1055,Member,GrabCar,1,Jakarta,0
USR001848,Loyal,2024-12-15,17,10,727000.0,7483,Gold,GrabCar,1,Jakarta,0
USR004512,At_Risk,2024-11-08,54,2,241000.0,2564,Silver,GrabMart,1,Jakarta,0
USR002431,Loyal,2024-12-03,29,8,351000.0,3117,Silver,GrabCar,1,Bekasi,0
USR004660,At_Risk,2024-10-27,66,3,282000.0,2655,Silver,GrabCar|GrabExpress|GrabMart,3,Jakarta,0
USR008885,Hibernating,2024-02-12,324,0,33000.0,346,Member,GrabExpress|GrabCar,2,Bekasi,1
USR005584,At_Risk,2024-10-21,72,4,183000.0,1550,Member,GrabCar|GrabFood|GrabExpress|GrabMart,4,Bandung,1
USR000142,Champions,2024-12-24,8,21,1597000.0,16074,Platinum,GrabCar|GrabMart,2,Surabaya,0
USR008760,Hibernating,2024-07-04,181,0,23000.0,259,Member,GrabBike|GrabCar|GrabExpress,3,Jakarta,1
USR009211,Hibernating,2024-08-26,128,0,64000.0,661,Member,GrabCar,1,Bekasi,0
USR005264,At_Risk,2024-11-11,51,2,320000.0,3435,Silver,GrabCar|GrabBike|GrabMart|GrabFood,4,Jakarta,0
USR003409,Loyal,2024-12-05,27,13,314000.0,2610,Silver,GrabMart|GrabBike|GrabFood|GrabCar,4,Bandung,1
USR001117,Champions,2024-12-25,7,26,1579000.0,16111,Platinum,GrabMart|GrabFood|GrabExpress,3,Bandung,0
USR001756,Loyal,2024-12-22,10,12,786000.0,6611,Gold,GrabMart|GrabExpress|GrabFood,3,Jakarta,0
USR000497,Champions,2024-12-20,12,29,2490000.0,20523,Platinum,GrabFood|GrabMart,2,Bekasi,0
USR008031,Hibernating,2024-02-01,335,0,69000.0,801,Member,GrabCar,1,Jakarta,0
USR000870,Champions,2024-12-20,12,19,1110000.0,9071,Gold,GrabCar|GrabFood|GrabMart,3,Bandung,0
USR003357,Loyal,2024-12-08,24,12,598000.0,6590,Silver,GrabExpress|GrabBike,2,Jakarta,0
USR000912,Champions,2024-12-24,8,25,2114000.0,17011,Platinum,GrabExpress|GrabCar,2,Medan,0
USR000721,Champions,2024-12-30,2,18,1750000.0,14234,Platinum,GrabCar,1,Jakarta,0
USR002805,Loyal,2024-12-13,19,11,635000.0,5903,Gold,GrabCar,1,Bandung,0
USR009943,Hibernating,2024-04-03,273,0,13000.0,119,Member,GrabCar|GrabFood|GrabMart|GrabBike,4,Bekasi,0
USR000886,Champions,2024-12-23,9,24,2494000.0,25439,Platinum,GrabExpress|GrabMart,2,Bandung,0
USR009592,Hibernating,2024-09-17,106,0,62000.0,712,Member,GrabMart,1,Surabaya,1
USR006587,Promising,2024-12-28,4,7,175000.0,1414,Member,GrabCar|GrabExpress|GrabBike,3,Surabaya,0
USR008100,Hibernating,2024-09-02,121,0,39000.0,446,Member,GrabCar,1,Jakarta,1
USR001520,Loyal,2024-12-23,9,10,411000.0,4496,Silver,GrabFood|GrabBike,2,Surabaya,0
USR008689,Hibernating,2024-07-22,163,0,54000.0,647,Member,GrabExpress|GrabFood,2,Surabaya,1
USR002746,Loyal,2024-12-18,14,9,340000.0,3348,Silver,GrabExpress|GrabBike,2,Bekasi,1
USR006700,Promising,2024-12-14,18,7,194000.0,2029,Member,GrabExpress,1,Bekasi,0
USR005775,At_Risk,2024-11-06,56,5,323000.0,2618,Silver,GrabCar,1,Bandung,0
USR000314,Champions,2024-12-19,13,17,1840000.0,21191,Platinum,GrabFood|GrabBike|GrabMart|GrabCar,4,Bekasi,0
USR001799,Loyal,2024-12-04,28,13,508000.0,4077,Silver,GrabFood|GrabExpress|GrabBike,3,Jakarta,1
USR000327,Champions,2024-12-31,1,27,1605000.0,13692,Platinum,GrabExpress,1,Medan,0
USR005642,At_Risk,2024-11-08,54,2,165000.0,1840,Member,GrabExpress,1,Jakarta,1
USR004204,At_Risk,2024-11-16,46,4,184000.0,1502,Member,GrabExpress,1,Jakarta,1
USR003129,Loyal,2024-12-06,26,9,451000.0,4053,Silver,GrabExpress,1,Jakarta,0
USR006860,Promising,2024-12-16,16,3,132000.0,1428,Member,GrabFood|GrabBike,2,Medan,0
USR009905,Hibernating,2024-04-04,272,0,66000.0,598,Member,GrabBike|GrabMart|GrabCar,3,Surabaya,1
USR003968,Loyal,2024-12-23,9,13,792000.0,6607,Gold,GrabMart|GrabBike,2,Bekasi,0
USR005743,At_Risk,2024-11-06,56,2,102000.0,1064,Member,GrabExpress|GrabCar|GrabBike,3,Bandung,1
USR006226,Promising,2024-12-17,15,3,213000.0,2391,Silver,GrabExpress,1,Surabaya,0
USR001973,Loyal,2024-12-12,20,14,581000.0,4951,Silver,GrabBike|GrabMart,2,Bekasi,0
USR000336,Champions,2024-12-24,8,15,1329000.0,15780,Gold,GrabMart|GrabBike|GrabExpress|GrabCar,4,Jakarta,0
USR002764,Loyal,2024-12-12,20,11,588000.0,6101,Silver,GrabCar|GrabMart,2,Jakarta,1
USR007660,Promising,2024-12-27,5,6,170000.0,1659,Member,GrabMart|GrabCar|GrabExpress,3,Medan,0
USR000275,Champions,2024-12-22,10,25,1454000.0,12731,Gold,GrabMart|GrabBike,2,Surabaya,0
USR002985,Loyal,2024-12-21,11,8,787000.0,8669,Gold,GrabFood,1,Jakarta,0
USR005646,At_Risk,2024-11-05,57,3,312000.0,3101,Silver,GrabExpress|GrabMart,2,Bekasi,0
USR005849,At_Risk,2024-11-15,47,4,166000.0,1845,Member,GrabBike|GrabExpress|GrabCar,3,Medan,1
USR003477,Loyal,2024-12-25,7,10,428000.0,3471,Silver,GrabMart|GrabFood,2,Medan,0
USR007558,Promising,2024-12-27,5,7,242000.0,2076,Silver,GrabMart,1,Medan,0
USR003558,Loyal,2024-12-21,11,13,325000.0,3801,Silver,GrabMart,1,Jakarta,0
USR002809,Loyal,2024-12-13,19,11,657000.0,7398,Gold,GrabExpress|GrabMart,2,Jakarta,0
USR009113,Hibernating,2024-06-12,203,0,51000.0,495,Member,GrabCar|GrabBike|GrabMart|GrabFood,4,Bekasi,0
USR004861,At_Risk,2024-11-08,54,5,242000.0,2718,Silver,GrabFood|GrabCar|GrabMart|GrabExpress,4,Jakarta,0
USR006586,Promising,2024-12-19,13,3,181000.0,1501,Member,GrabExpress,1,Bandung,0
USR003416,Loyal,2024-12-13,19,14,363000.0,3954,Silver,GrabBike|GrabFood,2,Bandung,0
USR000307,Champions,2024-12-26,6,24,980000.0,10816,Gold,GrabExpress|GrabFood|GrabCar|GrabBike,4,Bandung,0
USR003908,Loyal,2024-12-08,24,12,319000.0,3505,Silver,GrabCar|GrabExpress,2,Bekasi,0
USR000348,Champions,2024-12-31,1,16,1792000.0,15065,Platinum,GrabCar|GrabFood,2,Medan,0
USR000826,Champions,2024-12-29,3,19,1040000.0,11777,Gold,GrabExpress|GrabCar|GrabFood|GrabMart,4,Jakarta,1
USR009501,Hibernating,2024-07-23,162,0,14000.0,128,Member,GrabExpress|GrabCar,2,Jakarta,1
USR004482,At_Risk,2024-10-05,88,3,296000.0,3035,Silver,GrabExpress,1,Surabaya,0
USR006576,Promising,2024-12-16,16,4,92000.0,795,Member,GrabBike|GrabExpress|GrabMart,3,Jakarta,0
USR003682,Loyal,2024-12-25,7,12,328000.0,3310,Silver,GrabExpress|GrabFood|GrabBike|GrabCar,4,Jakarta,0
USR005876,At_Risk,2024-10-12,81,5,316000.0,2854,Silver,GrabMart,1,Jakarta,0
USR008387,Hibernating,2024-02-08,328,0,38000.0,376,Member,GrabMart|GrabFood,2,Jakarta,1
USR002053,Loyal,2024-12-10,22,8,707000.0,7720,Gold,GrabBike|GrabMart,2,Jakarta,0
USR000071,Champions,2024-12-21,11,28,2166000.0,21336,Platinum,GrabExpress|GrabCar|GrabMart,3,Surabaya,0
USR005507,At_Risk,2024-10-13,80,5,192000.0,1877,Member,GrabExpress|GrabCar,2,Bandung,1
USR008514,Hibernating,2024-01-26,341,0,36000.0,331,Member,GrabCar|GrabFood,2,Bekasi,1
USR007510,Promising,2024-12-12,20,4,121000.0,1093,Member,GrabExpress,1,Surabaya,0
USR008151,Hibernating,2024-06-17,198,0,77000.0,827,Member,GrabMart|GrabFood|GrabCar|GrabBike,4,Jakarta,1
USR001666,Loyal,2024-12-10,22,13,745000.0,6159,Gold,GrabFood|GrabCar|GrabMart|GrabExpress,4,Medan,0
USR007861,Promising,2024-12-28,4,3,134000.0,1439,Member,GrabMart|GrabCar|GrabExpress|GrabFood,4,Jakarta,1
USR009159,Hibernating,2024-01-26,341,0,52000.0,498,Member,GrabExpress|GrabCar,2,Jakarta,1
USR005688,At_Risk,2024-10-05,88,2,289000.0,2969,Silver,GrabExpress|GrabMart|GrabFood,3,Bekasi,1
USR001445,Champions,2024-12-26,6,29,1056000.0,12354,Gold,GrabFood|GrabCar|GrabBike|GrabExpress,4,Bekasi,0
USR005227,At_Risk,2024-11-01,61,2,345000.0,3731,Silver,GrabBike,1,Jakarta,0
USR006982,Promising,2024-12-20,12,6,207000.0,2293,Silver,GrabBike|GrabMart,2,Medan,0
USR001695,Loyal,2024-12-09,23,9,421000.0,3415,Silver,GrabMart,1,Bekasi,0
USR002892,Loyal,2024-12-22,10,8,787000.0,6766,Gold,GrabExpress|GrabMart,2,Surabaya,0
USR001574,Loyal,2024-12-16,16,8,489000.0,5091,Silver,GrabCar|GrabExpress|GrabBike,3,Bekasi,0
USR003203,Loyal,2024-12-18,14,8,562000.0,6486,Silver,GrabFood,1,Jakarta,0
USR004405,At_Risk,2024-11-13,49,5,140000.0,1443,Member,GrabFood|GrabExpress,2,Jakarta,0
USR001630,Loyal,2024-12-04,28,10,477000.0,5210,Silver,GrabExpress|GrabCar,2,Jakarta,0
USR008380,Hibernating,2024-07-07,178,0,37000.0,298,Member,GrabFood,1,Jakarta,1
USR001881,Loyal,2024-12-25,7,14,354000.0,3459,Silver,GrabFood,1,Jakarta,1
USR008821,Hibernating,2024-06-30,185,0,13000.0,153,Member,GrabMart,1,Medan,1
USR006463,Promising,2024-12-19,13,7,232000.0,2487,Silver,GrabBike|GrabFood|GrabCar|GrabExpress,4,Jakarta,0
USR000848,Champions,2024-12-29,3,23,1674000.0,13784,Platinum,GrabBike,1,Bandung,1
USR009923,Hibernating,2024-03-06,301,0,77000.0,842,Member,GrabCar|GrabExpress,2,Surabaya,1
USR006188,Promising,2024-12-21,11,6,180000.0,1869,Member,GrabFood|GrabMart|GrabBike,3,Bandung,0
USR005869,At_Risk,2024-11-09,53,2,320000.0,2807,Silver,GrabMart,1,Jakarta,0
USR002877,Loyal,2024-12-17,15,8,509000.0,5641,Silver,GrabFood,1,Jakarta,0
USR000186,Champions,2024-12-29,3,27,1962000.0,21623,Platinum,GrabCar|GrabMart|GrabFood,3,Surabaya,0
USR003779,Loyal,2024-12-18,14,12,554000.0,5578,Silver,GrabBike,1,Jakarta,0
USR001830,Loyal,2024-12-17,15,13,333000.0,3841,Silver,GrabMart|GrabExpress|GrabBike|GrabCar,4,Bekasi,0
USR008325,Hibernating,2024-01-06,361,0,7000.0,64,Member,GrabFood|GrabMart|GrabBike,3,Medan,0
USR009241,Hibernating,2024-02-26,310,0,59000.0,683,Member,GrabMart|GrabCar,2,Surabaya,1
USR006378,Promising,2024-12-18,14,7,122000.0,1049,Member,GrabFood,1,Jakarta,1
USR001234,Champions,2024-12-27,5,19,1122000.0,12897,Gold,GrabMart,1,Bandung,0
USR006964,Promising,2024-12-25,7,7,165000.0,1534,Member,GrabCar|GrabExpress,2,Bekasi,1
USR003915,Loyal,2024-12-05,27,11,569000.0,4989,Silver,GrabExpress|GrabFood,2,Bandung,0
USR000446,Champions,2024-12-27,5,26,1597000.0,18891,Platinum,GrabFood|GrabExpress,2,Jakarta,0
USR000844,Champions,2024-12-23,9,21,1785000.0,17059,Platinum,GrabFood|GrabExpress,2,Jakarta,0
USR008062,Hibernating,2024-05-10,236,0,74000.0,662,Member,GrabMart,1,Jakarta,1
USR005402,At_Risk,2024-11-03,59,2,309000.0,3551,Silver,GrabCar|GrabExpress,2,Medan,1
USR002440,Loyal,2024-12-25,7,14,505000.0,5850,Silver,GrabMart,1,Surabaya,1
USR003103,Loyal,2024-12-24,8,14,422000.0,4228,Silver,GrabBike|GrabFood,2,Jakarta,0
USR008585,Hibernating,2024-08-07,147,0,21000.0,238,Member,GrabCar|GrabMart,2,Surabaya,1
USR006791,Promising,2024-12-17,15,6,141000.0,1394,Member,GrabMart|GrabFood,2,Jakarta,0
USR005650,At_Risk,2024-11-09,53,3,175000.0,1724,Member,GrabBike,1,Surabaya,0
USR001294,Champions,2024-12-30,2,28,2196000.0,26208,Platinum,GrabExpress|GrabCar,2,Jakarta,0
USR005079,At_Risk,2024-10-28,65,4,270000.0,2432,Silver,GrabMart,1,Jakarta,1
USR009016,Hibernating,2024-07-08,177,0,19000.0,158,Member,GrabCar|GrabExpress|GrabMart,3,Bandung,1
USR005067,At_Risk,2024-10-29,64,5,112000.0,957,Member,GrabCar|GrabMart,2,Surabaya,1
USR003442,Loyal,2024-12-25,7,11,321000.0,3409,Silver,GrabFood,1,Jakarta,0
USR008451,Hibernating,2024-09-17,106,0,44000.0,369,Member,GrabFood,1,Medan,1
USR007273,Promising,2024-12-14,18,7,221000.0,1896,Silver,GrabExpress|GrabMart,2,Medan,0
USR006105,Promising,2024-12-25,7,6,168000.0,1520,Member,GrabFood|GrabMart|GrabExpress,3,Surabaya,0
USR000776,Champions,2024-12-23,9,18,927000.0,10776,Gold,GrabMart|GrabExpress,2,Surabaya,0
USR009716,Hibernating,2024-05-18,228,0,25000.0,229,Member,GrabMart|GrabCar|GrabFood,3,Jakarta,1
USR002153,Loyal,2024-12-11,21,9,429000.0,3964,Silver,GrabCar,1,Jakarta,0
USR004920,At_Risk,2024-10-20,73,4,330000.0,3501,Silver,GrabBike,1,Jakarta,1
USR005360,At_Risk,2024-10-12,81,2,199000.0,2276,Member,GrabExpress|GrabFood|GrabBike|GrabCar,4,Jakarta,1
USR009735,Hibernating,2024-05-13,233,0,60000.0,552,Member,GrabExpress|GrabMart|GrabFood,3,Bandung,1
USR005957,At_Risk,2024-10-28,65,2,137000.0,1594,Member,GrabExpress|GrabCar|GrabMart|GrabBike,4,Jakarta,1
USR008411,Hibernating,2024-06-27,188,0,46000.0,500,Member,GrabExpress,1,Jakarta,1
USR008432,Hibernating,2024-06-12,203,0,37000.0,346,Member,GrabFood|GrabExpress|GrabMart,3,Jakarta,1
USR003183,Loyal,2024-12-22,10,11,725000.0,7729,Gold,GrabExpress,1,Medan,0
USR006792,Promising,2024-12-19,13,3,130000.0,1062,Member,GrabFood|GrabExpress|GrabBike,3,Bekasi,1
USR003199,Loyal,2024-12-09,23,11,795000.0,8727,Gold,GrabExpress|GrabBike,2,Bandung,0
USR009369,Hibernating,2024-03-14,293,0,55000.0,500,Member,GrabFood|GrabExpress|GrabCar,3,Bandung,1
USR001289,Champions,2024-12-29,3,26,1174000.0,11859,Gold,GrabExpress|GrabCar|GrabMart|GrabBike,4,Bandung,0
USR004581,At_Risk,2024-11-02,60,3,329000.0,2687,Silver,GrabExpress,1,Medan,0
USR006192,Promising,2024-12-14,18,4,227000.0,2319,Silver,GrabExpress,1,Surabaya,1
USR008935,Hibernating,2024-01-06,361,0,11000.0,123,Member,GrabExpress|GrabFood|GrabMart,3,Bekasi,1
USR007149,Promising,2024-12-27,5,4,182000.0,1795,Member,GrabExpress|GrabMart|GrabBike,3,Jakarta,0
USR009846,Hibernating,2024-04-28,248,0,5000.0,40,Member,GrabFood|GrabCar|GrabBike|GrabExpress,4,Bandung,1
USR004106,At_Risk,2024-10-17,76,4,314000.0,3199,Silver,GrabExpress,1,Jakarta,1
USR004126,At_Risk,2024-10-19,74,3,292000.0,2776,Silver,GrabFood|GrabExpress,2,Bekasi,0
USR008300,Hibernating,2024-09-26,97,0,72000.0,719,Member,GrabCar,1,Jakarta,1
USR003966,Loyal,2024-12-24,8,12,662000.0,6491,Gold,GrabExpress,1,Medan,1
USR001879,Loyal,2024-12-22,10,11,497000.0,4321,Silver,GrabMart|GrabBike,2,Jakarta,0
USR008496,Hibernating,2024-03-14,293,0,58000.0,574,Member,GrabMart|GrabExpress|GrabCar,3,Bekasi,0
USR009299,Hibernating,2024-04-10,266,0,75000.0,614,Member,GrabCar|GrabBike,2,Surabaya,1
USR006348,Promising,2024-12-16,16,3,152000.0,1470,Member,GrabExpress,1,Bekasi,0
USR003587,Loyal,2024-12-09,23,11,791000.0,7052,Gold,GrabExpress|GrabCar,2,Surabaya,0
USR007372,Promising,2024-12-20,12,5,169000.0,1425,Member,GrabMart,1,Jakarta,0
USR003865,Loyal,2024-12-24,8,9,386000.0,3149,Silver,GrabCar|GrabFood|GrabExpress,3,Surabaya,0
USR008487,Hibernating,2024-03-30,277,0,19000.0,197,Member,GrabMart,1,Jakarta,1
USR004131,At_Risk,2024-10-23,70,2,158000.0,1518,Member,GrabMart|GrabCar,2,Bekasi,1
USR001036,Champions,2024-12-30,2,20,1520000.0,13105,Platinum,GrabCar|GrabFood|GrabBike|GrabMart,4,Surabaya,0
USR000636,Champions,2024-12-27,5,19,1400000.0,15265,Gold,GrabFood|GrabExpress,2,Jakarta,0
USR006153,Promising,2024-12-27,5,3,118000.0,1370,Member,GrabFood|GrabBike,2,Jakarta,0
USR004134,At_Risk,2024-10-14,79,5,173000.0,1386,Member,GrabCar,1,Bekasi,0
USR005338,At_Risk,2024-10-06,87,4,326000.0,3463,Silver,GrabFood|GrabBike|GrabMart,3,Medan,1
USR001083,Champions,2024-12-20,12,23,1634000.0,15312,Platinum,GrabCar|GrabBike,2,Bandung,0
USR000861,Champions,2024-12-20,12,19,1997000.0,20322,Platinum,GrabExpress|GrabFood,2,Jakarta,0
USR000903,Champions,2024-12-19,13,16,1762000.0,20940,Platinum,GrabBike|GrabMart|GrabCar,3,Medan,0
USR000191,Champions,2024-12-22,10,19,1617000.0,19076,Platinum,GrabCar|GrabFood|GrabExpress,3,Surabaya,0
USR000109,Champions,2024-12-30,2,20,813000.0,8731,Gold,GrabFood|GrabExpress,2,Jakarta,0
USR004455,At_Risk,2024-10-21,72,4,118000.0,1361,Member,GrabMart,1,Jakarta,0
USR001942,Loyal,2024-12-17,15,10,707000.0,5719,Gold,GrabFood|GrabBike|GrabMart,3,Bekasi,0
USR005856,At_Risk,2024-10-29,64,5,214000.0,2202,Silver,GrabExpress,1,Bandung,0
USR004331,At_Risk,2024-10-30,63,3,328000.0,2912,Silver,GrabBike,1,Jakarta,1
USR008541,Hibernating,2024-01-05,362,0,74000.0,672,Member,GrabCar|GrabMart|GrabFood,3,Medan,0
USR002040,Loyal,2024-12-03,29,14,485000.0,4617,Silver,GrabBike|GrabExpress|GrabMart|GrabFood,4,Bekasi,0
USR007331,Promising,2024-12-23,9,4,168000.0,1357,Member,GrabCar|GrabExpress,2,Jakarta,0
USR007317,Promising,2024-12-13,19,4,221000.0,2617,Silver,GrabMart|GrabBike|GrabCar,3,Bandung,0
USR007779,Promising,2024-12-19,13,5,160000.0,1630,Member,GrabCar|GrabBike,2,Bandung,0
USR004659,At_Risk,2024-10-31,62,5,181000.0,1988,Member,GrabExpress|GrabMart|GrabBike|GrabFood,4,Jakarta,1
USR007313,Promising,2024-12-25,7,6,201000.0,1725,Silver,GrabFood|GrabCar,2,Jakarta,1
USR002775,Loyal,2024-12-14,18,8,681000.0,6895,Gold,GrabBike,1,Medan,0
USR004145,At_Risk,2024-10-27,66,5,329000.0,3360,Silver,GrabMart,1,Jakarta,0
USR002323,Loyal,2024-12-19,13,9,707000.0,6420,Gold,GrabBike|GrabExpress|GrabCar,3,Bekasi,0
USR000762,Champions,2024-12-20,12,22,2266000.0,24521,Platinum,GrabCar|GrabFood|GrabMart,3,Bekasi,0
USR002617,Loyal,2024-12-22,10,13,740000.0,6100,Gold,GrabCar,1,Bandung,0
USR002411,Loyal,2024-12-04,28,13,576000.0,5366,Silver,GrabCar|GrabBike|GrabMart|GrabExpress,4,Jakarta,0
USR001094,Champions,2024-12-30,2,27,1112000.0,13055,Gold,GrabExpress|GrabCar|GrabMart,3,Surabaya,0
USR006173,Promising,2024-12-22,10,6,108000.0,1057,Member,GrabBike,1,Jakarta,0
USR007048,Promising,2024-12-29,3,3,209000.0,1927,Silver,GrabFood|GrabCar|GrabBike,3,Jakarta,0
USR009272,Hibernating,2024-04-26,250,0,28000.0,299,Member,GrabExpress,1,Jakarta,1
USR003135,Loyal,2024-12-06,26,9,618000.0,7316,Gold,GrabCar|GrabBike|GrabExpress,3,Bandung,0
USR007787,Promising,2024-12-19,13,6,250000.0,2427,Silver,GrabBike,1,Bandung,0
USR005040,At_Risk,2024-11-02,60,2,169000.0,1538,Member,GrabExpress,1,Jakarta,0
USR003805,Loyal,2024-12-23,9,8,477000.0,4787,Silver,GrabMart|GrabBike|GrabFood,3,Jakarta,0
USR000884,Champions,2024-12-25,7,19,2065000.0,17642,Platinum,GrabExpress|GrabCar|GrabFood,3,Jakarta,1
USR002654,Loyal,2024-12-10,22,14,410000.0,3370,Silver,GrabMart,1,Jakarta,1
USR005921,At_Risk,2024-10-15,78,2,316000.0,3556,Silver,GrabBike|GrabExpress|GrabFood,3,Bekasi,1
USR006187,Promising,2024-12-21,11,4,100000.0,1017,Member,GrabCar,1,Jakarta,0
USR008085,Hibernating,2024-04-22,254,0,47000.0,393,Member,GrabFood|GrabBike,2,Bandung,1
USR006742,Promising,2024-12-20,12,5,92000.0,912,Member,GrabExpress|GrabBike,2,Jakarta,1
USR007626,Promising,2024-12-13,19,7,91000.0,1033,Member,GrabMart|GrabExpress|GrabFood|GrabCar,4,Bandung,0
USR005680,At_Risk,2024-10-11,82,2,124000.0,1175,Member,GrabCar|GrabFood|GrabBike,3,Jakarta,1
USR007007,Promising,2024-12-29,3,7,244000.0,2200,Silver,GrabExpress,1,Surabaya,0
USR009686,Hibernating,2024-09-08,115,0,76000.0,863,Member,GrabExpress|GrabMart,2,Jakarta,1
USR002202,Loyal,2024-12-22,10,10,363000.0,4195,Silver,GrabBike|GrabExpress,2,Jakarta,0
USR006107,Promising,2024-12-16,16,7,176000.0,1819,Member,GrabFood,1,Surabaya,1
USR006417,Promising,2024-12-28,4,4,108000.0,956,Member,GrabBike|GrabFood,2,Bekasi,0
USR001262,Champions,2024-12-27,5,22,1964000.0,18072,Platinum,GrabExpress|GrabMart,2,Bandung,0
USR008379,Hibernating,2024-08-16,138,0,44000.0,374,Member,GrabCar|GrabBike,2,Jakarta,1
USR000975,Champions,2024-12-31,1,19,2148000.0,19536,Platinum,GrabMart|GrabFood,2,Jakarta,0
USR005831,At_Risk,2024-10-17,76,2,138000.0,1441,Member,GrabExpress|GrabBike|GrabMart,3,Jakarta,1
USR004925,At_Risk,2024-11-08,54,4,129000.0,1318,Member,GrabMart,1,Bandung,1
USR000941,Champions,2024-12-27,5,27,1257000.0,10990,Gold,GrabBike|GrabCar|GrabMart,3,Jakarta,0
USR004723,At_Risk,2024-11-06,56,3,169000.0,1446,Member,GrabFood|GrabBike,2,Jakarta,0
USR002387,Loyal,2024-12-09,23,9,481000.0,4806,Silver,GrabExpress,1,Bekasi,0
USR009728,Hibernating,2024-04-16,260,0,64000.0,692,Member,GrabCar|GrabExpress|GrabBike|GrabMart,4,Jakarta,1
USR005021,At_Risk,2024-10-30,63,2,205000.0,1801,Silver,GrabMart,1,Jakarta,1
USR004391,At_Risk,2024-11-13,49,4,344000.0,3592,Silver,GrabBike|GrabCar|GrabExpress,3,Surabaya,0
USR005148,At_Risk,2024-10-22,71,3,175000.0,1686,Member,GrabBike,1,Surabaya,0
USR003221,Loyal,2024-12-08,24,9,601000.0,6386,Gold,GrabExpress,1,Bandung,0
USR003882,Loyal,2024-12-25,7,9,389000.0,3594,Silver,GrabFood,1,Bandung,0
USR009438,Hibernating,2024-07-21,164,0,8000.0,78,Member,GrabBike,1,Surabaya,1
USR006624,Promising,2024-12-13,19,4,181000.0,1715,Member,GrabBike,1,Surabaya,1
USR005918,At_Risk,2024-10-11,82,2,117000.0,1108,Member,GrabMart,1,Bekasi,0
USR002789,Loyal,2024-12-18,14,13,651000.0,5902,Gold,GrabExpress|GrabBike,2,Bekasi,0
USR000944,Champions,2024-12-29,3,24,1192000.0,10224,Gold,GrabExpress|GrabCar|GrabMart,3,Bekasi,0
USR008908,Hibernating,2024-06-24,191,0,20000.0,165,Member,GrabBike|GrabFood|GrabExpress,3,Surabaya,1
USR001857,Loyal,2024-12-23,9,12,401000.0,4708,Silver,GrabExpress,1,Bekasi,0
USR009080,Hibernating,2024-08-20,134,0,5000.0,43,Member,GrabExpress|GrabMart|GrabFood|GrabBike,4,Surabaya,1
USR004108,At_Risk,2024-11-07,55,2,115000.0,1097,Member,GrabBike|GrabExpress|GrabFood|GrabCar,4,Jakarta,1
USR008513,Hibernating,2024-02-21,315,0,76000.0,616,Member,GrabCar|GrabMart,2,Jakarta,1
USR003255,Loyal,2024-12-18,14,8,778000.0,6707,Gold,GrabCar,1,Jakarta,0
USR002690,Loyal,2024-12-23,9,14,411000.0,4003,Silver,GrabFood|GrabExpress|GrabBike,3,Jakarta,0
USR009512,Hibernating,2024-06-26,189,0,17000.0,182,Member,GrabExpress|GrabBike|GrabCar,3,Jakarta,1
USR006961,Promising,2024-12-16,16,4,227000.0,2181,Silver,GrabMart|GrabFood,2,Jakarta,1
USR001319,Champions,2024-12-27,5,24,1345000.0,13514,Gold,GrabMart|GrabCar|GrabExpress|GrabFood,4,Jakarta,0
USR008882,Hibernating,2024-07-28,157,0,66000.0,585,Member,GrabExpress|GrabBike|GrabMart,3,Jakarta,1
USR009880,Hibernating,2024-05-23,223,0,1000.0,9,Member,GrabMart|GrabExpress|GrabCar,3,Jakarta,0
USR005162,At_Risk,2024-10-09,84,2,350000.0,2856,Silver,GrabFood|GrabCar,2,Jakarta,1
USR005829,At_Risk,2024-10-04,89,2,253000.0,2413,Silver,GrabExpress|GrabCar,2,Bekasi,1
USR007953,Promising,2024-12-27,5,5,114000.0,1218,Member,GrabFood,1,Jakarta,0
USR005958,At_Risk,2024-11-11,51,5,187000.0,1934,Member,GrabExpress|GrabCar|GrabFood,3,Jakarta,1
USR009271,Hibernating,2024-09-25,98,0,36000.0,368,Member,GrabCar|GrabExpress,2,Surabaya,1
USR003475,Loyal,2024-12-04,28,13,411000.0,4643,Silver,GrabMart|GrabExpress,2,Jakarta,0
USR003505,Loyal,2024-12-13,19,13,581000.0,5664,Silver,GrabBike|GrabFood|GrabExpress,3,Jakarta,0
USR004749,At_Risk,2024-10-07,86,4,342000.0,2778,Silver,GrabBike|GrabMart|GrabCar,3,Jakarta,0
USR002477,Loyal,2024-12-25,7,9,689000.0,7644,Gold,GrabFood,1,Bekasi,0
USR009490,Hibernating,2024-04-08,268,0,4000.0,34,Member,GrabBike|GrabExpress|GrabCar|GrabMart,4,Medan,1
USR006615,Promising,2024-12-19,13,6,91000.0,807,Member,GrabFood,1,Bandung,0
USR007413,Promising,2024-12-25,7,3,187000.0,1893,Member,GrabCar,1,Jakarta,0
USR007586,Promising,2024-12-12,20,4,104000.0,1037,Member,GrabExpress|GrabFood|GrabBike,3,Jakarta,1
USR005344,At_Risk,2024-11-03,59,3,174000.0,2054,Member,GrabExpress,1,Jakarta,0
USR009863,Hibernating,2024-10-02,91,0,65000.0,736,Member,GrabCar|GrabFood,2,Surabaya,0
USR007111,Promising,2024-12-12,20,7,190000.0,1951,Member,GrabMart|GrabExpress|GrabCar,3,Medan,0
USR001874,Loyal,2024-12-22,10,13,430000.0,4504,Silver,GrabBike,1,Bekasi,0
USR008516,Hibernating,2024-08-06,148,0,1000.0,11,Member,GrabCar,1,Jakarta,1
USR005270,At_Risk,2024-11-09,53,5,166000.0,1423,Member,GrabExpress,1,Jakarta,0
USR005096,At_Risk,2024-10-12,81,3,260000.0,3104,Silver,GrabExpress|GrabBike|GrabCar|GrabFood,4,Jakarta,1
USR002904,Loyal,2024-12-24,8,13,371000.0,4311,Silver,GrabBike,1,Jakarta,0
USR000570,Champions,2024-12-31,1,17,969000.0,8162,Gold,GrabFood|GrabCar|GrabMart|GrabBike,4,Jakarta,0
USR001448,Champions,2024-12-20,12,19,1745000.0,14820,Platinum,GrabCar|GrabMart,2,Bandung,0
USR005964,At_Risk,2024-11-11,51,4,217000.0,2014,Silver,GrabCar,1,Jakarta,1
USR006242,Promising,2024-12-19,13,7,189000.0,1674,Member,GrabFood|GrabCar|GrabBike,3,Surabaya,1
USR006347,Promising,2024-12-28,4,6,90000.0,979,Member,GrabBike|GrabExpress|GrabMart,3,Jakarta,0
USR007874,Promising,2024-12-17,15,7,117000.0,1351,Member,GrabExpress|GrabMart|GrabCar|GrabFood,4,Medan,0
USR009816,Hibernating,2024-01-27,340,0,34000.0,369,Member,GrabExpress|GrabMart|GrabBike,3,Jakarta,1
USR003226,Loyal,2024-12-12,20,8,355000.0,3811,Silver,GrabExpress,1,Jakarta,0
USR009744,Hibernating,2024-07-04,181,0,69000.0,751,Member,GrabMart,1,Bekasi,1
USR003978,Loyal,2024-12-03,29,10,779000.0,8809,Gold,GrabMart|GrabCar,2,Jakarta,0
USR004383,At_Risk,2024-11-14,48,4,254000.0,2283,Silver,GrabExpress,1,Jakarta,1
USR007856,Promising,2024-12-17,15,6,201000.0,2252,Silver,GrabMart|GrabFood|GrabCar,3,Bekasi,0
USR003539,Loyal,2024-12-24,8,8,601000.0,6810,Gold,GrabMart|GrabExpress,2,Jakarta,0
USR005682,At_Risk,2024-10-04,89,5,314000.0,2824,Silver,GrabBike,1,Jakarta,0
USR002827,Loyal,2024-12-16,16,10,397000.0,3496,Silver,GrabExpress|GrabMart|GrabCar,3,Surabaya,0
USR007658,Promising,2024-12-28,4,7,109000.0,1110,Member,GrabFood,1,Jakarta,1
USR004996,At_Risk,2024-11-06,56,2,332000.0,3197,Silver,GrabMart|GrabCar|GrabFood|GrabBike,4,Surabaya,0
USR001338,Champions,2024-12-27,5,23,1080000.0,9351,Gold,GrabBike|GrabExpress|GrabFood,3,Medan,0
USR003262,Loyal,2024-12-24,8,11,626000.0,5183,Gold,GrabMart,1,Bekasi,1
USR006386,Promising,2024-12-18,14,4,216000.0,2541,Silver,GrabCar|GrabExpress,2,Jakarta,0
USR007951,Promising,2024-12-16,16,4,209000.0,2351,Silver,GrabExpress,1,Jakarta,0
USR000650,Champions,2024-12-31,1,29,1193000.0,10545,Gold,GrabCar|GrabFood,2,Jakarta,0
USR002902,Loyal,2024-12-11,21,14,410000.0,4119,Silver,GrabBike|GrabExpress,2,Bekasi,0
USR002258,Loyal,2024-12-07,25,9,480000.0,5186,Silver,GrabCar,1,Surabaya,0
USR007402,Promising,2024-12-12,20,7,148000.0,1367,Member,GrabBike|GrabCar|GrabMart,3,Jakarta,0
USR003521,Loyal,2024-12-03,29,12,541000.0,5854,Silver,GrabExpress,1,Jakarta,0
USR002730,Loyal,2024-12-08,24,10,671000.0,6596,Gold,GrabExpress|GrabCar|GrabBike|GrabFood,4,Bandung,0
USR005496,At_Risk,2024-10-08,85,2,106000.0,910,Member,GrabExpress|GrabBike,2,Bekasi,0
USR004478,At_Risk,2024-10-19,74,5,320000.0,3551,Silver,GrabMart,1,Bekasi,1
USR001596,Loyal,2024-12-11,21,10,621000.0,6417,Gold,GrabFood|GrabMart|GrabExpress,3,Jakarta,0
USR007066,Promising,2024-12-28,4,7,100000.0,1084,Member,GrabCar|GrabExpress,2,Bandung,0
USR002584,Loyal,2024-12-08,24,12,418000.0,4165,Silver,GrabMart|GrabFood,2,Surabaya,0
USR005441,At_Risk,2024-10-10,83,2,334000.0,3446,Silver,GrabExpress,1,Bandung,1
USR003196,Loyal,2024-12-24,8,8,306000.0,3083,Silver,GrabExpress,1,Jakarta,0
USR008523,Hibernating,2024-07-25,160,0,3000.0,31,Member,GrabFood,1,Jakarta,1
USR007682,Promising,2024-12-13,19,3,133000.0,1169,Member,GrabMart,1,Jakarta,1
USR005376,At_Risk,2024-10-12,81,3,225000.0,1933,Silver,GrabExpress|GrabMart,2,Bandung,1
USR001258,Champions,2024-12-19,13,20,1675000.0,17177,Platinum,GrabMart|GrabBike|GrabFood|GrabExpress,4,Bekasi,0
USR005277,At_Risk,2024-10-12,81,2,285000.0,2382,Silver,GrabCar|GrabMart,2,Jakarta,1
USR000991,Champions,2024-12-26,6,20,1482000.0,17018,Gold,GrabExpress|GrabCar,2,Jakarta,0
USR003504,Loyal,2024-12-05,27,8,453000.0,5221,Silver,GrabFood,1,Surabaya,0
USR000113,Champions,2024-12-30,2,23,2032000.0,19828,Platinum,GrabCar|GrabBike|GrabExpress,3,Bandung,0
USR000919,Champions,2024-12-27,5,15,2253000.0,25573,Platinum,GrabExpress|GrabMart|GrabBike,3,Medan,0
USR002509,Loyal,2024-12-08,24,8,476000.0,4416,Silver,GrabExpress|GrabMart,2,Bekasi,0
USR009404,Hibernating,2024-07-12,173,0,72000.0,600,Member,GrabBike|GrabFood,2,Jakarta,1
USR000165,Champions,2024-12-23,9,16,1609000.0,16807,Platinum,GrabCar|GrabBike|GrabMart,3,Bandung,0
USR005263,At_Risk,2024-11-11,51,4,261000.0,2497,Silver,GrabCar,1,Bekasi,0
USR004603,At_Risk,2024-10-21,72,4,321000.0,3350,Silver,GrabMart,1,Bandung,0
USR000949,Champions,2024-12-20,12,26,2295000.0,18471,Platinum,GrabCar|GrabMart,2,Bandung,0
USR004594,At_Risk,2024-10-13,80,4,174000.0,1512,Member,GrabMart|GrabFood|GrabCar,3,Bekasi,1
USR005727,At_Risk,2024-10-10,83,5,241000.0,2583,Silver,GrabFood,1,Jakarta,1
USR003770,Loyal,2024-12-24,8,10,349000.0,3439,Silver,GrabCar|GrabExpress,2,Jakarta,0
USR002506,Loyal,2024-12-13,19,8,757000.0,6566,Gold,GrabMart|GrabFood|GrabCar|GrabBike,4,Jakarta,0
USR005107,At_Risk,2024-10-27,66,2,151000.0,1583,Member,GrabFood,1,Bandung,1
USR002850,Loyal,2024-12-17,15,14,759000.0,8836,Gold,GrabExpress|GrabCar,2,Bandung,0
USR006485,Promising,2024-12-26,6,3,236000.0,2776,Silver,GrabMart|GrabCar,2,Bekasi,0
USR005362,At_Risk,2024-11-05,57,2,281000.0,2693,Silver,GrabCar|GrabExpress|GrabFood,3,Jakarta,1
USR007442,Promising,2024-12-20,12,3,99000.0,1185,Member,GrabMart|GrabBike|GrabFood|GrabExpress,4,Jakarta,0
USR004446,At_Risk,2024-11-10,52,5,217000.0,1954,Silver,GrabBike,1,Bandung,1
USR004460,At_Risk,2024-10-08,85,4,143000.0,1233,Member,GrabFood,1,Jakarta,0
USR009513,Hibernating,2024-06-15,200,0,38000.0,325,Member,GrabFood,1,Medan,1
USR002505,Loyal,2024-12-18,14,9,525000.0,4271,Silver,GrabFood,1,Bekasi,0
USR001114,Champions,2024-12-26,6,19,2179000.0,22047,Platinum,GrabFood|GrabExpress|GrabMart,3,Bandung,0
USR008397,Hibernating,2024-09-25,98,0,36000.0,347,Member,GrabFood|GrabExpress|GrabMart,3,Bekasi,1
USR000298,Champions,2024-12-19,13,29,1328000.0,12557,Gold,GrabCar|GrabMart|GrabBike|GrabFood,4,Bekasi,0
USR001675,Loyal,2024-12-25,7,12,674000.0,7718,Gold,GrabMart|GrabBike|GrabFood,3,Jakarta,1
USR003347,Loyal,2024-12-23,9,8,612000.0,6907,Gold,GrabCar,1,Surabaya,0
USR002735,Loyal,2024-12-13,19,14,655000.0,5990,Gold,GrabMart|GrabCar,2,Jakarta,0
USR007819,Promising,2024-12-21,11,4,220000.0,2498,Silver,GrabFood,1,Bekasi,0
USR004988,At_Risk,2024-10-19,74,2,195000.0,2169,Member,GrabFood|GrabCar|GrabExpress,3,Jakarta,0
USR009894,Hibernating,2024-08-08,146,0,22000.0,182,Member,GrabExpress|GrabMart,2,Medan,1
USR005817,At_Risk,2024-10-18,75,4,340000.0,3934,Silver,GrabExpress,1,Jakarta,0
USR004325,At_Risk,2024-10-15,78,4,203000.0,1790,Silver,GrabMart|GrabExpress|GrabBike,3,Jakarta,1
USR006719,Promising,2024-12-29,3,4,243000.0,2814,Silver,GrabExpress,1,Surabaya,0
USR008786,Hibernating,2024-02-27,309,0,71000.0,725,Member,GrabFood,1,Jakarta,1
USR004550,At_Risk,2024-10-13,80,4,126000.0,1183,Member,GrabCar|GrabFood|GrabBike,3,Jakarta,1
USR008572,Hibernating,2024-02-17,319,0,29000.0,277,Member,GrabCar|GrabFood|GrabExpress|GrabBike,4,Bandung,1
USR007847,Promising,2024-12-22,10,6,215000.0,2036,Silver,GrabFood|GrabBike|GrabMart,3,Jakarta,0
USR002103,Loyal,2024-12-15,17,10,508000.0,4741,Silver,GrabExpress|GrabMart,2,Jakarta,0
USR005813,At_Risk,2024-10-07,86,4,127000.0,1098,Member,GrabMart|GrabFood,2,Surabaya,0
USR009104,Hibernating,2024-09-28,95,0,70000.0,774,Member,GrabMart|GrabBike|GrabFood|GrabCar,4,Bekasi,1
USR007453,Promising,2024-12-13,19,6,193000.0,1606,Member,GrabFood|GrabMart|GrabExpress|GrabBike,4,Surabaya,1
USR001837,Loyal,2024-12-18,14,13,316000.0,2725,Silver,GrabBike,1,Jakarta,1
USR007902,Promising,2024-12-27,5,7,165000.0,1568,Member,GrabMart,1,Bandung,0
USR008318,Hibernating,2024-03-23,284,0,44000.0,370,Member,GrabExpress|GrabFood,2,Jakarta,1
USR008723,Hibernating,2024-03-05,302,0,55000.0,656,Member,GrabCar|GrabMart,2,Jakarta,1
USR000607,Champions,2024-12-27,5,21,2355000.0,22496,Platinum,GrabBike|GrabFood|GrabMart|GrabExpress,4,Surabaya,0
USR008374,Hibernating,2024-02-02,334,0,17000.0,158,Member,GrabBike|GrabCar,2,Bandung,1
USR001093,Champions,2024-12-31,1,15,1193000.0,13015,Gold,GrabMart|GrabFood|GrabBike|GrabExpress,4,Bandung,0
USR006387,Promising,2024-12-20,12,3,218000.0,2255,Silver,GrabMart|GrabExpress|GrabFood,3,Jakarta,0
USR006505,Promising,2024-12-16,16,5,240000.0,2341,Silver,GrabExpress,1,Medan,1
USR008964,Hibernating,2024-04-22,254,0,64000.0,514,Member,GrabCar,1,Jakarta,1
USR004487,At_Risk,2024-11-11,51,4,205000.0,2121,Silver,GrabBike|GrabMart|GrabCar,3,Medan,1
USR000160,Champions,2024-12-26,6,23,1693000.0,14544,Platinum,GrabExpress,1,Jakarta,0
USR000203,Champions,2024-12-26,6,25,1410000.0,13872,Gold,GrabMart|GrabFood|GrabCar,3,Bandung,0
USR007040,Promising,2024-12-23,9,4,92000.0,792,Member,GrabBike,1,Surabaya,0
USR005893,At_Risk,2024-10-29,64,2,227000.0,2286,Silver,GrabMart,1,Bekasi,0
USR004933,At_Risk,2024-10-12,81,3,102000.0,994,Member,GrabMart,1,Bekasi,1
USR002934,Loyal,2024-12-21,11,8,706000.0,6061,Gold,GrabBike,1,Jakarta,0
USR007322,Promising,2024-12-28,4,3,224000.0,1858,Silver,GrabExpress|GrabMart|GrabFood,3,Jakarta,0
USR002435,Loyal,2024-12-22,10,11,568000.0,6272,Silver,GrabFood|GrabMart|GrabBike|GrabCar,4,Bekasi,0
USR001230,Champions,2024-12-25,7,22,2213000.0,25148,Platinum,GrabBike|GrabMart|GrabCar,3,Bekasi,0
USR008675,Hibernating,2024-07-30,155,0,3000.0,30,Member,GrabMart|GrabBike|GrabCar,3,Jakarta,1
USR003046,Loyal,2024-12-08,24,13,797000.0,6833,Gold,GrabCar|GrabBike|GrabMart,3,Bekasi,0
USR009654,Hibernating,2024-08-09,145,0,77000.0,919,Member,GrabBike|GrabMart,2,Jakarta,1
USR008419,Hibernating,2024-02-08,328,0,43000.0,500,Member,GrabExpress|GrabFood|GrabMart,3,Bekasi,1
USR007666,Promising,2024-12-28,4,3,126000.0,1082,Member,GrabMart|GrabFood,2,Bekasi,0
USR006407,Promising,2024-12-14,18,7,107000.0,1219,Member,GrabCar|GrabFood,2,Bekasi,0
USR004251,At_Risk,2024-10-10,83,2,171000.0,1985,Member,GrabBike|GrabMart,2,Jakarta,0
USR005577,At_Risk,2024-11-16,46,4,177000.0,1787,Member,GrabBike,1,Medan,0
USR003293,Loyal,2024-12-12,20,8,656000.0,6160,Gold,GrabMart|GrabExpress|GrabBike,3,Jakarta,1
USR004034,At_Risk,2024-11-04,58,5,104000.0,929,Member,GrabExpress|GrabMart,2,Jakarta,1
USR008112,Hibernating,2024-09-11,112,0,30000.0,293,Member,GrabMart,1,Jakarta,1
USR004290,At_Risk,2024-10-05,88,2,152000.0,1230,Member,GrabMart|GrabFood,2,Bekasi,1
USR004334,At_Risk,2024-10-04,89,2,200000.0,2393,Member,GrabMart,1,Surabaya,0
USR005931,At_Risk,2024-10-04,89,3,171000.0,1916,Member,GrabFood|GrabExpress|GrabMart,3,Jakarta,1
USR003877,Loyal,2024-12-15,17,9,709000.0,7460,Gold,GrabExpress,1,Medan,0
USR005428,At_Risk,2024-11-04,58,2,139000.0,1132,Member,GrabExpress|GrabFood,2,Surabaya,1
USR004753,At_Risk,2024-10-12,81,3,269000.0,2920,Silver,GrabBike|GrabFood,2,Jakarta,1
USR004886,At_Risk,2024-10-07,86,3,309000.0,2578,Silver,GrabFood|GrabExpress|GrabCar|GrabMart,4,Medan,0
USR000857,Champions,2024-12-20,12,29,1559000.0,14733,Platinum,GrabCar|GrabMart,2,Jakarta,0
USR008233,Hibernating,2024-08-22,132,0,70000.0,586,Member,GrabBike,1,Jakarta,1
USR008375,Hibernating,2024-09-23,100,0,80000.0,887,Member,GrabExpress,1,Jakarta,1
USR002561,Loyal,2024-12-07,25,8,543000.0,4705,Silver,GrabMart|GrabExpress,2,Jakarta,0
USR003801,Loyal,2024-12-24,8,14,755000.0,8423,Gold,GrabExpress,1,Jakarta,0
USR002640,Loyal,2024-12-19,13,13,528000.0,5110,Silver,GrabExpress|GrabBike|GrabCar,3,Bekasi,0
USR009663,Hibernating,2024-06-25,190,0,1000.0,10,Member,GrabBike|GrabExpress,2,Jakarta,1
USR004490,At_Risk,2024-10-24,69,3,111000.0,1106,Member,GrabFood|GrabBike|GrabMart|GrabExpress,4,Medan,1
USR002347,Loyal,2024-12-19,13,9,410000.0,3657,Silver,GrabFood,1,Jakarta,0
USR000649,Champions,2024-12-31,1,23,1108000.0,10337,Gold,GrabFood|GrabBike|GrabExpress,3,Jakarta,0
USR002781,Loyal,2024-12-05,27,13,659000.0,7536,Gold,GrabMart,1,Bandung,0
USR005652,At_Risk,2024-10-06,87,5,348000.0,2851,Silver,GrabBike,1,Bekasi,0
USR008543,Hibernating,2024-03-31,276,0,65000.0,597,Member,GrabFood|GrabBike|GrabExpress,3,Medan,1
USR008677,Hibernating,2024-09-28,95,0,30000.0,331,Member,GrabExpress|GrabFood,2,Jakarta,1
USR006433,Promising,2024-12-26,6,5,106000.0,1098,Member,GrabFood|GrabCar|GrabExpress|GrabMart,4,Bekasi,0
USR000615,Champions,2024-12-31,1,21,1434000.0,17079,Gold,GrabFood|GrabCar|GrabMart|GrabBike,4,Jakarta,0
USR008448,Hibernating,2024-03-28,279,0,71000.0,834,Member,GrabExpress|GrabCar|GrabBike,3,Surabaya,0
USR002575,Loyal,2024-12-06,26,10,419000.0,3639,Silver,GrabFood|GrabBike|GrabMart,3,Jakarta,0
USR000053,Champions,2024-12-22,10,26,1600000.0,18571,Platinum,GrabFood|GrabExpress,2,Jakarta,0
USR003340,Loyal,2024-12-05,27,9,357000.0,4281,Silver,GrabFood|GrabExpress|GrabMart,3,Surabaya,0
USR007037,Promising,2024-12-22,10,6,116000.0,1182,Member,GrabExpress|GrabCar|GrabFood,3,Surabaya,1
USR001705,Loyal,2024-12-19,13,9,411000.0,3290,Silver,GrabExpress|GrabFood,2,Bandung,0
USR009060,Hibernating,2024-04-04,272,0,54000.0,614,Member,GrabExpress,1,Jakarta,1
USR009352,Hibernating,2024-07-14,171,0,48000.0,562,Member,GrabFood|GrabExpress,2,Bekasi,1
USR001493,Champions,2024-12-19,13,18,1503000.0,15059,Platinum,GrabFood|GrabCar|GrabMart,3,Jakarta,0
USR009963,Hibernating,2024-08-16,138,0,6000.0,66,Member,GrabBike,1,Jakarta,1
USR005632,At_Risk,2024-10-16,77,3,253000.0,2321,Silver,GrabExpress,1,Bekasi,1
USR000803,Champions,2024-12-19,13,27,2481000.0,23784,Platinum,GrabFood|GrabExpress|GrabMart,3,Surabaya,0
USR004953,At_Risk,2024-11-01,61,3,211000.0,1837,Silver,GrabCar|GrabExpress,2,Jakarta,1
USR006933,Promising,2024-12-12,20,6,187000.0,1817,Member,GrabCar|GrabExpress,2,Jakarta,0
USR007104,Promising,2024-12-13,19,5,113000.0,1150,Member,GrabBike|GrabCar|GrabMart|GrabFood,4,Surabaya,0
USR000990,Champions,2024-12-27,5,23,1343000.0,13139,Gold,GrabCar|GrabExpress,2,Bandung,0
USR002774,Loyal,2024-12-12,20,9,441000.0,4940,Silver,GrabFood|GrabCar,2,Jakarta,0
USR007470,Promising,2024-12-19,13,4,83000.0,803,Member,GrabExpress,1,Bandung,0
USR006419,Promising,2024-12-12,20,7,98000.0,875,Member,GrabBike,1,Medan,0
USR003513,Loyal,2024-12-03,29,14,645000.0,6544,Gold,GrabBike|GrabExpress,2,Jakarta,0
USR005478,At_Risk,2024-10-29,64,2,350000.0,2996,Silver,GrabExpress|GrabMart,2,Jakarta,1
USR008400,Hibernating,2024-05-18,228,0,7000.0,58,Member,GrabFood|GrabBike,2,Jakarta,1
USR000219,Champions,2024-12-27,5,26,2365000.0,27602,Platinum,GrabFood|GrabMart|GrabCar|GrabExpress,4,Bandung,0
USR006969,Promising,2024-12-13,19,5,98000.0,787,Member,GrabBike|GrabCar|GrabExpress|GrabMart,4,Jakarta,0
USR001288,Champions,2024-12-25,7,20,1057000.0,10767,Gold,GrabCar|GrabBike,2,Surabaya,0
USR003163,Loyal,2024-12-14,18,10,611000.0,6169,Gold,GrabCar,1,Bekasi,0
USR004678,At_Risk,2024-11-17,45,3,187000.0,1978,Member,GrabBike,1,Bekasi,1
USR002618,Loyal,2024-12-16,16,9,793000.0,9382,Gold,GrabMart|GrabExpress,2,Surabaya,0
USR003612,Loyal,2024-12-25,7,8,365000.0,3781,Silver,GrabBike|GrabMart|GrabCar,3,Jakarta,0
USR000043,Champions,2024-12-30,2,24,1381000.0,16021,Gold,GrabBike|GrabFood|GrabMart,3,Medan,0
USR008094,Hibernating,2024-07-08,177,0,29000.0,326,Member,GrabMart|GrabCar|GrabBike,3,Bekasi,1
USR008372,Hibernating,2024-02-11,325,0,43000.0,383,Member,GrabExpress|GrabFood,2,Bekasi,1
USR003792,Loyal,2024-12-23,9,10,543000.0,5881,Silver,GrabCar|GrabBike,2,Jakarta,0
USR003571,Loyal,2024-12-24,8,11,745000.0,6073,Gold,GrabMart,1,Jakarta,0
USR009980,Hibernating,2024-01-30,337,0,38000.0,382,Member,GrabExpress,1,Bekasi,1
USR001503,Loyal,2024-12-14,18,14,376000.0,4097,Silver,GrabBike,1,Medan,0
USR005556,At_Risk,2024-10-31,62,4,227000.0,2541,Silver,GrabExpress,1,Bekasi,0
USR009830,Hibernating,2024-01-11,356,0,4000.0,42,Member,GrabBike,1,Jakarta,0
USR003439,Loyal,2024-12-12,20,8,621000.0,5573,Gold,GrabCar|GrabMart|GrabExpress|GrabBike,4,Bandung,0
USR001892,Loyal,2024-12-23,9,10,602000.0,6769,Gold,GrabCar|GrabMart|GrabExpress,3,Jakarta,0
USR009323,Hibernating,2024-01-23,344,0,22000.0,258,Member,GrabMart,1,Bekasi,1
USR005255,At_Risk,2024-11-09,53,2,255000.0,2758,Silver,GrabFood|GrabMart,2,Jakarta,1
USR001955,Loyal,2024-12-06,26,8,563000.0,5901,Silver,GrabExpress|GrabMart|GrabBike,3,Bandung,1
USR005167,At_Risk,2024-10-27,66,5,283000.0,2586,Silver,GrabCar|GrabExpress,2,Jakarta,1
USR004814,At_Risk,2024-11-15,47,5,321000.0,3800,Silver,GrabExpress,1,Jakarta,0
USR006264,Promising,2024-12-26,6,5,114000.0,1114,Member,GrabFood|GrabCar,2,Bekasi,0
USR001505,Loyal,2024-12-23,9,14,604000.0,5383,Gold,GrabFood,1,Bekasi,0
USR000670,Champions,2024-12-31,1,16,1916000.0,18011,Platinum,GrabExpress|GrabCar|GrabFood,3,Bekasi,0
USR008907,Hibernating,2024-08-03,151,0,26000.0,259,Member,GrabBike|GrabCar|GrabFood|GrabMart,4,Surabaya,1
USR007055,Promising,2024-12-17,15,6,93000.0,1020,Member,GrabExpress,1,Jakarta,0
USR000897,Champions,2024-12-22,10,23,2148000.0,21314,Platinum,GrabMart|GrabBike|GrabFood,3,Jakarta,0
USR006178,Promising,2024-12-17,15,6,192000.0,1636,Member,GrabCar|GrabMart|GrabExpress,3,Surabaya,0
USR002666,Loyal,2024-12-07,25,9,399000.0,3448,Silver,GrabBike|GrabCar|GrabFood,3,Surabaya,1
USR003193,Loyal,2024-12-08,24,10,320000.0,3584,Silver,GrabBike|GrabFood,2,Medan,0
USR002890,Loyal,2024-12-11,21,10,410000.0,4727,Silver,GrabFood,1,Jakarta,0
USR007773,Promising,2024-12-17,15,3,114000.0,1141,Member,GrabBike,1,Bekasi,1
USR002621,Loyal,2024-12-11,21,8,634000.0,5441,Gold,GrabExpress,1,Bekasi,0
USR006008,Promising,2024-12-15,17,4,194000.0,1702,Member,GrabBike,1,Jakarta,1
USR005956,At_Risk,2024-10-31,62,3,179000.0,1728,Member,GrabCar,1,Medan,1
USR000002,Champions,2024-12-21,11,28,915000.0,10256,Gold,GrabMart|GrabCar|GrabBike,3,Jakarta,0
USR002370,Loyal,2024-12-23,9,8,430000.0,4023,Silver,GrabMart|GrabExpress,2,Jakarta,0
USR007914,Promising,2024-12-27,5,5,132000.0,1249,Member,GrabCar|GrabFood|GrabBike,3,Jakarta,1
USR001769,Loyal,2024-12-17,15,11,692000.0,6283,Gold,GrabBike|GrabExpress,2,Surabaya,0
USR008506,Hibernating,2024-08-30,124,0,59000.0,624,Member,GrabFood|GrabBike,2,Jakarta,1
USR006025,Promising,2024-12-23,9,4,238000.0,2351,Silver,GrabExpress,1,Jakarta,0
USR000531,Champions,2024-12-21,11,25,1880000.0,19235,Platinum,GrabMart|GrabCar,2,Bandung,0
USR008724,Hibernating,2024-06-03,212,0,52000.0,586,Member,GrabMart,1,Jakarta,1
USR008649,Hibernating,2024-08-17,137,0,26000.0,239,Member,GrabExpress,1,Medan,1
USR007873,Promising,2024-12-16,16,5,156000.0,1456,Member,GrabExpress|GrabMart,2,Jakarta,0
USR008890,Hibernating,2024-08-04,150,0,7000.0,64,Member,GrabBike|GrabFood|GrabExpress,3,Bekasi,1
USR003120,Loyal,2024-12-22,10,12,630000.0,5603,Gold,GrabCar,1,Jakarta,0
USR009022,Hibernating,2024-06-12,203,0,21000.0,210,Member,GrabCar|GrabMart|GrabFood|GrabBike,4,Jakarta,1
USR000731,Champions,2024-12-30,2,15,881000.0,8767,Gold,GrabBike|GrabFood,2,Bekasi,0
USR003406,Loyal,2024-12-07,25,14,536000.0,4362,Silver,GrabExpress|GrabCar,2,Medan,0
USR002339,Loyal,2024-12-19,13,11,466000.0,3869,Silver,GrabCar,1,Jakarta,0
USR005967,At_Risk,2024-10-26,67,5,266000.0,2347,Silver,GrabFood|GrabExpress|GrabCar,3,Jakarta,1
USR006580,Promising,2024-12-29,3,5,247000.0,2788,Silver,GrabCar|GrabExpress,2,Surabaya,0
USR002565,Loyal,2024-12-12,20,11,770000.0,8234,Gold,GrabFood|GrabBike|GrabMart|GrabCar,4,Bekasi,0
USR007726,Promising,2024-12-20,12,4,133000.0,1095,Member,GrabExpress|GrabCar|GrabBike,3,Medan,1
USR007820,Promising,2024-12-17,15,5,215000.0,2406,Silver,GrabFood|GrabCar,2,Jakarta,0
USR006713,Promising,2024-12-14,18,4,148000.0,1681,Member,GrabExpress|GrabMart,2,Jakarta,0
USR006995,Promising,2024-12-29,3,4,156000.0,1542,Member,GrabFood|GrabMart,2,Bandung,0
USR006942,Promising,2024-12-24,8,4,214000.0,2341,Silver,GrabCar|GrabFood,2,Bekasi,1
USR007794,Promising,2024-12-26,6,5,185000.0,1779,Member,GrabBike,1,Medan,0
USR008975,Hibernating,2024-04-23,253,0,78000.0,726,Member,GrabBike|GrabCar|GrabExpress,3,Bandung,1
USR001255,Champions,2024-12-20,12,22,2122000.0,22776,Platinum,GrabFood|GrabCar,2,Jakarta,0
USR002104,Loyal,2024-12-11,21,9,644000.0,5452,Gold,GrabExpress,1,Jakarta,0
USR006734,Promising,2024-12-25,7,4,202000.0,2221,Silver,GrabExpress|GrabCar|GrabFood,3,Bekasi,0
USR009778,Hibernating,2024-08-10,144,0,37000.0,325,Member,GrabMart,1,Surabaya,1
USR006224,Promising,2024-12-25,7,7,207000.0,2401,Silver,GrabCar,1,Bandung,1
USR009150,Hibernating,2024-10-01,92,0,47000.0,450,Member,GrabBike|GrabExpress|GrabFood|GrabMart,4,Surabaya,1
USR004994,At_Risk,2024-11-09,53,2,226000.0,1971,Silver,GrabBike|GrabFood|GrabExpress,3,Bekasi,0
USR008969,Hibernating,2024-04-02,274,0,70000.0,612,Member,GrabCar|GrabExpress,2,Medan,1
USR006839,Promising,2024-12-21,11,6,138000.0,1572,Member,GrabBike,1,Bandung,1
USR005057,At_Risk,2024-10-06,87,4,226000.0,2339,Silver,GrabBike,1,Bekasi,0
USR005846,At_Risk,2024-10-18,75,2,340000.0,3852,Silver,GrabFood|GrabBike,2,Surabaya,0
USR004434,At_Risk,2024-10-22,71,3,171000.0,2011,Member,GrabFood|GrabCar|GrabBike|GrabMart,4,Medan,1
USR003484,Loyal,2024-12-05,27,13,433000.0,4891,Silver,GrabCar|GrabBike|GrabFood,3,Jakarta,0
USR009493,Hibernating,2024-07-12,173,0,60000.0,683,Member,GrabExpress|GrabCar|GrabBike,3,Jakarta,1
USR005318,At_Risk,2024-10-30,63,4,132000.0,1472,Member,GrabBike|GrabMart|GrabFood|GrabExpress,4,Bekasi,1
USR003816,Loyal,2024-12-11,21,8,650000.0,7393,Gold,GrabFood|GrabBike,2,Bekasi,0
USR005729,At_Risk,2024-10-29,64,4,216000.0,2229,Silver,GrabFood|GrabExpress|GrabMart,3,Surabaya,0
USR008903,Hibernating,2024-05-18,228,0,29000.0,336,Member,GrabCar,1,Jakarta,1
USR007840,Promising,2024-12-26,6,3,176000.0,1836,Member,GrabFood,1,Medan,0
USR009889,Hibernating,2024-03-09,298,0,45000.0,394,Member,GrabMart,1,Jakarta,1
USR001621,Loyal,2024-12-04,28,12,549000.0,5181,Silver,GrabExpress,1,Bekasi,0
USR009423,Hibernating,2024-07-17,168,0,58000.0,655,Member,GrabBike,1,Bekasi,1
USR006307,Promising,2024-12-14,18,6,129000.0,1095,Member,GrabCar,1,Surabaya,0
USR009304,Hibernating,2024-08-11,143,0,16000.0,164,Member,GrabBike|GrabFood|GrabExpress,3,Bekasi,1
USR008902,Hibernating,2024-02-15,321,0,61000.0,680,Member,GrabBike|GrabExpress,2,Surabaya,1
USR001096,Champions,2024-12-20,12,20,1721000.0,16248,Platinum,GrabExpress|GrabFood,2,Bandung,0
USR008057,Hibernating,2024-04-14,262,0,44000.0,427,Member,GrabFood|GrabMart|GrabBike|GrabCar,4,Jakarta,1
USR009481,Hibernating,2024-08-17,137,0,50000.0,560,Member,GrabFood|GrabMart,2,Jakarta,1
USR002463,Loyal,2024-12-11,21,13,526000.0,4583,Silver,GrabFood|GrabExpress|GrabBike|GrabMart,4,Bandung,0
USR008289,Hibernating,2024-07-05,180,0,46000.0,392,Member,GrabFood|GrabCar|GrabMart|GrabBike,4,Bekasi,1
USR001788,Loyal,2024-12-25,7,9,594000.0,5331,Silver,GrabFood,1,Bekasi,0
USR000250,Champions,2024-12-23,9,17,1342000.0,12571,Gold,GrabExpress|GrabMart,2,Jakarta,0
USR009926,Hibernating,2024-08-25,129,0,23000.0,223,Member,GrabBike,1,Bekasi,1
USR006191,Promising,2024-12-20,12,7,245000.0,2134,Silver,GrabExpress|GrabFood|GrabBike,3,Bekasi,0
USR009650,Hibernating,2024-02-25,311,0,75000.0,702,Member,GrabBike|GrabMart|GrabFood|GrabExpress,4,Medan,1
USR000192,Champions,2024-12-31,1,29,1781000.0,14973,Platinum,GrabCar|GrabMart|GrabBike|GrabExpress,4,Surabaya,0
USR000820,Champions,2024-12-21,11,21,1331000.0,13194,Gold,GrabMart|GrabBike|GrabFood,3,Medan,0
USR009627,Hibernating,2024-04-15,261,0,3000.0,28,Member,GrabBike,1,Jakarta,1
USR005714,At_Risk,2024-10-30,63,5,257000.0,2387,Silver,GrabCar|GrabBike|GrabFood,3,Bandung,0
USR007195,Promising,2024-12-29,3,4,162000.0,1885,Member,GrabBike,1,Bandung,0
USR005715,At_Risk,2024-11-11,51,4,239000.0,2428,Silver,GrabExpress,1,Bandung,0
USR004400,At_Risk,2024-10-16,77,4,122000.0,1138,Member,GrabExpress,1,Bekasi,0
USR009290,Hibernating,2024-08-19,135,0,33000.0,350,Member,GrabBike|GrabFood,2,Jakarta,1
USR005388,At_Risk,2024-11-06,56,2,115000.0,1361,Member,GrabCar,1,Medan,1
USR004166,At_Risk,2024-11-14,48,5,336000.0,3209,Silver,GrabBike,1,Jakarta,1
USR004951,At_Risk,2024-11-03,59,4,234000.0,2118,Silver,GrabBike|GrabFood|GrabMart|GrabExpress,4,Jakarta,1
USR002687,Loyal,2024-12-19,13,9,440000.0,3642,Silver,GrabMart|GrabBike,2,Jakarta,0
USR004390,At_Risk,2024-11-06,56,2,116000.0,1121,Member,GrabExpress,1,Surabaya,0
USR005860,At_Risk,2024-11-01,61,3,316000.0,3727,Silver,GrabCar,1,Jakarta,0
USR005981,At_Risk,2024-11-12,50,5,237000.0,2535,Silver,GrabMart|GrabExpress,2,Bandung,0
USR004927,At_Risk,2024-11-08,54,3,183000.0,1981,Member,GrabCar,1,Jakarta,1
USR006735,Promising,2024-12-16,16,6,155000.0,1679,Member,GrabMart|GrabCar|GrabFood,3,Jakarta,0
USR002607,Loyal,2024-12-14,18,12,643000.0,5298,Gold,GrabBike|GrabExpress|GrabCar,3,Bekasi,0
USR007466,Promising,2024-12-14,18,3,249000.0,2675,Silver,GrabMart,1,Jakarta,0
USR000238,Champions,2024-12-22,10,17,941000.0,10368,Gold,GrabCar|GrabFood|GrabMart,3,Jakarta,0
USR004015,At_Risk,2024-11-05,57,4,194000.0,1717,Member,GrabBike,1,Jakarta,0
USR009262,Hibernating,2024-04-22,254,0,53000.0,451,Member,GrabBike,1,Bandung,1
USR002977,Loyal,2024-12-15,17,14,768000.0,6925,Gold,GrabExpress|GrabFood|GrabMart,3,Surabaya,0
USR005712,At_Risk,2024-11-11,51,2,234000.0,2645,Silver,GrabBike|GrabExpress|GrabMart,3,Jakarta,1
USR009856,Hibernating,2024-08-01,153,0,20000.0,172,Member,GrabMart,1,Jakarta,0
USR005473,At_Risk,2024-10-22,71,5,308000.0,3529,Silver,GrabExpress,1,Jakarta,1
USR000945,Champions,2024-12-27,5,29,2333000.0,18741,Platinum,GrabExpress,1,Jakarta,0
USR008251,Hibernating,2024-07-29,156,0,61000.0,684,Member,GrabCar|GrabExpress|GrabFood,3,Jakarta,1
USR007681,Promising,2024-12-25,7,3,183000.0,1913,Member,GrabFood,1,Jakarta,0
USR005097,At_Risk,2024-11-09,53,4,280000.0,2673,Silver,GrabCar|GrabMart,2,Surabaya,1
USR006805,Promising,2024-12-28,4,4,166000.0,1946,Member,GrabMart|GrabCar,2,Surabaya,1
USR005803,At_Risk,2024-10-23,70,2,329000.0,2758,Silver,GrabMart,1,Jakarta,1
USR003552,Loyal,2024-12-05,27,13,554000.0,6257,Silver,GrabBike,1,Jakarta,0
USR009969,Hibernating,2024-06-27,188,0,4000.0,37,Member,GrabFood|GrabMart|GrabCar|GrabBike,4,Medan,1
USR003360,Loyal,2024-12-06,26,9,678000.0,6175,Gold,GrabFood|GrabBike,2,Bandung,0
USR008249,Hibernating,2024-01-06,361,0,23000.0,215,Member,GrabCar|GrabBike|GrabFood|GrabMart,4,Bandung,1
USR002410,Loyal,2024-12-12,20,9,720000.0,8419,Gold,GrabMart,1,Bandung,0
USR004507,At_Risk,2024-10-08,85,2,156000.0,1413,Member,GrabFood,1,Bekasi,0
USR008462,Hibernating,2024-02-11,325,0,24000.0,215,Member,GrabMart|GrabFood|GrabExpress,3,Jakarta,0
USR003982,Loyal,2024-12-20,12,13,531000.0,4765,Silver,GrabFood,1,Bandung,0
USR000146,Champions,2024-12-22,10,19,1375000.0,16406,Gold,GrabMart|GrabCar|GrabFood,3,Bandung,0
USR006648,Promising,2024-12-12,20,7,157000.0,1259,Member,GrabExpress,1,Jakarta,1
USR002294,Loyal,2024-12-09,23,8,720000.0,6613,Gold,GrabFood|GrabExpress,2,Bandung,0
USR002253,Loyal,2024-12-20,12,9,788000.0,8437,Gold,GrabFood|GrabBike,2,Medan,0
USR003611,Loyal,2024-12-15,17,10,343000.0,3122,Silver,GrabFood,1,Jakarta,0
USR005353,At_Risk,2024-11-02,60,5,276000.0,3027,Silver,GrabCar,1,Surabaya,0
USR001736,Loyal,2024-12-18,14,8,554000.0,4597,Silver,GrabMart,1,Surabaya,0
USR007915,Promising,2024-12-18,14,4,213000.0,2264,Silver,GrabMart|GrabBike,2,Jakarta,0
USR007659,Promising,2024-12-13,19,4,140000.0,1330,Member,GrabCar,1,Jakarta,1
USR000114,Champions,2024-12-27,5,15,962000.0,8635,Gold,GrabBike|GrabCar|GrabExpress,3,Surabaya,0
USR008860,Hibernating,2024-05-20,226,0,18000.0,203,Member,GrabMart|GrabCar|GrabFood,3,Surabaya,1
USR005649,At_Risk,2024-10-25,68,3,315000.0,3101,Silver,GrabMart|GrabFood|GrabBike,3,Jakarta,0
USR009844,Hibernating,2024-05-30,216,0,36000.0,340,Member,GrabExpress|GrabCar,2,Bekasi,0
USR000498,Champions,2024-12-29,3,23,1975000.0,21466,Platinum,GrabBike|GrabMart,2,Surabaya,0
USR007822,Promising,2024-12-13,19,5,226000.0,2558,Silver,GrabFood|GrabMart|GrabCar,3,Bekasi,0
USR000720,Champions,2024-12-21,11,22,1848000.0,19810,Platinum,GrabExpress|GrabMart|GrabFood,3,Bekasi,0
USR007258,Promising,2024-12-20,12,4,225000.0,1865,Silver,GrabExpress|GrabCar,2,Bandung,0
USR008843,Hibernating,2024-02-04,332,0,14000.0,143,Member,GrabMart,1,Jakarta,1
USR005730,At_Risk,2024-10-08,85,3,146000.0,1509,Member,GrabMart|GrabBike|GrabExpress,3,Jakarta,0
USR003089,Loyal,2024-12-21,11,8,652000.0,5580,Gold,GrabBike|GrabFood,2,Jakarta,0
USR007226,Promising,2024-12-13,19,6,227000.0,2088,Silver,GrabCar|GrabFood|GrabMart,3,Jakarta,0
USR007306,Promising,2024-12-27,5,4,229000.0,2653,Silver,GrabFood|GrabExpress,2,Medan,0
USR006508,Promising,2024-12-21,11,5,124000.0,998,Member,GrabExpress|GrabMart,2,Bandung,0
USR000596,Champions,2024-12-27,5,18,1052000.0,11441,Gold,GrabCar|GrabExpress|GrabMart,3,Bandung,0
USR009092,Hibernating,2024-08-01,153,0,11000.0,102,Member,GrabBike|GrabMart|GrabExpress,3,Surabaya,0
USR006095,Promising,2024-12-16,16,4,186000.0,1935,Member,GrabBike|GrabMart,2,Jakarta,0
USR006053,Promising,2024-12-17,15,4,83000.0,699,Member,GrabMart|GrabBike|GrabCar|GrabFood,4,Jakarta,0
USR005164,At_Risk,2024-11-08,54,5,110000.0,1103,Member,GrabExpress,1,Bandung,0
USR001647,Loyal,2024-12-18,14,10,456000.0,4968,Silver,GrabCar,1,Surabaya,0
USR008167,Hibernating,2024-06-27,188,0,59000.0,588,Member,GrabExpress|GrabFood|GrabBike|GrabMart,4,Jakarta,1
USR006920,Promising,2024-12-29,3,6,149000.0,1598,Member,GrabCar|GrabFood|GrabExpress,3,Jakarta,0
USR002700,Loyal,2024-12-15,17,8,682000.0,6105,Gold,GrabCar,1,Bandung,0
USR008203,Hibernating,2024-09-04,119,0,33000.0,320,Member,GrabBike,1,Bekasi,1
USR001700,Loyal,2024-12-11,21,14,524000.0,5092,Silver,GrabCar|GrabExpress|GrabFood|GrabMart,4,Jakarta,0
USR008943,Hibernating,2024-09-05,118,0,13000.0,107,Member,GrabBike,1,Bekasi,1
USR005404,At_Risk,2024-10-17,76,5,324000.0,2835,Silver,GrabBike|GrabMart,2,Bekasi,0
USR007219,Promising,2024-12-21,11,7,150000.0,1704,Member,GrabCar|GrabMart|GrabFood,3,Jakarta,0
USR007502,Promising,2024-12-12,20,4,102000.0,1187,Member,GrabCar|GrabMart|GrabExpress,3,Surabaya,0
USR002942,Loyal,2024-12-11,21,14,491000.0,4207,Silver,GrabFood,1,Bekasi,0
USR006301,Promising,2024-12-14,18,3,142000.0,1682,Member,GrabExpress|GrabMart,2,Bandung,0
USR000086,Champions,2024-12-21,11,25,2060000.0,22307,Platinum,GrabFood|GrabExpress|GrabBike|GrabCar,4,Jakarta,0
USR002308,Loyal,2024-12-24,8,12,496000.0,5451,Silver,GrabCar|GrabExpress,2,Jakarta,0
USR002677,Loyal,2024-12-23,9,14,754000.0,8214,Gold,GrabFood,1,Jakarta,0
USR008216,Hibernating,2024-01-08,359,0,0.0,0,Member,GrabCar|GrabExpress|GrabBike,3,Surabaya,1
USR007729,Promising,2024-12-20,12,5,92000.0,818,Member,GrabCar|GrabFood,2,Medan,1
USR002594,Loyal,2024-12-25,7,9,340000.0,3738,Silver,GrabMart|GrabFood,2,Surabaya,0
USR005884,At_Risk,2024-10-08,85,5,268000.0,3104,Silver,GrabFood,1,Bandung,0
USR001029,Champions,2024-12-26,6,16,1844000.0,20020,Platinum,GrabBike|GrabFood|GrabExpress,3,Bekasi,0
USR000136,Champions,2024-12-20,12,25,2310000.0,23591,Platinum,GrabCar|GrabFood|GrabExpress,3,Jakarta,0
USR006831,Promising,2024-12-16,16,4,194000.0,2006,Member,GrabFood,1,Medan,0
USR007814,Promising,2024-12-24,8,5,161000.0,1735,Member,GrabExpress|GrabMart,2,Bekasi,1
USR002854,Loyal,2024-12-04,28,12,561000.0,5344,Silver,GrabExpress,1,Jakarta,0
USR004409,At_Risk,2024-10-22,71,4,314000.0,3066,Silver,GrabFood|GrabExpress,2,Jakarta,1
USR001200,Champions,2024-12-26,6,16,1997000.0,18722,Platinum,GrabBike|GrabMart|GrabCar|GrabExpress,4,Jakarta,0
USR004717,At_Risk,2024-10-05,88,4,109000.0,931,Member,GrabBike|GrabFood,2,Jakarta,0
USR009517,Hibernating,2024-05-14,232,0,51000.0,494,Member,GrabBike,1,Bandung,1
USR006594,Promising,2024-12-28,4,3,234000.0,2796,Silver,GrabCar,1,Medan,0
USR000566,Champions,2024-12-22,10,16,2078000.0,23244,Platinum,GrabFood|GrabExpress|GrabBike,3,Surabaya,0
USR007328,Promising,2024-12-24,8,7,239000.0,2567,Silver,GrabCar,1,Jakarta,0
USR005430,At_Risk,2024-10-22,71,3,305000.0,2519,Silver,GrabMart|GrabFood|GrabExpress|GrabBike,4,Medan,0
USR003927,Loyal,2024-12-14,18,8,773000.0,7111,Gold,GrabBike|GrabCar,2,Jakarta,0
USR006055,Promising,2024-12-20,12,3,233000.0,2353,Silver,GrabFood,1,Jakarta,0
USR007589,Promising,2024-12-12,20,7,209000.0,2286,Silver,GrabBike,1,Jakarta,0
USR007122,Promising,2024-12-29,3,6,181000.0,1718,Member,GrabExpress,1,Medan,0
USR006572,Promising,2024-12-21,11,7,231000.0,2320,Silver,GrabFood|GrabExpress|GrabBike,3,Jakarta,0
USR006535,Promising,2024-12-28,4,6,88000.0,913,Member,GrabCar|GrabExpress|GrabFood,3,Bandung,0
USR008913,Hibernating,2024-03-30,277,0,71000.0,679,Member,GrabFood|GrabCar,2,Bandung,0
USR008275,Hibernating,2024-06-28,187,0,59000.0,541,Member,GrabExpress,1,Jakarta,1
USR002330,Loyal,2024-12-23,9,11,505000.0,5299,Silver,GrabMart|GrabExpress,2,Jakarta,0
USR003515,Loyal,2024-12-23,9,12,560000.0,4511,Silver,GrabBike|GrabCar|GrabExpress|GrabFood,4,Bekasi,0
USR002187,Loyal,2024-12-05,27,8,416000.0,4721,Silver,GrabCar|GrabExpress,2,Jakarta,0
USR000195,Champions,2024-12-30,2,24,1552000.0,18580,Platinum,GrabMart|GrabBike|GrabCar,3,Bandung,0
USR007257,Promising,2024-12-21,11,3,207000.0,2100,Silver,GrabCar|GrabMart|GrabFood|GrabBike,4,Jakarta,0
USR005666,At_Risk,2024-11-06,56,5,204000.0,1738,Silver,GrabFood,1,Bekasi,1
USR005059,At_Risk,2024-11-01,61,4,263000.0,2880,Silver,GrabExpress|GrabCar|GrabFood,3,Jakarta,0
USR000802,Champions,2024-12-23,9,22,936000.0,7639,Gold,GrabExpress|GrabFood|GrabMart,3,Medan,0
USR008848,Hibernating,2024-08-29,125,0,18000.0,212,Member,GrabCar,1,Jakarta,0
USR009928,Hibernating,2024-01-17,350,0,59000.0,538,Member,GrabCar|GrabFood,2,Jakarta,1
USR002068,Loyal,2024-12-12,20,11,465000.0,4001,Silver,GrabMart,1,Jakarta,0
USR009082,Hibernating,2024-08-07,147,0,41000.0,362,Member,GrabCar,1,Bandung,1
USR008744,Hibernating,2024-03-26,281,0,58000.0,551,Member,GrabBike,1,Jakarta,1
USR000644,Champions,2024-12-20,12,26,1143000.0,12473,Gold,GrabFood|GrabBike,2,Surabaya,0
USR009374,Hibernating,2024-07-08,177,0,35000.0,354,Member,GrabExpress|GrabMart,2,Surabaya,1
USR005103,At_Risk,2024-10-21,72,3,117000.0,1164,Member,GrabFood,1,Bekasi,1
USR005460,At_Risk,2024-11-11,51,5,194000.0,1652,Member,GrabFood|GrabCar|GrabExpress,3,Jakarta,0
USR001637,Loyal,2024-12-18,14,8,383000.0,3861,Silver,GrabBike,1,Jakarta,0
USR000120,Champions,2024-12-23,9,16,1759000.0,15679,Platinum,GrabFood|GrabMart|GrabBike,3,Bekasi,0
USR002981,Loyal,2024-12-07,25,11,657000.0,5375,Gold,GrabFood|GrabExpress|GrabBike,3,Medan,0
USR005069,At_Risk,2024-11-17,45,5,212000.0,2229,Silver,GrabFood|GrabCar|GrabExpress,3,Jakarta,0
USR003074,Loyal,2024-12-17,15,12,769000.0,8937,Gold,GrabCar|GrabBike,2,Bandung,0
USR008927,Hibernating,2024-01-27,340,0,68000.0,593,Member,GrabCar|GrabBike,2,Surabaya,0
USR003278,Loyal,2024-12-21,11,9,737000.0,8424,Gold,GrabMart,1,Surabaya,0
USR002135,Loyal,2024-12-07,25,12,577000.0,5596,Silver,GrabExpress,1,Jakarta,1
USR008941,Hibernating,2024-02-24,312,0,6000.0,67,Member,GrabExpress|GrabFood,2,Bekasi,0
USR004970,At_Risk,2024-10-15,78,3,213000.0,1853,Silver,GrabFood|GrabBike,2,Jakarta,0
USR006195,Promising,2024-12-12,20,6,206000.0,1708,Silver,GrabMart|GrabFood,2,Jakarta,0
USR000134,Champions,2024-12-28,4,24,1243000.0,12455,Gold,GrabCar|GrabExpress,2,Jakarta,0
USR007731,Promising,2024-12-23,9,6,111000.0,1082,Member,GrabCar|GrabBike|GrabFood,3,Surabaya,0
USR005324,At_Risk,2024-10-14,79,3,240000.0,2861,Silver,GrabCar|GrabFood,2,Medan,1
USR009640,Hibernating,2024-05-12,234,0,23000.0,190,Member,GrabFood|GrabMart,2,Bandung,1
USR006160,Promising,2024-12-20,12,4,162000.0,1305,Member,GrabMart|GrabCar|GrabFood,3,Jakarta,0
USR002559,Loyal,2024-12-03,29,14,589000.0,6371,Silver,GrabBike|GrabFood|GrabMart|GrabCar,4,Bandung,1
USR000062,Champions,2024-12-28,4,27,2161000.0,18634,Platinum,GrabMart|GrabCar,2,Medan,0
USR001358,Champions,2024-12-25,7,28,1246000.0,14246,Gold,GrabCar|GrabExpress,2,Medan,0
USR006725,Promising,2024-12-14,18,7,99000.0,1152,Member,GrabExpress,1,Jakarta,0
USR002467,Loyal,2024-12-17,15,9,650000.0,5447,Gold,GrabMart,1,Bekasi,0
USR000679,Champions,2024-12-24,8,23,1917000.0,18328,Platinum,GrabCar|GrabBike|GrabMart,3,Bekasi,0
USR006797,Promising,2024-12-17,15,6,223000.0,2600,Silver,GrabMart,1,Bandung,0
USR000741,Champions,2024-12-22,10,28,1449000.0,11787,Gold,GrabCar|GrabExpress|GrabBike,3,Jakarta,0
USR005307,At_Risk,2024-10-11,82,4,338000.0,3584,Silver,GrabFood|GrabCar|GrabExpress|GrabMart,4,Jakarta,0
USR007627,Promising,2024-12-20,12,7,189000.0,1802,Member,GrabCar|GrabFood,2,Medan,0
USR003641,Loyal,2024-12-06,26,11,554000.0,5308,Silver,GrabExpress|GrabBike|GrabFood,3,Jakarta,0
USR000444,Champions,2024-12-30,2,22,1542000.0,16090,Platinum,GrabFood|GrabCar|GrabMart,3,Jakarta,0
USR008140,Hibernating,2024-09-12,111,0,26000.0,258,Member,GrabCar|GrabExpress|GrabFood|GrabBike,4,Jakarta,1
USR003258,Loyal,2024-12-24,8,13,598000.0,6456,Silver,GrabMart|GrabCar|GrabExpress|GrabFood,4,Jakarta,0
USR004663,At_Risk,2024-10-07,86,4,249000.0,2925,Silver,GrabMart|GrabBike|GrabCar,3,Surabaya,1
USR001873,Loyal,2024-12-24,8,12,685000.0,6355,Gold,GrabMart|GrabFood|GrabCar,3,Jakarta,0
USR006366,Promising,2024-12-14,18,3,123000.0,1107,Member,GrabBike|GrabMart|GrabExpress,3,Jakarta,0
USR002596,Loyal,2024-12-12,20,8,430000.0,4818,Silver,GrabMart|GrabFood,2,Surabaya,0
USR001717,Loyal,2024-12-24,8,11,770000.0,8348,Gold,GrabBike|GrabMart|GrabFood|GrabExpress,4,Bekasi,1
USR002912,Loyal,2024-12-04,28,12,487000.0,5118,Silver,GrabExpress|GrabBike,2,Bandung,0
USR002843,Loyal,2024-12-05,27,13,678000.0,8079,Gold,GrabFood|GrabMart,2,Jakarta,0
USR004027,At_Risk,2024-11-01,61,3,269000.0,2530,Silver,GrabCar|GrabBike,2,Surabaya,1
USR005488,At_Risk,2024-10-24,69,3,198000.0,1739,Member,GrabFood|GrabExpress|GrabCar,3,Jakarta,1
USR008634,Hibernating,2024-03-14,293,0,32000.0,305,Member,GrabBike,1,Bekasi,1
USR008037,Hibernating,2024-05-29,217,0,78000.0,694,Member,GrabMart,1,Bandung,1
USR009232,Hibernating,2024-01-16,351,0,71000.0,753,Member,GrabCar|GrabFood|GrabMart,3,Jakarta,1
USR000489,Champions,2024-12-24,8,19,1727000.0,17523,Platinum,GrabBike|GrabFood|GrabExpress|GrabCar,4,Jakarta,0
USR000493,Champions,2024-12-31,1,24,2212000.0,23442,Platinum,GrabFood|GrabExpress,2,Surabaya,0
USR000690,Champions,2024-12-29,3,21,1537000.0,13525,Platinum,GrabCar|GrabBike,2,Jakarta,0
USR003821,Loyal,2024-12-17,15,8,791000.0,8298,Gold,GrabMart|GrabExpress|GrabBike|GrabCar,4,Bandung,0
USR000602,Champions,2024-12-19,13,26,2349000.0,21061,Platinum,GrabBike|GrabExpress|GrabCar|GrabFood,4,Medan,0
USR001911,Loyal,2024-12-07,25,13,486000.0,4646,Silver,GrabExpress,1,Jakarta,0
USR001014,Champions,2024-12-22,10,24,1524000.0,13420,Platinum,GrabMart|GrabExpress|GrabCar,3,Jakarta,0
USR006156,Promising,2024-12-17,15,6,83000.0,886,Member,GrabFood,1,Surabaya,0
USR001993,Loyal,2024-12-07,25,13,387000.0,4527,Silver,GrabBike,1,Jakarta,0
USR005769,At_Risk,2024-11-16,46,3,183000.0,1973,Member,GrabCar|GrabExpress|GrabFood,3,Bandung,0
USR003757,Loyal,2024-12-11,21,14,799000.0,8209,Gold,GrabCar|GrabExpress,2,Surabaya,0
USR002366,Loyal,2024-12-17,15,12,504000.0,5230,Silver,GrabFood|GrabExpress|GrabCar,3,Jakarta,0
USR005283,At_Risk,2024-10-08,85,2,151000.0,1616,Member,GrabExpress|GrabMart,2,Surabaya,0
USR004370,At_Risk,2024-11-13,49,3,315000.0,3732,Silver,GrabMart|GrabCar|GrabFood|GrabBike,4,Bandung,0
USR006883,Promising,2024-12-16,16,4,172000.0,1634,Member,GrabMart,1,Jakarta,0
USR007011,Promising,2024-12-18,14,3,147000.0,1411,Member,GrabFood|GrabCar|GrabExpress,3,Bekasi,0
USR001361,Champions,2024-12-26,6,24,923000.0,9893,Gold,GrabExpress|GrabCar,2,Medan,0
USR008461,Hibernating,2024-09-25,98,0,72000.0,836,Member,GrabFood|GrabMart|GrabBike,3,Bekasi,1
USR001526,Loyal,2024-12-04,28,10,611000.0,7055,Gold,GrabCar|GrabBike|GrabFood,3,Surabaya,0
USR001327,Champions,2024-12-23,9,17,922000.0,10907,Gold,GrabMart|GrabCar|GrabExpress,3,Bandung,0
USR008507,Hibernating,2024-06-23,192,0,14000.0,160,Member,GrabExpress,1,Bekasi,1
USR009031,Hibernating,2024-08-26,128,0,41000.0,337,Member,GrabBike|GrabCar,2,Jakarta,1
USR001551,Loyal,2024-12-15,17,9,586000.0,5446,Silver,GrabCar|GrabBike|GrabExpress,3,Medan,0
USR007769,Promising,2024-12-25,7,4,210000.0,2036,Silver,GrabMart,1,Jakarta,0
USR009908,Hibernating,2024-02-29,307,0,9000.0,94,Member,GrabExpress|GrabBike,2,Bekasi,1
USR001337,Champions,2024-12-25,7,24,859000.0,9982,Gold,GrabFood|GrabCar|GrabBike|GrabExpress,4,Jakarta,0
USR003901,Loyal,2024-12-18,14,10,755000.0,6709,Gold,GrabCar|GrabBike,2,Jakarta,0
USR003010,Loyal,2024-12-24,8,9,303000.0,2623,Silver,GrabFood|GrabBike,2,Jakarta,0
USR005041,At_Risk,2024-11-14,48,4,242000.0,2086,Silver,GrabFood,1,Bandung,1
USR008825,Hibernating,2024-01-16,351,0,32000.0,277,Member,GrabExpress,1,Surabaya,1
USR002250,Loyal,2024-12-23,9,9,439000.0,4828,Silver,GrabCar|GrabMart,2,Bekasi,0
USR006533,Promising,2024-12-15,17,5,120000.0,1418,Member,GrabMart|GrabBike,2,Jakarta,0
USR005039,At_Risk,2024-11-11,51,4,190000.0,1921,Member,GrabFood,1,Jakarta,0
USR002346,Loyal,2024-12-21,11,9,502000.0,5356,Silver,GrabExpress|GrabFood,2,Surabaya,0
USR009282,Hibernating,2024-02-02,334,0,64000.0,750,Member,GrabExpress,1,Bekasi,0
USR005485,At_Risk,2024-11-02,60,4,255000.0,2673,Silver,GrabFood|GrabCar,2,Bekasi,1
USR002784,Loyal,2024-12-10,22,9,527000.0,5885,Silver,GrabFood|GrabCar|GrabExpress,3,Surabaya,0
USR005119,At_Risk,2024-11-07,55,5,185000.0,1846,Member,GrabBike,1,Jakarta,0
USR007550,Promising,2024-12-14,18,3,235000.0,2496,Silver,GrabBike|GrabExpress|GrabFood,3,Bekasi,0
USR005555,At_Risk,2024-11-04,58,2,223000.0,2263,Silver,GrabBike|GrabMart,2,Jakarta,1
USR005599,At_Risk,2024-11-02,60,2,104000.0,976,Member,GrabBike|GrabMart|GrabExpress,3,Jakarta,0
USR007630,Promising,2024-12-23,9,6,124000.0,1055,Member,GrabBike|GrabFood,2,Jakarta,0
USR000150,Champions,2024-12-20,12,20,2219000.0,23346,Platinum,GrabMart|GrabExpress,2,Medan,0
USR002804,Loyal,2024-12-18,14,8,757000.0,6708,Gold,GrabFood|GrabExpress,2,Jakarta,0
USR005874,At_Risk,2024-10-18,75,4,119000.0,964,Member,GrabBike|GrabMart|GrabCar|GrabFood,4,Bandung,0
USR002086,Loyal,2024-12-20,12,10,328000.0,3555,Silver,GrabMart|GrabExpress,2,Jakarta,0
USR003751,Loyal,2024-12-09,23,14,754000.0,7600,Gold,GrabCar,1,Medan,0
USR005612,At_Risk,2024-10-11,82,3,216000.0,1902,Silver,GrabMart,1,Bekasi,0
USR002259,Loyal,2024-12-10,22,14,671000.0,7117,Gold,GrabExpress|GrabCar|GrabMart,3,Jakarta,0
USR004017,At_Risk,2024-10-27,66,4,299000.0,3417,Silver,GrabExpress|GrabBike,2,Jakarta,0
USR006113,Promising,2024-12-15,17,5,234000.0,2785,Silver,GrabBike,1,Jakarta,0
USR006058,Promising,2024-12-19,13,5,134000.0,1352,Member,GrabMart,1,Jakarta,0
USR002424,Loyal,2024-12-21,11,10,787000.0,6530,Gold,GrabExpress,1,Bekasi,0
USR008034,Hibernating,2024-03-11,296,0,12000.0,126,Member,GrabCar,1,Jakarta,1
USR003856,Loyal,2024-12-13,19,14,495000.0,4713,Silver,GrabExpress|GrabMart,2,Jakarta,0
USR000859,Champions,2024-12-26,6,22,1176000.0,9785,Gold,GrabExpress|GrabCar|GrabFood|GrabBike,4,Medan,0
USR008170,Hibernating,2024-01-16,351,0,41000.0,385,Member,GrabCar|GrabMart|GrabExpress,3,Bandung,0
USR007591,Promising,2024-12-24,8,6,146000.0,1504,Member,GrabExpress,1,Bekasi,0
USR008097,Hibernating,2024-07-30,155,0,1000.0,8,Member,GrabMart|GrabBike|GrabFood,3,Surabaya,1
USR007320,Promising,2024-12-22,10,5,204000.0,1835,Silver,GrabCar|GrabFood|GrabBike,3,Jakarta,0
USR008563,Hibernating,2024-03-05,302,0,63000.0,615,Member,GrabMart,1,Jakarta,1
USR004739,At_Risk,2024-10-14,79,4,296000.0,2813,Silver,GrabExpress|GrabMart|GrabCar|GrabBike,4,Jakarta,1
USR008594,Hibernating,2024-02-14,322,0,73000.0,871,Member,GrabBike,1,Jakarta,0
USR004462,At_Risk,2024-10-14,79,4,108000.0,1104,Member,GrabBike,1,Bekasi,1
USR005528,At_Risk,2024-10-25,68,5,330000.0,3464,Silver,GrabBike,1,Bandung,0
USR001364,Champions,2024-12-30,2,21,1379000.0,14001,Gold,GrabBike|GrabFood|GrabMart,3,Medan,0
USR001779,Loyal,2024-12-19,13,9,641000.0,6958,Gold,GrabBike|GrabMart|GrabFood,3,Bandung,0
USR009221,Hibernating,2024-09-13,110,0,26000.0,235,Member,GrabExpress|GrabFood,2,Bekasi,1
USR004785,At_Risk,2024-10-06,87,2,144000.0,1239,Member,GrabCar|GrabMart|GrabExpress,3,Bandung,0
USR006334,Promising,2024-12-13,19,5,109000.0,978,Member,GrabFood,1,Jakarta,1
USR001818,Loyal,2024-12-08,24,13,657000.0,7542,Gold,GrabCar|GrabFood|GrabMart,3,Jakarta,0
USR007799,Promising,2024-12-13,19,4,237000.0,2537,Silver,GrabFood|GrabExpress,2,Bekasi,0
USR004937,At_Risk,2024-10-26,67,2,241000.0,2345,Silver,GrabBike,1,Jakarta,0
USR002704,Loyal,2024-12-14,18,11,490000.0,5272,Silver,GrabExpress,1,Bekasi,0
USR005285,At_Risk,2024-11-12,50,4,111000.0,931,Member,GrabMart|GrabFood|GrabBike,3,Jakarta,0
USR000175,Champions,2024-12-24,8,21,2272000.0,19064,Platinum,GrabBike|GrabMart,2,Jakarta,0
USR007481,Promising,2024-12-15,17,3,230000.0,2523,Silver,GrabMart,1,Bandung,0
USR002093,Loyal,2024-12-23,9,9,515000.0,5058,Silver,GrabBike|GrabExpress|GrabMart,3,Jakarta,0
USR008750,Hibernating,2024-07-28,157,0,26000.0,258,Member,GrabFood,1,Jakarta,1
USR003491,Loyal,2024-12-13,19,13,441000.0,5204,Silver,GrabCar|GrabMart,2,Jakarta,0
USR001920,Loyal,2024-12-20,12,12,415000.0,4173,Silver,GrabCar,1,Jakarta,0
USR000082,Champions,2024-12-27,5,18,1809000.0,14555,Platinum,GrabMart|GrabBike|GrabCar,3,Bandung,0
USR000816,Champions,2024-12-19,13,21,2487000.0,21685,Platinum,GrabMart|GrabFood|GrabBike,3,Jakarta,0
USR008601,Hibernating,2024-03-20,287,0,40000.0,433,Member,GrabBike,1,Jakarta,1
USR007354,Promising,2024-12-19,13,5,122000.0,1032,Member,GrabMart,1,Jakarta,0
USR004396,At_Risk,2024-11-09,53,2,112000.0,912,Member,GrabCar|GrabBike|GrabMart|GrabFood,4,Surabaya,1
USR009181,Hibernating,2024-04-14,262,0,8000.0,69,Member,GrabFood,1,Bandung,0
USR005568,At_Risk,2024-10-19,74,3,287000.0,2378,Silver,GrabBike|GrabFood,2,Jakarta,0
USR000283,Champions,2024-12-29,3,27,1200000.0,10013,Gold,GrabBike|GrabMart|GrabExpress|GrabCar,4,Bandung,0
USR004120,At_Risk,2024-10-22,71,2,242000.0,2589,Silver,GrabCar|GrabBike,2,Jakarta,0
USR007480,Promising,2024-12-21,11,3,175000.0,1960,Member,GrabFood,1,Medan,0
USR000609,Champions,2024-12-22,10,20,1018000.0,10774,Gold,GrabMart,1,Surabaya,0
USR002915,Loyal,2024-12-12,20,12,486000.0,5155,Silver,GrabBike,1,Medan,0
USR001813,Loyal,2024-12-11,21,8,519000.0,4876,Silver,GrabFood,1,Bekasi,0
USR001271,Champions,2024-12-27,5,29,2351000.0,22170,Platinum,GrabMart|GrabFood|GrabExpress|GrabBike,4,Surabaya,0
USR005924,At_Risk,2024-11-09,53,3,139000.0,1408,Member,GrabFood|GrabCar,2,Jakarta,0
USR009595,Hibernating,2024-03-18,289,0,60000.0,636,Member,GrabExpress,1,Surabaya,1
USR002994,Loyal,2024-12-22,10,9,702000.0,6068,Gold,GrabFood,1,Bandung,0
USR007109,Promising,2024-12-27,5,3,108000.0,1102,Member,GrabExpress,1,Medan,0
USR008613,Hibernating,2024-02-28,308,0,12000.0,114,Member,GrabMart|GrabFood,2,Jakarta,1
USR007356,Promising,2024-12-26,6,6,206000.0,1698,Silver,GrabMart|GrabFood|GrabExpress,3,Jakarta,1
USR002642,Loyal,2024-12-20,12,12,537000.0,4390,Silver,GrabFood,1,Bandung,0
USR006553,Promising,2024-12-24,8,5,209000.0,2495,Silver,GrabExpress|GrabCar,2,Bekasi,0
USR004508,At_Risk,2024-11-02,60,4,199000.0,2364,Member,GrabCar|GrabBike,2,Bandung,0
USR002305,Loyal,2024-12-20,12,10,426000.0,4009,Silver,GrabCar,1,Jakarta,0
USR006502,Promising,2024-12-12,20,7,210000.0,2432,Silver,GrabCar,1,Jakarta,0
USR006260,Promising,2024-12-17,15,3,126000.0,1028,Member,GrabMart|GrabBike,2,Surabaya,0
USR004195,At_Risk,2024-10-24,69,5,134000.0,1332,Member,GrabCar|GrabMart|GrabBike|GrabExpress,4,Bekasi,0
USR005562,At_Risk,2024-10-28,65,2,297000.0,2860,Silver,GrabBike|GrabFood|GrabExpress,3,Jakarta,0
USR004840,At_Risk,2024-11-01,61,5,322000.0,3323,Silver,GrabExpress,1,Jakarta,0
USR004655,At_Risk,2024-11-08,54,2,260000.0,2910,Silver,GrabMart|GrabFood,2,Surabaya,0
USR008147,Hibernating,2024-08-28,126,0,37000.0,342,Member,GrabCar,1,Jakarta,0
USR004168,At_Risk,2024-10-26,67,5,296000.0,3275,Silver,GrabFood|GrabExpress|GrabBike|GrabMart,4,Bandung,0
USR003849,Loyal,2024-12-11,21,11,741000.0,7268,Gold,GrabMart,1,Bandung,0
USR009847,Hibernating,2024-05-28,218,0,38000.0,446,Member,GrabFood|GrabExpress|GrabCar|GrabMart,4,Surabaya,1
USR008401,Hibernating,2024-08-24,130,0,40000.0,323,Member,GrabBike,1,Jakarta,1
USR005253,At_Risk,2024-11-11,51,3,108000.0,978,Member,GrabMart|GrabBike,2,Surabaya,1
USR007884,Promising,2024-12-21,11,7,230000.0,1958,Silver,GrabCar|GrabExpress,2,Bekasi,0
USR005533,At_Risk,2024-11-02,60,4,306000.0,2955,Silver,GrabMart,1,Jakarta,0
USR002414,Loyal,2024-12-10,22,8,389000.0,4096,Silver,GrabMart|GrabCar|GrabBike,3,Jakarta,0
USR003554,Loyal,2024-12-18,14,10,683000.0,7751,Gold,GrabExpress,1,Medan,0
USR004691,At_Risk,2024-10-04,89,4,110000.0,1210,Member,GrabFood,1,Bandung,1
USR004498,At_Risk,2024-11-05,57,4,323000.0,2849,Silver,GrabMart|GrabExpress|GrabBike|GrabCar,4,Jakarta,1
USR002195,Loyal,2024-12-08,24,8,628000.0,5884,Gold,GrabBike|GrabExpress|GrabFood,3,Medan,0
USR005045,At_Risk,2024-10-17,76,2,348000.0,3490,Silver,GrabFood|GrabBike|GrabCar,3,Surabaya,0
USR002600,Loyal,2024-12-24,8,9,422000.0,3925,Silver,GrabBike|GrabMart,2,Surabaya,0
USR001518,Loyal,2024-12-09,23,9,383000.0,3807,Silver,GrabExpress,1,Surabaya,0
USR004764,At_Risk,2024-10-21,72,3,121000.0,1115,Member,GrabExpress|GrabFood,2,Jakarta,0
USR004314,At_Risk,2024-11-14,48,5,303000.0,2793,Silver,GrabExpress|GrabBike|GrabMart,3,Jakarta,0
USR003366,Loyal,2024-12-25,7,14,795000.0,8030,Gold,GrabFood|GrabBike|GrabCar,3,Jakarta,0
USR006065,Promising,2024-12-23,9,7,125000.0,1327,Member,GrabFood|GrabMart,2,Jakarta,0
USR006582,Promising,2024-12-16,16,5,223000.0,2087,Silver,GrabBike|GrabExpress|GrabMart,3,Surabaya,0
USR002633,Loyal,2024-12-06,26,12,372000.0,4362,Silver,GrabMart,1,Bandung,0
USR007337,Promising,2024-12-17,15,5,82000.0,783,Member,GrabFood|GrabCar,2,Jakarta,0
USR005633,At_Risk,2024-10-21,72,3,270000.0,2503,Silver,GrabBike|GrabFood|GrabMart,3,Jakarta,1
USR009168,Hibernating,2024-02-15,321,0,27000.0,233,Member,GrabMart,1,Bandung,1
USR008789,Hibernating,2024-02-06,330,0,51000.0,455,Member,GrabExpress|GrabMart,2,Medan,1
USR002434,Loyal,2024-12-08,24,12,536000.0,6316,Silver,GrabCar|GrabExpress|GrabMart,3,Bekasi,0
USR008277,Hibernating,2024-09-12,111,0,41000.0,416,Member,GrabMart|GrabBike|GrabExpress,3,Bandung,1
USR006758,Promising,2024-12-13,19,6,218000.0,2395,Silver,GrabCar,1,Medan,0
USR006611,Promising,2024-12-14,18,3,112000.0,949,Member,GrabFood,1,Jakarta,0
USR004520,At_Risk,2024-10-16,77,2,149000.0,1451,Member,GrabCar,1,Medan,1
USR005587,At_Risk,2024-11-02,60,3,283000.0,2332,Silver,GrabCar,1,Medan,0
USR003545,Loyal,2024-12-22,10,11,681000.0,6073,Gold,GrabBike|GrabFood|GrabMart,3,Jakarta,0
USR005965,At_Risk,2024-10-25,68,4,180000.0,1806,Member,GrabExpress|GrabCar,2,Bandung,1
USR005992,At_Risk,2024-11-17,45,3,255000.0,2379,Silver,GrabMart,1,Jakarta,1
USR008805,Hibernating,2024-08-28,126,0,3000.0,28,Member,GrabMart,1,Medan,1
USR005531,At_Risk,2024-10-27,66,2,173000.0,1456,Member,GrabMart,1,Jakarta,0
USR005444,At_Risk,2024-10-09,84,2,178000.0,1796,Member,GrabExpress,1,Jakarta,1
USR000517,Champions,2024-12-27,5,23,1295000.0,12477,Gold,GrabExpress|GrabBike|GrabMart|GrabFood,4,Jakarta,0
USR006110,Promising,2024-12-14,18,5,120000.0,1415,Member,GrabFood,1,Bandung,1
USR006864,Promising,2024-12-22,10,7,188000.0,2092,Member,GrabMart|GrabCar,2,Jakarta,0
USR007960,Promising,2024-12-29,3,4,227000.0,1949,Silver,GrabMart|GrabFood,2,Jakarta,0
USR001415,Champions,2024-12-27,5,17,2428000.0,27229,Platinum,GrabFood|GrabBike,2,Jakarta,0
USR004664,At_Risk,2024-10-15,78,4,178000.0,1723,Member,GrabFood|GrabBike,2,Medan,0
USR004456,At_Risk,2024-10-31,62,4,233000.0,2407,Silver,GrabCar|GrabBike|GrabExpress|GrabFood,4,Jakarta,1
USR002761,Loyal,2024-12-10,22,13,489000.0,5446,Silver,GrabExpress|GrabCar,2,Jakarta,0
USR004855,At_Risk,2024-10-11,82,2,249000.0,2023,Silver,GrabExpress,1,Jakarta,1
USR000127,Champions,2024-12-29,3,29,1715000.0,14742,Platinum,GrabFood|GrabMart|GrabCar,3,Surabaya,0
USR003474,Loyal,2024-12-20,12,11,743000.0,7276,Gold,GrabExpress,1,Jakarta,0
USR007969,Promising,2024-12-26,6,4,131000.0,1351,Member,GrabBike|GrabMart|GrabExpress,3,Surabaya,0
USR004310,At_Risk,2024-10-04,89,5,247000.0,2129,Silver,GrabMart|GrabBike,2,Bekasi,1
USR002438,Loyal,2024-12-25,7,14,455000.0,4263,Silver,GrabCar|GrabExpress,2,Jakarta,0
USR003765,Loyal,2024-12-16,16,8,667000.0,7358,Gold,GrabFood,1,Surabaya,0
USR006876,Promising,2024-12-23,9,6,220000.0,1862,Silver,GrabFood,1,Bandung,0
USR005896,At_Risk,2024-10-15,78,2,328000.0,2898,Silver,GrabFood,1,Jakarta,0
USR005840,At_Risk,2024-11-12,50,4,130000.0,1135,Member,GrabBike,1,Jakarta,0
USR008842,Hibernating,2024-09-16,107,0,21000.0,197,Member,GrabBike|GrabExpress|GrabMart,3,Medan,0
USR009770,Hibernating,2024-03-11,296,0,74000.0,806,Member,GrabFood,1,Surabaya,1
USR001473,Champions,2024-12-20,12,23,1716000.0,19386,Platinum,GrabMart|GrabFood|GrabCar|GrabExpress,4,Medan,0
USR004821,At_Risk,2024-11-17,45,5,339000.0,2946,Silver,GrabFood|GrabBike,2,Bekasi,1
USR006915,Promising,2024-12-12,20,6,144000.0,1262,Member,GrabCar,1,Jakarta,0
USR003560,Loyal,2024-12-16,16,11,522000.0,4565,Silver,GrabExpress|GrabCar|GrabBike|GrabFood,4,Medan,0
USR003951,Loyal,2024-12-09,23,12,742000.0,6363,Gold,GrabFood,1,Jakarta,0
USR000049,Champions,2024-12-27,5,27,2316000.0,22086,Platinum,GrabCar|GrabFood,2,Jakarta,0
USR005437,At_Risk,2024-10-15,78,3,345000.0,4106,Silver,GrabMart|GrabExpress,2,Jakarta,0
USR009897,Hibernating,2024-08-03,151,0,3000.0,31,Member,GrabFood,1,Surabaya,1
USR000887,Champions,2024-12-19,13,22,1586000.0,15614,Platinum,GrabMart|GrabCar|GrabExpress,3,Jakarta,0
USR002616,Loyal,2024-12-19,13,13,495000.0,5441,Silver,GrabExpress|GrabFood|GrabMart,3,Jakarta,1
USR000516,Champions,2024-12-23,9,17,1369000.0,11773,Gold,GrabCar|GrabBike|GrabMart,3,Medan,0
USR003168,Loyal,2024-12-05,27,8,560000.0,6034,Silver,GrabExpress,1,Jakarta,0
USR002949,Loyal,2024-12-16,16,11,659000.0,5740,Gold,GrabFood,1,Jakarta,0
USR001424,Champions,2024-12-28,4,18,2102000.0,24474,Platinum,GrabMart|GrabBike,2,Surabaya,0
USR000139,Champions,2024-12-22,10,21,832000.0,7110,Gold,GrabFood,1,Jakarta,1
USR001924,Loyal,2024-12-03,29,11,704000.0,5991,Gold,GrabExpress|GrabBike|GrabCar,3,Jakarta,0
USR002378,Loyal,2024-12-06,26,12,348000.0,3480,Silver,GrabFood,1,Medan,0
USR003197,Loyal,2024-12-04,28,13,391000.0,3979,Silver,GrabExpress|GrabBike,2,Bekasi,0
USR005131,At_Risk,2024-11-10,52,4,167000.0,1531,Member,GrabExpress,1,Jakarta,1
USR000112,Champions,2024-12-22,10,22,2471000.0,20101,Platinum,GrabBike|GrabFood|GrabCar,3,Jakarta,0
USR004559,At_Risk,2024-11-07,55,2,292000.0,2977,Silver,GrabExpress|GrabCar|GrabBike,3,Bekasi,0
USR004595,At_Risk,2024-10-19,74,3,321000.0,3694,Silver,GrabFood|GrabCar,2,Jakarta,0
USR007997,Promising,2024-12-14,18,3,170000.0,1892,Member,GrabMart,1,Medan,1
USR003250,Loyal,2024-12-06,26,13,694000.0,6560,Gold,GrabCar|GrabFood|GrabExpress,3,Surabaya,0
USR004690,At_Risk,2024-11-09,53,4,156000.0,1815,Member,GrabFood,1,Bekasi,0
USR008115,Hibernating,2024-09-20,103,0,72000.0,852,Member,GrabMart,1,Surabaya,1
USR007767,Promising,2024-12-24,8,7,218000.0,2462,Silver,GrabCar,1,Bekasi,1
USR004546,At_Risk,2024-10-20,73,5,152000.0,1779,Member,GrabBike|GrabCar|GrabFood|GrabExpress,4,Surabaya,1
USR007084,Promising,2024-12-29,3,7,160000.0,1351,Member,GrabExpress|GrabMart|GrabBike|GrabCar,4,Bandung,0
USR003277,Loyal,2024-12-07,25,10,765000.0,9032,Gold,GrabCar|GrabMart|GrabExpress|GrabFood,4,Bandung,1
USR007542,Promising,2024-12-23,9,4,212000.0,2076,Silver,GrabBike,1,Jakarta,1
USR006593,Promising,2024-12-25,7,7,110000.0,1295,Member,GrabExpress|GrabFood|GrabMart,3,Bekasi,0
USR004068,At_Risk,2024-11-14,48,4,263000.0,2169,Silver,GrabMart|GrabExpress|GrabCar|GrabFood,4,Bandung,1
USR004408,At_Risk,2024-11-05,57,4,340000.0,3229,Silver,GrabMart|GrabCar,2,Jakarta,1
USR008644,Hibernating,2024-01-30,337,0,26000.0,224,Member,GrabFood,1,Bekasi,1
USR008588,Hibernating,2024-04-17,259,0,46000.0,393,Member,GrabBike,1,Jakarta,0
USR007384,Promising,2024-12-25,7,7,86000.0,967,Member,GrabMart|GrabBike,2,Bekasi,0
USR003222,Loyal,2024-12-24,8,13,478000.0,3987,Silver,GrabFood,1,Jakarta,0
USR008210,Hibernating,2024-09-23,100,0,61000.0,631,Member,GrabExpress,1,Medan,0
USR000451,Champions,2024-12-30,2,29,1299000.0,13499,Gold,GrabFood|GrabExpress|GrabCar|GrabBike,4,Jakarta,0
USR003731,Loyal,2024-12-03,29,8,548000.0,6220,Silver,GrabBike,1,Surabaya,0
USR008953,Hibernating,2024-03-29,278,0,58000.0,668,Member,GrabCar|GrabFood,2,Bekasi,1
USR004986,At_Risk,2024-11-09,53,3,319000.0,2763,Silver,GrabMart,1,Jakarta,0
USR003663,Loyal,2024-12-15,17,12,527000.0,5720,Silver,GrabMart,1,Surabaya,0
USR002763,Loyal,2024-12-04,28,8,467000.0,3812,Silver,GrabCar|GrabMart,2,Bekasi,0
USR000658,Champions,2024-12-19,13,29,1552000.0,16638,Platinum,GrabMart|GrabExpress|GrabFood,3,Surabaya,0
USR007678,Promising,2024-12-14,18,7,121000.0,1054,Member,GrabMart|GrabExpress|GrabBike,3,Bandung,1
USR007676,Promising,2024-12-29,3,3,125000.0,1495,Member,GrabExpress|GrabMart|GrabCar|GrabFood,4,Jakarta,0
USR004620,At_Risk,2024-10-27,66,3,325000.0,3325,Silver,GrabBike,1,Bandung,0
USR000999,Champions,2024-12-21,11,24,2227000.0,22416,Platinum,GrabMart|GrabFood|GrabCar,3,Jakarta,0
USR000389,Champions,2024-12-21,11,29,2036000.0,16912,Platinum,GrabCar|GrabExpress|GrabMart,3,Medan,0
USR003407,Loyal,2024-12-13,19,11,522000.0,5635,Silver,GrabBike|GrabCar,2,Bandung,0
USR001476,Champions,2024-12-25,7,29,1041000.0,9762,Gold,GrabBike,1,Jakarta,0
USR002240,Loyal,2024-12-20,12,9,392000.0,3939,Silver,GrabMart|GrabExpress,2,Jakarta,0
USR002386,Loyal,2024-12-20,12,12,721000.0,7374,Gold,GrabCar,1,Jakarta,0
USR009139,Hibernating,2024-07-08,177,0,54000.0,644,Member,GrabMart,1,Medan,1
USR000992,Champions,2024-12-26,6,28,2153000.0,19478,Platinum,GrabExpress|GrabCar,2,Jakarta,0
USR004997,At_Risk,2024-10-16,77,5,124000.0,1092,Member,GrabMart|GrabExpress|GrabBike,3,Jakarta,0
USR003922,Loyal,2024-12-22,10,14,583000.0,6112,Silver,GrabBike|GrabMart,2,Medan,0
USR002972,Loyal,2024-12-19,13,12,494000.0,5890,Silver,GrabExpress|GrabBike|GrabCar,3,Jakarta,0
USR003386,Loyal,2024-12-22,10,12,320000.0,3285,Silver,GrabCar|GrabBike|GrabMart,3,Bekasi,0
USR007885,Promising,2024-12-22,10,6,150000.0,1689,Member,GrabMart,1,Medan,1
USR008812,Hibernating,2024-02-23,313,0,79000.0,742,Member,GrabBike,1,Jakarta,1
USR004769,At_Risk,2024-11-01,61,2,154000.0,1736,Member,GrabCar|GrabMart|GrabBike,3,Bekasi,0
USR001293,Champions,2024-12-24,8,17,2275000.0,18577,Platinum,GrabFood|GrabBike|GrabMart,3,Bandung,0
USR001824,Loyal,2024-12-03,29,14,556000.0,4883,Silver,GrabFood,1,Bekasi,0
USR002873,Loyal,2024-12-05,27,8,586000.0,4814,Silver,GrabBike|GrabMart,2,Bandung,0
USR004173,At_Risk,2024-10-25,68,3,154000.0,1699,Member,GrabFood,1,Surabaya,0
USR002535,Loyal,2024-12-25,7,12,377000.0,4028,Silver,GrabBike|GrabFood|GrabExpress,3,Jakarta,0
USR009132,Hibernating,2024-04-24,252,0,14000.0,151,Member,GrabCar|GrabFood,2,Bekasi,0
USR001907,Loyal,2024-12-19,13,8,346000.0,3082,Silver,GrabCar,1,Surabaya,0
USR000042,Champions,2024-12-21,11,29,1535000.0,18086,Platinum,GrabFood|GrabCar|GrabExpress|GrabMart,4,Jakarta,0
USR009491,Hibernating,2024-04-29,247,0,35000.0,335,Member,GrabExpress,1,Surabaya,1
USR000368,Champions,2024-12-30,2,16,1513000.0,17509,Platinum,GrabBike|GrabFood|GrabMart,3,Bekasi,0
USR001151,Champions,2024-12-31,1,25,2480000.0,22790,Platinum,GrabExpress|GrabCar|GrabFood,3,Medan,0
USR007752,Promising,2024-12-25,7,7,226000.0,2357,Silver,GrabMart|GrabFood,2,Medan,1
USR006358,Promising,2024-12-22,10,6,203000.0,1781,Silver,GrabFood|GrabCar,2,Jakarta,0
USR005912,At_Risk,2024-10-14,79,4,241000.0,2727,Silver,GrabExpress,1,Jakarta,0
USR006507,Promising,2024-12-28,4,5,140000.0,1584,Member,GrabMart|GrabBike,2,Jakarta,0
USR007525,Promising,2024-12-13,19,7,199000.0,1748,Member,GrabExpress|GrabBike|GrabCar,3,Bekasi,1
USR004160,At_Risk,2024-10-23,70,5,301000.0,2785,Silver,GrabMart|GrabCar|GrabFood,3,Surabaya,0
USR004287,At_Risk,2024-11-12,50,4,241000.0,2733,Silver,GrabFood,1,Surabaya,0
USR007775,Promising,2024-12-20,12,7,227000.0,2093,Silver,GrabExpress,1,Surabaya,0
USR006714,Promising,2024-12-14,18,7,219000.0,2494,Silver,GrabExpress|GrabFood|GrabBike,3,Bandung,0
USR000174,Champions,2024-12-22,10,27,1470000.0,12859,Gold,GrabMart|GrabBike,2,Surabaya,0
USR001903,Loyal,2024-12-10,22,13,608000.0,6653,Gold,GrabCar|GrabFood|GrabBike,3,Surabaya,0
USR001099,Champions,2024-12-21,11,29,1164000.0,11962,Gold,GrabExpress,1,Bekasi,0
USR008114,Hibernating,2024-06-29,186,0,61000.0,683,Member,GrabExpress|GrabBike|GrabMart,3,Bandung,1
USR003408,Loyal,2024-12-14,18,8,375000.0,4135,Silver,GrabFood|GrabBike|GrabMart|GrabCar,4,Bekasi,0
USR001538,Loyal,2024-12-16,16,11,397000.0,3495,Silver,GrabMart|GrabCar,2,Bandung,0
USR002292,Loyal,2024-12-06,26,12,738000.0,8564,Gold,GrabExpress|GrabFood|GrabCar,3,Jakarta,0
USR009300,Hibernating,2024-04-22,254,0,14000.0,165,Member,GrabFood,1,Jakarta,1
USR001363,Champions,2024-12-24,8,27,1223000.0,11196,Gold,GrabBike|GrabExpress|GrabMart|GrabFood,4,Medan,0
USR007188,Promising,2024-12-15,17,3,131000.0,1204,Member,GrabCar,1,Bandung,0
USR006627,Promising,2024-12-12,20,3,221000.0,2360,Silver,GrabBike|GrabFood,2,Bandung,0
USR005260,At_Risk,2024-11-12,50,5,180000.0,2077,Member,GrabBike|GrabCar,2,Surabaya,1
USR006815,Promising,2024-12-12,20,5,244000.0,2280,Silver,GrabCar,1,Jakarta,0
USR009461,Hibernating,2024-01-29,338,0,78000.0,864,Member,GrabMart|GrabFood,2,Jakarta,1
USR000680,Champions,2024-12-30,2,25,1176000.0,12100,Gold,GrabCar|GrabExpress,2,Surabaya,0
USR009315,Hibernating,2024-05-08,238,0,77000.0,845,Member,GrabExpress,1,Surabaya,1
USR009298,Hibernating,2024-06-19,196,0,62000.0,679,Member,GrabFood,1,Jakarta,1
USR003664,Loyal,2024-12-17,15,9,759000.0,6297,Gold,GrabMart|GrabBike,2,Jakarta,0
USR001661,Loyal,2024-12-21,11,13,476000.0,4366,Silver,GrabFood|GrabMart,2,Jakarta,0
USR000508,Champions,2024-12-20,12,29,960000.0,11059,Gold,GrabBike|GrabCar,2,Jakarta,0
USR000166,Champions,2024-12-20,12,20,1709000.0,15862,Platinum,GrabFood,1,Jakarta,0
USR005497,At_Risk,2024-10-11,82,3,346000.0,3372,Silver,GrabExpress|GrabFood|GrabBike,3,Surabaya,0
USR008299,Hibernating,2024-09-18,105,0,34000.0,291,Member,GrabMart|GrabBike|GrabCar,3,Surabaya,1
USR001006,Champions,2024-12-22,10,20,2047000.0,18606,Platinum,GrabMart|GrabFood|GrabCar|GrabBike,4,Jakarta,0
USR009739,Hibernating,2024-09-16,107,0,40000.0,442,Member,GrabCar|GrabBike,2,Jakarta,1
USR001914,Loyal,2024-12-17,15,10,371000.0,4420,Silver,GrabBike|GrabFood|GrabMart,3,Jakarta,0
USR003494,Loyal,2024-12-11,21,11,632000.0,6479,Gold,GrabMart|GrabExpress,2,Jakarta,0
USR009633,Hibernating,2024-08-30,124,0,37000.0,308,Member,GrabFood|GrabMart,2,Bekasi,1
USR009750,Hibernating,2024-08-07,147,0,36000.0,393,Member,GrabCar|GrabBike,2,Jakarta,1
USR006444,Promising,2024-12-14,18,4,150000.0,1647,Member,GrabExpress|GrabMart,2,Bandung,0
USR004990,At_Risk,2024-11-05,57,2,212000.0,2275,Silver,GrabFood,1,Jakarta,1
USR002536,Loyal,2024-12-06,26,9,710000.0,7867,Gold,GrabCar,1,Jakarta,0
USR001104,Champions,2024-12-29,3,27,804000.0,8166,Gold,GrabExpress,1,Bekasi,0
USR003875,Loyal,2024-12-23,9,11,584000.0,5861,Silver,GrabCar|GrabFood,2,Jakarta,0
USR007523,Promising,2024-12-26,6,7,144000.0,1600,Member,GrabBike,1,Jakarta,0
USR001752,Loyal,2024-12-03,29,13,539000.0,4604,Silver,GrabCar|GrabFood,2,Surabaya,1
USR005310,At_Risk,2024-11-03,59,5,214000.0,2271,Silver,GrabBike|GrabExpress|GrabCar,3,Jakarta,0
USR007296,Promising,2024-12-29,3,5,152000.0,1466,Member,GrabMart|GrabExpress,2,Jakarta,1
USR002916,Loyal,2024-12-17,15,9,426000.0,3462,Silver,GrabExpress,1,Bandung,0
USR008974,Hibernating,2024-03-03,304,0,60000.0,493,Member,GrabExpress|GrabMart,2,Jakarta,1
USR005754,At_Risk,2024-11-03,59,3,199000.0,2036,Member,GrabMart,1,Bandung,1
USR000152,Champions,2024-12-28,4,24,1247000.0,12884,Gold,GrabFood|GrabCar,2,Bekasi,0
USR007690,Promising,2024-12-28,4,7,212000.0,1801,Silver,GrabBike|GrabFood|GrabExpress|GrabMart,4,Jakarta,1
USR005679,At_Risk,2024-11-04,58,4,212000.0,2277,Silver,GrabMart|GrabCar,2,Jakarta,0
USR003907,Loyal,2024-12-14,18,11,574000.0,5635,Silver,GrabBike,1,Surabaya,0
USR009135,Hibernating,2024-06-07,208,0,46000.0,416,Member,GrabMart,1,Surabaya,1
USR002552,Loyal,2024-12-18,14,13,431000.0,3643,Silver,GrabFood|GrabBike|GrabCar,3,Bandung,0
USR002773,Loyal,2024-12-18,14,10,749000.0,7933,Gold,GrabCar|GrabBike|GrabExpress,3,Jakarta,1
USR006098,Promising,2024-12-12,20,5,117000.0,1229,Member,GrabCar|GrabBike,2,Medan,0
USR003551,Loyal,2024-12-18,14,12,788000.0,7912,Gold,GrabCar|GrabMart|GrabExpress,3,Jakarta,0
USR003722,Loyal,2024-12-07,25,9,690000.0,7428,Gold,GrabFood|GrabMart|GrabBike|GrabExpress,4,Bekasi,0
USR009870,Hibernating,2024-08-13,141,0,21000.0,240,Member,GrabBike|GrabExpress|GrabFood,3,Surabaya,1
USR000520,Champions,2024-12-30,2,24,1077000.0,12808,Gold,GrabBike|GrabMart,2,Medan,0
USR008033,Hibernating,2024-07-02,183,0,70000.0,837,Member,GrabExpress|GrabMart|GrabFood,3,Surabaya,1
USR004538,At_Risk,2024-10-23,70,2,143000.0,1642,Member,GrabFood|GrabMart,2,Jakarta,0
USR006778,Promising,2024-12-19,13,5,175000.0,1850,Member,GrabBike|GrabFood,2,Surabaya,0
USR001822,Loyal,2024-12-16,16,14,582000.0,6154,Silver,GrabExpress,1,Jakarta,0
USR004086,At_Risk,2024-10-25,68,3,180000.0,1448,Member,GrabFood|GrabMart,2,Surabaya,1
USR006148,Promising,2024-12-12,20,6,227000.0,2526,Silver,GrabCar|GrabMart|GrabBike,3,Medan,0
USR008742,Hibernating,2024-01-05,362,0,57000.0,656,Member,GrabExpress|GrabFood|GrabBike|GrabMart,4,Surabaya,0
USR009472,Hibernating,2024-02-06,330,0,73000.0,661,Member,GrabExpress,1,Surabaya,1
USR007741,Promising,2024-12-19,13,3,233000.0,1892,Silver,GrabCar|GrabMart|GrabExpress|GrabFood,4,Bekasi,0
USR000309,Champions,2024-12-31,1,17,1146000.0,11596,Gold,GrabBike|GrabFood,2,Surabaya,0
USR007720,Promising,2024-12-26,6,5,118000.0,1318,Member,GrabCar|GrabExpress,2,Jakarta,0
USR008222,Hibernating,2024-08-18,136,0,54000.0,617,Member,GrabExpress|GrabMart|GrabFood|GrabBike,4,Surabaya,1
USR008656,Hibernating,2024-08-07,147,0,78000.0,815,Member,GrabCar|GrabFood|GrabMart,3,Medan,1
USR003599,Loyal,2024-12-11,21,13,331000.0,3260,Silver,GrabCar|GrabFood|GrabBike|GrabMart,4,Jakarta,0
USR003622,Loyal,2024-12-17,15,9,369000.0,3643,Silver,GrabFood|GrabMart|GrabCar|GrabExpress,4,Jakarta,0
USR003811,Loyal,2024-12-11,21,8,733000.0,7976,Gold,GrabBike|GrabMart,2,Bekasi,0
USR003450,Loyal,2024-12-18,14,13,404000.0,3812,Silver,GrabExpress,1,Bandung,0
USR004591,At_Risk,2024-10-28,65,3,318000.0,3721,Silver,GrabCar|GrabExpress,2,Jakarta,0
USR000205,Champions,2024-12-19,13,26,1957000.0,16714,Platinum,GrabCar|GrabMart|GrabFood,3,Jakarta,0
USR009840,Hibernating,2024-03-17,290,0,55000.0,526,Member,GrabExpress|GrabCar,2,Bandung,1
USR001135,Champions,2024-12-31,1,25,2421000.0,24664,Platinum,GrabBike|GrabFood|GrabCar,3,Bekasi,0
USR009384,Hibernating,2024-07-19,166,0,40000.0,390,Member,GrabBike,1,Jakarta,1
USR002749,Loyal,2024-12-20,12,9,648000.0,7366,Gold,GrabCar|GrabMart,2,Jakarta,0
USR003613,Loyal,2024-12-13,19,13,760000.0,7584,Gold,GrabBike,1,Bandung,0
USR000305,Champions,2024-12-19,13,29,1663000.0,19080,Platinum,GrabBike|GrabCar|GrabFood,3,Jakarta,0
USR001849,Loyal,2024-12-03,29,14,316000.0,2695,Silver,GrabExpress|GrabBike|GrabFood,3,Jakarta,0
USR007669,Promising,2024-12-29,3,5,246000.0,2008,Silver,GrabBike|GrabMart|GrabCar,3,Medan,0
USR001988,Loyal,2024-12-03,29,13,543000.0,4758,Silver,GrabMart|GrabExpress|GrabBike,3,Medan,0
USR003240,Loyal,2024-12-25,7,13,404000.0,4764,Silver,GrabExpress,1,Bekasi,0
USR002798,Loyal,2024-12-07,25,13,699000.0,6787,Gold,GrabBike|GrabMart|GrabCar,3,Jakarta,0
USR004515,At_Risk,2024-10-25,68,4,164000.0,1365,Member,GrabFood|GrabBike,2,Jakarta,1
USR005630,At_Risk,2024-10-11,82,4,336000.0,3758,Silver,GrabMart|GrabExpress,2,Medan,0
USR009372,Hibernating,2024-07-19,166,0,78000.0,906,Member,GrabExpress,1,Bekasi,1
USR003109,Loyal,2024-12-25,7,9,488000.0,4653,Silver,GrabBike|GrabMart,2,Jakarta,0
USR004939,At_Risk,2024-11-08,54,2,239000.0,2678,Silver,GrabMart|GrabCar|GrabFood|GrabExpress,4,Bekasi,0
USR004059,At_Risk,2024-11-05,57,3,255000.0,2939,Silver,GrabExpress,1,Jakarta,0
USR001987,Loyal,2024-12-06,26,13,708000.0,8122,Gold,GrabCar|GrabExpress|GrabBike,3,Bandung,0
USR007157,Promising,2024-12-23,9,7,219000.0,1837,Silver,GrabBike|GrabFood,2,Bekasi,0
USR008874,Hibernating,2024-05-20,226,0,62000.0,743,Member,GrabExpress|GrabFood,2,Jakarta,1
USR006613,Promising,2024-12-18,14,4,195000.0,1780,Member,GrabCar,1,Bekasi,0
USR000383,Champions,2024-12-25,7,18,1877000.0,22383,Platinum,GrabMart|GrabFood|GrabCar,3,Jakarta,0
USR005634,At_Risk,2024-10-11,82,2,221000.0,2598,Silver,GrabExpress|GrabCar,2,Bekasi,0
USR004307,At_Risk,2024-10-22,71,3,145000.0,1492,Member,GrabMart|GrabCar|GrabBike|GrabFood,4,Jakarta,0
USR003388,Loyal,2024-12-17,15,14,386000.0,3767,Silver,GrabBike,1,Bekasi,0
USR003156,Loyal,2024-12-21,11,8,614000.0,4950,Gold,GrabExpress,1,Jakarta,1
USR009995,Hibernating,2024-05-01,245,0,21000.0,222,Member,GrabCar|GrabMart,2,Jakarta,1
USR002727,Loyal,2024-12-14,18,13,477000.0,4975,Silver,GrabExpress|GrabMart,2,Bekasi,0
USR006333,Promising,2024-12-14,18,4,203000.0,1866,Silver,GrabExpress,1,Jakarta,0
USR009899,Hibernating,2024-07-22,163,0,27000.0,235,Member,GrabBike|GrabMart|GrabExpress|GrabFood,4,Jakarta,1
USR008751,Hibernating,2024-06-11,204,0,47000.0,426,Member,GrabFood|GrabCar|GrabBike,3,Jakarta,1
USR008302,Hibernating,2024-04-28,248,0,0.0,0,Member,GrabExpress,1,Jakarta,0
USR006037,Promising,2024-12-13,19,5,223000.0,2369,Silver,GrabMart,1,Jakarta,0
USR003832,Loyal,2024-12-11,21,14,474000.0,5156,Silver,GrabExpress|GrabBike|GrabCar,3,Bandung,0
USR008917,Hibernating,2024-09-28,95,0,57000.0,561,Member,GrabCar,1,Medan,1
USR004776,At_Risk,2024-10-04,89,4,233000.0,2181,Silver,GrabExpress,1,Bandung,0
USR004276,At_Risk,2024-11-07,55,5,275000.0,2313,Silver,GrabCar|GrabMart|GrabBike,3,Jakarta,0
USR000253,Champions,2024-12-26,6,23,2144000.0,17379,Platinum,GrabMart|GrabExpress|GrabFood,3,Surabaya,0
USR007895,Promising,2024-12-19,13,7,81000.0,860,Member,GrabMart,1,Jakarta,0
USR009590,Hibernating,2024-08-14,140,0,40000.0,355,Member,GrabCar|GrabMart|GrabFood|GrabExpress,4,Jakarta,1
USR007288,Promising,2024-12-25,7,5,142000.0,1235,Member,GrabFood|GrabExpress|GrabBike|GrabMart,4,Bandung,1
USR000278,Champions,2024-12-30,2,17,1330000.0,12717,Gold,GrabCar|GrabFood|GrabMart,3,Bandung,0
USR003252,Loyal,2024-12-16,16,14,685000.0,7939,Gold,GrabFood|GrabMart,2,Jakarta,0
USR002480,Loyal,2024-12-16,16,12,649000.0,5876,Gold,GrabCar,1,Jakarta,0
USR000289,Champions,2024-12-28,4,21,2068000.0,20708,Platinum,GrabCar|GrabBike,2,Surabaya,0
USR006086,Promising,2024-12-19,13,6,242000.0,2178,Silver,GrabExpress,1,Bandung,0
USR003075,Loyal,2024-12-25,7,13,450000.0,4221,Silver,GrabCar,1,Jakarta,0
USR008123,Hibernating,2024-05-04,242,0,4000.0,40,Member,GrabFood,1,Surabaya,1
USR007598,Promising,2024-12-25,7,7,149000.0,1299,Member,GrabMart,1,Bandung,0
USR006403,Promising,2024-12-19,13,5,142000.0,1454,Member,GrabCar|GrabExpress,2,Medan,0
USR005089,At_Risk,2024-10-20,73,5,210000.0,2322,Silver,GrabCar,1,Jakarta,1
USR007283,Promising,2024-12-14,18,5,148000.0,1362,Member,GrabCar|GrabExpress,2,Jakarta,0
USR009717,Hibernating,2024-09-02,121,0,77000.0,686,Member,GrabBike,1,Medan,0
USR008402,Hibernating,2024-06-01,214,0,61000.0,533,Member,GrabFood|GrabMart|GrabCar|GrabExpress,4,Surabaya,1
USR006121,Promising,2024-12-15,17,3,182000.0,1489,Member,GrabCar,1,Jakarta,0
USR007754,Promising,2024-12-18,14,7,104000.0,1081,Member,GrabExpress|GrabBike|GrabFood|GrabCar,4,Bandung,0
USR000270,Champions,2024-12-27,5,24,930000.0,9916,Gold,GrabCar|GrabExpress|GrabBike|GrabFood,4,Medan,0
USR006009,Promising,2024-12-20,12,6,161000.0,1364,Member,GrabMart,1,Medan,0
USR004570,At_Risk,2024-11-17,45,5,348000.0,2981,Silver,GrabBike|GrabCar|GrabFood,3,Jakarta,1
USR009116,Hibernating,2024-04-28,248,0,46000.0,506,Member,GrabBike|GrabCar,2,Jakarta,1
USR009803,Hibernating,2024-04-16,260,0,6000.0,53,Member,GrabBike,1,Jakarta,0
USR002971,Loyal,2024-12-08,24,14,383000.0,4539,Silver,GrabBike,1,Surabaya,0
USR006193,Promising,2024-12-19,13,6,219000.0,2445,Silver,GrabExpress|GrabMart|GrabBike,3,Surabaya,0
USR008768,Hibernating,2024-02-27,309,0,58000.0,674,Member,GrabBike|GrabCar|GrabMart,3,Medan,1
USR004207,At_Risk,2024-10-16,77,3,114000.0,976,Member,GrabMart|GrabCar|GrabFood,3,Jakarta,0
USR003218,Loyal,2024-12-09,23,14,650000.0,6991,Gold,GrabFood|GrabBike|GrabExpress,3,Jakarta,0
USR001391,Champions,2024-12-29,3,26,1868000.0,21046,Platinum,GrabCar|GrabFood,2,Bekasi,0
USR003975,Loyal,2024-12-07,25,9,535000.0,5813,Silver,GrabCar|GrabBike|GrabExpress,3,Bandung,0
USR004316,At_Risk,2024-10-28,65,5,276000.0,3105,Silver,GrabBike,1,Jakarta,1
USR007959,Promising,2024-12-14,18,6,236000.0,2340,Silver,GrabMart,1,Medan,1
USR007344,Promising,2024-12-25,7,7,193000.0,2312,Member,GrabExpress|GrabFood,2,Jakarta,0
USR007448,Promising,2024-12-25,7,4,182000.0,1950,Member,GrabFood,1,Surabaya,0
USR000083,Champions,2024-12-20,12,19,971000.0,11007,Gold,GrabMart|GrabExpress|GrabBike,3,Medan,0
USR000873,Champions,2024-12-29,3,18,2118000.0,17683,Platinum,GrabCar|GrabExpress|GrabMart,3,Bandung,0
USR009605,Hibernating,2024-09-04,119,0,40000.0,370,Member,GrabMart|GrabExpress|GrabBike|GrabCar,4,Jakarta,1
USR007635,Promising,2024-12-21,11,7,95000.0,998,Member,GrabCar|GrabFood|GrabBike|GrabExpress,4,Jakarta,0
USR004557,At_Risk,2024-10-30,63,5,314000.0,2824,Silver,GrabFood|GrabBike,2,Jakarta,1
USR004500,At_Risk,2024-11-01,61,4,144000.0,1166,Member,GrabBike,1,Jakarta,0
USR004647,At_Risk,2024-11-02,60,3,264000.0,3166,Silver,GrabMart|GrabCar|GrabFood|GrabExpress,4,Bekasi,0
USR002038,Loyal,2024-12-09,23,10,319000.0,2765,Silver,GrabBike|GrabMart,2,Bekasi,0
USR009694,Hibernating,2024-04-27,249,0,50000.0,543,Member,GrabFood|GrabMart,2,Bekasi,1
USR006909,Promising,2024-12-15,17,6,108000.0,1165,Member,GrabCar,1,Bekasi,0
USR002450,Loyal,2024-12-16,16,10,328000.0,3164,Silver,GrabExpress|GrabCar|GrabFood|GrabMart,4,Jakarta,0
USR003954,Loyal,2024-12-03,29,14,567000.0,5395,Silver,GrabFood,1,Medan,0
USR002329,Loyal,2024-12-23,9,8,697000.0,8311,Gold,GrabMart,1,Jakarta,0
USR009124,Hibernating,2024-01-10,357,0,35000.0,340,Member,GrabFood,1,Jakarta,1
USR007044,Promising,2024-12-25,7,5,205000.0,2061,Silver,GrabExpress,1,Bekasi,1
USR005042,At_Risk,2024-10-19,74,5,190000.0,2134,Member,GrabMart,1,Bekasi,1
USR009364,Hibernating,2024-05-26,220,0,33000.0,285,Member,GrabFood,1,Medan,1
USR004746,At_Risk,2024-11-11,51,4,202000.0,2388,Silver,GrabBike|GrabExpress|GrabMart|GrabCar,4,Bandung,0
USR009367,Hibernating,2024-03-06,301,0,0.0,0,Member,GrabMart,1,Bekasi,1
USR009402,Hibernating,2024-07-20,165,0,22000.0,203,Member,GrabExpress|GrabFood|GrabCar,3,Bandung,1
USR006491,Promising,2024-12-23,9,6,226000.0,2126,Silver,GrabBike,1,Bandung,0
USR006637,Promising,2024-12-24,8,3,95000.0,791,Member,GrabMart,1,Jakarta,0
USR007225,Promising,2024-12-24,8,4,130000.0,1527,Member,GrabCar|GrabExpress|GrabFood,3,Surabaya,0
USR002401,Loyal,2024-12-18,14,14,659000.0,7093,Gold,GrabFood|GrabBike,2,Jakarta,0
USR005520,At_Risk,2024-11-08,54,2,332000.0,3876,Silver,GrabCar|GrabMart|GrabFood,3,Bandung,0
USR001216,Champions,2024-12-25,7,16,2367000.0,27026,Platinum,GrabFood|GrabCar,2,Bandung,0
USR008695,Hibernating,2024-01-23,344,0,51000.0,555,Member,GrabCar,1,Bekasi,1
USR006020,Promising,2024-12-21,11,3,199000.0,2327,Member,GrabExpress|GrabCar|GrabBike,3,Surabaya,0
USR006865,Promising,2024-12-27,5,5,88000.0,716,Member,GrabFood,1,Medan,0
USR001064,Champions,2024-12-20,12,24,1122000.0,9891,Gold,GrabExpress|GrabMart|GrabCar,3,Medan,0
USR003786,Loyal,2024-12-08,24,14,594000.0,6321,Silver,GrabFood|GrabBike,2,Medan,0
USR004410,At_Risk,2024-10-07,86,4,106000.0,1194,Member,GrabCar|GrabExpress|GrabFood|GrabMart,4,Bekasi,0
USR006859,Promising,2024-12-18,14,3,242000.0,2174,Silver,GrabExpress,1,Surabaya,0
USR006760,Promising,2024-12-16,16,3,138000.0,1157,Member,GrabFood|GrabExpress|GrabBike|GrabCar,4,Jakarta,0
USR005523,At_Risk,2024-10-07,86,4,131000.0,1279,Member,GrabBike,1,Jakarta,0
USR005996,At_Risk,2024-10-05,88,2,240000.0,2545,Silver,GrabExpress|GrabBike,2,Jakarta,1
USR008833,Hibernating,2024-09-11,112,0,70000.0,671,Member,GrabMart|GrabCar,2,Jakarta,0
USR005888,At_Risk,2024-11-13,49,3,235000.0,2262,Silver,GrabCar,1,Bandung,1
USR002161,Loyal,2024-12-25,7,10,565000.0,5108,Silver,GrabMart|GrabCar,2,Jakarta,0
USR003008,Loyal,2024-12-17,15,11,781000.0,8476,Gold,GrabFood|GrabCar,2,Surabaya,0
USR001105,Champions,2024-12-30,2,24,2473000.0,20534,Platinum,GrabFood,1,Jakarta,0
USR006654,Promising,2024-12-29,3,3,205000.0,1676,Silver,GrabBike,1,Surabaya,0
USR000692,Champions,2024-12-20,12,29,1624000.0,16590,Platinum,GrabCar|GrabMart,2,Bekasi,0
USR009957,Hibernating,2024-02-26,310,0,75000.0,829,Member,GrabMart|GrabFood,2,Medan,1
USR004956,At_Risk,2024-10-04,89,2,348000.0,3667,Silver,GrabMart|GrabFood,2,Jakarta,1
USR006597,Promising,2024-12-19,13,7,159000.0,1892,Member,GrabCar,1,Jakarta,0
USR008480,Hibernating,2024-06-06,209,0,8000.0,65,Member,GrabExpress|GrabCar|GrabMart,3,Jakarta,0
USR004369,At_Risk,2024-11-17,45,5,150000.0,1491,Member,GrabBike,1,Jakarta,1
USR002765,Loyal,2024-12-06,26,8,470000.0,5354,Silver,GrabCar|GrabExpress,2,Medan,0
USR003929,Loyal,2024-12-20,12,12,675000.0,6154,Gold,GrabCar,1,Bekasi,1
USR007134,Promising,2024-12-20,12,6,102000.0,974,Member,GrabExpress|GrabBike,2,Surabaya,1
USR008735,Hibernating,2024-03-09,298,0,53000.0,532,Member,GrabCar|GrabExpress|GrabMart,3,Jakarta,1
USR007530,Promising,2024-12-16,16,4,215000.0,2053,Silver,GrabFood,1,Jakarta,0
USR007528,Promising,2024-12-18,14,3,246000.0,2083,Silver,GrabCar|GrabFood|GrabExpress,3,Surabaya,0
USR000628,Champions,2024-12-28,4,29,1484000.0,14702,Gold,GrabMart|GrabFood|GrabCar,3,Jakarta,0
USR002451,Loyal,2024-12-15,17,13,790000.0,8926,Gold,GrabMart|GrabFood|GrabCar,3,Jakarta,0
USR006239,Promising,2024-12-21,11,4,96000.0,1122,Member,GrabMart|GrabExpress,2,Jakarta,0
USR007012,Promising,2024-12-13,19,6,196000.0,2023,Member,GrabBike,1,Bekasi,0
USR003824,Loyal,2024-12-16,16,12,742000.0,6777,Gold,GrabFood,1,Medan,0
USR008977,Hibernating,2024-08-30,124,0,65000.0,697,Member,GrabExpress|GrabBike,2,Jakarta,1
USR002652,Loyal,2024-12-20,12,14,767000.0,8123,Gold,GrabExpress|GrabFood,2,Bekasi,0
USR009107,Hibernating,2024-05-08,238,0,45000.0,445,Member,GrabExpress|GrabBike|GrabCar,3,Jakarta,0
USR003743,Loyal,2024-12-12,20,11,672000.0,7539,Gold,GrabCar|GrabMart,2,Surabaya,0
USR002176,Loyal,2024-12-07,25,8,338000.0,2862,Silver,GrabBike|GrabMart,2,Jakarta,0
USR009906,Hibernating,2024-01-05,362,0,25000.0,202,Member,GrabExpress,1,Bekasi,1
USR009263,Hibernating,2024-03-29,278,0,45000.0,380,Member,GrabCar,1,Surabaya,1
USR003318,Loyal,2024-12-25,7,10,337000.0,3181,Silver,GrabExpress|GrabCar,2,Jakarta,0
USR006343,Promising,2024-12-21,11,5,210000.0,2232,Silver,GrabMart|GrabBike|GrabExpress|GrabFood,4,Jakarta,1
USR002787,Loyal,2024-12-09,23,13,798000.0,6788,Gold,GrabFood,1,Medan,1
USR004105,At_Risk,2024-10-07,86,4,128000.0,1303,Member,GrabMart|GrabFood|GrabBike,3,Bekasi,0
USR006355,Promising,2024-12-13,19,7,186000.0,2002,Member,GrabCar,1,Jakarta,0
USR001676,Loyal,2024-12-18,14,12,309000.0,3628,Silver,GrabCar,1,Bekasi,0
USR003947,Loyal,2024-12-08,24,10,423000.0,4608,Silver,GrabExpress,1,Bekasi,0
USR004444,At_Risk,2024-10-21,72,2,179000.0,1869,Member,GrabCar|GrabMart|GrabBike,3,Jakarta,1
USR002936,Loyal,2024-12-11,21,9,640000.0,5611,Gold,GrabBike,1,Bekasi,0
USR009005,Hibernating,2024-03-05,302,0,16000.0,175,Member,GrabCar|GrabMart,2,Jakarta,1
USR007766,Promising,2024-12-24,8,5,232000.0,2003,Silver,GrabExpress|GrabBike,2,Jakarta,0
USR005722,At_Risk,2024-11-11,51,2,289000.0,2316,Silver,GrabBike|GrabCar,2,Jakarta,0
USR007441,Promising,2024-12-12,20,4,170000.0,1427,Member,GrabExpress|GrabBike,2,Bandung,1
USR002503,Loyal,2024-12-09,23,8,387000.0,4361,Silver,GrabBike|GrabFood|GrabCar,3,Bekasi,0
USR008482,Hibernating,2024-06-07,208,0,74000.0,621,Member,GrabMart|GrabFood|GrabCar,3,Surabaya,1
USR002369,Loyal,2024-12-21,11,11,566000.0,6023,Silver,GrabExpress|GrabMart,2,Surabaya,0
USR004967,At_Risk,2024-10-04,89,3,115000.0,1357,Member,GrabExpress,1,Bandung,1
USR005883,At_Risk,2024-11-11,51,2,275000.0,2849,Silver,GrabBike|GrabExpress|GrabMart,3,Bekasi,0
USR002217,Loyal,2024-12-03,29,11,427000.0,4059,Silver,GrabCar,1,Jakarta,0
USR005847,At_Risk,2024-11-14,48,3,229000.0,1994,Silver,GrabMart|GrabBike,2,Jakarta,1
USR002218,Loyal,2024-12-10,22,13,714000.0,7852,Gold,GrabBike|GrabMart|GrabCar|GrabFood,4,Jakarta,0
USR003326,Loyal,2024-12-09,23,14,782000.0,6440,Gold,GrabMart|GrabExpress,2,Bekasi,0
USR006733,Promising,2024-12-16,16,5,154000.0,1584,Member,GrabCar|GrabExpress|GrabBike,3,Medan,0
USR003583,Loyal,2024-12-20,12,11,369000.0,3236,Silver,GrabCar|GrabBike|GrabExpress,3,Jakarta,0
USR009824,Hibernating,2024-01-30,337,0,43000.0,370,Member,GrabBike,1,Bekasi,1
USR003619,Loyal,2024-12-07,25,8,712000.0,7293,Gold,GrabExpress|GrabBike|GrabFood|GrabMart,4,Jakarta,0
USR007707,Promising,2024-12-16,16,4,210000.0,1859,Silver,GrabFood|GrabExpress,2,Jakarta,0
USR006432,Promising,2024-12-14,18,3,193000.0,2205,Member,GrabBike|GrabFood|GrabExpress|GrabCar,4,Jakarta,0
USR003115,Loyal,2024-12-24,8,11,396000.0,4310,Silver,GrabExpress|GrabBike|GrabCar|GrabMart,4,Surabaya,0
USR000085,Champions,2024-12-24,8,27,1452000.0,12552,Gold,GrabCar|GrabFood|GrabExpress,3,Medan,0
USR005973,At_Risk,2024-10-12,81,2,234000.0,1881,Silver,GrabCar|GrabExpress|GrabFood,3,Jakarta,0
USR002801,Loyal,2024-12-16,16,11,663000.0,6685,Gold,GrabBike|GrabExpress|GrabFood,3,Bandung,1
USR003671,Loyal,2024-12-24,8,10,375000.0,4310,Silver,GrabBike|GrabMart|GrabCar|GrabFood,4,Jakarta,0
USR003667,Loyal,2024-12-08,24,10,544000.0,4958,Silver,GrabCar,1,Jakarta,0
USR009794,Hibernating,2024-04-09,267,0,24000.0,235,Member,GrabExpress|GrabMart|GrabCar|GrabBike,4,Bandung,1
USR005158,At_Risk,2024-10-09,84,3,205000.0,2153,Silver,GrabBike,1,Jakarta,1
USR005725,At_Risk,2024-10-21,72,3,341000.0,3882,Silver,GrabFood|GrabMart,2,Bekasi,1
USR004590,At_Risk,2024-10-05,88,4,107000.0,1210,Member,GrabCar|GrabMart|GrabFood,3,Medan,0
USR002019,Loyal,2024-12-09,23,9,663000.0,5761,Gold,GrabExpress|GrabMart,2,Bekasi,0
USR007831,Promising,2024-12-12,20,3,94000.0,888,Member,GrabFood|GrabCar,2,Medan,0
USR002525,Loyal,2024-12-04,28,10,733000.0,7189,Gold,GrabMart|GrabExpress|GrabCar|GrabFood,4,Medan,0
USR008286,Hibernating,2024-09-08,115,0,53000.0,502,Member,GrabFood,1,Jakarta,1
USR009206,Hibernating,2024-06-06,209,0,38000.0,365,Member,GrabExpress,1,Bekasi,1
USR003212,Loyal,2024-12-18,14,10,330000.0,3648,Silver,GrabFood|GrabCar|GrabMart,3,Jakarta,0
USR000519,Champions,2024-12-29,3,28,1441000.0,12185,Gold,GrabExpress,1,Jakarta,0
USR005366,At_Risk,2024-10-04,89,5,324000.0,3528,Silver,GrabExpress|GrabBike|GrabFood,3,Jakarta,0
USR006762,Promising,2024-12-16,16,7,165000.0,1608,Member,GrabCar,1,Jakarta,0
USR002895,Loyal,2024-12-07,25,13,418000.0,3955,Silver,GrabExpress|GrabMart|GrabCar,3,Jakarta,0
USR000244,Champions,2024-12-19,13,24,1790000.0,14821,Platinum,GrabCar|GrabMart|GrabExpress,3,Jakarta,0
USR005930,At_Risk,2024-11-09,53,2,204000.0,2327,Silver,GrabCar|GrabExpress|GrabFood|GrabBike,4,Surabaya,0
USR004714,At_Risk,2024-10-16,77,5,140000.0,1514,Member,GrabBike,1,Medan,0
USR009567,Hibernating,2024-01-25,342,0,69000.0,724,Member,GrabExpress,1,Jakarta,1
USR003425,Loyal,2024-12-20,12,13,301000.0,3580,Silver,GrabBike|GrabExpress,2,Jakarta,1
USR006931,Promising,2024-12-29,3,5,108000.0,1156,Member,GrabFood|GrabExpress,2,Bekasi,0
USR006720,Promising,2024-12-23,9,3,95000.0,1077,Member,GrabBike|GrabCar|GrabExpress,3,Bekasi,0
USR007410,Promising,2024-12-22,10,5,203000.0,2098,Silver,GrabMart|GrabCar,2,Bandung,1
USR006177,Promising,2024-12-15,17,3,245000.0,1982,Silver,GrabBike,1,Jakarta,0
USR007250,Promising,2024-12-17,15,7,191000.0,1757,Member,GrabCar,1,Bandung,0
USR005509,At_Risk,2024-10-17,76,4,326000.0,2920,Silver,GrabBike|GrabExpress|GrabCar,3,Jakarta,0
USR002001,Loyal,2024-12-10,22,13,382000.0,3386,Silver,GrabExpress|GrabMart|GrabFood|GrabCar,4,Jakarta,0
USR000885,Champions,2024-12-20,12,16,1600000.0,16241,Platinum,GrabMart|GrabBike,2,Bandung,0
USR000869,Champions,2024-12-22,10,20,2339000.0,19478,Platinum,GrabBike|GrabFood,2,Medan,0
USR009688,Hibernating,2024-05-10,236,0,37000.0,411,Member,GrabMart|GrabExpress,2,Jakarta,1
USR005720,At_Risk,2024-11-13,49,2,182000.0,1943,Member,GrabCar|GrabFood,2,Surabaya,0
USR000356,Champions,2024-12-22,10,27,1847000.0,19104,Platinum,GrabExpress|GrabCar|GrabMart,3,Bekasi,0
USR009907,Hibernating,2024-06-27,188,0,50000.0,567,Member,GrabFood|GrabMart,2,Bandung,1
USR005451,At_Risk,2024-10-21,72,2,261000.0,2346,Silver,GrabMart|GrabCar,2,Medan,0
USR008193,Hibernating,2024-03-20,287,0,50000.0,586,Member,GrabCar|GrabBike|GrabMart|GrabFood,4,Jakarta,1
USR006438,Promising,2024-12-22,10,3,131000.0,1254,Member,GrabExpress,1,Surabaya,1
USR007704,Promising,2024-12-23,9,6,248000.0,2641,Silver,GrabCar,1,Jakarta,0
USR001275,Champions,2024-12-29,3,22,1861000.0,14997,Platinum,GrabExpress,1,Jakarta,0
USR001890,Loyal,2024-12-20,12,13,464000.0,4542,Silver,GrabExpress|GrabBike,2,Jakarta,0
USR008686,Hibernating,2024-09-22,101,0,54000.0,585,Member,GrabCar,1,Jakarta,0
USR006568,Promising,2024-12-17,15,5,233000.0,2109,Silver,GrabFood,1,Medan,0
USR009623,Hibernating,2024-09-18,105,0,71000.0,570,Member,GrabBike|GrabExpress,2,Jakarta,1
USR003563,Loyal,2024-12-19,13,10,429000.0,3808,Silver,GrabCar|GrabMart|GrabFood,3,Bandung,0
USR005787,At_Risk,2024-11-04,58,2,268000.0,2998,Silver,GrabExpress|GrabCar|GrabMart,3,Jakarta,1
USR004958,At_Risk,2024-10-25,68,3,213000.0,2235,Silver,GrabFood|GrabExpress|GrabMart,3,Jakarta,0
USR001546,Loyal,2024-12-16,16,8,563000.0,5946,Silver,GrabCar,1,Jakarta,0
USR002380,Loyal,2024-12-13,19,14,495000.0,4015,Silver,GrabMart|GrabCar|GrabBike,3,Bandung,0
USR003823,Loyal,2024-12-11,21,13,542000.0,4870,Silver,GrabExpress|GrabMart|GrabFood,3,Jakarta,0
USR003232,Loyal,2024-12-23,9,10,657000.0,7045,Gold,GrabBike|GrabMart|GrabFood,3,Jakarta,0
USR008399,Hibernating,2024-01-17,350,0,43000.0,484,Member,GrabCar|GrabExpress,2,Bandung,0
USR003306,Loyal,2024-12-06,26,12,412000.0,4254,Silver,GrabCar|GrabExpress,2,Jakarta,0
USR000492,Champions,2024-12-24,8,29,2423000.0,22009,Platinum,GrabBike|GrabCar,2,Jakarta,0
USR003499,Loyal,2024-12-23,9,11,783000.0,7715,Gold,GrabBike|GrabMart|GrabExpress,3,Bekasi,0
USR006664,Promising,2024-12-24,8,4,237000.0,2553,Silver,GrabFood,1,Bekasi,1
USR001116,Champions,2024-12-22,10,17,1654000.0,19485,Platinum,GrabBike|GrabExpress,2,Medan,0
USR005637,At_Risk,2024-11-02,60,3,173000.0,1859,Member,GrabBike,1,Jakarta,1
USR008774,Hibernating,2024-08-24,130,0,59000.0,706,Member,GrabCar,1,Jakarta,1
USR006146,Promising,2024-12-12,20,5,214000.0,1951,Silver,GrabExpress,1,Jakarta,1
USR009867,Hibernating,2024-10-03,90,0,40000.0,389,Member,GrabFood|GrabExpress,2,Jakarta,1
USR008775,Hibernating,2024-03-30,277,0,37000.0,339,Member,GrabExpress|GrabBike,2,Jakarta,1
USR006707,Promising,2024-12-17,15,5,163000.0,1762,Member,GrabFood,1,Surabaya,0
USR009948,Hibernating,2024-05-14,232,0,44000.0,468,Member,GrabMart,1,Bandung,1
USR007965,Promising,2024-12-18,14,4,219000.0,1866,Silver,GrabMart|GrabCar,2,Medan,0
USR003645,Loyal,2024-12-17,15,12,666000.0,6516,Gold,GrabCar|GrabFood|GrabExpress|GrabMart,4,Jakarta,0
USR002500,Loyal,2024-12-04,28,14,302000.0,2763,Silver,GrabFood|GrabBike|GrabCar|GrabMart,4,Medan,0
USR005677,At_Risk,2024-10-12,81,3,311000.0,3297,Silver,GrabBike,1,Jakarta,1
USR005241,At_Risk,2024-10-19,74,2,189000.0,1540,Member,GrabMart,1,Bandung,0
USR006518,Promising,2024-12-28,4,3,111000.0,1040,Member,GrabExpress,1,Jakarta,0
USR002783,Loyal,2024-12-08,24,13,465000.0,5335,Silver,GrabCar|GrabBike|GrabExpress,3,Jakarta,0
USR006158,Promising,2024-12-27,5,4,250000.0,2610,Silver,GrabFood,1,Bekasi,1
USR003809,Loyal,2024-12-25,7,8,562000.0,5719,Silver,GrabExpress|GrabBike,2,Jakarta,0
USR009428,Hibernating,2024-06-18,197,0,48000.0,470,Member,GrabExpress|GrabFood,2,Jakarta,1
USR009524,Hibernating,2024-08-22,132,0,32000.0,308,Member,GrabMart|GrabExpress,2,Bandung,0
USR008599,Hibernating,2024-05-23,223,0,68000.0,575,Member,GrabExpress|GrabFood,2,Jakarta,1
USR001696,Loyal,2024-12-04,28,9,569000.0,5143,Silver,GrabFood|GrabExpress,2,Jakarta,0
USR005685,At_Risk,2024-10-29,64,5,281000.0,2868,Silver,GrabFood,1,Jakarta,1
USR008367,Hibernating,2024-09-25,98,0,70000.0,787,Member,GrabFood|GrabBike,2,Bandung,1
USR005939,At_Risk,2024-10-21,72,4,185000.0,2101,Member,GrabBike,1,Jakarta,1
USR002052,Loyal,2024-12-14,18,11,679000.0,7293,Gold,GrabExpress|GrabBike|GrabFood,3,Jakarta,0
USR001776,Loyal,2024-12-07,25,9,604000.0,7064,Gold,GrabCar|GrabBike,2,Medan,1
USR006560,Promising,2024-12-24,8,3,124000.0,1320,Member,GrabExpress,1,Surabaya,0
USR003313,Loyal,2024-12-04,28,14,703000.0,6522,Gold,GrabCar,1,Jakarta,0
USR004781,At_Risk,2024-11-09,53,3,220000.0,1996,Silver,GrabCar,1,Jakarta,0
USR008538,Hibernating,2024-07-13,172,0,3000.0,26,Member,GrabBike|GrabCar,2,Jakarta,1
USR006781,Promising,2024-12-18,14,6,148000.0,1563,Member,GrabBike|GrabCar|GrabMart,3,Jakarta,0
USR001592,Loyal,2024-12-25,7,8,445000.0,4580,Silver,GrabExpress,1,Jakarta,0
USR001723,Loyal,2024-12-19,13,10,773000.0,6648,Gold,GrabFood,1,Bekasi,0
USR000215,Champions,2024-12-20,12,26,1857000.0,19888,Platinum,GrabExpress|GrabMart,2,Jakarta,0
USR006326,Promising,2024-12-23,9,3,106000.0,1103,Member,GrabMart|GrabExpress|GrabFood|GrabCar,4,Jakarta,0
USR008256,Hibernating,2024-07-03,182,0,32000.0,284,Member,GrabExpress,1,Bekasi,1
USR000490,Champions,2024-12-19,13,19,1430000.0,16924,Gold,GrabBike|GrabExpress|GrabCar,3,Jakarta,0
USR009133,Hibernating,2024-05-28,218,0,25000.0,288,Member,GrabCar|GrabExpress|GrabBike,3,Jakarta,1
USR003483,Loyal,2024-12-13,19,12,783000.0,7024,Gold,GrabFood,1,Bandung,0
USR005102,At_Risk,2024-10-08,85,5,121000.0,1423,Member,GrabBike|GrabExpress,2,Bekasi,0
USR005187,At_Risk,2024-10-28,65,4,192000.0,2138,Member,GrabBike|GrabFood,2,Bandung,1
USR003431,Loyal,2024-12-14,18,11,411000.0,3569,Silver,GrabCar|GrabBike|GrabFood,3,Surabaya,0
USR009198,Hibernating,2024-08-27,127,0,53000.0,493,Member,GrabFood,1,Medan,1
USR007710,Promising,2024-12-17,15,7,173000.0,1699,Member,GrabCar|GrabExpress|GrabFood,3,Bekasi,0
USR005513,At_Risk,2024-10-07,86,3,144000.0,1651,Member,GrabCar|GrabFood,2,Jakarta,0
USR000025,Champions,2024-12-25,7,25,2443000.0,27469,Platinum,GrabBike,1,Jakarta,0
USR003512,Loyal,2024-12-24,8,9,380000.0,4087,Silver,GrabFood,1,Surabaya,0
USR002409,Loyal,2024-12-22,10,14,513000.0,5442,Silver,GrabMart,1,Surabaya,0
USR003270,Loyal,2024-12-08,24,14,639000.0,5580,Gold,GrabBike|GrabFood,2,Jakarta,0
USR005209,At_Risk,2024-10-19,74,5,170000.0,2035,Member,GrabCar|GrabBike|GrabExpress,3,Jakarta,0
USR008711,Hibernating,2024-04-10,266,0,41000.0,340,Member,GrabFood|GrabMart|GrabBike,3,Jakarta,1
USR001552,Loyal,2024-12-06,26,10,644000.0,7166,Gold,GrabMart,1,Surabaya,0
USR009197,Hibernating,2024-09-16,107,0,29000.0,288,Member,GrabFood|GrabMart|GrabCar,3,Medan,1
USR008621,Hibernating,2024-06-03,212,0,6000.0,48,Member,GrabMart|GrabBike|GrabFood,3,Jakarta,1
USR003871,Loyal,2024-12-10,22,11,599000.0,5686,Silver,GrabCar|GrabBike|GrabMart|GrabExpress,4,Bekasi,0
USR003402,Loyal,2024-12-04,28,9,487000.0,4661,Silver,GrabBike|GrabExpress,2,Bekasi,1
USR004529,At_Risk,2024-11-03,59,4,293000.0,2862,Silver,GrabExpress|GrabBike|GrabCar,3,Bandung,0
USR000979,Champions,2024-12-31,1,25,2009000.0,20787,Platinum,GrabCar|GrabBike,2,Jakarta,0
USR002655,Loyal,2024-12-06,26,12,484000.0,4589,Silver,GrabCar|GrabMart|GrabExpress,3,Surabaya,0
USR001847,Loyal,2024-12-16,16,14,555000.0,4774,Silver,GrabCar|GrabFood,2,Jakarta,0
USR007964,Promising,2024-12-24,8,7,239000.0,2494,Silver,GrabCar|GrabBike|GrabExpress,3,Jakarta,0
USR008240,Hibernating,2024-03-03,304,0,16000.0,128,Member,GrabFood|GrabCar|GrabMart,3,Medan,1
USR007145,Promising,2024-12-21,11,7,128000.0,1187,Member,GrabFood,1,Jakarta,0
USR007299,Promising,2024-12-22,10,5,200000.0,2071,Member,GrabExpress|GrabFood|GrabMart,3,Surabaya,0
USR005721,At_Risk,2024-10-08,85,4,293000.0,2818,Silver,GrabMart|GrabFood,2,Bandung,0
USR000515,Champions,2024-12-21,11,21,2086000.0,19640,Platinum,GrabFood|GrabMart|GrabBike,3,Bandung,0
USR008745,Hibernating,2024-05-09,237,0,73000.0,596,Member,GrabFood|GrabExpress,2,Jakarta,1
USR008297,Hibernating,2024-01-14,353,0,58000.0,567,Member,GrabBike|GrabCar,2,Jakarta,1
USR001102,Champions,2024-12-28,4,18,1783000.0,21144,Platinum,GrabFood|GrabExpress|GrabCar,3,Jakarta,0
USR003276,Loyal,2024-12-04,28,11,417000.0,3461,Silver,GrabFood|GrabMart|GrabExpress,3,Jakarta,0
USR007217,Promising,2024-12-18,14,4,249000.0,2835,Silver,GrabFood,1,Bekasi,0
USR007389,Promising,2024-12-19,13,3,196000.0,2179,Member,GrabExpress,1,Jakarta,0
USR009077,Hibernating,2024-09-12,111,0,31000.0,327,Member,GrabCar,1,Jakarta,1
USR008337,Hibernating,2024-06-06,209,0,63000.0,532,Member,GrabExpress,1,Bandung,1
USR003996,Loyal,2024-12-20,12,11,411000.0,4314,Silver,GrabBike,1,Surabaya,0
USR000194,Champions,2024-12-25,7,23,2204000.0,23473,Platinum,GrabCar|GrabFood|GrabExpress,3,Jakarta,0
USR004711,At_Risk,2024-10-06,87,5,241000.0,2151,Silver,GrabBike,1,Jakarta,1
USR000643,Champions,2024-12-23,9,27,2492000.0,28572,Platinum,GrabExpress|GrabMart,2,Medan,0
USR009089,Hibernating,2024-02-14,322,0,79000.0,823,Member,GrabBike|GrabExpress|GrabFood,3,Medan,1
USR003285,Loyal,2024-12-20,12,13,371000.0,3044,Silver,GrabExpress,1,Jakarta,0
USR003116,Loyal,2024-12-18,14,12,549000.0,5912,Silver,GrabCar,1,Jakarta,0
USR006476,Promising,2024-12-28,4,5,163000.0,1942,Member,GrabCar|GrabMart,2,Jakarta,0
USR003575,Loyal,2024-12-09,23,9,759000.0,8477,Gold,GrabExpress|GrabFood|GrabCar|GrabBike,4,Bekasi,0
USR009023,Hibernating,2024-07-15,170,0,71000.0,806,Member,GrabMart|GrabExpress,2,Bekasi,1
USR004320,At_Risk,2024-11-12,50,3,272000.0,2870,Silver,GrabCar|GrabExpress|GrabBike,3,Surabaya,0
USR009992,Hibernating,2024-09-10,113,0,43000.0,385,Member,GrabExpress|GrabBike|GrabMart|GrabFood,4,Jakarta,0
USR002207,Loyal,2024-12-05,27,14,615000.0,5695,Gold,GrabBike|GrabFood,2,Jakarta,1
USR004552,At_Risk,2024-10-26,67,2,322000.0,2594,Silver,GrabFood|GrabBike,2,Surabaya,1
USR007316,Promising,2024-12-21,11,7,240000.0,2403,Silver,GrabBike|GrabExpress|GrabFood|GrabMart,4,Surabaya,1
USR003718,Loyal,2024-12-21,11,11,311000.0,2657,Silver,GrabCar|GrabExpress,2,Surabaya,0
USR000972,Champions,2024-12-30,2,25,2188000.0,25695,Platinum,GrabExpress|GrabMart,2,Surabaya,0
USR004579,At_Risk,2024-11-09,53,2,260000.0,3026,Silver,GrabBike|GrabMart,2,Jakarta,1
USR000719,Champions,2024-12-25,7,20,2062000.0,17806,Platinum,GrabBike|GrabCar,2,Bandung,0
USR009017,Hibernating,2024-01-27,340,0,47000.0,515,Member,GrabMart|GrabExpress|GrabFood,3,Bekasi,1
USR006155,Promising,2024-12-13,19,7,109000.0,1178,Member,GrabExpress|GrabCar,2,Surabaya,1
USR009430,Hibernating,2024-02-09,327,0,80000.0,761,Member,GrabFood,1,Bandung,1
USR003896,Loyal,2024-12-21,11,9,421000.0,4139,Silver,GrabMart|GrabExpress|GrabCar,3,Bandung,0
USR002803,Loyal,2024-12-11,21,11,544000.0,5353,Silver,GrabBike,1,Jakarta,0
USR002566,Loyal,2024-12-25,7,8,629000.0,7161,Gold,GrabFood|GrabMart,2,Jakarta,0
USR004025,At_Risk,2024-11-01,61,5,109000.0,1260,Member,GrabBike,1,Jakarta,0
USR006198,Promising,2024-12-14,18,6,207000.0,1694,Silver,GrabExpress|GrabMart,2,Surabaya,0
USR000032,Champions,2024-12-21,11,16,1842000.0,17533,Platinum,GrabMart,1,Jakarta,1
USR008307,Hibernating,2024-01-23,344,0,9000.0,90,Member,GrabMart,1,Jakarta,1
USR008831,Hibernating,2024-04-24,252,0,28000.0,324,Member,GrabMart|GrabCar,2,Bekasi,0
USR009818,Hibernating,2024-05-02,244,0,21000.0,232,Member,GrabExpress,1,Surabaya,1
USR004063,At_Risk,2024-11-17,45,2,153000.0,1277,Member,GrabMart|GrabCar|GrabExpress,3,Bekasi,0
USR008948,Hibernating,2024-07-21,164,0,67000.0,766,Member,GrabFood|GrabExpress,2,Surabaya,1
USR005540,At_Risk,2024-10-04,89,4,286000.0,3237,Silver,GrabCar|GrabFood|GrabExpress,3,Jakarta,1
USR001697,Loyal,2024-12-09,23,13,756000.0,7842,Gold,GrabCar,1,Surabaya,0
USR002792,Loyal,2024-12-20,12,11,753000.0,7018,Gold,GrabBike|GrabCar|GrabFood,3,Jakarta,0
USR002222,Loyal,2024-12-22,10,8,591000.0,4781,Silver,GrabCar,1,Jakarta,1
USR005818,At_Risk,2024-11-15,47,3,263000.0,2590,Silver,GrabBike,1,Bandung,0
USR009662,Hibernating,2024-05-04,242,0,61000.0,688,Member,GrabMart,1,Jakarta,1
USR003764,Loyal,2024-12-11,21,12,702000.0,6852,Gold,GrabFood,1,Medan,0
USR003866,Loyal,2024-12-12,20,9,625000.0,7389,Gold,GrabMart,1,Surabaya,0
USR006421,Promising,2024-12-22,10,7,160000.0,1905,Member,GrabMart|GrabExpress|GrabFood,3,Bekasi,0
USR009399,Hibernating,2024-08-29,125,0,78000.0,733,Member,GrabExpress|GrabCar,2,Medan,1
USR008938,Hibernating,2024-05-11,235,0,45000.0,483,Member,GrabFood|GrabExpress,2,Surabaya,0
USR006671,Promising,2024-12-23,9,6,231000.0,2097,Silver,GrabBike,1,Jakarta,0
USR007978,Promising,2024-12-29,3,6,97000.0,807,Member,GrabExpress,1,Bekasi,0
USR003758,Loyal,2024-12-06,26,10,419000.0,4643,Silver,GrabCar|GrabBike,2,Bandung,0
USR009774,Hibernating,2024-01-05,362,0,29000.0,316,Member,GrabCar|GrabMart|GrabFood|GrabBike,4,Bekasi,1
USR003227,Loyal,2024-12-16,16,11,389000.0,3325,Silver,GrabCar,1,Jakarta,0
USR007802,Promising,2024-12-15,17,6,138000.0,1490,Member,GrabMart|GrabCar,2,Bandung,0
USR003923,Loyal,2024-12-24,8,13,632000.0,6854,Gold,GrabExpress,1,Jakarta,0
USR003904,Loyal,2024-12-03,29,13,429000.0,4248,Silver,GrabCar|GrabBike,2,Jakarta,1
USR002277,Loyal,2024-12-15,17,14,465000.0,4491,Silver,GrabFood|GrabBike,2,Surabaya,0
USR006810,Promising,2024-12-21,11,7,127000.0,1270,Member,GrabCar|GrabMart,2,Jakarta,1
USR001401,Champions,2024-12-23,9,27,2345000.0,18843,Platinum,GrabMart|GrabBike,2,Surabaya,0
USR000739,Champions,2024-12-31,1,22,865000.0,8793,Gold,GrabCar|GrabBike|GrabExpress,3,Bekasi,0
USR004266,At_Risk,2024-10-14,79,2,198000.0,1744,Member,GrabBike,1,Bandung,1
USR009861,Hibernating,2024-08-22,132,0,54000.0,506,Member,GrabFood|GrabCar|GrabBike|GrabMart,4,Surabaya,1
USR007352,Promising,2024-12-28,4,4,94000.0,1046,Member,GrabCar,1,Medan,0
USR007518,Promising,2024-12-21,11,3,111000.0,1243,Member,GrabBike,1,Surabaya,1
USR003851,Loyal,2024-12-20,12,14,753000.0,8332,Gold,GrabBike|GrabExpress,2,Medan,0
USR008631,Hibernating,2024-09-21,102,0,37000.0,317,Member,GrabFood|GrabMart|GrabBike|GrabExpress,4,Jakarta,1
USR002661,Loyal,2024-12-11,21,11,674000.0,6681,Gold,GrabExpress|GrabCar|GrabBike,3,Jakarta,0
USR006504,Promising,2024-12-16,16,7,230000.0,2696,Silver,GrabCar|GrabExpress,2,Bandung,0
USR009799,Hibernating,2024-04-05,271,0,14000.0,119,Member,GrabExpress,1,Jakarta,1
USR000674,Champions,2024-12-28,4,17,2154000.0,23986,Platinum,GrabExpress|GrabFood,2,Bekasi,0
USR007105,Promising,2024-12-25,7,4,124000.0,1082,Member,GrabExpress|GrabMart,2,Bandung,0
USR006360,Promising,2024-12-29,3,6,97000.0,970,Member,GrabBike,1,Surabaya,0
USR003841,Loyal,2024-12-12,20,12,472000.0,4529,Silver,GrabBike|GrabExpress|GrabCar,3,Jakarta,1
USR001815,Loyal,2024-12-05,27,8,502000.0,4540,Silver,GrabFood|GrabCar|GrabMart,3,Bandung,0
USR009489,Hibernating,2024-07-31,154,0,24000.0,247,Member,GrabBike|GrabExpress,2,Bandung,1
USR009838,Hibernating,2024-02-27,309,0,37000.0,382,Member,GrabBike|GrabFood,2,Surabaya,1
USR009201,Hibernating,2024-07-20,165,0,27000.0,258,Member,GrabFood,1,Medan,1
USR004653,At_Risk,2024-10-07,86,3,300000.0,3486,Silver,GrabExpress,1,Jakarta,0
USR008692,Hibernating,2024-01-13,354,0,6000.0,62,Member,GrabExpress,1,Jakarta,1
USR002100,Loyal,2024-12-15,17,10,362000.0,3509,Silver,GrabExpress,1,Surabaya,1
USR007711,Promising,2024-12-22,10,3,175000.0,2019,Member,GrabBike,1,Surabaya,0
USR001673,Loyal,2024-12-05,27,8,684000.0,5912,Gold,GrabFood|GrabCar|GrabMart,3,Bekasi,0
USR002101,Loyal,2024-12-23,9,14,364000.0,3610,Silver,GrabCar,1,Jakarta,0
USR004213,At_Risk,2024-11-10,52,3,322000.0,3286,Silver,GrabFood,1,Bekasi,0
USR006958,Promising,2024-12-24,8,4,246000.0,2722,Silver,GrabExpress,1,Bandung,0
USR001548,Loyal,2024-12-19,13,9,581000.0,5140,Silver,GrabMart|GrabExpress|GrabBike,3,Surabaya,0
USR009550,Hibernating,2024-01-26,341,0,36000.0,398,Member,GrabBike,1,Jakarta,1
USR003323,Loyal,2024-12-04,28,9,477000.0,4455,Silver,GrabExpress,1,Jakarta,0
USR009583,Hibernating,2024-02-12,324,0,39000.0,378,Member,GrabBike,1,Jakarta,1
USR000355,Champions,2024-12-31,1,15,905000.0,10015,Gold,GrabCar|GrabBike|GrabFood,3,Bandung,0
USR005184,At_Risk,2024-10-22,71,2,346000.0,2921,Silver,GrabMart|GrabBike,2,Jakarta,0
USR001461,Champions,2024-12-25,7,16,2379000.0,28259,Platinum,GrabFood,1,Bandung,0
USR007624,Promising,2024-12-13,19,4,236000.0,2672,Silver,GrabCar|GrabBike|GrabExpress|GrabMart,4,Surabaya,0
USR009385,Hibernating,2024-06-22,193,0,59000.0,493,Member,GrabFood|GrabBike,2,Medan,0
USR003220,Loyal,2024-12-04,28,13,583000.0,5206,Silver,GrabCar,1,Jakarta,0
USR000939,Champions,2024-12-27,5,22,1871000.0,19972,Platinum,GrabBike|GrabCar|GrabFood,3,Jakarta,0
USR005147,At_Risk,2024-11-07,55,3,135000.0,1088,Member,GrabBike,1,Medan,0
USR005923,At_Risk,2024-11-16,46,5,317000.0,3172,Silver,GrabCar|GrabMart|GrabExpress,3,Jakarta,1
USR007883,Promising,2024-12-14,18,5,198000.0,2230,Member,GrabExpress|GrabBike|GrabFood|GrabMart,4,Jakarta,0
USR001751,Loyal,2024-12-05,27,13,461000.0,4186,Silver,GrabBike,1,Bekasi,0
USR009468,Hibernating,2024-01-27,340,0,16000.0,173,Member,GrabExpress,1,Jakarta,1
USR007597,Promising,2024-12-20,12,7,159000.0,1800,Member,GrabCar,1,Medan,0
USR001772,Loyal,2024-12-17,15,13,514000.0,5992,Silver,GrabFood|GrabCar,2,Surabaya,0
USR001196,Champions,2024-12-21,11,27,2373000.0,28299,Platinum,GrabExpress|GrabBike,2,Jakarta,0
USR001878,Loyal,2024-12-23,9,13,586000.0,5153,Silver,GrabCar|GrabFood|GrabBike,3,Bekasi,0
USR002668,Loyal,2024-12-23,9,9,432000.0,4376,Silver,GrabBike|GrabExpress,2,Bekasi,1
USR003171,Loyal,2024-12-25,7,12,337000.0,2917,Silver,GrabExpress,1,Medan,0
USR002016,Loyal,2024-12-15,17,9,552000.0,6292,Silver,GrabFood|GrabExpress|GrabMart,3,Bekasi,0
USR002005,Loyal,2024-12-17,15,9,599000.0,4959,Silver,GrabFood|GrabMart,2,Bandung,1
USR008272,Hibernating,2024-04-17,259,0,79000.0,838,Member,GrabCar|GrabFood,2,Bekasi,1
USR003893,Loyal,2024-12-11,21,11,461000.0,5153,Silver,GrabExpress|GrabFood,2,Bandung,0
USR009991,Hibernating,2024-03-17,290,0,57000.0,656,Member,GrabMart|GrabBike|GrabFood,3,Bekasi,0
USR003237,Loyal,2024-12-14,18,13,408000.0,3726,Silver,GrabMart|GrabExpress,2,Bekasi,0
USR004424,At_Risk,2024-11-01,61,5,275000.0,2588,Silver,GrabExpress,1,Bekasi,1
USR004744,At_Risk,2024-10-04,89,4,207000.0,2183,Silver,GrabCar|GrabFood|GrabExpress,3,Jakarta,0
USR002078,Loyal,2024-12-08,24,13,340000.0,3712,Silver,GrabFood|GrabExpress,2,Medan,0
USR005219,At_Risk,2024-11-10,52,2,235000.0,2127,Silver,GrabFood|GrabExpress|GrabMart,3,Bandung,1
USR000396,Champions,2024-12-30,2,18,1748000.0,14842,Platinum,GrabBike|GrabMart|GrabExpress,3,Medan,0
USR002788,Loyal,2024-12-19,13,9,585000.0,5125,Silver,GrabBike|GrabFood|GrabCar,3,Medan,0
USR008877,Hibernating,2024-04-05,271,0,78000.0,637,Member,GrabFood,1,Bandung,0
USR008638,Hibernating,2024-08-09,145,0,12000.0,139,Member,GrabCar|GrabMart|GrabBike,3,Jakarta,0
USR004072,At_Risk,2024-10-31,62,2,223000.0,2198,Silver,GrabExpress|GrabBike|GrabCar,3,Medan,1
USR005574,At_Risk,2024-10-21,72,5,346000.0,3446,Silver,GrabMart,1,Jakarta,1
USR008369,Hibernating,2024-05-25,221,0,27000.0,312,Member,GrabBike|GrabExpress|GrabFood,3,Bandung,1
USR009507,Hibernating,2024-05-04,242,0,76000.0,727,Member,GrabCar|GrabMart|GrabFood|GrabExpress,4,Jakarta,1
USR005355,At_Risk,2024-10-06,87,5,101000.0,909,Member,GrabBike|GrabFood|GrabCar|GrabExpress,4,Jakarta,0
USR007233,Promising,2024-12-15,17,7,219000.0,2561,Silver,GrabMart|GrabCar,2,Jakarta,1
USR009483,Hibernating,2024-04-08,268,0,37000.0,330,Member,GrabExpress|GrabFood,2,Jakarta,1
USR006820,Promising,2024-12-18,14,3,99000.0,1165,Member,GrabMart|GrabBike,2,Bandung,0
USR001519,Loyal,2024-12-16,16,14,313000.0,2646,Silver,GrabFood|GrabBike,2,Jakarta,0
USR008196,Hibernating,2024-04-11,265,0,58000.0,537,Member,GrabBike|GrabExpress|GrabFood,3,Medan,1
USR001378,Champions,2024-12-23,9,27,2410000.0,26526,Platinum,GrabCar|GrabFood,2,Medan,0
USR005672,At_Risk,2024-10-25,68,2,246000.0,2012,Silver,GrabMart|GrabExpress|GrabCar|GrabFood,4,Jakarta,0
USR001023,Champions,2024-12-24,8,25,1953000.0,17397,Platinum,GrabCar|GrabMart|GrabExpress|GrabFood,4,Jakarta,0
USR002587,Loyal,2024-12-12,20,10,459000.0,4111,Silver,GrabMart,1,Jakarta,0
USR007042,Promising,2024-12-18,14,6,238000.0,1912,Silver,GrabFood|GrabCar,2,Bekasi,0
USR005621,At_Risk,2024-10-27,66,3,161000.0,1562,Member,GrabCar,1,Jakarta,0
USR007637,Promising,2024-12-16,16,5,145000.0,1615,Member,GrabMart,1,Jakarta,1
USR005008,At_Risk,2024-11-16,46,2,346000.0,3308,Silver,GrabBike|GrabExpress,2,Bekasi,0
USR002857,Loyal,2024-12-25,7,14,347000.0,3760,Silver,GrabMart,1,Bandung,0
USR008254,Hibernating,2024-02-19,317,0,46000.0,375,Member,GrabFood|GrabMart,2,Jakarta,1
USR005771,At_Risk,2024-11-09,53,4,269000.0,2157,Silver,GrabBike|GrabMart|GrabCar|GrabExpress,4,Surabaya,0
USR005842,At_Risk,2024-11-05,57,3,273000.0,3110,Silver,GrabMart,1,Jakarta,0
USR008027,Hibernating,2024-05-01,245,0,66000.0,681,Member,GrabFood,1,Jakarta,1
USR005832,At_Risk,2024-10-11,82,2,133000.0,1109,Member,GrabMart|GrabFood,2,Jakarta,1
USR001629,Loyal,2024-12-25,7,13,352000.0,3588,Silver,GrabMart|GrabFood,2,Bandung,0
USR004888,At_Risk,2024-10-12,81,3,323000.0,3376,Silver,GrabFood|GrabMart|GrabBike,3,Medan,0
USR004526,At_Risk,2024-10-10,83,3,240000.0,2417,Silver,GrabCar|GrabFood|GrabMart|GrabBike,4,Bekasi,1
USR003523,Loyal,2024-12-21,11,10,513000.0,4398,Silver,GrabCar,1,Jakarta,1
USR005904,At_Risk,2024-11-15,47,5,194000.0,1899,Member,GrabBike|GrabCar,2,Bandung,0
USR007781,Promising,2024-12-25,7,3,92000.0,756,Member,GrabMart,1,Bandung,0
USR003607,Loyal,2024-12-22,10,10,562000.0,5032,Silver,GrabExpress|GrabCar,2,Medan,1
USR009418,Hibernating,2024-06-25,190,0,7000.0,76,Member,GrabExpress,1,Bekasi,1
USR005220,At_Risk,2024-10-17,76,2,303000.0,2527,Silver,GrabExpress|GrabCar|GrabMart,3,Medan,1
USR000234,Champions,2024-12-19,13,20,1416000.0,12710,Gold,GrabExpress|GrabFood|GrabCar|GrabMart,4,Jakarta,0
USR007755,Promising,2024-12-16,16,7,246000.0,2256,Silver,GrabCar|GrabBike|GrabFood|GrabMart,4,Bekasi,0
USR003796,Loyal,2024-12-12,20,10,529000.0,4624,Silver,GrabBike,1,Jakarta,0
USR004118,At_Risk,2024-10-20,73,3,118000.0,1155,Member,GrabFood,1,Jakarta,1
USR006318,Promising,2024-12-15,17,5,99000.0,1145,Member,GrabBike|GrabExpress,2,Surabaya,0
USR005001,At_Risk,2024-11-06,56,5,249000.0,2286,Silver,GrabMart|GrabBike,2,Surabaya,0
USR003800,Loyal,2024-12-04,28,9,799000.0,8843,Gold,GrabMart|GrabFood,2,Bekasi,0
USR007809,Promising,2024-12-16,16,6,158000.0,1806,Member,GrabExpress|GrabCar|GrabFood,3,Jakarta,0
USR003899,Loyal,2024-12-04,28,13,437000.0,4449,Silver,GrabMart,1,Jakarta,0
USR005024,At_Risk,2024-10-27,66,5,111000.0,1176,Member,GrabExpress|GrabBike,2,Jakarta,1
USR001948,Loyal,2024-12-11,21,9,505000.0,5343,Silver,GrabMart|GrabFood,2,Bekasi,0
USR006361,Promising,2024-12-13,19,3,120000.0,979,Member,GrabFood,1,Bandung,0
USR000470,Champions,2024-12-19,13,15,1967000.0,17355,Platinum,GrabExpress|GrabBike|GrabFood|GrabCar,4,Jakarta,0
USR009944,Hibernating,2024-08-27,127,0,21000.0,230,Member,GrabMart|GrabFood,2,Surabaya,1
USR003492,Loyal,2024-12-13,19,11,521000.0,5401,Silver,GrabMart|GrabBike,2,Medan,0
USR006091,Promising,2024-12-18,14,4,243000.0,2293,Silver,GrabExpress|GrabFood,2,Bekasi,0
USR002671,Loyal,2024-12-06,26,9,581000.0,5541,Silver,GrabMart|GrabExpress,2,Surabaya,0
USR009800,Hibernating,2024-09-28,95,0,18000.0,194,Member,GrabExpress,1,Surabaya,1
USR002224,Loyal,2024-12-21,11,8,763000.0,6646,Gold,GrabExpress|GrabBike,2,Jakarta,0
USR001106,Champions,2024-12-21,11,21,2172000.0,18032,Platinum,GrabMart|GrabCar|GrabExpress|GrabFood,4,Jakarta,0
USR002188,Loyal,2024-12-04,28,8,476000.0,5593,Silver,GrabFood|GrabMart|GrabExpress,3,Surabaya,0
USR000818,Champions,2024-12-31,1,17,1308000.0,13083,Gold,GrabMart|GrabExpress|GrabFood,3,Surabaya,0
USR005571,At_Risk,2024-11-03,59,5,228000.0,2017,Silver,GrabFood|GrabExpress|GrabBike|GrabMart,4,Surabaya,0
USR004523,At_Risk,2024-10-22,71,3,172000.0,1511,Member,GrabMart,1,Jakarta,1
USR005793,At_Risk,2024-10-12,81,4,104000.0,1177,Member,GrabFood,1,Medan,0
USR009381,Hibernating,2024-07-07,178,0,25000.0,260,Member,GrabCar,1,Jakarta,1
USR008780,Hibernating,2024-02-19,317,0,29000.0,238,Member,GrabCar|GrabMart,2,Surabaya,1
USR007459,Promising,2024-12-28,4,5,100000.0,938,Member,GrabBike,1,Medan,1
USR002624,Loyal,2024-12-08,24,12,394000.0,3265,Silver,GrabBike|GrabExpress,2,Bekasi,0
USR007094,Promising,2024-12-29,3,5,149000.0,1420,Member,GrabMart,1,Bekasi,0
USR009392,Hibernating,2024-05-12,234,0,78000.0,788,Member,GrabBike,1,Bekasi,1
USR009916,Hibernating,2024-07-08,177,0,34000.0,321,Member,GrabExpress|GrabFood|GrabCar|GrabMart,4,Bekasi,1
USR009119,Hibernating,2024-08-26,128,0,27000.0,314,Member,GrabExpress|GrabCar,2,Jakarta,1
USR000888,Champions,2024-12-30,2,23,1127000.0,13431,Gold,GrabMart|GrabBike|GrabCar,3,Jakarta,0
USR002437,Loyal,2024-12-17,15,11,792000.0,8500,Gold,GrabFood,1,Surabaya,0
USR006056,Promising,2024-12-27,5,5,211000.0,1788,Silver,GrabMart|GrabBike,2,Surabaya,0
USR007064,Promising,2024-12-29,3,7,100000.0,1106,Member,GrabBike|GrabMart,2,Jakarta,0
USR000817,Champions,2024-12-27,5,24,2097000.0,17548,Platinum,GrabCar|GrabMart|GrabBike|GrabExpress,4,Bandung,0
USR008934,Hibernating,2024-02-25,311,0,12000.0,101,Member,GrabFood,1,Surabaya,1
USR003414,Loyal,2024-12-10,22,12,375000.0,3716,Silver,GrabMart,1,Jakarta,0
USR006352,Promising,2024-12-23,9,5,178000.0,1438,Member,GrabFood,1,Surabaya,0
USR002341,Loyal,2024-12-07,25,11,751000.0,8460,Gold,GrabMart,1,Surabaya,0
USR009029,Hibernating,2024-09-01,122,0,39000.0,466,Member,GrabMart|GrabCar,2,Surabaya,1
USR003167,Loyal,2024-12-21,11,9,773000.0,7872,Gold,GrabFood|GrabMart|GrabBike,3,Bekasi,0
USR001809,Loyal,2024-12-05,27,9,662000.0,5705,Gold,GrabExpress|GrabCar|GrabFood,3,Medan,0
USR008035,Hibernating,2024-09-14,109,0,54000.0,482,Member,GrabBike|GrabMart|GrabFood|GrabExpress,4,Jakarta,1
USR001264,Champions,2024-12-28,4,27,925000.0,7534,Gold,GrabExpress|GrabBike,2,Jakarta,0
USR005086,At_Risk,2024-11-06,56,2,325000.0,3730,Silver,GrabFood,1,Bandung,1
USR009675,Hibernating,2024-09-14,109,0,59000.0,656,Member,GrabBike,1,Jakarta,1
USR005835,At_Risk,2024-11-04,58,3,222000.0,2020,Silver,GrabMart,1,Jakarta,0
USR005194,At_Risk,2024-11-15,47,2,200000.0,2177,Member,GrabFood|GrabExpress|GrabBike,3,Jakarta,0
USR004449,At_Risk,2024-11-03,59,5,167000.0,1610,Member,GrabFood,1,Jakarta,1
USR004945,At_Risk,2024-10-16,77,5,160000.0,1325,Member,GrabFood|GrabExpress|GrabCar,3,Jakarta,0
USR004045,At_Risk,2024-11-07,55,2,139000.0,1548,Member,GrabExpress,1,Surabaya,0
USR006503,Promising,2024-12-18,14,3,225000.0,2591,Silver,GrabFood|GrabExpress|GrabCar,3,Jakarta,0
USR003702,Loyal,2024-12-21,11,8,657000.0,6419,Gold,GrabMart|GrabBike|GrabFood,3,Medan,0
USR001035,Champions,2024-12-24,8,17,1397000.0,12760,Gold,GrabFood,1,Surabaya,0
USR009256,Hibernating,2024-06-19,196,0,66000.0,598,Member,GrabMart|GrabBike,2,Surabaya,0
USR005590,At_Risk,2024-10-27,66,2,328000.0,3263,Silver,GrabBike,1,Bandung,1
USR001228,Champions,2024-12-31,1,29,1604000.0,13542,Platinum,GrabCar|GrabFood|GrabBike,3,Bandung,0
USR009999,Hibernating,2024-08-26,128,0,43000.0,417,Member,GrabExpress|GrabCar,2,Jakarta,1
USR006811,Promising,2024-12-20,12,6,249000.0,2667,Silver,GrabBike|GrabMart|GrabFood,3,Bandung,0
USR005141,At_Risk,2024-10-11,82,2,135000.0,1159,Member,GrabExpress,1,Jakarta,0
USR000052,Champions,2024-12-22,10,16,1902000.0,19659,Platinum,GrabFood|GrabCar|GrabBike,3,Bekasi,0
USR009067,Hibernating,2024-02-17,319,0,21000.0,222,Member,GrabCar|GrabMart,2,Jakarta,1
USR008395,Hibernating,2024-09-06,117,0,10000.0,94,Member,GrabMart|GrabBike,2,Surabaya,1
USR000159,Champions,2024-12-31,1,23,972000.0,10102,Gold,GrabCar|GrabMart|GrabExpress,3,Jakarta,0
USR007552,Promising,2024-12-16,16,5,107000.0,1007,Member,GrabExpress,1,Jakarta,0
USR001587,Loyal,2024-12-21,11,11,729000.0,7196,Gold,GrabCar,1,Jakarta,0
USR001589,Loyal,2024-12-24,8,11,358000.0,4256,Silver,GrabExpress|GrabCar,2,Surabaya,0
USR009841,Hibernating,2024-10-02,91,0,37000.0,389,Member,GrabCar|GrabMart|GrabExpress|GrabFood,4,Surabaya,1
USR009328,Hibernating,2024-08-29,125,0,63000.0,564,Member,GrabFood,1,Jakarta,1
USR006930,Promising,2024-12-19,13,4,238000.0,1957,Silver,GrabExpress|GrabBike,2,Bekasi,0
USR006596,Promising,2024-12-22,10,3,208000.0,2454,Silver,GrabBike,1,Surabaya,1
USR006174,Promising,2024-12-13,19,5,136000.0,1099,Member,GrabFood|GrabBike,2,Jakarta,1
USR008098,Hibernating,2024-01-20,347,0,76000.0,673,Member,GrabBike|GrabFood|GrabExpress,3,Jakarta,1
USR003858,Loyal,2024-12-11,21,11,721000.0,5883,Gold,GrabFood,1,Bekasi,0
USR009814,Hibernating,2024-01-28,339,0,66000.0,703,Member,GrabExpress|GrabCar,2,Surabaya,1
USR006691,Promising,2024-12-18,14,7,175000.0,1825,Member,GrabBike|GrabExpress,2,Surabaya,0
USR002828,Loyal,2024-12-06,26,14,651000.0,5768,Gold,GrabMart|GrabExpress,2,Jakarta,0
USR000436,Champions,2024-12-25,7,28,1119000.0,8962,Gold,GrabExpress,1,Bekasi,0
USR008274,Hibernating,2024-02-04,332,0,62000.0,635,Member,GrabCar|GrabExpress,2,Jakarta,1
USR008168,Hibernating,2024-03-19,288,0,58000.0,685,Member,GrabCar,1,Surabaya,1
USR003878,Loyal,2024-12-05,27,12,406000.0,4809,Silver,GrabBike,1,Bekasi,0
USR001588,Loyal,2024-12-06,26,11,351000.0,3153,Silver,GrabCar|GrabBike,2,Bekasi,0
USR002780,Loyal,2024-12-13,19,12,348000.0,3720,Silver,GrabBike|GrabExpress|GrabFood,3,Surabaya,0
USR008981,Hibernating,2024-08-23,131,0,73000.0,809,Member,GrabBike|GrabExpress|GrabCar,3,Jakarta,1
USR008561,Hibernating,2024-02-05,331,0,3000.0,26,Member,GrabBike,1,Surabaya,1
USR005686,At_Risk,2024-10-07,86,4,110000.0,1000,Member,GrabFood|GrabBike,2,Jakarta,0
USR003965,Loyal,2024-12-08,24,8,627000.0,7100,Gold,GrabCar,1,Jakarta,0
USR004727,At_Risk,2024-10-05,88,3,257000.0,2854,Silver,GrabMart|GrabBike,2,Bekasi,1
USR000973,Champions,2024-12-30,2,21,2148000.0,20649,Platinum,GrabMart|GrabBike,2,Jakarta,0
USR001238,Champions,2024-12-26,6,26,988000.0,9661,Gold,GrabCar|GrabFood,2,Medan,0
USR002951,Loyal,2024-12-15,17,8,393000.0,3760,Silver,GrabFood,1,Jakarta,0
USR002342,Loyal,2024-12-18,14,8,593000.0,5417,Silver,GrabMart|GrabFood|GrabCar,3,Medan,0
USR006520,Promising,2024-12-23,9,6,83000.0,972,Member,GrabBike|GrabFood|GrabMart,3,Jakarta,1
USR007310,Promising,2024-12-29,3,6,81000.0,852,Member,GrabCar|GrabMart,2,Jakarta,1
USR006046,Promising,2024-12-16,16,4,221000.0,2538,Silver,GrabCar|GrabExpress|GrabBike|GrabMart,4,Jakarta,1
USR002158,Loyal,2024-12-06,26,10,570000.0,4612,Silver,GrabCar|GrabExpress,2,Jakarta,0
USR009288,Hibernating,2024-06-13,202,0,7000.0,65,Member,GrabBike,1,Medan,1
USR006589,Promising,2024-12-29,3,4,207000.0,1942,Silver,GrabCar|GrabMart,2,Jakarta,1
USR001497,Champions,2024-12-31,1,22,2464000.0,24607,Platinum,GrabCar|GrabFood,2,Bekasi,0
USR004545,At_Risk,2024-11-13,49,5,234000.0,2107,Silver,GrabExpress|GrabCar|GrabBike|GrabMart,4,Bekasi,0
USR006465,Promising,2024-12-15,17,6,82000.0,816,Member,GrabFood|GrabExpress,2,Jakarta,0
USR004257,At_Risk,2024-10-29,64,4,104000.0,1091,Member,GrabCar|GrabExpress|GrabBike,3,Surabaya,1
USR002422,Loyal,2024-12-19,13,14,700000.0,6562,Gold,GrabCar,1,Bandung,0
USR008564,Hibernating,2024-02-28,308,0,51000.0,543,Member,GrabBike|GrabFood|GrabExpress,3,Jakarta,1
USR005185,At_Risk,2024-10-16,77,5,167000.0,1352,Member,GrabBike|GrabFood|GrabCar|GrabExpress,4,Jakarta,0
USR005647,At_Risk,2024-11-10,52,4,271000.0,2474,Silver,GrabMart|GrabBike,2,Bandung,0
USR000357,Champions,2024-12-19,13,16,2385000.0,20757,Platinum,GrabExpress|GrabFood,2,Bandung,0
USR005242,At_Risk,2024-10-11,82,3,124000.0,1175,Member,GrabExpress|GrabCar|GrabMart,3,Jakarta,1
USR008011,Hibernating,2024-04-20,256,0,5000.0,58,Member,GrabFood,1,Surabaya,1
USR009240,Hibernating,2024-04-27,249,0,71000.0,593,Member,GrabExpress|GrabBike|GrabMart|GrabCar,4,Medan,0
USR002092,Loyal,2024-12-17,15,12,516000.0,5574,Silver,GrabBike,1,Medan,0
USR005409,At_Risk,2024-11-02,60,5,205000.0,2125,Silver,GrabFood,1,Surabaya,0
USR002015,Loyal,2024-12-13,19,9,354000.0,3265,Silver,GrabCar|GrabExpress,2,Jakarta,0
USR009059,Hibernating,2024-02-22,314,0,54000.0,593,Member,GrabMart|GrabCar|GrabFood|GrabExpress,4,Bekasi,0
USR004044,At_Risk,2024-10-10,83,5,342000.0,4064,Silver,GrabFood|GrabBike,2,Bekasi,0
USR000187,Champions,2024-12-22,10,17,1796000.0,16554,Platinum,GrabExpress,1,Bandung,0
USR006858,Promising,2024-12-17,15,4,154000.0,1358,Member,GrabCar,1,Medan,0
USR003655,Loyal,2024-12-25,7,8,321000.0,3422,Silver,GrabBike|GrabFood|GrabMart,3,Jakarta,0
USR003426,Loyal,2024-12-18,14,14,427000.0,4130,Silver,GrabBike|GrabFood,2,Medan,0
USR007194,Promising,2024-12-23,9,6,125000.0,1308,Member,GrabExpress,1,Bandung,1
USR001381,Champions,2024-12-31,1,22,2396000.0,23948,Platinum,GrabExpress|GrabBike|GrabMart,3,Jakarta,0
USR007468,Promising,2024-12-16,16,7,221000.0,1786,Silver,GrabMart|GrabBike|GrabCar|GrabFood,4,Bekasi,1
USR000413,Champions,2024-12-29,3,19,2325000.0,24231,Platinum,GrabFood|GrabCar|GrabMart,3,Jakarta,0
USR005037,At_Risk,2024-11-09,53,5,240000.0,2100,Silver,GrabMart|GrabExpress|GrabCar|GrabBike,4,Jakarta,0
USR004897,At_Risk,2024-10-12,81,4,330000.0,3103,Silver,GrabExpress|GrabBike|GrabCar,3,Jakarta,1
USR003336,Loyal,2024-12-14,18,8,553000.0,4527,Silver,GrabBike,1,Surabaya,0
USR003606,Loyal,2024-12-14,18,9,426000.0,4509,Silver,GrabBike|GrabExpress|GrabMart,3,Surabaya,0
USR003175,Loyal,2024-12-05,27,11,572000.0,6366,Silver,GrabBike,1,Jakarta,0
USR002241,Loyal,2024-12-08,24,13,745000.0,7960,Gold,GrabFood|GrabCar,2,Jakarta,0
USR009708,Hibernating,2024-08-08,146,0,45000.0,381,Member,GrabExpress,1,Jakarta,1
USR007796,Promising,2024-12-13,19,3,219000.0,1803,Silver,GrabBike,1,Surabaya,1
USR000256,Champions,2024-12-23,9,27,1988000.0,20643,Platinum,GrabBike|GrabFood|GrabExpress,3,Medan,0
USR008620,Hibernating,2024-02-27,309,0,77000.0,666,Member,GrabFood,1,Jakarta,0
USR000200,Champions,2024-12-19,13,20,2010000.0,17276,Platinum,GrabExpress|GrabFood|GrabMart,3,Medan,1
USR002235,Loyal,2024-12-07,25,11,403000.0,3667,Silver,GrabExpress,1,Bandung,0
USR004743,At_Risk,2024-11-15,47,2,260000.0,2682,Silver,GrabMart|GrabCar,2,Medan,1
USR001767,Loyal,2024-12-03,29,10,579000.0,4727,Silver,GrabMart|GrabCar,2,Bandung,0
USR004236,At_Risk,2024-11-08,54,5,219000.0,1801,Silver,GrabFood|GrabExpress,2,Surabaya,0
USR006729,Promising,2024-12-12,20,6,221000.0,2542,Silver,GrabCar,1,Jakarta,0
USR008450,Hibernating,2024-04-22,254,0,36000.0,426,Member,GrabMart|GrabExpress|GrabCar,3,Jakarta,1
USR007277,Promising,2024-12-29,3,3,210000.0,2487,Silver,GrabBike|GrabExpress|GrabMart,3,Bekasi,0
USR001572,Loyal,2024-12-17,15,9,676000.0,5700,Gold,GrabCar|GrabMart|GrabBike,3,Surabaya,0
USR000024,Champions,2024-12-24,8,22,1055000.0,8700,Gold,GrabCar|GrabExpress,2,Jakarta,0
USR003363,Loyal,2024-12-07,25,9,631000.0,5545,Gold,GrabFood,1,Surabaya,0
USR001088,Champions,2024-12-31,1,20,1817000.0,15154,Platinum,GrabBike,1,Jakarta,0
USR004674,At_Risk,2024-10-31,62,4,132000.0,1488,Member,GrabMart|GrabBike,2,Jakarta,0
USR002694,Loyal,2024-12-14,18,12,554000.0,5198,Silver,GrabFood|GrabExpress|GrabBike,3,Jakarta,0
USR007582,Promising,2024-12-24,8,3,155000.0,1526,Member,GrabExpress|GrabMart,2,Jakarta,0
USR003398,Loyal,2024-12-18,14,10,640000.0,6460,Gold,GrabExpress|GrabFood,2,Jakarta,0
USR003559,Loyal,2024-12-10,22,13,305000.0,2526,Silver,GrabExpress|GrabCar,2,Jakarta,0
USR009156,Hibernating,2024-02-04,332,0,49000.0,563,Member,GrabMart,1,Bandung,0
USR002841,Loyal,2024-12-14,18,8,583000.0,4774,Silver,GrabFood|GrabCar,2,Bekasi,0
USR002311,Loyal,2024-12-06,26,13,379000.0,4170,Silver,GrabExpress|GrabMart,2,Bekasi,0
USR008333,Hibernating,2024-06-02,213,0,57000.0,503,Member,GrabExpress|GrabFood,2,Bekasi,0
USR003234,Loyal,2024-12-25,7,13,538000.0,5163,Silver,GrabFood|GrabMart,2,Surabaya,0
USR004152,At_Risk,2024-10-11,82,5,127000.0,1047,Member,GrabMart|GrabExpress|GrabFood|GrabBike,4,Jakarta,1
USR001309,Champions,2024-12-26,6,23,2424000.0,28685,Platinum,GrabMart|GrabFood|GrabBike,3,Surabaya,0
USR000695,Champions,2024-12-22,10,29,1463000.0,15579,Gold,GrabExpress|GrabFood|GrabCar|GrabMart,4,Jakarta,0
USR009859,Hibernating,2024-08-16,138,0,16000.0,150,Member,GrabExpress,1,Bekasi,0
USR003752,Loyal,2024-12-25,7,12,364000.0,4301,Silver,GrabMart,1,Surabaya,0
USR006337,Promising,2024-12-24,8,7,134000.0,1369,Member,GrabExpress|GrabBike,2,Surabaya,0
USR001227,Champions,2024-12-25,7,23,1043000.0,10123,Gold,GrabFood|GrabExpress,2,Jakarta,0
USR001999,Loyal,2024-12-03,29,9,370000.0,3149,Silver,GrabBike|GrabMart|GrabCar,3,Jakarta,0
USR000276,Champions,2024-12-24,8,28,949000.0,8935,Gold,GrabCar|GrabMart,2,Jakarta,0
USR008176,Hibernating,2024-05-05,241,0,19000.0,215,Member,GrabFood|GrabExpress,2,Bekasi,1
USR007664,Promising,2024-12-14,18,6,185000.0,1686,Member,GrabMart|GrabBike,2,Jakarta,1
USR005929,At_Risk,2024-11-09,53,4,321000.0,3124,Silver,GrabMart|GrabFood,2,Bekasi,1
USR002953,Loyal,2024-12-07,25,13,710000.0,8436,Gold,GrabExpress,1,Jakarta,1
USR003637,Loyal,2024-12-23,9,10,521000.0,5995,Silver,GrabFood|GrabBike|GrabMart,3,Jakarta,0
USR003906,Loyal,2024-12-16,16,11,479000.0,4735,Silver,GrabBike|GrabCar|GrabMart,3,Jakarta,0
USR004778,At_Risk,2024-10-22,71,2,286000.0,3035,Silver,GrabBike|GrabMart,2,Bandung,1
USR005845,At_Risk,2024-10-25,68,2,158000.0,1743,Member,GrabBike,1,Bekasi,1
USR009698,Hibernating,2024-06-16,199,0,31000.0,328,Member,GrabMart|GrabCar,2,Bandung,1
USR004117,At_Risk,2024-11-02,60,2,165000.0,1592,Member,GrabMart|GrabExpress|GrabCar,3,Jakarta,0
USR007030,Promising,2024-12-17,15,3,203000.0,1711,Silver,GrabBike,1,Bekasi,0
USR001137,Champions,2024-12-19,13,18,2170000.0,21513,Platinum,GrabBike|GrabCar,2,Jakarta,0
USR002767,Loyal,2024-12-14,18,9,589000.0,5554,Silver,GrabExpress|GrabFood,2,Jakarta,0
USR002334,Loyal,2024-12-18,14,11,626000.0,5090,Gold,GrabMart|GrabCar,2,Jakarta,0
USR007706,Promising,2024-12-23,9,5,176000.0,1709,Member,GrabBike,1,Bandung,1
USR000942,Champions,2024-12-28,4,23,2046000.0,17258,Platinum,GrabExpress|GrabMart|GrabBike|GrabCar,4,Jakarta,0
USR007662,Promising,2024-12-23,9,7,219000.0,1802,Silver,GrabMart,1,Bandung,0
USR002490,Loyal,2024-12-18,14,8,431000.0,4127,Silver,GrabMart|GrabFood,2,Jakarta,0
USR009679,Hibernating,2024-06-04,211,0,43000.0,465,Member,GrabExpress|GrabMart|GrabCar|GrabBike,4,Jakarta,1
USR006290,Promising,2024-12-20,12,6,135000.0,1434,Member,GrabCar,1,Bekasi,1
USR004935,At_Risk,2024-11-13,49,5,332000.0,2741,Silver,GrabExpress,1,Medan,1
USR003935,Loyal,2024-12-09,23,11,630000.0,6531,Gold,GrabBike|GrabFood|GrabCar|GrabExpress,4,Surabaya,0
USR006956,Promising,2024-12-13,19,5,207000.0,2310,Silver,GrabExpress,1,Bekasi,0
USR002384,Loyal,2024-12-21,11,13,691000.0,6622,Gold,GrabMart,1,Jakarta,0
USR000115,Champions,2024-12-23,9,29,1105000.0,13079,Gold,GrabExpress|GrabCar|GrabMart|GrabFood,4,Surabaya,0
USR001863,Loyal,2024-12-19,13,9,418000.0,4412,Silver,GrabCar,1,Surabaya,0
USR009976,Hibernating,2024-02-08,328,0,39000.0,333,Member,GrabBike,1,Bekasi,1
USR003119,Loyal,2024-12-16,16,12,399000.0,4480,Silver,GrabFood,1,Jakarta,0
USR004258,At_Risk,2024-10-19,74,4,275000.0,2406,Silver,GrabMart|GrabCar,2,Bandung,0
USR006705,Promising,2024-12-22,10,6,186000.0,1524,Member,GrabBike|GrabFood|GrabMart|GrabCar,4,Bandung,1
USR000902,Champions,2024-12-25,7,20,1091000.0,12668,Gold,GrabExpress|GrabBike|GrabCar|GrabFood,4,Bekasi,0
USR002819,Loyal,2024-12-20,12,8,309000.0,3466,Silver,GrabCar|GrabExpress|GrabBike,3,Medan,0
USR003822,Loyal,2024-12-11,21,11,380000.0,3437,Silver,GrabCar|GrabFood|GrabMart,3,Jakarta,0
USR008161,Hibernating,2024-01-06,361,0,55000.0,575,Member,GrabExpress,1,Bekasi,1
USR006890,Promising,2024-12-24,8,4,149000.0,1464,Member,GrabBike|GrabFood,2,Jakarta,0
USR009090,Hibernating,2024-07-15,170,0,18000.0,164,Member,GrabCar|GrabExpress|GrabBike,3,Medan,0
USR004699,At_Risk,2024-10-10,83,3,283000.0,2872,Silver,GrabCar|GrabBike,2,Bekasi,0
USR008918,Hibernating,2024-07-20,165,0,28000.0,312,Member,GrabCar|GrabFood|GrabExpress,3,Surabaya,1
USR003802,Loyal,2024-12-16,16,9,783000.0,9258,Gold,GrabCar|GrabBike,2,Bekasi,0
USR006068,Promising,2024-12-26,6,6,91000.0,775,Member,GrabBike|GrabExpress|GrabFood|GrabCar,4,Jakarta,0
USR005810,At_Risk,2024-11-11,51,5,118000.0,1391,Member,GrabFood|GrabMart|GrabExpress|GrabCar,4,Surabaya,1
USR003536,Loyal,2024-12-17,15,13,789000.0,6918,Gold,GrabBike|GrabFood|GrabCar,3,Jakarta,1
USR003825,Loyal,2024-12-16,16,8,455000.0,4492,Silver,GrabCar,1,Bandung,0
USR008642,Hibernating,2024-06-14,201,0,46000.0,412,Member,GrabFood,1,Jakarta,1
USR008608,Hibernating,2024-08-22,132,0,59000.0,472,Member,GrabCar,1,Jakarta,1
USR004810,At_Risk,2024-10-11,82,2,212000.0,2201,Silver,GrabMart|GrabFood|GrabCar,3,Jakarta,0
USR001946,Loyal,2024-12-24,8,10,556000.0,5982,Silver,GrabBike|GrabMart,2,Jakarta,0
USR008600,Hibernating,2024-04-21,255,0,42000.0,437,Member,GrabExpress,1,Jakarta,1
USR007136,Promising,2024-12-20,12,7,171000.0,1858,Member,GrabMart|GrabBike|GrabExpress,3,Bandung,0
USR005335,At_Risk,2024-10-29,64,5,329000.0,3898,Silver,GrabBike|GrabCar,2,Jakarta,0
USR003488,Loyal,2024-12-25,7,8,374000.0,3982,Silver,GrabExpress|GrabFood|GrabCar,3,Jakarta,0
USR001610,Loyal,2024-12-05,27,12,561000.0,6328,Silver,GrabFood|GrabBike|GrabMart|GrabCar,4,Surabaya,1
USR007461,Promising,2024-12-12,20,4,221000.0,2606,Silver,GrabFood|GrabExpress,2,Medan,0
USR008473,Hibernating,2024-08-06,148,0,56000.0,460,Member,GrabFood|GrabExpress,2,Jakarta,1
USR004677,At_Risk,2024-10-29,64,5,296000.0,3175,Silver,GrabBike,1,Jakarta,0
USR004959,At_Risk,2024-10-21,72,5,244000.0,2632,Silver,GrabBike,1,Medan,0
USR005867,At_Risk,2024-10-04,89,5,276000.0,2735,Silver,GrabFood|GrabExpress,2,Bekasi,0
USR008763,Hibernating,2024-03-17,290,0,56000.0,636,Member,GrabBike|GrabFood|GrabCar|GrabExpress,4,Jakarta,1
USR004761,At_Risk,2024-11-08,54,3,327000.0,3138,Silver,GrabExpress|GrabBike|GrabMart,3,Surabaya,1
USR002194,Loyal,2024-12-10,22,10,400000.0,4088,Silver,GrabBike|GrabMart|GrabFood|GrabCar,4,Jakarta,0
USR008003,Hibernating,2024-05-15,231,0,31000.0,341,Member,GrabExpress,1,Jakarta,1
USR005701,At_Risk,2024-10-08,85,5,230000.0,2324,Silver,GrabBike,1,Jakarta,0
USR005113,At_Risk,2024-11-06,56,4,162000.0,1878,Member,GrabBike|GrabExpress|GrabCar,3,Bekasi,0
USR000557,Champions,2024-12-24,8,21,1375000.0,15830,Gold,GrabCar|GrabMart,2,Bandung,0
USR008065,Hibernating,2024-01-10,357,0,23000.0,188,Member,GrabCar,1,Jakarta,1
USR005139,At_Risk,2024-10-12,81,3,224000.0,2305,Silver,GrabCar|GrabMart,2,Jakarta,0
USR001207,Champions,2024-12-23,9,28,1977000.0,16048,Platinum,GrabBike|GrabCar,2,Jakarta,0
USR007033,Promising,2024-12-20,12,4,227000.0,2560,Silver,GrabBike,1,Surabaya,0
USR007309,Promising,2024-12-27,5,7,205000.0,2357,Silver,GrabExpress,1,Jakarta,0
USR001510,Loyal,2024-12-17,15,12,340000.0,3071,Silver,GrabFood,1,Jakarta,0
USR006769,Promising,2024-12-15,17,6,88000.0,1015,Member,GrabCar|GrabFood|GrabExpress,3,Jakarta,1
USR003829,Loyal,2024-12-20,12,11,688000.0,5740,Gold,GrabFood,1,Surabaya,0
USR003732,Loyal,2024-12-18,14,14,777000.0,8780,Gold,GrabFood|GrabMart|GrabBike,3,Bekasi,0
USR007957,Promising,2024-12-17,15,7,210000.0,2319,Silver,GrabCar,1,Jakarta,1
USR003211,Loyal,2024-12-08,24,14,684000.0,7896,Gold,GrabMart|GrabFood,2,Jakarta,0
USR003630,Loyal,2024-12-14,18,8,475000.0,4979,Silver,GrabCar|GrabBike|GrabExpress,3,Medan,0
USR001708,Loyal,2024-12-05,27,13,741000.0,7577,Gold,GrabFood,1,Surabaya,0
USR001845,Loyal,2024-12-15,17,8,344000.0,3987,Silver,GrabBike,1,Surabaya,0
USR000266,Champions,2024-12-19,13,25,2191000.0,20093,Platinum,GrabExpress,1,Bekasi,0
USR005985,At_Risk,2024-10-28,65,5,163000.0,1725,Member,GrabCar,1,Bandung,0
USR001140,Champions,2024-12-25,7,16,1819000.0,21808,Platinum,GrabCar|GrabMart|GrabBike|GrabFood,4,Bandung,0
USR003162,Loyal,2024-12-04,28,12,440000.0,4576,Silver,GrabBike,1,Jakarta,0
USR006207,Promising,2024-12-26,6,7,135000.0,1154,Member,GrabBike|GrabMart|GrabFood,3,Jakarta,1
USR002046,Loyal,2024-12-15,17,9,354000.0,2993,Silver,GrabMart|GrabCar,2,Bandung,0
USR003730,Loyal,2024-12-23,9,8,710000.0,7323,Gold,GrabMart,1,Surabaya,1
USR001909,Loyal,2024-12-17,15,10,381000.0,3602,Silver,GrabBike,1,Jakarta,0
USR007307,Promising,2024-12-25,7,7,148000.0,1340,Member,GrabCar,1,Medan,1
USR002660,Loyal,2024-12-06,26,9,467000.0,4019,Silver,GrabMart|GrabBike|GrabCar,3,Bandung,1
USR000656,Champions,2024-12-31,1,15,2053000.0,16908,Platinum,GrabMart|GrabCar|GrabExpress,3,Bekasi,0
USR006660,Promising,2024-12-28,4,4,218000.0,2089,Silver,GrabCar|GrabMart,2,Jakarta,1
USR001307,Champions,2024-12-25,7,25,848000.0,7360,Gold,GrabBike|GrabExpress|GrabMart,3,Surabaya,0
USR009429,Hibernating,2024-05-22,224,0,20000.0,160,Member,GrabMart,1,Bekasi,1
USR000998,Champions,2024-12-25,7,16,2408000.0,26427,Platinum,GrabCar|GrabMart,2,Jakarta,0
USR007432,Promising,2024-12-29,3,5,241000.0,2301,Silver,GrabFood,1,Jakarta,0
USR002834,Loyal,2024-12-09,23,9,769000.0,8386,Gold,GrabCar|GrabBike,2,Medan,0
USR009178,Hibernating,2024-07-15,170,0,75000.0,897,Member,GrabExpress|GrabCar|GrabMart,3,Jakarta,1
USR005880,At_Risk,2024-10-17,76,4,112000.0,1105,Member,GrabBike|GrabMart|GrabExpress,3,Surabaya,0
USR001237,Champions,2024-12-28,4,16,1916000.0,18239,Platinum,GrabCar,1,Bandung,0
USR002151,Loyal,2024-12-19,13,12,491000.0,4429,Silver,GrabFood,1,Bekasi,0
USR007919,Promising,2024-12-14,18,7,187000.0,1734,Member,GrabFood|GrabMart,2,Jakarta,0
USR009695,Hibernating,2024-03-31,276,0,36000.0,360,Member,GrabFood|GrabMart|GrabBike|GrabExpress,4,Jakarta,1
USR007189,Promising,2024-12-14,18,3,96000.0,1120,Member,GrabBike|GrabExpress|GrabCar|GrabFood,4,Jakarta,1
USR008303,Hibernating,2024-02-08,328,0,70000.0,594,Member,GrabBike,1,Medan,1
USR006578,Promising,2024-12-16,16,7,111000.0,1248,Member,GrabMart|GrabExpress|GrabBike,3,Jakarta,1
USR005091,At_Risk,2024-10-17,76,4,322000.0,2597,Silver,GrabExpress|GrabFood|GrabMart|GrabBike,4,Bandung,1
USR002186,Loyal,2024-12-03,29,11,646000.0,7535,Gold,GrabFood|GrabExpress|GrabMart|GrabCar,4,Bekasi,0
USR001134,Champions,2024-12-21,11,28,2330000.0,24714,Platinum,GrabExpress|GrabFood|GrabMart|GrabCar,4,Jakarta,0
USR005004,At_Risk,2024-10-25,68,3,343000.0,3248,Silver,GrabExpress|GrabFood|GrabBike|GrabCar,4,Jakarta,0
USR007974,Promising,2024-12-24,8,7,170000.0,2026,Member,GrabMart|GrabFood,2,Bandung,0
USR001303,Champions,2024-12-24,8,16,1566000.0,14002,Platinum,GrabFood|GrabExpress,2,Bandung,0
USR008468,Hibernating,2024-07-28,157,0,30000.0,304,Member,GrabFood,1,Jakarta,1
USR001627,Loyal,2024-12-08,24,14,784000.0,8191,Gold,GrabBike|GrabExpress,2,Bekasi,0
USR009281,Hibernating,2024-02-15,321,0,58000.0,561,Member,GrabCar,1,Bekasi,1
USR001522,Loyal,2024-12-16,16,12,472000.0,4726,Silver,GrabBike|GrabMart,2,Jakarta,0
USR009810,Hibernating,2024-08-13,141,0,15000.0,150,Member,GrabExpress|GrabFood|GrabMart|GrabCar,4,Surabaya,1
USR000358,Champions,2024-12-31,1,19,1142000.0,10585,Gold,GrabFood|GrabMart|GrabCar|GrabBike,4,Surabaya,0
USR000138,Champions,2024-12-19,13,25,2046000.0,17776,Platinum,GrabCar|GrabBike|GrabExpress,3,Surabaya,0
USR000299,Champions,2024-12-20,12,26,1115000.0,11176,Gold,GrabCar|GrabExpress,2,Bekasi,0
USR001556,Loyal,2024-12-05,27,10,501000.0,4446,Silver,GrabCar,1,Bekasi,0
USR005099,At_Risk,2024-10-30,63,3,106000.0,1201,Member,GrabExpress,1,Surabaya,1
USR000382,Champions,2024-12-22,10,15,1425000.0,16962,Gold,GrabMart|GrabExpress|GrabBike|GrabCar,4,Jakarta,0
USR008312,Hibernating,2024-04-25,251,0,9000.0,76,Member,GrabCar|GrabMart|GrabFood,3,Bekasi,1
USR006948,Promising,2024-12-13,19,7,243000.0,2737,Silver,GrabExpress,1,Medan,0
USR004857,At_Risk,2024-10-15,78,3,286000.0,2836,Silver,GrabFood|GrabCar,2,Bandung,1
USR003180,Loyal,2024-12-13,19,11,456000.0,3876,Silver,GrabCar|GrabFood|GrabExpress,3,Jakarta,0
USR001439,Champions,2024-12-22,10,15,1234000.0,11713,Gold,GrabCar,1,Surabaya,0
USR007269,Promising,2024-12-12,20,7,114000.0,1325,Member,GrabExpress,1,Jakarta,0
USR005673,At_Risk,2024-10-29,64,4,292000.0,2399,Silver,GrabCar|GrabMart|GrabFood,3,Surabaya,0
USR000946,Champions,2024-12-20,12,22,1863000.0,16119,Platinum,GrabFood|GrabBike|GrabExpress|GrabCar,4,Medan,0
USR002390,Loyal,2024-12-16,16,12,371000.0,3279,Silver,GrabCar|GrabExpress|GrabFood|GrabBike,4,Jakarta,1
USR005498,At_Risk,2024-11-11,51,4,333000.0,2691,Silver,GrabBike,1,Jakarta,1
USR007073,Promising,2024-12-12,20,3,154000.0,1335,Member,GrabMart,1,Jakarta,0
USR009230,Hibernating,2024-05-18,228,0,48000.0,419,Member,GrabCar,1,Surabaya,1
USR002721,Loyal,2024-12-09,23,13,696000.0,6813,Gold,GrabBike,1,Jakarta,0
USR001932,Loyal,2024-12-11,21,14,529000.0,4515,Silver,GrabBike,1,Bekasi,0
USR007423,Promising,2024-12-15,17,4,81000.0,773,Member,GrabExpress,1,Surabaya,0
USR003236,Loyal,2024-12-03,29,10,550000.0,5723,Silver,GrabCar|GrabMart,2,Surabaya,0
USR003140,Loyal,2024-12-21,11,9,540000.0,6252,Silver,GrabFood,1,Surabaya,0
USR004163,At_Risk,2024-10-27,66,4,105000.0,963,Member,GrabBike|GrabExpress|GrabMart,3,Bandung,0
USR008888,Hibernating,2024-01-06,361,0,3000.0,31,Member,GrabFood|GrabCar,2,Jakarta,0
USR003807,Loyal,2024-12-08,24,8,403000.0,3371,Silver,GrabFood,1,Jakarta,0
USR009479,Hibernating,2024-06-09,206,0,29000.0,251,Member,GrabCar|GrabMart|GrabBike,3,Bekasi,1
USR006983,Promising,2024-12-24,8,5,91000.0,986,Member,GrabExpress|GrabFood|GrabMart|GrabCar,4,Jakarta,1
USR008904,Hibernating,2024-07-09,176,0,71000.0,748,Member,GrabCar,1,Medan,1
USR009722,Hibernating,2024-02-23,313,0,42000.0,482,Member,GrabExpress,1,Jakarta,1
USR004154,At_Risk,2024-10-15,78,4,262000.0,2990,Silver,GrabFood|GrabExpress,2,Jakarta,1
USR004172,At_Risk,2024-10-07,86,4,236000.0,2324,Silver,GrabFood,1,Bandung,1
USR000796,Champions,2024-12-28,4,24,1846000.0,17030,Platinum,GrabBike|GrabMart|GrabExpress,3,Jakarta,0
USR002416,Loyal,2024-12-04,28,11,771000.0,8139,Gold,GrabBike,1,Medan,0
USR007170,Promising,2024-12-17,15,3,88000.0,1046,Member,GrabFood,1,Bekasi,0
USR006139,Promising,2024-12-18,14,7,180000.0,2016,Member,GrabExpress|GrabBike|GrabCar|GrabFood,4,Jakarta,1
USR000785,Champions,2024-12-26,6,15,1387000.0,12056,Gold,GrabExpress|GrabFood|GrabBike,3,Bekasi,0
USR007067,Promising,2024-12-15,17,3,190000.0,1952,Member,GrabFood|GrabMart|GrabBike,3,Surabaya,1
USR003158,Loyal,2024-12-03,29,14,508000.0,6065,Silver,GrabFood|GrabMart,2,Surabaya,0
USR000123,Champions,2024-12-21,11,22,2432000.0,20629,Platinum,GrabBike|GrabFood|GrabCar|GrabMart,4,Jakarta,0
USR009457,Hibernating,2024-07-09,176,0,57000.0,528,Member,GrabCar|GrabFood|GrabBike,3,Surabaya,1
USR009246,Hibernating,2024-04-06,270,0,23000.0,266,Member,GrabMart,1,Jakarta,1
USR002172,Loyal,2024-12-16,16,13,497000.0,4640,Silver,GrabCar|GrabMart,2,Surabaya,0
USR002169,Loyal,2024-12-04,28,13,322000.0,3057,Silver,GrabCar,1,Bandung,0
USR006880,Promising,2024-12-19,13,4,96000.0,997,Member,GrabFood|GrabCar,2,Surabaya,1
USR004009,At_Risk,2024-10-24,69,5,329000.0,2975,Silver,GrabFood|GrabExpress|GrabCar|GrabBike,4,Bekasi,0
USR009296,Hibernating,2024-09-19,104,0,52000.0,534,Member,GrabFood|GrabExpress|GrabMart,3,Jakarta,1
USR004340,At_Risk,2024-10-06,87,2,308000.0,3450,Silver,GrabFood,1,Jakarta,0
USR000910,Champions,2024-12-29,3,15,1543000.0,17571,Platinum,GrabMart|GrabCar,2,Bandung,0
USR006268,Promising,2024-12-23,9,3,194000.0,2207,Member,GrabFood,1,Jakarta,0
USR007771,Promising,2024-12-20,12,3,147000.0,1618,Member,GrabBike|GrabFood,2,Surabaya,0
USR002309,Loyal,2024-12-25,7,14,685000.0,6111,Gold,GrabBike,1,Jakarta,0
USR009658,Hibernating,2024-08-03,151,0,48000.0,510,Member,GrabBike,1,Surabaya,1
USR003634,Loyal,2024-12-19,13,9,641000.0,5402,Gold,GrabMart|GrabBike,2,Bekasi,0
USR001257,Champions,2024-12-29,3,29,2006000.0,16889,Platinum,GrabCar|GrabMart|GrabExpress,3,Bandung,0
USR006591,Promising,2024-12-21,11,5,83000.0,910,Member,GrabMart|GrabBike,2,Jakarta,0
USR004458,At_Risk,2024-10-26,67,5,143000.0,1518,Member,GrabBike|GrabExpress|GrabFood,3,Jakarta,1
USR006133,Promising,2024-12-13,19,7,214000.0,1983,Silver,GrabFood|GrabMart|GrabExpress|GrabBike,4,Bekasi,0
USR001178,Champions,2024-12-24,8,21,2473000.0,25058,Platinum,GrabMart,1,Jakarta,0
USR004652,At_Risk,2024-10-08,85,2,209000.0,1936,Silver,GrabExpress|GrabFood,2,Jakarta,1
USR006218,Promising,2024-12-21,11,5,219000.0,2576,Silver,GrabBike,1,Jakarta,1
USR003650,Loyal,2024-12-05,27,12,590000.0,5487,Silver,GrabCar,1,Bandung,1
USR000442,Champions,2024-12-21,11,23,2164000.0,23896,Platinum,GrabExpress|GrabBike|GrabCar,3,Surabaya,0
USR003415,Loyal,2024-12-15,17,9,604000.0,4964,Gold,GrabCar|GrabExpress,2,Medan,0
USR001399,Champions,2024-12-30,2,16,901000.0,8992,Gold,GrabFood|GrabCar,2,Jakarta,0
USR001457,Champions,2024-12-25,7,16,1855000.0,20373,Platinum,GrabBike|GrabExpress|GrabMart,3,Jakarta,0
USR007524,Promising,2024-12-25,7,7,233000.0,2002,Silver,GrabMart|GrabExpress|GrabBike,3,Jakarta,0
USR005744,At_Risk,2024-10-31,62,5,315000.0,3323,Silver,GrabMart|GrabCar|GrabBike|GrabFood,4,Bekasi,1
USR001054,Champions,2024-12-21,11,23,1479000.0,16853,Gold,GrabFood|GrabBike|GrabMart,3,Surabaya,0
USR008998,Hibernating,2024-01-27,340,0,21000.0,200,Member,GrabBike,1,Jakarta,1
USR003275,Loyal,2024-12-21,11,13,637000.0,6753,Gold,GrabFood|GrabMart,2,Bekasi,0
USR001463,Champions,2024-12-30,2,18,2377000.0,24311,Platinum,GrabMart|GrabCar|GrabExpress,3,Bandung,0
USR003699,Loyal,2024-12-14,18,8,411000.0,4062,Silver,GrabFood,1,Jakarta,0
USR003759,Loyal,2024-12-10,22,9,602000.0,6223,Gold,GrabMart|GrabExpress,2,Jakarta,0
USR000929,Champions,2024-12-30,2,24,2133000.0,21844,Platinum,GrabMart|GrabFood|GrabBike|GrabCar,4,Surabaya,0
USR005511,At_Risk,2024-10-08,85,4,272000.0,2766,Silver,GrabExpress,1,Bandung,1
USR006468,Promising,2024-12-27,5,6,152000.0,1271,Member,GrabFood|GrabBike,2,Surabaya,0
USR008412,Hibernating,2024-04-06,270,0,34000.0,311,Member,GrabExpress|GrabFood,2,Jakarta,0
USR001829,Loyal,2024-12-10,22,10,633000.0,5446,Gold,GrabFood|GrabCar,2,Jakarta,0
USR002928,Loyal,2024-12-06,26,12,465000.0,4833,Silver,GrabExpress,1,Jakarta,0
USR008295,Hibernating,2024-08-24,130,0,76000.0,824,Member,GrabExpress|GrabFood|GrabMart,3,Jakarta,0
USR006538,Promising,2024-12-28,4,6,205000.0,1692,Silver,GrabCar|GrabExpress,2,Jakarta,0
USR004221,At_Risk,2024-10-04,89,3,213000.0,2103,Silver,GrabFood|GrabMart|GrabCar,3,Medan,1
USR003546,Loyal,2024-12-25,7,12,630000.0,5157,Gold,GrabFood,1,Medan,0
USR005598,At_Risk,2024-11-01,61,2,141000.0,1153,Member,GrabBike|GrabMart|GrabCar,3,Surabaya,1
USR008937,Hibernating,2024-03-23,284,0,64000.0,521,Member,GrabCar,1,Surabaya,0
USR007318,Promising,2024-12-19,13,4,158000.0,1620,Member,GrabBike|GrabFood|GrabMart,3,Jakarta,0
USR008350,Hibernating,2024-09-28,95,0,63000.0,595,Member,GrabMart,1,Bandung,1
USR002011,Loyal,2024-12-06,26,11,786000.0,8725,Gold,GrabBike,1,Jakarta,0
USR000913,Champions,2024-12-25,7,18,2093000.0,21448,Platinum,GrabExpress|GrabMart|GrabCar,3,Bekasi,0
USR008248,Hibernating,2024-06-08,207,0,76000.0,813,Member,GrabCar|GrabFood,2,Bekasi,1
USR007265,Promising,2024-12-17,15,3,194000.0,1730,Member,GrabExpress,1,Medan,0
USR003219,Loyal,2024-12-04,28,13,649000.0,5693,Gold,GrabMart,1,Bandung,0
USR002606,Loyal,2024-12-23,9,13,419000.0,3623,Silver,GrabCar|GrabMart,2,Jakarta,0
USR003264,Loyal,2024-12-19,13,12,398000.0,3860,Silver,GrabMart|GrabCar|GrabExpress,3,Medan,0
USR004928,At_Risk,2024-11-01,61,3,214000.0,1793,Silver,GrabCar,1,Surabaya,0
USR008661,Hibernating,2024-10-02,91,0,7000.0,57,Member,GrabExpress|GrabCar|GrabMart|GrabFood,4,Bekasi,1
USR006564,Promising,2024-12-27,5,3,234000.0,2546,Silver,GrabExpress,1,Jakarta,0
USR008129,Hibernating,2024-04-22,254,0,11000.0,89,Member,GrabExpress|GrabCar|GrabFood,3,Bekasi,0
USR000006,Champions,2024-12-26,6,15,829000.0,8851,Gold,GrabBike|GrabCar,2,Jakarta,0
USR002980,Loyal,2024-12-07,25,9,570000.0,5836,Silver,GrabFood,1,Jakarta,1
USR006583,Promising,2024-12-14,18,5,182000.0,1662,Member,GrabMart|GrabExpress|GrabBike,3,Medan,0
USR003361,Loyal,2024-12-19,13,10,599000.0,4890,Silver,GrabMart,1,Medan,0
USR004774,At_Risk,2024-10-17,76,5,105000.0,1077,Member,GrabBike|GrabCar,2,Medan,1
USR001943,Loyal,2024-12-12,20,9,404000.0,4133,Silver,GrabExpress,1,Bekasi,0
USR007452,Promising,2024-12-27,5,4,140000.0,1649,Member,GrabCar|GrabExpress,2,Jakarta,0
USR005499,At_Risk,2024-10-28,65,5,286000.0,2983,Silver,GrabBike,1,Medan,1
USR001635,Loyal,2024-12-21,11,11,451000.0,4455,Silver,GrabBike|GrabCar|GrabMart,3,Surabaya,0
USR001141,Champions,2024-12-21,11,24,2399000.0,26242,Platinum,GrabExpress|GrabMart|GrabFood|GrabCar,4,Jakarta,0
USR002041,Loyal,2024-12-04,28,11,690000.0,7925,Gold,GrabFood|GrabCar|GrabMart|GrabBike,4,Bandung,0
USR006703,Promising,2024-12-12,20,7,201000.0,2167,Silver,GrabExpress,1,Jakarta,0
USR007818,Promising,2024-12-23,9,6,208000.0,2053,Silver,GrabExpress|GrabCar,2,Bekasi,1
USR002070,Loyal,2024-12-23,9,9,576000.0,6425,Silver,GrabMart|GrabCar|GrabExpress|GrabFood,4,Surabaya,0
USR003134,Loyal,2024-12-10,22,10,484000.0,4258,Silver,GrabCar|GrabExpress,2,Jakarta,0
USR005160,At_Risk,2024-10-28,65,4,157000.0,1865,Member,GrabBike|GrabCar|GrabExpress|GrabFood,4,Bekasi,0
USR008331,Hibernating,2024-03-29,278,0,68000.0,580,Member,GrabCar,1,Bekasi,0
USR005275,At_Risk,2024-11-16,46,4,197000.0,2095,Member,GrabExpress|GrabMart,2,Medan,0
USR002242,Loyal,2024-12-18,14,9,547000.0,5486,Silver,GrabCar,1,Surabaya,0
USR001474,Champions,2024-12-30,2,26,2045000.0,16919,Platinum,GrabExpress|GrabBike,2,Bandung,0
USR008590,Hibernating,2024-07-14,171,0,56000.0,630,Member,GrabExpress,1,Jakarta,1
USR001889,Loyal,2024-12-20,12,8,633000.0,5945,Gold,GrabMart|GrabExpress|GrabBike,3,Jakarta,0
USR003435,Loyal,2024-12-13,19,8,402000.0,4171,Silver,GrabExpress,1,Jakarta,0
USR007593,Promising,2024-12-29,3,5,214000.0,2321,Silver,GrabFood|GrabExpress|GrabMart,3,Surabaya,0
USR007745,Promising,2024-12-19,13,6,91000.0,842,Member,GrabBike|GrabMart|GrabExpress,3,Medan,0
USR003705,Loyal,2024-12-13,19,8,740000.0,6365,Gold,GrabExpress,1,Surabaya,1
USR002021,Loyal,2024-12-05,27,10,766000.0,8873,Gold,GrabExpress|GrabFood|GrabBike|GrabMart,4,Bandung,0
USR004020,At_Risk,2024-10-16,77,5,262000.0,3040,Silver,GrabCar,1,Jakarta,0
USR008830,Hibernating,2024-01-17,350,0,16000.0,133,Member,GrabExpress|GrabBike|GrabCar,3,Surabaya,1
USR008443,Hibernating,2024-03-09,298,0,62000.0,702,Member,GrabFood,1,Bandung,1
USR003500,Loyal,2024-12-05,27,12,675000.0,6304,Gold,GrabCar,1,Jakarta,0
USR002658,Loyal,2024-12-14,18,14,597000.0,7062,Silver,GrabFood|GrabCar|GrabExpress|GrabBike,4,Jakarta,0
USR008456,Hibernating,2024-01-11,356,0,26000.0,227,Member,GrabExpress,1,Bekasi,1
USR006888,Promising,2024-12-16,16,5,108000.0,868,Member,GrabMart,1,Jakarta,0
USR001130,Champions,2024-12-21,11,15,1913000.0,20549,Platinum,GrabMart|GrabCar|GrabBike,3,Jakarta,0
USR005557,At_Risk,2024-11-14,48,5,329000.0,3311,Silver,GrabMart|GrabExpress|GrabCar,3,Jakarta,1
USR007358,Promising,2024-12-29,3,7,159000.0,1416,Member,GrabCar,1,Jakarta,0
USR001819,Loyal,2024-12-08,24,8,765000.0,6462,Gold,GrabMart,1,Jakarta,0
USR007538,Promising,2024-12-18,14,4,239000.0,2222,Silver,GrabFood,1,Bekasi,0
USR009386,Hibernating,2024-01-13,354,0,2000.0,22,Member,GrabExpress,1,Bekasi,1
USR004318,At_Risk,2024-11-04,58,4,135000.0,1103,Member,GrabFood,1,Surabaya,0
USR009604,Hibernating,2024-08-28,126,0,44000.0,515,Member,GrabBike|GrabMart|GrabExpress|GrabCar,4,Jakarta,1
USR004144,At_Risk,2024-11-08,54,5,330000.0,3820,Silver,GrabMart|GrabFood,2,Bekasi,1
USR004669,At_Risk,2024-11-13,49,5,251000.0,2753,Silver,GrabMart|GrabFood,2,Bandung,1
USR001236,Champions,2024-12-27,5,19,1779000.0,20970,Platinum,GrabCar|GrabFood|GrabBike,3,Jakarta,0
USR005476,At_Risk,2024-10-19,74,4,143000.0,1314,Member,GrabFood,1,Medan,0
USR009836,Hibernating,2024-01-14,353,0,65000.0,651,Member,GrabMart|GrabBike,2,Bandung,1
USR001856,Loyal,2024-12-04,28,10,454000.0,5013,Silver,GrabCar,1,Jakarta,0
USR002282,Loyal,2024-12-14,18,11,643000.0,6972,Gold,GrabMart|GrabExpress,2,Jakarta,0
USR008693,Hibernating,2024-05-06,240,0,55000.0,458,Member,GrabCar|GrabMart,2,Medan,1
USR009320,Hibernating,2024-01-17,350,0,74000.0,735,Member,GrabExpress,1,Medan,0
USR004093,At_Risk,2024-10-17,76,2,195000.0,2298,Member,GrabMart,1,Surabaya,0
USR007061,Promising,2024-12-20,12,4,109000.0,1235,Member,GrabBike,1,Bandung,0
USR005200,At_Risk,2024-10-16,77,2,283000.0,2736,Silver,GrabExpress|GrabFood,2,Surabaya,1
USR006401,Promising,2024-12-23,9,6,125000.0,1364,Member,GrabFood|GrabBike|GrabMart|GrabExpress,4,Jakarta,1
USR009929,Hibernating,2024-01-10,357,0,44000.0,429,Member,GrabBike|GrabExpress,2,Jakarta,0
USR003421,Loyal,2024-12-13,19,8,614000.0,6055,Gold,GrabBike|GrabFood|GrabCar,3,Surabaya,0
USR009269,Hibernating,2024-01-28,339,0,45000.0,462,Member,GrabCar,1,Medan,1
USR000386,Champions,2024-12-19,13,19,2117000.0,22552,Platinum,GrabBike|GrabExpress|GrabCar|GrabMart,4,Bekasi,0
USR008548,Hibernating,2024-08-26,128,0,75000.0,846,Member,GrabCar|GrabMart|GrabExpress|GrabFood,4,Jakarta,1
USR001628,Loyal,2024-12-13,19,10,467000.0,5183,Silver,GrabCar|GrabMart|GrabExpress,3,Bekasi,0
USR003585,Loyal,2024-12-18,14,13,711000.0,7292,Gold,GrabBike|GrabExpress|GrabFood|GrabCar,4,Jakarta,0
USR007412,Promising,2024-12-21,11,7,178000.0,1439,Member,GrabMart|GrabFood|GrabExpress|GrabBike,4,Bandung,0
USR002714,Loyal,2024-12-05,27,14,344000.0,3412,Silver,GrabCar|GrabFood,2,Bekasi,0
USR007171,Promising,2024-12-13,19,3,119000.0,986,Member,GrabExpress,1,Bekasi,1
USR008435,Hibernating,2024-09-20,103,0,71000.0,640,Member,GrabCar,1,Bandung,1
USR009321,Hibernating,2024-02-26,310,0,49000.0,421,Member,GrabBike|GrabExpress,2,Surabaya,0
USR005659,At_Risk,2024-11-14,48,4,256000.0,2171,Silver,GrabBike|GrabCar|GrabMart|GrabExpress,4,Jakarta,0
USR003189,Loyal,2024-12-07,25,14,557000.0,5077,Silver,GrabExpress|GrabBike,2,Surabaya,0
USR009968,Hibernating,2024-01-23,344,0,70000.0,562,Member,GrabExpress|GrabFood,2,Bekasi,0
USR004305,At_Risk,2024-10-11,82,2,236000.0,2489,Silver,GrabCar|GrabExpress|GrabMart,3,Bandung,0
USR000909,Champions,2024-12-30,2,18,1924000.0,16397,Platinum,GrabBike|GrabMart|GrabExpress,3,Surabaya,0
USR005385,At_Risk,2024-10-18,75,4,325000.0,2688,Silver,GrabMart|GrabFood|GrabExpress|GrabBike,4,Bekasi,1
USR001996,Loyal,2024-12-10,22,13,492000.0,5100,Silver,GrabCar|GrabExpress|GrabBike|GrabFood,4,Surabaya,0
USR001866,Loyal,2024-12-25,7,8,699000.0,6437,Gold,GrabCar,1,Jakarta,0
USR001842,Loyal,2024-12-06,26,10,653000.0,6905,Gold,GrabExpress,1,Jakarta,0
USR002497,Loyal,2024-12-05,27,9,428000.0,5020,Silver,GrabCar|GrabMart,2,Bandung,0
USR000201,Champions,2024-12-24,8,24,1597000.0,13706,Platinum,GrabExpress|GrabCar,2,Jakarta,0
USR007905,Promising,2024-12-18,14,7,104000.0,846,Member,GrabCar|GrabBike|GrabMart,3,Jakarta,1
USR007724,Promising,2024-12-20,12,7,101000.0,1186,Member,GrabCar|GrabFood,2,Bekasi,0
USR005054,At_Risk,2024-10-18,75,5,169000.0,1599,Member,GrabBike|GrabFood|GrabExpress,3,Bandung,0
USR005889,At_Risk,2024-10-08,85,5,250000.0,2505,Silver,GrabMart|GrabCar|GrabFood|GrabBike,4,Jakarta,1
USR004006,At_Risk,2024-10-19,74,4,225000.0,2323,Silver,GrabExpress,1,Medan,1
USR009901,Hibernating,2024-05-10,236,0,28000.0,293,Member,GrabMart|GrabFood,2,Bekasi,0
USR002702,Loyal,2024-12-03,29,10,671000.0,7661,Gold,GrabMart|GrabExpress,2,Jakarta,0
USR003449,Loyal,2024-12-22,10,14,641000.0,6215,Gold,GrabMart,1,Jakarta,0
USR000331,Champions,2024-12-27,5,19,1574000.0,12791,Platinum,GrabMart|GrabExpress|GrabBike,3,Medan,0
USR007139,Promising,2024-12-13,19,4,212000.0,2261,Silver,GrabExpress|GrabMart|GrabCar,3,Surabaya,1
USR008960,Hibernating,2024-01-25,342,0,80000.0,914,Member,GrabCar,1,Jakarta,1
USR009819,Hibernating,2024-08-31,123,0,47000.0,481,Member,GrabCar|GrabBike|GrabExpress|GrabMart,4,Surabaya,1
USR007176,Promising,2024-12-20,12,6,186000.0,1679,Member,GrabCar,1,Bandung,0
USR002459,Loyal,2024-12-17,15,13,635000.0,5767,Gold,GrabMart|GrabExpress,2,Bekasi,0
USR001774,Loyal,2024-12-24,8,14,432000.0,3735,Silver,GrabBike|GrabFood,2,Medan,0
USR006628,Promising,2024-12-14,18,4,115000.0,1273,Member,GrabBike,1,Jakarta,1
USR007596,Promising,2024-12-24,8,7,176000.0,1723,Member,GrabExpress,1,Jakarta,1
USR007986,Promising,2024-12-17,15,7,195000.0,2193,Member,GrabFood|GrabExpress,2,Jakarta,0
USR002686,Loyal,2024-12-15,17,8,688000.0,6160,Gold,GrabFood|GrabCar,2,Jakarta,0
USR009147,Hibernating,2024-06-09,206,0,75000.0,620,Member,GrabMart|GrabBike|GrabFood,3,Bekasi,1
USR000989,Champions,2024-12-26,6,29,903000.0,10291,Gold,GrabFood|GrabBike,2,Bandung,0
USR009046,Hibernating,2024-08-30,124,0,3000.0,31,Member,GrabFood|GrabMart,2,Bekasi,1
USR008348,Hibernating,2024-04-26,250,0,42000.0,351,Member,GrabCar|GrabMart|GrabBike,3,Bandung,1
USR008875,Hibernating,2024-04-12,264,0,68000.0,780,Member,GrabCar,1,Bekasi,1
USR008550,Hibernating,2024-05-14,232,0,73000.0,650,Member,GrabCar|GrabExpress|GrabMart|GrabFood,4,Jakarta,1
USR005806,At_Risk,2024-10-07,86,5,187000.0,1586,Member,GrabBike|GrabFood,2,Jakarta,0
USR008733,Hibernating,2024-04-18,258,0,2000.0,17,Member,GrabFood|GrabMart|GrabExpress,3,Bekasi,1
USR008697,Hibernating,2024-04-15,261,0,10000.0,88,Member,GrabMart|GrabCar,2,Jakarta,1
USR006574,Promising,2024-12-12,20,7,199000.0,2091,Member,GrabCar,1,Jakarta,0
USR003052,Loyal,2024-12-09,23,14,422000.0,4258,Silver,GrabFood,1,Bandung,0
USR008637,Hibernating,2024-03-10,297,0,78000.0,670,Member,GrabFood|GrabExpress|GrabCar,3,Bandung,1
USR005462,At_Risk,2024-10-15,78,2,150000.0,1470,Member,GrabMart|GrabBike|GrabCar,3,Medan,1
USR000173,Champions,2024-12-31,1,24,1987000.0,19340,Platinum,GrabFood|GrabCar,2,Bandung,0
USR004954,At_Risk,2024-10-21,72,3,211000.0,2140,Silver,GrabMart,1,Surabaya,0
USR004615,At_Risk,2024-11-17,45,2,279000.0,2644,Silver,GrabMart|GrabBike|GrabCar|GrabFood,4,Jakarta,0
USR003321,Loyal,2024-12-04,28,10,344000.0,2935,Silver,GrabBike|GrabMart|GrabExpress,3,Medan,0
USR007065,Promising,2024-12-20,12,5,206000.0,1988,Silver,GrabFood,1,Bandung,0
USR006246,Promising,2024-12-14,18,7,110000.0,1133,Member,GrabBike,1,Bekasi,0
USR006745,Promising,2024-12-12,20,5,127000.0,1499,Member,GrabFood,1,Jakarta,0
USR003372,Loyal,2024-12-23,9,10,625000.0,6080,Gold,GrabFood,1,Surabaya,1
USR006048,Promising,2024-12-25,7,5,184000.0,2013,Member,GrabCar|GrabFood,2,Jakarta,0
USR003311,Loyal,2024-12-10,22,9,538000.0,4999,Silver,GrabFood,1,Jakarta,1
USR007416,Promising,2024-12-16,16,4,241000.0,2070,Silver,GrabBike,1,Medan,0
USR007293,Promising,2024-12-28,4,4,81000.0,863,Member,GrabCar|GrabExpress,2,Bekasi,1
USR007584,Promising,2024-12-20,12,6,225000.0,2051,Silver,GrabCar,1,Surabaya,0
USR009377,Hibernating,2024-01-27,340,0,33000.0,347,Member,GrabFood|GrabCar,2,Bandung,1
USR008811,Hibernating,2024-05-05,241,0,42000.0,394,Member,GrabFood|GrabMart|GrabCar,3,Jakarta,0
USR008160,Hibernating,2024-02-19,317,0,73000.0,841,Member,GrabCar|GrabMart|GrabExpress,3,Jakarta,1
USR004679,At_Risk,2024-10-10,83,4,125000.0,1095,Member,GrabBike|GrabFood|GrabExpress|GrabMart,4,Surabaya,1
USR003403,Loyal,2024-12-03,29,9,771000.0,7409,Gold,GrabBike|GrabFood|GrabCar|GrabMart,4,Jakarta,0
USR000018,Champions,2024-12-25,7,17,2108000.0,21087,Platinum,GrabBike|GrabExpress|GrabFood,3,Bekasi,0
USR003691,Loyal,2024-12-18,14,9,374000.0,4307,Silver,GrabFood|GrabExpress,2,Surabaya,0
USR008654,Hibernating,2024-08-30,124,0,12000.0,136,Member,GrabCar|GrabFood,2,Jakarta,1
USR004096,At_Risk,2024-11-12,50,3,133000.0,1319,Member,GrabCar,1,Jakarta,1
USR003628,Loyal,2024-12-07,25,11,357000.0,2925,Silver,GrabExpress|GrabBike,2,Bekasi,0
USR008862,Hibernating,2024-01-12,355,0,14000.0,149,Member,GrabMart|GrabFood|GrabExpress,3,Jakarta,0
USR002174,Loyal,2024-12-10,22,11,693000.0,7529,Gold,GrabCar,1,Bandung,1
USR001356,Champions,2024-12-25,7,20,1505000.0,17240,Platinum,GrabFood|GrabBike|GrabCar,3,Jakarta,0
USR005002,At_Risk,2024-11-02,60,2,185000.0,1898,Member,GrabBike,1,Jakarta,0
USR007391,Promising,2024-12-25,7,6,226000.0,2562,Silver,GrabFood|GrabExpress,2,Jakarta,0
USR006922,Promising,2024-12-26,6,4,159000.0,1446,Member,GrabMart,1,Medan,0
USR005823,At_Risk,2024-11-02,60,3,231000.0,2142,Silver,GrabCar|GrabFood,2,Jakarta,1
USR009502,Hibernating,2024-07-07,178,0,73000.0,714,Member,GrabExpress|GrabCar|GrabFood|GrabBike,4,Jakarta,1
USR005670,At_Risk,2024-10-09,84,3,218000.0,2301,Silver,GrabBike|GrabExpress|GrabMart,3,Jakarta,1
USR003112,Loyal,2024-12-17,15,14,718000.0,7699,Gold,GrabExpress|GrabFood|GrabMart,3,Surabaya,0
USR000182,Champions,2024-12-22,10,22,965000.0,9683,Gold,GrabBike|GrabFood,2,Surabaya,0
USR003642,Loyal,2024-12-05,27,9,703000.0,7747,Gold,GrabCar|GrabBike,2,Jakarta,0
USR008857,Hibernating,2024-03-03,304,0,44000.0,434,Member,GrabExpress|GrabBike|GrabCar,3,Surabaya,1
USR001812,Loyal,2024-12-06,26,14,730000.0,7593,Gold,GrabBike|GrabCar,2,Medan,0
USR007875,Promising,2024-12-26,6,7,148000.0,1226,Member,GrabMart,1,Medan,1
USR008497,Hibernating,2024-07-07,178,0,70000.0,620,Member,GrabCar|GrabBike,2,Medan,1
USR004912,At_Risk,2024-11-08,54,4,275000.0,2775,Silver,GrabCar|GrabMart|GrabBike,3,Jakarta,0
USR005668,At_Risk,2024-10-31,62,3,157000.0,1367,Member,GrabMart|GrabBike,2,Jakarta,0
USR008542,Hibernating,2024-04-28,248,0,21000.0,170,Member,GrabExpress|GrabCar,2,Jakarta,1
USR001800,Loyal,2024-12-21,11,11,421000.0,4387,Silver,GrabExpress|GrabBike,2,Bandung,0
USR009251,Hibernating,2024-04-06,270,0,53000.0,538,Member,GrabMart,1,Bandung,1
USR002429,Loyal,2024-12-25,7,12,582000.0,5874,Silver,GrabFood,1,Medan,0
USR005482,At_Risk,2024-10-26,67,4,193000.0,1870,Member,GrabFood,1,Medan,1
USR006761,Promising,2024-12-29,3,4,175000.0,1791,Member,GrabExpress,1,Bandung,1
USR009839,Hibernating,2024-06-25,190,0,7000.0,64,Member,GrabBike|GrabFood|GrabCar|GrabMart,4,Jakarta,1
USR009635,Hibernating,2024-10-03,90,0,21000.0,240,Member,GrabMart,1,Medan,1
USR001968,Loyal,2024-12-19,13,14,524000.0,4749,Silver,GrabExpress,1,Bekasi,0
USR008339,Hibernating,2024-09-25,98,0,44000.0,415,Member,GrabFood|GrabMart|GrabCar|GrabExpress,4,Jakarta,0
USR008141,Hibernating,2024-01-31,336,0,58000.0,478,Member,GrabBike,1,Bekasi,1
USR007696,Promising,2024-12-28,4,4,174000.0,1892,Member,GrabBike|GrabFood|GrabExpress,3,Jakarta,0
USR007541,Promising,2024-12-22,10,3,168000.0,1592,Member,GrabCar|GrabBike,2,Jakarta,0
USR004987,At_Risk,2024-10-18,75,3,123000.0,1044,Member,GrabCar|GrabExpress,2,Bekasi,1
USR009756,Hibernating,2024-02-29,307,0,64000.0,735,Member,GrabCar,1,Bekasi,1
USR004650,At_Risk,2024-11-14,48,2,129000.0,1191,Member,GrabMart|GrabFood|GrabBike,3,Jakarta,1
USR001159,Champions,2024-12-27,5,24,991000.0,10787,Gold,GrabMart|GrabFood,2,Jakarta,0
USR001213,Champions,2024-12-20,12,16,1660000.0,19738,Platinum,GrabMart|GrabExpress|GrabBike,3,Medan,0
USR007336,Promising,2024-12-16,16,5,153000.0,1519,Member,GrabCar|GrabFood,2,Bekasi,0
USR001325,Champions,2024-12-22,10,25,1975000.0,21616,Platinum,GrabExpress|GrabBike|GrabCar,3,Jakarta,0
USR007512,Promising,2024-12-28,4,3,173000.0,1715,Member,GrabFood,1,Bandung,0
USR007580,Promising,2024-12-23,9,7,158000.0,1863,Member,GrabCar,1,Bandung,0
USR004796,At_Risk,2024-10-07,86,2,304000.0,2973,Silver,GrabCar|GrabExpress|GrabFood,3,Bekasi,0
USR006796,Promising,2024-12-19,13,4,215000.0,2386,Silver,GrabMart,1,Bekasi,1
USR005808,At_Risk,2024-10-10,83,3,179000.0,1869,Member,GrabExpress,1,Bandung,0
USR005943,At_Risk,2024-10-13,80,4,118000.0,1187,Member,GrabMart|GrabBike,2,Bekasi,1
USR009283,Hibernating,2024-10-03,90,0,68000.0,565,Member,GrabCar|GrabExpress,2,Jakarta,1
USR008144,Hibernating,2024-03-26,281,0,56000.0,661,Member,GrabCar,1,Bekasi,1
USR001455,Champions,2024-12-31,1,25,1762000.0,19349,Platinum,GrabBike|GrabFood,2,Jakarta,0
USR005410,At_Risk,2024-10-14,79,4,274000.0,3228,Silver,GrabExpress|GrabFood|GrabMart,3,Jakarta,1
USR007129,Promising,2024-12-15,17,7,159000.0,1760,Member,GrabBike|GrabFood|GrabMart,3,Surabaya,0
USR008892,Hibernating,2024-05-09,237,0,58000.0,669,Member,GrabCar,1,Bekasi,1
USR004962,At_Risk,2024-10-25,68,2,279000.0,2790,Silver,GrabFood|GrabCar,2,Bandung,1
USR002800,Loyal,2024-12-15,17,9,747000.0,8041,Gold,GrabBike,1,Jakarta,0
USR001644,Loyal,2024-12-10,22,14,421000.0,4450,Silver,GrabMart|GrabBike,2,Jakarta,0
USR002140,Loyal,2024-12-22,10,10,742000.0,5964,Gold,GrabCar|GrabMart,2,Surabaya,0
USR004536,At_Risk,2024-11-02,60,2,217000.0,1925,Silver,GrabBike,1,Jakarta,0
USR004457,At_Risk,2024-10-28,65,3,147000.0,1575,Member,GrabMart|GrabCar|GrabFood|GrabBike,4,Jakarta,1
USR008951,Hibernating,2024-08-21,133,0,21000.0,238,Member,GrabMart|GrabBike,2,Jakarta,1
USR005586,At_Risk,2024-10-05,88,4,321000.0,3736,Silver,GrabCar,1,Jakarta,0
USR004378,At_Risk,2024-10-21,72,2,241000.0,2760,Silver,GrabCar|GrabBike|GrabMart|GrabExpress,4,Surabaya,1
USR000729,Champions,2024-12-21,11,29,2058000.0,18782,Platinum,GrabExpress|GrabCar|GrabBike,3,Jakarta,0
USR004357,At_Risk,2024-10-10,83,5,319000.0,3301,Silver,GrabBike,1,Surabaya,1
USR007748,Promising,2024-12-17,15,6,221000.0,2155,Silver,GrabExpress|GrabFood,2,Jakarta,0
USR006716,Promising,2024-12-14,18,6,237000.0,2481,Silver,GrabExpress|GrabMart,2,Surabaya,1
USR001936,Loyal,2024-12-19,13,8,544000.0,5470,Silver,GrabExpress|GrabMart|GrabCar,3,Jakarta,0
USR003793,Loyal,2024-12-13,19,13,310000.0,2634,Silver,GrabBike|GrabMart|GrabCar,3,Jakarta,0
USR003736,Loyal,2024-12-08,24,9,741000.0,6028,Gold,GrabBike,1,Jakarta,0
USR002261,Loyal,2024-12-11,21,13,309000.0,3359,Silver,GrabExpress|GrabMart,2,Surabaya,0
USR004005,At_Risk,2024-11-14,48,3,163000.0,1425,Member,GrabFood|GrabBike|GrabMart|GrabCar,4,Surabaya,0
USR001110,Champions,2024-12-19,13,28,1998000.0,16984,Platinum,GrabFood|GrabCar,2,Bekasi,0
USR009028,Hibernating,2024-02-02,334,0,1000.0,11,Member,GrabCar|GrabBike|GrabMart,3,Surabaya,1
USR005480,At_Risk,2024-11-15,47,4,163000.0,1526,Member,GrabCar|GrabBike|GrabExpress|GrabFood,4,Jakarta,0
USR002998,Loyal,2024-12-22,10,10,525000.0,6210,Silver,GrabFood,1,Jakarta,0
USR002394,Loyal,2024-12-12,20,8,577000.0,5037,Silver,GrabExpress|GrabMart|GrabFood,3,Bekasi,0
USR001185,Champions,2024-12-25,7,18,1386000.0,12453,Gold,GrabCar|GrabExpress|GrabMart|GrabBike,4,Jakarta,0
USR002007,Loyal,2024-12-16,16,14,598000.0,5593,Silver,GrabBike|GrabMart|GrabCar|GrabFood,4,Jakarta,0
USR000193,Champions,2024-12-22,10,19,1540000.0,15320,Platinum,GrabFood|GrabCar|GrabBike,3,Bekasi,0
USR005611,At_Risk,2024-11-03,59,3,321000.0,3501,Silver,GrabCar,1,Jakarta,0
USR002901,Loyal,2024-12-10,22,10,496000.0,5416,Silver,GrabBike|GrabExpress,2,Bandung,0
USR000578,Champions,2024-12-28,4,23,1787000.0,19470,Platinum,GrabMart|GrabExpress|GrabBike|GrabCar,4,Bekasi,0
USR006219,Promising,2024-12-18,14,5,188000.0,1848,Member,GrabCar|GrabMart|GrabFood,3,Jakarta,1
USR005525,At_Risk,2024-11-02,60,3,309000.0,2715,Silver,GrabCar,1,Surabaya,0
USR000771,Champions,2024-12-21,11,28,858000.0,8519,Gold,GrabFood|GrabMart|GrabCar,3,Bandung,1
USR007839,Promising,2024-12-18,14,6,179000.0,1875,Member,GrabMart,1,Jakarta,0
USR002395,Loyal,2024-12-24,8,13,374000.0,3589,Silver,GrabExpress|GrabFood|GrabCar,3,Jakarta,0
USR001478,Champions,2024-12-28,4,21,1258000.0,12082,Gold,GrabExpress|GrabMart|GrabFood,3,Surabaya,0
USR001846,Loyal,2024-12-24,8,12,659000.0,7325,Gold,GrabCar,1,Jakarta,0
USR009108,Hibernating,2024-05-09,237,0,16000.0,191,Member,GrabMart,1,Jakarta,1
USR004274,At_Risk,2024-11-10,52,3,248000.0,2536,Silver,GrabMart,1,Medan,0
USR003740,Loyal,2024-12-09,23,14,612000.0,5931,Gold,GrabBike,1,Surabaya,0
USR004600,At_Risk,2024-11-06,56,2,280000.0,2616,Silver,GrabMart,1,Jakarta,0
USR008087,Hibernating,2024-07-04,181,0,21000.0,239,Member,GrabMart|GrabCar,2,Bandung,1
USR008710,Hibernating,2024-10-02,91,0,9000.0,104,Member,GrabMart|GrabFood,2,Jakarta,1
USR006676,Promising,2024-12-18,14,5,208000.0,1926,Silver,GrabMart|GrabBike|GrabFood,3,Jakarta,0
USR006375,Promising,2024-12-23,9,3,200000.0,2220,Member,GrabMart,1,Surabaya,1
USR008124,Hibernating,2024-07-13,172,0,70000.0,641,Member,GrabFood|GrabBike,2,Bandung,1
USR009538,Hibernating,2024-09-14,109,0,4000.0,47,Member,GrabBike|GrabMart,2,Bandung,0
USR004915,At_Risk,2024-10-28,65,5,179000.0,1815,Member,GrabCar|GrabExpress|GrabBike|GrabMart,4,Bekasi,0
USR002073,Loyal,2024-12-22,10,13,638000.0,7234,Gold,GrabCar|GrabMart|GrabBike|GrabFood,4,Bekasi,0
USR004754,At_Risk,2024-10-13,80,2,134000.0,1514,Member,GrabMart,1,Bekasi,0
USR001896,Loyal,2024-12-11,21,9,311000.0,2839,Silver,GrabFood|GrabBike,2,Bekasi,0
USR008552,Hibernating,2024-01-13,354,0,20000.0,215,Member,GrabCar,1,Jakarta,1
USR006702,Promising,2024-12-28,4,7,139000.0,1180,Member,GrabCar,1,Bandung,0
USR006317,Promising,2024-12-23,9,4,213000.0,2245,Silver,GrabFood,1,Surabaya,0
USR003659,Loyal,2024-12-25,7,8,571000.0,6842,Silver,GrabBike,1,Jakarta,0
USR006581,Promising,2024-12-20,12,7,177000.0,2070,Member,GrabCar|GrabExpress,2,Medan,0
USR002379,Loyal,2024-12-04,28,10,776000.0,7672,Gold,GrabCar|GrabMart|GrabBike,3,Surabaya,0
USR001447,Champions,2024-12-23,9,21,1344000.0,13462,Gold,GrabFood|GrabExpress|GrabMart|GrabCar,4,Bekasi,0
USR000342,Champions,2024-12-29,3,15,1961000.0,17036,Platinum,GrabExpress|GrabCar|GrabFood|GrabMart,4,Bandung,0
USR005127,At_Risk,2024-11-04,58,2,173000.0,1528,Member,GrabMart,1,Jakarta,0
USR003136,Loyal,2024-12-07,25,10,597000.0,5781,Silver,GrabFood,1,Bekasi,0
USR002527,Loyal,2024-12-13,19,13,749000.0,6740,Gold,GrabExpress|GrabMart|GrabBike,3,Jakarta,0
USR000727,Champions,2024-12-24,8,21,2102000.0,21717,Platinum,GrabExpress,1,Jakarta,0
USR004577,At_Risk,2024-10-26,67,4,231000.0,2064,Silver,GrabFood|GrabCar|GrabMart,3,Bandung,0
USR000976,Champions,2024-12-19,13,17,2313000.0,24632,Platinum,GrabMart|GrabCar,2,Bandung,0
USR008391,Hibernating,2024-01-28,339,0,31000.0,284,Member,GrabExpress|GrabMart,2,Jakarta,0
USR005443,At_Risk,2024-10-13,80,5,104000.0,912,Member,GrabMart,1,Jakarta,0
USR009034,Hibernating,2024-02-25,311,0,42000.0,450,Member,GrabFood|GrabMart,2,Jakarta,0
USR003516,Loyal,2024-12-13,19,14,556000.0,4478,Silver,GrabFood|GrabMart,2,Jakarta,0
USR007975,Promising,2024-12-19,13,7,201000.0,2236,Silver,GrabBike|GrabExpress|GrabCar|GrabMart,4,Bekasi,0
USR009787,Hibernating,2024-03-10,297,0,32000.0,330,Member,GrabBike,1,Jakarta,1
USR003940,Loyal,2024-12-11,21,13,680000.0,7070,Gold,GrabCar|GrabFood|GrabBike|GrabMart,4,Jakarta,0
USR001299,Champions,2024-12-21,11,16,2245000.0,22093,Platinum,GrabMart|GrabExpress|GrabBike|GrabFood,4,Bekasi,0
USR009764,Hibernating,2024-09-21,102,0,74000.0,755,Member,GrabExpress|GrabFood|GrabMart|GrabCar,4,Jakarta,0
USR001348,Champions,2024-12-19,13,20,1303000.0,10488,Gold,GrabCar|GrabMart,2,Jakarta,0
USR000660,Champions,2024-12-23,9,28,2473000.0,21611,Platinum,GrabMart|GrabExpress,2,Jakarta,0
USR005886,At_Risk,2024-10-07,86,2,281000.0,2258,Silver,GrabMart,1,Jakarta,1
USR001492,Champions,2024-12-26,6,17,1494000.0,12622,Gold,GrabBike|GrabCar|GrabMart,3,Jakarta,0
USR009946,Hibernating,2024-03-11,296,0,64000.0,573,Member,GrabBike|GrabCar,2,Jakarta,0
USR004589,At_Risk,2024-11-17,45,4,109000.0,1251,Member,GrabBike|GrabFood|GrabExpress,3,Jakarta,0
USR008530,Hibernating,2024-08-13,141,0,1000.0,9,Member,GrabExpress,1,Bekasi,1
USR005154,At_Risk,2024-11-08,54,5,177000.0,2102,Member,GrabCar|GrabFood|GrabBike|GrabMart,4,Jakarta,0
USR002315,Loyal,2024-12-06,26,14,588000.0,4875,Silver,GrabBike,1,Jakarta,0
USR009614,Hibernating,2024-08-12,142,0,40000.0,374,Member,GrabMart|GrabFood|GrabExpress|GrabBike,4,Surabaya,1
USR009577,Hibernating,2024-05-24,222,0,64000.0,721,Member,GrabMart|GrabFood,2,Jakarta,1
USR007024,Promising,2024-12-15,17,3,210000.0,1749,Silver,GrabMart,1,Jakarta,0
USR001085,Champions,2024-12-23,9,21,1010000.0,9906,Gold,GrabMart|GrabFood|GrabExpress,3,Jakarta,0
USR002524,Loyal,2024-12-22,10,13,373000.0,4341,Silver,GrabFood,1,Jakarta,1
USR008968,Hibernating,2024-05-29,217,0,71000.0,651,Member,GrabFood,1,Medan,1
USR005374,At_Risk,2024-11-04,58,3,340000.0,3276,Silver,GrabFood,1,Jakarta,0
USR003198,Loyal,2024-12-11,21,12,778000.0,6679,Gold,GrabFood,1,Jakarta,0
USR005751,At_Risk,2024-10-12,81,5,254000.0,2171,Silver,GrabMart|GrabCar,2,Surabaya,0
USR004008,At_Risk,2024-10-13,80,2,259000.0,2431,Silver,GrabExpress,1,Medan,1
USR005717,At_Risk,2024-11-15,47,3,111000.0,1108,Member,GrabCar|GrabExpress,2,Medan,1
USR006657,Promising,2024-12-24,8,6,142000.0,1666,Member,GrabCar|GrabBike|GrabExpress,3,Jakarta,1
USR009357,Hibernating,2024-06-02,213,0,62000.0,649,Member,GrabMart|GrabCar|GrabBike,3,Jakarta,0
USR008790,Hibernating,2024-09-21,102,0,72000.0,597,Member,GrabMart,1,Jakarta,1
USR000067,Champions,2024-12-21,11,24,2172000.0,24983,Platinum,GrabCar|GrabBike|GrabExpress|GrabMart,4,Bekasi,0
USR007923,Promising,2024-12-28,4,6,107000.0,1170,Member,GrabBike,1,Bekasi,1
USR000040,Champions,2024-12-28,4,16,2302000.0,26501,Platinum,GrabFood|GrabMart|GrabCar|GrabExpress,4,Surabaya,0
USR002269,Loyal,2024-12-17,15,8,678000.0,6531,Gold,GrabExpress,1,Surabaya,0
USR002381,Loyal,2024-12-04,28,12,514000.0,5186,Silver,GrabCar,1,Bekasi,0
USR007341,Promising,2024-12-12,20,7,223000.0,1796,Silver,GrabExpress,1,Jakarta,0
USR009961,Hibernating,2024-01-03,364,0,8000.0,74,Member,GrabCar,1,Jakarta,1
USR004916,At_Risk,2024-10-18,75,3,239000.0,2332,Silver,GrabFood|GrabExpress,2,Bekasi,0
USR005322,At_Risk,2024-11-07,55,2,237000.0,1930,Silver,GrabFood|GrabBike|GrabCar,3,Jakarta,0
USR005773,At_Risk,2024-10-27,66,2,116000.0,1015,Member,GrabMart,1,Jakarta,1
USR006232,Promising,2024-12-15,17,3,107000.0,1003,Member,GrabExpress|GrabCar|GrabBike|GrabFood,4,Jakarta,0
USR006963,Promising,2024-12-25,7,3,245000.0,2411,Silver,GrabMart|GrabCar|GrabBike,3,Surabaya,0
USR003447,Loyal,2024-12-19,13,9,710000.0,6419,Gold,GrabCar|GrabBike|GrabFood,3,Surabaya,0
USR006816,Promising,2024-12-13,19,4,141000.0,1136,Member,GrabFood,1,Jakarta,0
USR002367,Loyal,2024-12-14,18,10,753000.0,6670,Gold,GrabBike|GrabMart|GrabCar,3,Bandung,0
USR007981,Promising,2024-12-25,7,4,90000.0,1078,Member,GrabCar|GrabMart|GrabBike,3,Jakarta,0
USR008166,Hibernating,2024-07-03,182,0,18000.0,214,Member,GrabExpress|GrabMart,2,Bekasi,0
USR002512,Loyal,2024-12-09,23,14,606000.0,6601,Gold,GrabExpress,1,Jakarta,0
USR009619,Hibernating,2024-05-20,226,0,3000.0,24,Member,GrabFood,1,Jakarta,1
USR002723,Loyal,2024-12-16,16,12,672000.0,7892,Gold,GrabMart|GrabBike|GrabExpress,3,Bekasi,0
USR005948,At_Risk,2024-10-28,65,4,219000.0,2180,Silver,GrabFood|GrabCar|GrabBike,3,Bekasi,0
USR009185,Hibernating,2024-05-23,223,0,24000.0,276,Member,GrabMart|GrabFood,2,Bekasi,1
USR009004,Hibernating,2024-01-29,338,0,22000.0,178,Member,GrabBike,1,Jakarta,1
USR001143,Champions,2024-12-29,3,24,1147000.0,10324,Gold,GrabCar|GrabFood|GrabBike,3,Jakarta,0
USR009736,Hibernating,2024-09-22,101,0,29000.0,267,Member,GrabBike,1,Surabaya,1
USR007222,Promising,2024-12-25,7,6,245000.0,2346,Silver,GrabMart|GrabExpress,2,Bekasi,1
USR008292,Hibernating,2024-02-23,313,0,74000.0,771,Member,GrabBike,1,Surabaya,1
USR009220,Hibernating,2024-05-08,238,0,68000.0,665,Member,GrabFood,1,Surabaya,1
USR004728,At_Risk,2024-10-08,85,3,116000.0,1391,Member,GrabBike,1,Bekasi,0
USR005494,At_Risk,2024-10-15,78,3,235000.0,2069,Silver,GrabFood|GrabMart|GrabBike|GrabCar,4,Surabaya,1
USR005755,At_Risk,2024-10-16,77,4,272000.0,2188,Silver,GrabMart,1,Jakarta,1
USR007562,Promising,2024-12-14,18,3,206000.0,1811,Silver,GrabCar,1,Jakarta,0
USR003789,Loyal,2024-12-11,21,12,513000.0,5367,Silver,GrabBike,1,Surabaya,0
USR002220,Loyal,2024-12-18,14,9,521000.0,5179,Silver,GrabFood|GrabCar,2,Medan,0
USR005075,At_Risk,2024-10-09,84,4,321000.0,3540,Silver,GrabExpress,1,Jakarta,0
USR002331,Loyal,2024-12-11,21,9,561000.0,6411,Silver,GrabFood|GrabBike|GrabCar,3,Surabaya,0
USR005394,At_Risk,2024-11-14,48,2,258000.0,2499,Silver,GrabExpress|GrabFood|GrabMart|GrabCar,4,Surabaya,0
USR007439,Promising,2024-12-21,11,3,156000.0,1862,Member,GrabMart,1,Bandung,0
USR008067,Hibernating,2024-03-16,291,0,13000.0,147,Member,GrabCar|GrabMart|GrabBike,3,Jakarta,1
USR007090,Promising,2024-12-12,20,4,234000.0,2453,Silver,GrabExpress,1,Bekasi,0
USR009336,Hibernating,2024-05-17,229,0,36000.0,401,Member,GrabExpress,1,Medan,1
USR004088,At_Risk,2024-11-11,51,3,331000.0,3864,Silver,GrabMart|GrabBike,2,Surabaya,0
USR001967,Loyal,2024-12-08,24,10,417000.0,3756,Silver,GrabMart|GrabExpress|GrabFood,3,Jakarta,0
USR009363,Hibernating,2024-05-21,225,0,6000.0,59,Member,GrabMart,1,Bandung,1
USR009796,Hibernating,2024-08-06,148,0,12000.0,100,Member,GrabExpress,1,Jakarta,1
USR006757,Promising,2024-12-14,18,3,193000.0,2134,Member,GrabExpress,1,Jakarta,0
USR009586,Hibernating,2024-03-07,300,0,39000.0,445,Member,GrabMart,1,Jakarta,1
USR004365,At_Risk,2024-10-16,77,4,264000.0,2372,Silver,GrabCar|GrabFood|GrabExpress,3,Jakarta,1
USR006999,Promising,2024-12-21,11,5,157000.0,1821,Member,GrabMart|GrabExpress|GrabFood,3,Jakarta,0
USR000423,Champions,2024-12-19,13,21,2051000.0,17635,Platinum,GrabExpress|GrabFood|GrabCar|GrabMart,4,Surabaya,0
USR000280,Champions,2024-12-25,7,20,1067000.0,12217,Gold,GrabFood|GrabMart|GrabCar,3,Jakarta,0
USR001904,Loyal,2024-12-12,20,12,764000.0,7415,Gold,GrabBike|GrabCar|GrabExpress,3,Jakarta,0
USR000595,Champions,2024-12-31,1,15,1980000.0,17627,Platinum,GrabExpress|GrabCar|GrabMart,3,Surabaya,0
USR008579,Hibernating,2024-06-07,208,0,19000.0,189,Member,GrabFood|GrabBike|GrabExpress,3,Jakarta,1
USR003917,Loyal,2024-12-19,13,11,308000.0,3638,Silver,GrabExpress|GrabCar,2,Jakarta,0
USR006142,Promising,2024-12-29,3,3,102000.0,1101,Member,GrabBike|GrabMart|GrabCar,3,Surabaya,0
USR005661,At_Risk,2024-11-11,51,2,239000.0,2465,Silver,GrabExpress,1,Jakarta,1
USR005778,At_Risk,2024-10-13,80,5,257000.0,2794,Silver,GrabExpress|GrabMart,2,Surabaya,0
USR003618,Loyal,2024-12-14,18,12,651000.0,5469,Gold,GrabExpress|GrabBike,2,Jakarta,0
USR006845,Promising,2024-12-26,6,5,218000.0,1917,Silver,GrabExpress,1,Bandung,0
USR000839,Champions,2024-12-28,4,17,1605000.0,17891,Platinum,GrabFood,1,Jakarta,0
USR004596,At_Risk,2024-11-08,54,2,171000.0,1438,Member,GrabFood|GrabBike|GrabMart|GrabExpress,4,Bandung,1
USR007496,Promising,2024-12-15,17,6,213000.0,1801,Silver,GrabBike|GrabCar|GrabExpress,3,Medan,0
USR000141,Champions,2024-12-22,10,23,1086000.0,12075,Gold,GrabCar|GrabMart|GrabFood,3,Surabaya,0
USR002597,Loyal,2024-12-03,29,11,507000.0,4424,Silver,GrabMart,1,Jakarta,0
USR006701,Promising,2024-12-24,8,3,192000.0,2091,Member,GrabMart|GrabFood,2,Bandung,1
USR007756,Promising,2024-12-14,18,5,225000.0,2555,Silver,GrabCar,1,Bandung,0
USR001377,Champions,2024-12-21,11,21,2247000.0,18205,Platinum,GrabCar|GrabBike|GrabMart|GrabExpress,4,Bekasi,0
USR003674,Loyal,2024-12-14,18,12,481000.0,5021,Silver,GrabFood,1,Jakarta,0
USR008770,Hibernating,2024-02-28,308,0,35000.0,305,Member,GrabFood|GrabBike,2,Jakarta,0
USR009895,Hibernating,2024-08-17,137,0,50000.0,598,Member,GrabExpress,1,Surabaya,1
USR006362,Promising,2024-12-14,18,3,83000.0,935,Member,GrabMart|GrabCar|GrabFood|GrabBike,4,Bekasi,0
USR004741,At_Risk,2024-10-29,64,2,211000.0,2087,Silver,GrabCar,1,Jakarta,0
USR003808,Loyal,2024-12-23,9,9,682000.0,6756,Gold,GrabMart|GrabFood|GrabBike,3,Jakarta,0
USR001138,Champions,2024-12-20,12,15,1972000.0,20716,Platinum,GrabFood|GrabCar|GrabExpress,3,Bekasi,0
USR002257,Loyal,2024-12-20,12,11,342000.0,2871,Silver,GrabFood|GrabMart|GrabExpress,3,Bekasi,0
USR007865,Promising,2024-12-17,15,5,201000.0,2147,Silver,GrabExpress|GrabCar|GrabBike,3,Surabaya,0
USR001787,Loyal,2024-12-24,8,13,547000.0,5609,Silver,GrabExpress,1,Bekasi,1
USR003938,Loyal,2024-12-19,13,14,724000.0,6560,Gold,GrabFood|GrabMart|GrabBike,3,Bekasi,0
USR009316,Hibernating,2024-05-25,221,0,12000.0,114,Member,GrabCar,1,Jakarta,0
USR004646,At_Risk,2024-10-11,82,2,280000.0,2269,Silver,GrabBike|GrabMart,2,Jakarta,1
USR000459,Champions,2024-12-27,5,18,985000.0,10578,Gold,GrabMart|GrabExpress,2,Surabaya,0
USR006115,Promising,2024-12-18,14,4,111000.0,1020,Member,GrabFood,1,Jakarta,0
USR009542,Hibernating,2024-04-30,246,0,27000.0,322,Member,GrabMart,1,Surabaya,1
USR000948,Champions,2024-12-24,8,26,1883000.0,22422,Platinum,GrabFood|GrabBike,2,Jakarta,0
USR003700,Loyal,2024-12-20,12,13,664000.0,7426,Gold,GrabExpress|GrabMart|GrabFood,3,Jakarta,0
USR001336,Champions,2024-12-19,13,20,804000.0,7813,Gold,GrabFood|GrabExpress|GrabMart,3,Medan,0
USR006370,Promising,2024-12-14,18,6,175000.0,1920,Member,GrabBike|GrabCar,2,Jakarta,1
USR004628,At_Risk,2024-11-08,54,2,209000.0,1793,Silver,GrabFood,1,Bandung,0
USR006286,Promising,2024-12-28,4,5,172000.0,1929,Member,GrabBike|GrabExpress|GrabMart,3,Jakarta,0
USR005925,At_Risk,2024-11-06,56,2,329000.0,3330,Silver,GrabMart|GrabExpress|GrabFood,3,Jakarta,1
USR005934,At_Risk,2024-10-14,79,4,341000.0,3735,Silver,GrabCar,1,Medan,0
USR006040,Promising,2024-12-25,7,5,104000.0,1188,Member,GrabExpress|GrabMart|GrabCar,3,Bandung,0
USR000441,Champions,2024-12-29,3,22,1492000.0,16492,Gold,GrabBike|GrabFood,2,Jakarta,0
USR006659,Promising,2024-12-27,5,3,175000.0,2084,Member,GrabBike|GrabExpress,2,Bandung,0
USR001602,Loyal,2024-12-03,29,14,539000.0,4900,Silver,GrabFood|GrabCar|GrabBike,3,Jakarta,0
USR002238,Loyal,2024-12-15,17,8,575000.0,6665,Silver,GrabMart|GrabBike|GrabExpress,3,Medan,0
USR000639,Champions,2024-12-21,11,21,1623000.0,18307,Platinum,GrabFood|GrabMart,2,Surabaya,0
USR009820,Hibernating,2024-07-26,159,0,71000.0,737,Member,GrabFood|GrabMart,2,Medan,0
USR003830,Loyal,2024-12-21,11,8,783000.0,7780,Gold,GrabExpress|GrabBike|GrabCar,3,Jakarta,0
USR009395,Hibernating,2024-04-29,247,0,56000.0,570,Member,GrabExpress|GrabBike|GrabFood|GrabMart,4,Surabaya,1
USR006144,Promising,2024-12-29,3,4,217000.0,2005,Silver,GrabMart|GrabExpress,2,Surabaya,1
USR007985,Promising,2024-12-27,5,3,211000.0,2159,Silver,GrabFood|GrabMart,2,Bandung,0
USR009052,Hibernating,2024-04-23,253,0,70000.0,770,Member,GrabMart|GrabExpress,2,Bandung,1
USR006344,Promising,2024-12-17,15,4,230000.0,2169,Silver,GrabExpress|GrabBike,2,Bekasi,1
USR002501,Loyal,2024-12-17,15,11,461000.0,5067,Silver,GrabMart|GrabFood,2,Surabaya,1
USR001958,Loyal,2024-12-20,12,8,523000.0,6187,Silver,GrabExpress,1,Bekasi,0
USR001070,Champions,2024-12-20,12,20,1839000.0,18696,Platinum,GrabCar|GrabExpress,2,Surabaya,0
USR000155,Champions,2024-12-27,5,19,1619000.0,15422,Platinum,GrabMart|GrabBike|GrabCar|GrabExpress,4,Bekasi,0
USR002295,Loyal,2024-12-05,27,8,587000.0,6915,Silver,GrabFood,1,Jakarta,0
USR009801,Hibernating,2024-02-01,335,0,7000.0,74,Member,GrabExpress|GrabCar|GrabMart,3,Jakarta,1
USR004578,At_Risk,2024-10-08,85,5,261000.0,2264,Silver,GrabExpress|GrabMart|GrabBike,3,Surabaya,0
USR001089,Champions,2024-12-26,6,17,2383000.0,28443,Platinum,GrabCar,1,Surabaya,0
USR006049,Promising,2024-12-18,14,5,103000.0,858,Member,GrabCar,1,Bandung,0
USR006415,Promising,2024-12-20,12,4,86000.0,869,Member,GrabExpress,1,Surabaya,0
USR002940,Loyal,2024-12-13,19,8,733000.0,6491,Gold,GrabBike,1,Jakarta,0
USR000723,Champions,2024-12-29,3,27,999000.0,10731,Gold,GrabBike|GrabCar,2,Surabaya,0
USR004384,At_Risk,2024-10-25,68,3,309000.0,3171,Silver,GrabExpress,1,Medan,1
USR000930,Champions,2024-12-23,9,19,2189000.0,17892,Platinum,GrabMart|GrabExpress|GrabBike|GrabCar,4,Surabaya,0
USR002909,Loyal,2024-12-07,25,13,387000.0,4636,Silver,GrabMart|GrabFood,2,Jakarta,0
USR007845,Promising,2024-12-28,4,6,118000.0,1171,Member,GrabMart|GrabExpress,2,Bandung,0
USR006763,Promising,2024-12-25,7,5,218000.0,2028,Silver,GrabBike,1,Jakarta,0
USR008388,Hibernating,2024-04-01,275,0,48000.0,477,Member,GrabBike,1,Jakarta,1
USR006416,Promising,2024-12-27,5,4,146000.0,1689,Member,GrabBike,1,Bekasi,1
USR000895,Champions,2024-12-21,11,21,1507000.0,13302,Platinum,GrabBike|GrabCar,2,Jakarta,0
USR003247,Loyal,2024-12-09,23,11,698000.0,6882,Gold,GrabMart|GrabExpress,2,Jakarta,0
USR002326,Loyal,2024-12-24,8,12,743000.0,8628,Gold,GrabBike|GrabMart,2,Bekasi,0
USR007096,Promising,2024-12-24,8,6,221000.0,2571,Silver,GrabExpress,1,Bekasi,0
USR009505,Hibernating,2024-03-29,278,0,51000.0,574,Member,GrabCar|GrabBike|GrabExpress,3,Bekasi,1
USR007581,Promising,2024-12-15,17,6,203000.0,1627,Silver,GrabExpress,1,Bandung,0
USR009742,Hibernating,2024-02-18,318,0,66000.0,584,Member,GrabFood,1,Bandung,0
USR005038,At_Risk,2024-10-31,62,4,128000.0,1160,Member,GrabBike,1,Surabaya,1
USR006450,Promising,2024-12-29,3,4,122000.0,1219,Member,GrabMart|GrabFood|GrabExpress,3,Surabaya,0
USR004136,At_Risk,2024-11-15,47,3,151000.0,1273,Member,GrabFood|GrabMart,2,Jakarta,1
USR009248,Hibernating,2024-01-27,340,0,55000.0,564,Member,GrabExpress|GrabMart|GrabFood|GrabCar,4,Jakarta,1
USR001715,Loyal,2024-12-04,28,14,450000.0,4422,Silver,GrabMart,1,Bandung,0
USR001698,Loyal,2024-12-15,17,8,421000.0,3790,Silver,GrabExpress,1,Jakarta,0
USR009690,Hibernating,2024-06-20,195,0,63000.0,602,Member,GrabMart|GrabBike|GrabExpress|GrabCar,4,Bekasi,0
USR009549,Hibernating,2024-03-05,302,0,50000.0,522,Member,GrabMart|GrabExpress|GrabCar,3,Bandung,1
USR009971,Hibernating,2024-01-06,361,0,61000.0,593,Member,GrabExpress|GrabMart|GrabBike|GrabFood,4,Bandung,0
USR008224,Hibernating,2024-08-06,148,0,26000.0,279,Member,GrabExpress|GrabFood|GrabCar,3,Surabaya,1
USR003831,Loyal,2024-12-21,11,14,620000.0,6147,Gold,GrabExpress,1,Jakarta,0
USR006299,Promising,2024-12-18,14,6,118000.0,1370,Member,GrabExpress|GrabFood,2,Jakarta,1
USR003348,Loyal,2024-12-23,9,13,613000.0,7208,Gold,GrabExpress|GrabMart|GrabBike,3,Jakarta,0
USR009518,Hibernating,2024-06-02,213,0,36000.0,296,Member,GrabCar|GrabExpress,2,Jakarta,1
USR000985,Champions,2024-12-31,1,21,1424000.0,12520,Gold,GrabMart|GrabExpress,2,Bandung,0
USR001821,Loyal,2024-12-04,28,9,505000.0,4884,Silver,GrabFood,1,Surabaya,0
USR004571,At_Risk,2024-10-09,84,2,213000.0,2412,Silver,GrabExpress|GrabFood|GrabBike|GrabMart,4,Jakarta,0
USR000587,Champions,2024-12-26,6,20,1145000.0,10909,Gold,GrabExpress|GrabMart|GrabBike,3,Bekasi,0
USR009757,Hibernating,2024-02-07,329,0,64000.0,672,Member,GrabExpress|GrabMart|GrabBike,3,Jakarta,0
USR005077,At_Risk,2024-10-05,88,5,289000.0,2585,Silver,GrabFood|GrabMart|GrabCar,3,Bandung,0
USR007782,Promising,2024-12-22,10,7,236000.0,2652,Silver,GrabBike,1,Surabaya,0
USR008323,Hibernating,2024-07-30,155,0,12000.0,132,Member,GrabFood|GrabBike|GrabMart,3,Jakarta,0
USR009522,Hibernating,2024-07-20,165,0,3000.0,27,Member,GrabExpress,1,Surabaya,1
USR009967,Hibernating,2024-05-24,222,0,15000.0,178,Member,GrabCar,1,Jakarta,1
USR005483,At_Risk,2024-10-09,84,4,280000.0,3099,Silver,GrabFood|GrabCar,2,Jakarta,1
USR007746,Promising,2024-12-20,12,4,148000.0,1625,Member,GrabMart,1,Surabaya,0
USR009280,Hibernating,2024-05-27,219,0,66000.0,661,Member,GrabBike|GrabMart,2,Medan,1
USR005514,At_Risk,2024-10-10,83,2,195000.0,2121,Member,GrabMart,1,Bekasi,1
USR009527,Hibernating,2024-02-29,307,0,65000.0,607,Member,GrabFood,1,Jakarta,1
USR008871,Hibernating,2024-08-31,123,0,0.0,0,Member,GrabBike|GrabCar|GrabMart|GrabExpress,4,Bekasi,1
USR005553,At_Risk,2024-10-30,63,3,128000.0,1387,Member,GrabFood,1,Bekasi,0
USR003557,Loyal,2024-12-09,23,8,568000.0,5913,Silver,GrabExpress|GrabFood,2,Bandung,0
USR001395,Champions,2024-12-19,13,29,943000.0,8360,Gold,GrabMart|GrabCar|GrabBike,3,Jakarta,0
USR000264,Champions,2024-12-27,5,22,1394000.0,16693,Gold,GrabCar|GrabFood,2,Bekasi,0
USR003547,Loyal,2024-12-19,13,11,395000.0,4414,Silver,GrabMart|GrabExpress,2,Surabaya,0
USR006844,Promising,2024-12-22,10,6,166000.0,1616,Member,GrabMart,1,Bandung,0
USR007628,Promising,2024-12-19,13,5,152000.0,1244,Member,GrabFood,1,Jakarta,1
USR006788,Promising,2024-12-23,9,3,220000.0,2004,Silver,GrabCar,1,Surabaya,0
USR003069,Loyal,2024-12-13,19,11,549000.0,4543,Silver,GrabCar|GrabBike,2,Bekasi,0
USR005025,At_Risk,2024-11-16,46,3,176000.0,1632,Member,GrabBike,1,Jakarta,0
USR008396,Hibernating,2024-06-27,188,0,64000.0,688,Member,GrabExpress|GrabCar|GrabFood,3,Jakarta,0
USR003864,Loyal,2024-12-06,26,10,470000.0,4749,Silver,GrabBike|GrabMart|GrabCar|GrabFood,4,Jakarta,0
USR009072,Hibernating,2024-02-25,311,0,33000.0,342,Member,GrabFood|GrabExpress,2,Jakarta,1
USR002400,Loyal,2024-12-19,13,14,397000.0,4222,Silver,GrabExpress|GrabMart,2,Jakarta,0
USR006274,Promising,2024-12-26,6,6,128000.0,1143,Member,GrabExpress|GrabMart,2,Medan,1
USR008484,Hibernating,2024-07-03,182,0,12000.0,135,Member,GrabBike|GrabCar,2,Surabaya,1
USR003711,Loyal,2024-12-21,11,12,554000.0,5646,Silver,GrabCar|GrabBike|GrabExpress,3,Bekasi,0
USR000246,Champions,2024-12-21,11,23,1820000.0,19092,Platinum,GrabCar|GrabMart,2,Bekasi,0
USR001594,Loyal,2024-12-08,24,11,754000.0,8878,Gold,GrabCar|GrabFood|GrabMart,3,Bandung,0
USR009682,Hibernating,2024-03-06,301,0,78000.0,858,Member,GrabMart|GrabCar|GrabExpress,3,Bekasi,1
USR001529,Loyal,2024-12-18,14,10,786000.0,8283,Gold,GrabFood|GrabMart|GrabExpress|GrabBike,4,Jakarta,0
USR008223,Hibernating,2024-08-18,136,0,54000.0,443,Member,GrabBike,1,Jakarta,0
USR000923,Champions,2024-12-30,2,29,2000000.0,19150,Platinum,GrabMart|GrabExpress|GrabCar|GrabFood,4,Bandung,0
USR007553,Promising,2024-12-23,9,5,240000.0,1922,Silver,GrabCar|GrabBike,2,Surabaya,0
USR004364,At_Risk,2024-10-28,65,3,200000.0,2317,Member,GrabExpress,1,Bandung,0
USR000669,Champions,2024-12-19,13,29,1295000.0,12835,Gold,GrabFood|GrabBike|GrabCar,3,Bandung,0
USR003604,Loyal,2024-12-10,22,10,457000.0,4483,Silver,GrabBike|GrabMart|GrabCar,3,Surabaya,1
USR005108,At_Risk,2024-10-31,62,3,103000.0,852,Member,GrabCar,1,Bekasi,0
USR001910,Loyal,2024-12-06,26,8,381000.0,4395,Silver,GrabBike,1,Surabaya,0
USR008344,Hibernating,2024-06-14,201,0,75000.0,610,Member,GrabMart|GrabExpress,2,Jakarta,1
USR005248,At_Risk,2024-10-27,66,2,272000.0,3026,Silver,GrabBike|GrabFood|GrabMart|GrabExpress,4,Jakarta,0
USR007183,Promising,2024-12-12,20,5,119000.0,1378,Member,GrabBike,1,Bekasi,0
USR003958,Loyal,2024-12-03,29,13,488000.0,5230,Silver,GrabBike|GrabExpress|GrabMart|GrabCar,4,Bandung,1
USR006957,Promising,2024-12-21,11,7,120000.0,1033,Member,GrabExpress|GrabBike,2,Jakarta,0
USR006026,Promising,2024-12-18,14,3,154000.0,1713,Member,GrabMart|GrabBike,2,Surabaya,0
USR005643,At_Risk,2024-10-18,75,2,337000.0,3181,Silver,GrabFood|GrabCar,2,Jakarta,0
USR002696,Loyal,2024-12-17,15,9,405000.0,3689,Silver,GrabFood,1,Bandung,0
USR002591,Loyal,2024-12-22,10,13,384000.0,3598,Silver,GrabMart|GrabFood|GrabCar,3,Jakarta,0
USR005906,At_Risk,2024-10-07,86,5,239000.0,2657,Silver,GrabFood|GrabExpress,2,Jakarta,0
USR001781,Loyal,2024-12-07,25,11,738000.0,7970,Gold,GrabMart,1,Jakarta,0
USR006509,Promising,2024-12-17,15,7,150000.0,1662,Member,GrabExpress|GrabBike,2,Jakarta,0
USR003013,Loyal,2024-12-22,10,9,492000.0,5830,Silver,GrabFood,1,Bandung,0
USR007133,Promising,2024-12-14,18,4,152000.0,1414,Member,GrabBike|GrabMart,2,Bekasi,0
USR002307,Loyal,2024-12-06,26,12,623000.0,6173,Gold,GrabExpress|GrabBike,2,Surabaya,0
USR007276,Promising,2024-12-16,16,3,208000.0,1732,Silver,GrabFood|GrabMart,2,Jakarta,0
USR003690,Loyal,2024-12-04,28,12,455000.0,4835,Silver,GrabExpress|GrabMart|GrabFood|GrabCar,4,Surabaya,1
USR000687,Champions,2024-12-20,12,24,1991000.0,17361,Platinum,GrabBike|GrabFood|GrabCar,3,Bekasi,0
USR006011,Promising,2024-12-28,4,6,84000.0,784,Member,GrabMart,1,Jakarta,0
USR007071,Promising,2024-12-25,7,5,121000.0,1084,Member,GrabBike|GrabExpress|GrabMart|GrabCar,4,Bandung,0
USR000612,Champions,2024-12-21,11,16,1680000.0,14233,Platinum,GrabBike|GrabCar|GrabFood,3,Jakarta,0
USR007167,Promising,2024-12-25,7,4,117000.0,1318,Member,GrabMart|GrabExpress|GrabCar,3,Jakarta,0
USR009205,Hibernating,2024-02-21,315,0,47000.0,515,Member,GrabFood|GrabMart,2,Bekasi,1
USR003200,Loyal,2024-12-13,19,9,765000.0,7177,Gold,GrabBike|GrabFood|GrabExpress|GrabMart,4,Jakarta,1
USR002267,Loyal,2024-12-15,17,11,748000.0,7973,Gold,GrabCar|GrabExpress,2,Medan,0
USR009781,Hibernating,2024-03-05,302,0,57000.0,566,Member,GrabExpress,1,Surabaya,1
USR006629,Promising,2024-12-21,11,5,84000.0,677,Member,GrabBike,1,Jakarta,0
USR004135,At_Risk,2024-10-25,68,2,272000.0,3165,Silver,GrabFood|GrabMart,2,Bandung,0
USR001898,Loyal,2024-12-07,25,14,543000.0,4724,Silver,GrabMart|GrabCar,2,Bandung,0
USR009530,Hibernating,2024-08-27,127,0,32000.0,280,Member,GrabMart|GrabCar|GrabFood,3,Jakarta,1
USR008153,Hibernating,2024-05-29,217,0,62000.0,683,Member,GrabMart|GrabFood|GrabBike,3,Jakarta,1
USR000258,Champions,2024-12-19,13,25,895000.0,10265,Gold,GrabMart|GrabBike,2,Jakarta,0
USR002924,Loyal,2024-12-23,9,14,423000.0,5035,Silver,GrabMart,1,Bandung,0
USR009424,Hibernating,2024-01-28,339,0,38000.0,450,Member,GrabMart|GrabBike|GrabFood|GrabCar,4,Bandung,1
USR004943,At_Risk,2024-10-20,73,5,325000.0,2839,Silver,GrabBike,1,Jakarta,0
USR002822,Loyal,2024-12-25,7,9,304000.0,3121,Silver,GrabBike,1,Jakarta,0
USR006529,Promising,2024-12-14,18,4,152000.0,1709,Member,GrabExpress|GrabFood,2,Jakarta,1
USR003339,Loyal,2024-12-14,18,11,673000.0,7704,Gold,GrabBike,1,Jakarta,0
USR003525,Loyal,2024-12-16,16,13,427000.0,4908,Silver,GrabBike|GrabCar|GrabExpress,3,Surabaya,1
USR004563,At_Risk,2024-11-12,50,3,272000.0,2995,Silver,GrabBike,1,Bandung,1
USR009656,Hibernating,2024-05-03,243,0,11000.0,89,Member,GrabCar|GrabFood,2,Medan,1
USR007908,Promising,2024-12-18,14,3,138000.0,1306,Member,GrabExpress,1,Bekasi,0
USR005329,At_Risk,2024-11-03,59,2,225000.0,2207,Silver,GrabBike,1,Jakarta,1
USR005223,At_Risk,2024-10-07,86,2,229000.0,2687,Silver,GrabMart,1,Bekasi,1
USR002285,Loyal,2024-12-19,13,11,518000.0,5054,Silver,GrabExpress,1,Surabaya,0
USR006063,Promising,2024-12-14,18,4,225000.0,2518,Silver,GrabBike,1,Bekasi,1
USR004654,At_Risk,2024-11-07,55,5,145000.0,1363,Member,GrabBike|GrabExpress,2,Bandung,0
USR005000,At_Risk,2024-10-19,74,4,216000.0,2409,Silver,GrabBike|GrabMart,2,Surabaya,0
USR006710,Promising,2024-12-21,11,5,202000.0,1937,Silver,GrabFood,1,Surabaya,1
USR009324,Hibernating,2024-09-10,113,0,52000.0,553,Member,GrabExpress|GrabBike|GrabCar|GrabMart,4,Medan,1
USR000484,Champions,2024-12-31,1,28,2378000.0,24823,Platinum,GrabExpress,1,Jakarta,0
USR002211,Loyal,2024-12-14,18,10,515000.0,5386,Silver,GrabBike|GrabExpress|GrabMart|GrabFood,4,Medan,0
USR005416,At_Risk,2024-11-02,60,4,175000.0,1771,Member,GrabCar,1,Jakarta,1
USR007563,Promising,2024-12-29,3,6,168000.0,1914,Member,GrabFood|GrabExpress|GrabBike,3,Surabaya,1
USR002555,Loyal,2024-12-14,18,12,451000.0,4423,Silver,GrabBike|GrabExpress,2,Jakarta,0
USR000007,Champions,2024-12-19,13,25,2246000.0,21867,Platinum,GrabFood,1,Bekasi,0
USR003657,Loyal,2024-12-05,27,10,454000.0,4097,Silver,GrabExpress,1,Surabaya,0
USR006411,Promising,2024-12-20,12,5,81000.0,754,Member,GrabMart|GrabExpress|GrabBike,3,Medan,0
USR009164,Hibernating,2024-05-30,216,0,41000.0,351,Member,GrabExpress|GrabFood,2,Jakarta,1
USR004874,At_Risk,2024-10-18,75,5,109000.0,1010,Member,GrabCar|GrabMart,2,Surabaya,0
USR004402,At_Risk,2024-10-30,63,4,134000.0,1531,Member,GrabCar,1,Jakarta,0
USR008916,Hibernating,2024-09-21,102,0,66000.0,595,Member,GrabExpress|GrabBike|GrabMart,3,Bandung,1
USR005546,At_Risk,2024-10-30,63,2,168000.0,1813,Member,GrabBike|GrabExpress,2,Jakarta,1
USR005297,At_Risk,2024-10-22,71,5,332000.0,2751,Silver,GrabExpress|GrabCar|GrabBike,3,Bekasi,1
USR002426,Loyal,2024-12-04,28,9,422000.0,3381,Silver,GrabFood,1,Surabaya,0
USR006744,Promising,2024-12-23,9,4,84000.0,907,Member,GrabBike,1,Jakarta,0
USR001814,Loyal,2024-12-05,27,13,446000.0,4890,Silver,GrabCar|GrabMart,2,Jakarta,0
USR006822,Promising,2024-12-18,14,5,131000.0,1165,Member,GrabMart,1,Jakarta,0
USR009625,Hibernating,2024-06-26,189,0,51000.0,578,Member,GrabFood,1,Bandung,1
USR002274,Loyal,2024-12-25,7,9,697000.0,6468,Gold,GrabBike,1,Jakarta,1
USR001011,Champions,2024-12-24,8,24,1727000.0,16423,Platinum,GrabMart|GrabFood|GrabCar,3,Surabaya,0
USR001577,Loyal,2024-12-21,11,13,774000.0,7088,Gold,GrabMart|GrabCar|GrabExpress,3,Surabaya,0
USR007264,Promising,2024-12-15,17,6,153000.0,1784,Member,GrabExpress,1,Surabaya,1
USR001067,Champions,2024-12-30,2,23,881000.0,8069,Gold,GrabFood|GrabCar|GrabMart,3,Jakarta,1
USR001991,Loyal,2024-12-09,23,11,640000.0,5646,Gold,GrabMart|GrabCar,2,Medan,0
USR003970,Loyal,2024-12-16,16,9,493000.0,4426,Silver,GrabExpress|GrabMart,2,Surabaya,0
USR009073,Hibernating,2024-01-25,342,0,11000.0,129,Member,GrabExpress,1,Bekasi,1
USR005879,At_Risk,2024-10-28,65,2,302000.0,2656,Silver,GrabMart,1,Bandung,1
USR008430,Hibernating,2024-02-12,324,0,10000.0,108,Member,GrabBike,1,Surabaya,1
USR004542,At_Risk,2024-11-11,51,4,318000.0,2990,Silver,GrabBike,1,Bandung,1
USR009326,Hibernating,2024-05-10,236,0,11000.0,124,Member,GrabMart|GrabFood,2,Surabaya,1
USR007193,Promising,2024-12-29,3,3,138000.0,1484,Member,GrabCar|GrabMart|GrabFood,3,Jakarta,0
USR003867,Loyal,2024-12-10,22,8,362000.0,2902,Silver,GrabBike,1,Jakarta,0
USR009415,Hibernating,2024-08-03,151,0,45000.0,362,Member,GrabCar|GrabBike|GrabExpress|GrabFood,4,Surabaya,1
USR006823,Promising,2024-12-12,20,5,184000.0,2051,Member,GrabExpress|GrabBike|GrabMart,3,Medan,0
USR003048,Loyal,2024-12-12,20,11,734000.0,6806,Gold,GrabBike,1,Bekasi,1
USR000781,Champions,2024-12-26,6,18,2412000.0,25941,Platinum,GrabExpress|GrabCar|GrabFood,3,Jakarta,0
USR006747,Promising,2024-12-24,8,5,139000.0,1590,Member,GrabBike,1,Jakarta,1
USR002675,Loyal,2024-12-24,8,12,410000.0,3298,Silver,GrabMart|GrabBike,2,Bandung,0
USR001749,Loyal,2024-12-07,25,12,739000.0,6103,Gold,GrabMart|GrabFood|GrabExpress|GrabBike,4,Jakarta,0
USR006222,Promising,2024-12-28,4,3,164000.0,1593,Member,GrabFood|GrabExpress|GrabCar,3,Surabaya,0
USR007946,Promising,2024-12-12,20,7,224000.0,2402,Silver,GrabMart|GrabCar|GrabBike,3,Surabaya,0
USR002791,Loyal,2024-12-22,10,10,582000.0,5372,Silver,GrabExpress|GrabBike|GrabCar,3,Jakarta,0
USR006519,Promising,2024-12-28,4,6,104000.0,837,Member,GrabBike|GrabCar,2,Bekasi,1
USR005774,At_Risk,2024-11-07,55,2,339000.0,3139,Silver,GrabBike,1,Jakarta,0
USR006357,Promising,2024-12-12,20,3,247000.0,2723,Silver,GrabExpress|GrabCar|GrabBike,3,Jakarta,0
USR004979,At_Risk,2024-11-05,57,4,230000.0,2380,Silver,GrabMart,1,Bekasi,0
USR007588,Promising,2024-12-28,4,6,247000.0,2270,Silver,GrabMart|GrabFood|GrabExpress,3,Medan,1
USR001091,Champions,2024-12-29,3,25,1573000.0,17004,Platinum,GrabFood|GrabBike|GrabCar|GrabMart,4,Bandung,0
USR006526,Promising,2024-12-13,19,5,130000.0,1535,Member,GrabFood,1,Jakarta,1
USR009607,Hibernating,2024-07-28,157,0,8000.0,69,Member,GrabBike|GrabCar|GrabMart,3,Surabaya,1
USR004627,At_Risk,2024-10-31,62,2,228000.0,2302,Silver,GrabBike|GrabMart,2,Bandung,0
USR002324,Loyal,2024-12-18,14,13,663000.0,7166,Gold,GrabCar|GrabExpress,2,Jakarta,1
USR006534,Promising,2024-12-23,9,5,164000.0,1388,Member,GrabExpress|GrabCar|GrabFood,3,Jakarta,0
USR008971,Hibernating,2024-08-16,138,0,46000.0,505,Member,GrabExpress,1,Medan,1
USR005055,At_Risk,2024-11-13,49,5,122000.0,1294,Member,GrabMart|GrabFood,2,Medan,1
USR002608,Loyal,2024-12-10,22,14,613000.0,6935,Gold,GrabMart|GrabFood,2,Medan,0
USR009020,Hibernating,2024-09-01,122,0,26000.0,275,Member,GrabBike|GrabMart|GrabFood,3,Jakarta,1
USR002290,Loyal,2024-12-14,18,9,621000.0,7235,Gold,GrabExpress|GrabMart,2,Bekasi,0
USR001727,Loyal,2024-12-25,7,11,351000.0,3130,Silver,GrabFood|GrabCar,2,Jakarta,0
USR000610,Champions,2024-12-19,13,20,2344000.0,21738,Platinum,GrabCar|GrabBike,2,Medan,0
USR004666,At_Risk,2024-10-05,88,2,194000.0,2167,Member,GrabExpress|GrabMart,2,Bekasi,1
USR008051,Hibernating,2024-06-26,189,0,13000.0,148,Member,GrabFood|GrabMart,2,Bekasi,0
USR005413,At_Risk,2024-11-03,59,2,116000.0,1002,Member,GrabFood,1,Bekasi,0
USR000343,Champions,2024-12-24,8,22,1439000.0,15055,Gold,GrabMart|GrabFood|GrabCar,3,Surabaya,0
USR004683,At_Risk,2024-11-07,55,2,285000.0,2467,Silver,GrabExpress|GrabBike|GrabCar,3,Bandung,0
USR008784,Hibernating,2024-06-27,188,0,78000.0,647,Member,GrabMart|GrabFood|GrabExpress|GrabBike,4,Bekasi,1
USR003750,Loyal,2024-12-07,25,11,459000.0,4012,Silver,GrabBike|GrabFood|GrabExpress,3,Bandung,0
USR008453,Hibernating,2024-05-13,233,0,75000.0,698,Member,GrabExpress|GrabBike,2,Surabaya,1
USR009307,Hibernating,2024-07-11,174,0,2000.0,22,Member,GrabExpress,1,Medan,1
USR005999,At_Risk,2024-11-14,48,2,336000.0,3277,Silver,GrabMart|GrabCar|GrabBike,3,Jakarta,1
USR003215,Loyal,2024-12-16,16,9,762000.0,7717,Gold,GrabExpress|GrabBike|GrabMart,3,Jakarta,0
USR000097,Champions,2024-12-31,1,25,845000.0,8276,Gold,GrabBike|GrabFood|GrabExpress,3,Medan,0
USR007387,Promising,2024-12-16,16,6,101000.0,1201,Member,GrabMart,1,Surabaya,0
USR007665,Promising,2024-12-16,16,6,85000.0,878,Member,GrabExpress|GrabBike|GrabFood,3,Jakarta,0
USR005176,At_Risk,2024-10-09,84,5,288000.0,3330,Silver,GrabFood,1,Jakarta,0
USR007279,Promising,2024-12-25,7,6,125000.0,1169,Member,GrabCar,1,Medan,1
USR006165,Promising,2024-12-24,8,6,248000.0,2756,Silver,GrabExpress|GrabFood,2,Medan,0
USR001537,Loyal,2024-12-04,28,9,338000.0,3087,Silver,GrabMart|GrabCar|GrabBike|GrabFood,4,Jakarta,0
USR003588,Loyal,2024-12-18,14,10,336000.0,3097,Silver,GrabExpress|GrabBike|GrabCar|GrabFood,4,Jakarta,0
USR009442,Hibernating,2024-01-03,364,0,3000.0,28,Member,GrabBike|GrabCar|GrabFood|GrabExpress,4,Jakarta,1
USR006985,Promising,2024-12-17,15,3,186000.0,2079,Member,GrabMart|GrabExpress,2,Bekasi,0
USR003648,Loyal,2024-12-19,13,11,323000.0,3311,Silver,GrabExpress|GrabBike|GrabCar,3,Surabaya,0
USR002657,Loyal,2024-12-13,19,14,732000.0,6596,Gold,GrabExpress,1,Jakarta,0
USR009826,Hibernating,2024-05-22,224,0,48000.0,388,Member,GrabFood,1,Surabaya,1
USR001517,Loyal,2024-12-13,19,14,426000.0,4748,Silver,GrabCar|GrabMart,2,Jakarta,0
USR005061,At_Risk,2024-10-10,83,3,297000.0,3022,Silver,GrabMart|GrabExpress|GrabBike|GrabCar,4,Medan,1
USR009349,Hibernating,2024-08-08,146,0,6000.0,65,Member,GrabExpress|GrabFood|GrabMart,3,Jakarta,1
USR004624,At_Risk,2024-10-18,75,3,274000.0,2801,Silver,GrabExpress,1,Jakarta,0
USR004272,At_Risk,2024-10-06,87,5,115000.0,1143,Member,GrabExpress|GrabCar,2,Bekasi,1
USR003669,Loyal,2024-12-17,15,9,765000.0,7512,Gold,GrabMart|GrabFood,2,Bandung,0
USR006566,Promising,2024-12-17,15,4,225000.0,1894,Silver,GrabCar|GrabFood,2,Medan,0
USR005800,At_Risk,2024-10-25,68,5,200000.0,1640,Member,GrabCar,1,Bekasi,0
USR002090,Loyal,2024-12-25,7,9,766000.0,7699,Gold,GrabMart|GrabCar,2,Bandung,0
USR007097,Promising,2024-12-21,11,6,105000.0,1001,Member,GrabFood|GrabBike,2,Medan,1
USR006171,Promising,2024-12-27,5,6,117000.0,940,Member,GrabExpress|GrabMart,2,Jakarta,0
USR000572,Champions,2024-12-27,5,25,1787000.0,20619,Platinum,GrabExpress|GrabCar|GrabFood,3,Jakarta,0
USR009558,Hibernating,2024-01-15,352,0,75000.0,728,Member,GrabCar,1,Jakarta,1
USR004688,At_Risk,2024-10-12,81,3,342000.0,3970,Silver,GrabMart|GrabExpress|GrabFood|GrabBike,4,Jakarta,0
USR009074,Hibernating,2024-03-13,294,0,3000.0,33,Member,GrabCar|GrabBike|GrabMart|GrabExpress,4,Jakarta,1
USR003062,Loyal,2024-12-10,22,14,584000.0,6094,Silver,GrabExpress,1,Bekasi,0
USR009293,Hibernating,2024-05-25,221,0,57000.0,562,Member,GrabFood,1,Jakarta,1
USR006470,Promising,2024-12-25,7,6,111000.0,935,Member,GrabBike|GrabCar|GrabFood|GrabExpress,4,Bandung,0
USR007160,Promising,2024-12-14,18,7,92000.0,923,Member,GrabExpress|GrabMart,2,Jakarta,0
USR006633,Promising,2024-12-22,10,4,107000.0,981,Member,GrabMart|GrabFood|GrabCar,3,Surabaya,0
USR008491,Hibernating,2024-03-05,302,0,26000.0,271,Member,GrabExpress|GrabBike,2,Jakarta,1
USR007925,Promising,2024-12-27,5,4,140000.0,1260,Member,GrabFood|GrabMart|GrabCar|GrabBike,4,Jakarta,0
USR007345,Promising,2024-12-24,8,4,87000.0,767,Member,GrabBike,1,Jakarta,0
USR006304,Promising,2024-12-22,10,3,131000.0,1220,Member,GrabMart|GrabExpress,2,Bandung,1
USR007900,Promising,2024-12-26,6,7,225000.0,2210,Silver,GrabMart|GrabBike,2,Jakarta,0
USR009439,Hibernating,2024-07-14,171,0,72000.0,823,Member,GrabCar|GrabExpress|GrabFood|GrabMart,4,Jakarta,1
USR008185,Hibernating,2024-08-29,125,0,16000.0,132,Member,GrabCar,1,Surabaya,0
USR004479,At_Risk,2024-10-21,72,5,222000.0,2450,Silver,GrabExpress,1,Jakarta,0
USR004948,At_Risk,2024-10-20,73,4,131000.0,1559,Member,GrabMart|GrabBike|GrabCar|GrabFood,4,Surabaya,0
USR005976,At_Risk,2024-11-08,54,3,243000.0,2898,Silver,GrabCar|GrabMart,2,Jakarta,1
USR000370,Champions,2024-12-29,3,21,1916000.0,19955,Platinum,GrabCar|GrabExpress,2,Bandung,0
USR001938,Loyal,2024-12-24,8,9,791000.0,9263,Gold,GrabFood,1,Bandung,1
USR002352,Loyal,2024-12-10,22,14,417000.0,4108,Silver,GrabExpress,1,Bekasi,0
USR007127,Promising,2024-12-19,13,5,202000.0,1947,Silver,GrabCar|GrabBike,2,Jakarta,0
USR001753,Loyal,2024-12-08,24,13,496000.0,4716,Silver,GrabExpress,1,Surabaya,0
USR003670,Loyal,2024-12-18,14,11,722000.0,6750,Gold,GrabExpress,1,Jakarta,0
USR007298,Promising,2024-12-21,11,6,170000.0,1623,Member,GrabMart|GrabExpress,2,Surabaya,0
USR003652,Loyal,2024-12-07,25,14,306000.0,3303,Silver,GrabExpress|GrabBike,2,Jakarta,1
USR005201,At_Risk,2024-10-13,80,5,168000.0,1813,Member,GrabFood,1,Jakarta,1
USR007909,Promising,2024-12-16,16,5,89000.0,839,Member,GrabFood,1,Medan,0
USR002361,Loyal,2024-12-17,15,9,562000.0,6312,Silver,GrabBike|GrabExpress|GrabFood,3,Jakarta,0
USR004260,At_Risk,2024-11-07,55,4,241000.0,2220,Silver,GrabCar,1,Jakarta,0
USR005432,At_Risk,2024-11-12,50,3,126000.0,1101,Member,GrabMart|GrabCar|GrabBike,3,Bekasi,0
USR006285,Promising,2024-12-12,20,4,250000.0,2147,Silver,GrabMart|GrabExpress,2,Bandung,0
USR004991,At_Risk,2024-11-15,47,3,206000.0,2402,Silver,GrabMart|GrabBike|GrabCar,3,Jakarta,1
USR007600,Promising,2024-12-13,19,5,224000.0,2144,Silver,GrabCar|GrabBike|GrabExpress|GrabMart,4,Bandung,0
USR009462,Hibernating,2024-02-13,323,0,45000.0,523,Member,GrabBike,1,Medan,0
USR003737,Loyal,2024-12-17,15,13,317000.0,3354,Silver,GrabFood|GrabCar,2,Jakarta,0
USR007520,Promising,2024-12-25,7,5,235000.0,2800,Silver,GrabFood|GrabBike,2,Bekasi,0
USR008559,Hibernating,2024-06-03,212,0,14000.0,122,Member,GrabCar,1,Surabaya,1
USR008926,Hibernating,2024-06-07,208,0,28000.0,276,Member,GrabMart|GrabExpress|GrabBike,3,Jakarta,1
USR009990,Hibernating,2024-01-23,344,0,78000.0,919,Member,GrabMart|GrabBike|GrabExpress|GrabCar,4,Jakarta,1
USR005591,At_Risk,2024-11-01,61,4,130000.0,1237,Member,GrabFood|GrabCar,2,Jakarta,0
USR001171,Champions,2024-12-29,3,27,1580000.0,17286,Platinum,GrabBike|GrabCar|GrabFood,3,Jakarta,0
USR007370,Promising,2024-12-12,20,4,247000.0,2570,Silver,GrabBike|GrabMart|GrabExpress|GrabCar,4,Bekasi,0
USR007937,Promising,2024-12-20,12,6,89000.0,875,Member,GrabCar|GrabBike|GrabFood,3,Bandung,0
USR008086,Hibernating,2024-02-21,315,0,7000.0,75,Member,GrabCar|GrabExpress|GrabMart,3,Surabaya,1
USR001422,Champions,2024-12-21,11,16,2179000.0,21247,Platinum,GrabMart|GrabCar,2,Jakarta,0
USR006782,Promising,2024-12-17,15,6,156000.0,1556,Member,GrabBike,1,Jakarta,1
USR009443,Hibernating,2024-05-05,241,0,5000.0,55,Member,GrabCar|GrabMart,2,Surabaya,1
USR008139,Hibernating,2024-08-19,135,0,15000.0,130,Member,GrabMart,1,Surabaya,1
USR009350,Hibernating,2024-02-22,314,0,20000.0,203,Member,GrabBike,1,Bekasi,1
USR008018,Hibernating,2024-07-22,163,0,27000.0,257,Member,GrabExpress,1,Medan,1
USR006339,Promising,2024-12-29,3,7,221000.0,2264,Silver,GrabBike,1,Medan,0
USR009647,Hibernating,2024-06-24,191,0,15000.0,174,Member,GrabMart|GrabExpress|GrabBike,3,Jakarta,1
USR000874,Champions,2024-12-22,10,21,1385000.0,14011,Gold,GrabFood|GrabMart,2,Jakarta,0
USR002297,Loyal,2024-12-06,26,13,531000.0,4413,Silver,GrabFood|GrabMart,2,Bekasi,0
USR002643,Loyal,2024-12-12,20,11,790000.0,7469,Gold,GrabBike,1,Jakarta,0
USR007531,Promising,2024-12-16,16,7,133000.0,1220,Member,GrabMart,1,Medan,0
USR001719,Loyal,2024-12-14,18,12,502000.0,5094,Silver,GrabExpress,1,Jakarta,0
USR005347,At_Risk,2024-10-27,66,3,235000.0,2462,Silver,GrabFood|GrabCar|GrabMart,3,Jakarta,1
USR005932,At_Risk,2024-10-24,69,3,334000.0,3624,Silver,GrabFood,1,Jakarta,0
USR000840,Champions,2024-12-28,4,22,1637000.0,15338,Platinum,GrabBike|GrabExpress|GrabFood,3,Jakarta,0
USR009937,Hibernating,2024-08-16,138,0,22000.0,234,Member,GrabBike|GrabFood|GrabMart,3,Jakarta,0
USR000581,Champions,2024-12-22,10,19,1353000.0,15703,Gold,GrabCar|GrabMart|GrabExpress,3,Bandung,0
USR000204,Champions,2024-12-26,6,24,1043000.0,9462,Gold,GrabCar|GrabFood,2,Jakarta,0
USR001641,Loyal,2024-12-14,18,9,660000.0,6549,Gold,GrabCar,1,Jakarta,0
USR002014,Loyal,2024-12-09,23,13,461000.0,4055,Silver,GrabFood|GrabExpress|GrabCar,3,Surabaya,1
USR003253,Loyal,2024-12-24,8,14,350000.0,3481,Silver,GrabExpress|GrabCar|GrabMart,3,Jakarta,0
USR007540,Promising,2024-12-28,4,6,122000.0,1282,Member,GrabCar|GrabMart,2,Jakarta,0
USR000905,Champions,2024-12-29,3,25,1820000.0,21151,Platinum,GrabBike|GrabFood|GrabCar,3,Medan,0
USR000631,Champions,2024-12-29,3,22,1463000.0,14272,Gold,GrabExpress|GrabBike|GrabFood,3,Jakarta,0
USR008420,Hibernating,2024-07-21,164,0,21000.0,246,Member,GrabCar|GrabFood,2,Medan,1
USR007823,Promising,2024-12-25,7,5,113000.0,912,Member,GrabMart|GrabBike,2,Jakarta,1
USR001974,Loyal,2024-12-24,8,11,409000.0,4595,Silver,GrabFood,1,Jakarta,0
USR000162,Champions,2024-12-21,11,19,2409000.0,19365,Platinum,GrabBike|GrabMart,2,Bandung,0
USR004998,At_Risk,2024-10-19,74,2,306000.0,3354,Silver,GrabBike,1,Medan,1
USR001243,Champions,2024-12-28,4,24,2455000.0,23019,Platinum,GrabFood|GrabBike|GrabCar,3,Jakarta,0
USR009450,Hibernating,2024-04-23,253,0,25000.0,284,Member,GrabMart,1,Jakarta,1
USR007764,Promising,2024-12-12,20,5,234000.0,2657,Silver,GrabFood,1,Jakarta,1
USR004713,At_Risk,2024-10-12,81,4,214000.0,1765,Silver,GrabExpress|GrabBike,2,Jakarta,0
USR000875,Champions,2024-12-26,6,26,1683000.0,14010,Platinum,GrabExpress|GrabMart|GrabCar,3,Jakarta,0
USR001431,Champions,2024-12-30,2,16,1531000.0,14823,Platinum,GrabMart|GrabExpress|GrabBike|GrabCar,4,Surabaya,0
USR008738,Hibernating,2024-01-04,363,0,26000.0,212,Member,GrabCar,1,Jakarta,1
USR006868,Promising,2024-12-16,16,3,88000.0,942,Member,GrabMart,1,Bandung,1
USR004643,At_Risk,2024-10-30,63,5,137000.0,1463,Member,GrabExpress|GrabMart,2,Jakarta,1
USR005080,At_Risk,2024-10-19,74,5,207000.0,2015,Silver,GrabExpress|GrabCar,2,Bandung,1
USR005783,At_Risk,2024-10-06,87,2,110000.0,1208,Member,GrabFood|GrabCar,2,Jakarta,1
USR009138,Hibernating,2024-01-13,354,0,78000.0,788,Member,GrabExpress|GrabMart,2,Bekasi,1
USR007616,Promising,2024-12-12,20,3,237000.0,2388,Silver,GrabExpress|GrabBike,2,Jakarta,0
USR008039,Hibernating,2024-03-20,287,0,55000.0,657,Member,GrabCar,1,Medan,1
USR007955,Promising,2024-12-28,4,3,182000.0,1826,Member,GrabExpress|GrabFood|GrabMart|GrabCar,4,Surabaya,0
USR009437,Hibernating,2024-09-22,101,0,50000.0,545,Member,GrabMart,1,Jakarta,1
USR002856,Loyal,2024-12-20,12,13,518000.0,4645,Silver,GrabBike,1,Jakarta,0
USR001861,Loyal,2024-12-25,7,14,353000.0,4233,Silver,GrabCar|GrabMart,2,Bandung,0
USR002659,Loyal,2024-12-13,19,8,419000.0,4644,Silver,GrabBike|GrabMart|GrabFood,3,Jakarta,0
USR003384,Loyal,2024-12-08,24,8,313000.0,2516,Silver,GrabBike|GrabFood|GrabExpress|GrabMart,4,Jakarta,0
USR009564,Hibernating,2024-09-06,117,0,67000.0,759,Member,GrabMart,1,Bekasi,1
USR009776,Hibernating,2024-01-25,342,0,50000.0,535,Member,GrabCar|GrabFood|GrabBike,3,Jakarta,0
USR008090,Hibernating,2024-09-24,99,0,9000.0,96,Member,GrabCar|GrabExpress,2,Jakarta,1
USR008347,Hibernating,2024-02-12,324,0,30000.0,261,Member,GrabExpress|GrabFood|GrabMart,3,Jakarta,1
USR007462,Promising,2024-12-27,5,5,185000.0,2011,Member,GrabCar|GrabFood,2,Jakarta,0
USR006886,Promising,2024-12-27,5,7,119000.0,1335,Member,GrabBike|GrabMart|GrabCar|GrabExpress,4,Bandung,0
USR004733,At_Risk,2024-10-16,77,2,195000.0,2182,Member,GrabBike|GrabFood,2,Bandung,0
USR003331,Loyal,2024-12-16,16,10,331000.0,2707,Silver,GrabBike|GrabCar,2,Bandung,0
USR009006,Hibernating,2024-07-05,180,0,20000.0,215,Member,GrabCar,1,Jakarta,1
USR008635,Hibernating,2024-02-20,316,0,64000.0,764,Member,GrabExpress,1,Jakarta,1
USR006404,Promising,2024-12-17,15,3,247000.0,2297,Silver,GrabMart,1,Surabaya,1
USR008346,Hibernating,2024-03-02,305,0,48000.0,396,Member,GrabFood|GrabExpress,2,Medan,1
USR009464,Hibernating,2024-01-22,345,0,58000.0,467,Member,GrabExpress|GrabCar,2,Bekasi,1
USR007060,Promising,2024-12-29,3,7,239000.0,2657,Silver,GrabBike|GrabFood,2,Surabaya,0
USR002096,Loyal,2024-12-22,10,12,766000.0,6221,Gold,GrabExpress|GrabBike|GrabFood,3,Surabaya,0
USR002003,Loyal,2024-12-22,10,9,361000.0,4115,Silver,GrabCar,1,Bekasi,0
USR008804,Hibernating,2024-07-20,165,0,19000.0,224,Member,GrabMart,1,Bandung,1
USR009732,Hibernating,2024-07-05,180,0,18000.0,167,Member,GrabMart,1,Medan,1
USR004676,At_Risk,2024-10-30,63,2,229000.0,2407,Silver,GrabBike|GrabMart,2,Bandung,1
USR005017,At_Risk,2024-11-15,47,2,243000.0,1945,Silver,GrabMart|GrabExpress,2,Bekasi,0
USR007469,Promising,2024-12-15,17,4,80000.0,832,Member,GrabFood,1,Jakarta,1
USR000546,Champions,2024-12-20,12,17,1691000.0,15953,Platinum,GrabCar|GrabMart,2,Jakarta,0
USR001449,Champions,2024-12-26,6,29,1859000.0,19505,Platinum,GrabMart|GrabFood|GrabCar|GrabExpress,4,Bandung,0
USR003986,Loyal,2024-12-03,29,9,456000.0,5372,Silver,GrabMart|GrabExpress,2,Surabaya,0
USR006900,Promising,2024-12-26,6,3,224000.0,2386,Silver,GrabExpress,1,Bekasi,0
USR002610,Loyal,2024-12-20,12,8,693000.0,6283,Gold,GrabMart,1,Bekasi,0
USR001900,Loyal,2024-12-14,18,11,584000.0,4949,Silver,GrabExpress,1,Jakarta,0
USR003920,Loyal,2024-12-21,11,9,717000.0,6172,Gold,GrabExpress|GrabBike|GrabFood|GrabCar,4,Jakarta,0
USR002757,Loyal,2024-12-11,21,9,317000.0,2857,Silver,GrabCar|GrabBike,2,Jakarta,0
USR006124,Promising,2024-12-12,20,7,196000.0,1617,Member,GrabCar,1,Jakarta,0
USR006397,Promising,2024-12-26,6,4,249000.0,2981,Silver,GrabExpress|GrabBike,2,Bandung,0
USR001885,Loyal,2024-12-03,29,12,644000.0,6638,Gold,GrabMart|GrabExpress|GrabBike,3,Surabaya,0
USR009823,Hibernating,2024-06-29,186,0,61000.0,496,Member,GrabCar|GrabExpress|GrabMart,3,Bandung,0
USR005738,At_Risk,2024-11-14,48,5,120000.0,1226,Member,GrabFood|GrabMart,2,Bandung,0
USR008667,Hibernating,2024-01-19,348,0,15000.0,143,Member,GrabMart,1,Bandung,0
USR005890,At_Risk,2024-10-06,87,2,187000.0,1542,Member,GrabMart,1,Jakarta,1
USR002097,Loyal,2024-12-09,23,11,501000.0,4443,Silver,GrabCar|GrabBike|GrabFood|GrabMart,4,Medan,0
USR009289,Hibernating,2024-08-15,139,0,22000.0,200,Member,GrabCar|GrabFood,2,Jakarta,1
USR005692,At_Risk,2024-10-25,68,2,210000.0,1751,Silver,GrabFood|GrabMart,2,Jakarta,0
USR000499,Champions,2024-12-20,12,16,1352000.0,12829,Gold,GrabExpress|GrabMart|GrabCar|GrabBike,4,Jakarta,0
USR005624,At_Risk,2024-11-04,58,4,232000.0,2023,Silver,GrabBike,1,Bekasi,1
USR000836,Champions,2024-12-24,8,19,1910000.0,16146,Platinum,GrabCar|GrabFood,2,Bandung,0
USR003471,Loyal,2024-12-11,21,10,511000.0,4703,Silver,GrabMart,1,Jakarta,1
USR004697,At_Risk,2024-10-24,69,4,128000.0,1439,Member,GrabBike|GrabCar,2,Jakarta,0
USR006280,Promising,2024-12-13,19,6,145000.0,1361,Member,GrabBike,1,Jakarta,1
USR008883,Hibernating,2024-03-07,300,0,55000.0,502,Member,GrabFood|GrabMart|GrabCar,3,Jakarta,1
USR002171,Loyal,2024-12-05,27,12,643000.0,5235,Gold,GrabBike|GrabCar|GrabFood,3,Jakarta,0
USR009231,Hibernating,2024-06-13,202,0,43000.0,361,Member,GrabCar|GrabMart|GrabFood|GrabBike,4,Bandung,1
USR005678,At_Risk,2024-10-15,78,2,312000.0,2966,Silver,GrabBike,1,Surabaya,1
USR009184,Hibernating,2024-07-10,175,0,42000.0,463,Member,GrabExpress|GrabBike|GrabCar,3,Jakarta,1
USR000398,Champions,2024-12-31,1,22,1513000.0,16266,Platinum,GrabMart,1,Jakarta,0
USR002010,Loyal,2024-12-13,19,10,699000.0,6903,Gold,GrabFood,1,Jakarta,0
USR005166,At_Risk,2024-10-09,84,5,177000.0,1556,Member,GrabFood|GrabMart,2,Surabaya,1
USR005871,At_Risk,2024-11-02,60,3,231000.0,2157,Silver,GrabBike,1,Bandung,0
USR009792,Hibernating,2024-03-13,294,0,23000.0,246,Member,GrabExpress|GrabMart,2,Surabaya,1
USR001283,Champions,2024-12-22,10,16,1425000.0,16032,Gold,GrabExpress|GrabBike,2,Surabaya,0
USR008390,Hibernating,2024-05-31,215,0,74000.0,754,Member,GrabMart,1,Bandung,1
USR002448,Loyal,2024-12-15,17,12,550000.0,5049,Silver,GrabBike|GrabFood,2,Medan,0
USR004256,At_Risk,2024-10-09,84,5,129000.0,1224,Member,GrabExpress|GrabCar|GrabMart,3,Jakarta,0
USR001836,Loyal,2024-12-20,12,11,738000.0,7796,Gold,GrabBike|GrabExpress|GrabFood,3,Jakarta,0
USR009596,Hibernating,2024-08-21,133,0,51000.0,514,Member,GrabFood|GrabBike,2,Bekasi,1
USR001019,Champions,2024-12-20,12,23,2123000.0,23945,Platinum,GrabFood|GrabBike,2,Jakarta,0
USR005066,At_Risk,2024-11-12,50,2,202000.0,2328,Silver,GrabCar|GrabMart|GrabBike,3,Surabaya,0
USR001326,Champions,2024-12-22,10,22,1857000.0,18238,Platinum,GrabMart|GrabExpress|GrabCar,3,Surabaya,0
USR008752,Hibernating,2024-04-22,254,0,79000.0,905,Member,GrabBike,1,Jakarta,1
USR000475,Champions,2024-12-19,13,25,2401000.0,21194,Platinum,GrabExpress|GrabBike,2,Jakarta,0
USR002810,Loyal,2024-12-14,18,13,445000.0,4145,Silver,GrabCar|GrabMart|GrabBike,3,Jakarta,0
USR008632,Hibernating,2024-09-16,107,0,58000.0,660,Member,GrabMart,1,Surabaya,1
USR001651,Loyal,2024-12-10,22,14,420000.0,4146,Silver,GrabMart|GrabFood|GrabExpress,3,Bandung,1
USR009611,Hibernating,2024-08-18,136,0,12000.0,98,Member,GrabExpress|GrabBike,2,Jakarta,1
USR001169,Champions,2024-12-28,4,27,1093000.0,8816,Gold,GrabCar|GrabFood,2,Jakarta,0
USR002528,Loyal,2024-12-14,18,13,686000.0,7948,Gold,GrabBike,1,Jakarta,0
USR001206,Champions,2024-12-30,2,29,1414000.0,13489,Gold,GrabFood|GrabExpress,2,Medan,0
USR006256,Promising,2024-12-25,7,7,105000.0,1088,Member,GrabMart|GrabBike,2,Jakarta,0
USR007926,Promising,2024-12-16,16,7,183000.0,1600,Member,GrabBike|GrabCar|GrabFood,3,Surabaya,0
USR005469,At_Risk,2024-11-15,47,2,143000.0,1396,Member,GrabMart|GrabBike|GrabFood,3,Bekasi,0
USR009383,Hibernating,2024-06-06,209,0,56000.0,659,Member,GrabMart|GrabFood,2,Bekasi,1
USR000431,Champions,2024-12-20,12,21,1103000.0,11030,Gold,GrabCar|GrabExpress|GrabMart|GrabBike,4,Bekasi,0
USR007700,Promising,2024-12-16,16,3,220000.0,1882,Silver,GrabBike|GrabMart|GrabCar,3,Bandung,0
USR000867,Champions,2024-12-28,4,23,1987000.0,23078,Platinum,GrabFood|GrabExpress|GrabBike,3,Jakarta,0
USR002974,Loyal,2024-12-16,16,13,523000.0,4643,Silver,GrabFood,1,Medan,0
USR005236,At_Risk,2024-11-09,53,4,177000.0,1676,Member,GrabExpress|GrabMart,2,Medan,0
USR005093,At_Risk,2024-10-08,85,3,337000.0,3057,Silver,GrabCar,1,Medan,0
USR005433,At_Risk,2024-10-22,71,4,117000.0,1378,Member,GrabFood,1,Surabaya,1
USR000541,Champions,2024-12-28,4,27,2452000.0,23494,Platinum,GrabMart|GrabCar,2,Bekasi,0
USR005195,At_Risk,2024-10-20,73,2,188000.0,1850,Member,GrabFood|GrabExpress,2,Medan,0
USR001132,Champions,2024-12-26,6,22,2016000.0,22320,Platinum,GrabMart|GrabFood|GrabExpress,3,Surabaya,0
USR009837,Hibernating,2024-08-30,124,0,55000.0,560,Member,GrabExpress,1,Bekasi,1
USR004501,At_Risk,2024-10-27,66,4,118000.0,1378,Member,GrabBike|GrabExpress,2,Jakarta,1
USR006354,Promising,2024-12-23,9,6,138000.0,1429,Member,GrabExpress|GrabCar|GrabMart,3,Jakarta,1
USR009333,Hibernating,2024-07-21,164,0,54000.0,438,Member,GrabMart,1,Jakarta,1
USR003390,Loyal,2024-12-07,25,14,523000.0,4285,Silver,GrabBike|GrabMart,2,Bandung,0
USR003888,Loyal,2024-12-20,12,13,406000.0,3868,Silver,GrabMart,1,Bekasi,0
USR002962,Loyal,2024-12-13,19,14,461000.0,3842,Silver,GrabExpress|GrabBike,2,Jakarta,0
USR004155,At_Risk,2024-11-07,55,5,348000.0,2915,Silver,GrabCar|GrabMart|GrabExpress,3,Jakarta,1
USR003259,Loyal,2024-12-16,16,11,510000.0,5420,Silver,GrabMart|GrabFood,2,Bekasi,0
USR006302,Promising,2024-12-23,9,7,234000.0,2312,Silver,GrabExpress,1,Bekasi,1
USR006034,Promising,2024-12-19,13,3,191000.0,1640,Member,GrabFood,1,Bandung,0
USR007918,Promising,2024-12-18,14,3,117000.0,1092,Member,GrabBike,1,Jakarta,0
USR009936,Hibernating,2024-09-16,107,0,37000.0,422,Member,GrabMart,1,Bekasi,1
USR002583,Loyal,2024-12-22,10,12,503000.0,5400,Silver,GrabExpress,1,Jakarta,0
USR002813,Loyal,2024-12-25,7,10,347000.0,4131,Silver,GrabExpress,1,Bandung,0
USR003959,Loyal,2024-12-16,16,13,391000.0,4250,Silver,GrabFood|GrabMart,2,Jakarta,0
USR002947,Loyal,2024-12-03,29,13,790000.0,6367,Gold,GrabBike|GrabCar|GrabMart|GrabExpress,4,Jakarta,0
USR006643,Promising,2024-12-22,10,3,114000.0,1093,Member,GrabCar|GrabFood,2,Surabaya,1
USR005174,At_Risk,2024-10-11,82,4,261000.0,2523,Silver,GrabFood,1,Bekasi,1
USR006841,Promising,2024-12-29,3,6,104000.0,1184,Member,GrabExpress,1,Bekasi,0
USR008298,Hibernating,2024-01-03,364,0,5000.0,58,Member,GrabBike|GrabFood,2,Jakarta,1
USR003586,Loyal,2024-12-14,18,13,398000.0,3992,Silver,GrabExpress|GrabMart,2,Bandung,0
USR009228,Hibernating,2024-04-29,247,0,44000.0,357,Member,GrabCar|GrabFood,2,Bandung,1
USR007988,Promising,2024-12-27,5,3,205000.0,1902,Silver,GrabCar,1,Surabaya,0
USR002563,Loyal,2024-12-24,8,14,651000.0,7417,Gold,GrabCar,1,Bekasi,0
USR002630,Loyal,2024-12-08,24,8,655000.0,5547,Gold,GrabExpress|GrabBike,2,Jakarta,1
USR003190,Loyal,2024-12-22,10,10,457000.0,3878,Silver,GrabCar|GrabExpress|GrabFood|GrabBike,4,Jakarta,0
USR007778,Promising,2024-12-19,13,7,170000.0,2032,Member,GrabBike|GrabFood,2,Jakarta,0
USR007645,Promising,2024-12-17,15,4,244000.0,2917,Silver,GrabMart|GrabCar,2,Surabaya,0
USR005036,At_Risk,2024-10-30,63,2,203000.0,1817,Silver,GrabCar,1,Bandung,1
USR001080,Champions,2024-12-28,4,23,1349000.0,12497,Gold,GrabMart|GrabFood,2,Medan,0
USR004283,At_Risk,2024-10-21,72,4,166000.0,1685,Member,GrabBike|GrabFood|GrabExpress|GrabCar,4,Jakarta,0
USR009711,Hibernating,2024-03-10,297,0,43000.0,463,Member,GrabExpress,1,Jakarta,1
USR007085,Promising,2024-12-17,15,3,153000.0,1317,Member,GrabExpress,1,Surabaya,0
USR002085,Loyal,2024-12-04,28,14,553000.0,4505,Silver,GrabBike,1,Medan,0
USR006345,Promising,2024-12-24,8,3,208000.0,2408,Silver,GrabExpress|GrabBike,2,Jakarta,0
USR002452,Loyal,2024-12-15,17,8,405000.0,3888,Silver,GrabFood|GrabCar,2,Surabaya,0
USR004966,At_Risk,2024-11-16,46,3,267000.0,2730,Silver,GrabFood|GrabBike,2,Jakarta,1
USR002023,Loyal,2024-12-07,25,11,342000.0,3685,Silver,GrabBike,1,Bandung,0
USR008071,Hibernating,2024-08-15,139,0,43000.0,483,Member,GrabFood,1,Jakarta,1
USR008987,Hibernating,2024-06-24,191,0,80000.0,921,Member,GrabBike|GrabMart|GrabFood,3,Jakarta,1
USR008718,Hibernating,2024-06-08,207,0,22000.0,209,Member,GrabExpress|GrabBike,2,Jakarta,1
USR007321,Promising,2024-12-22,10,5,183000.0,1767,Member,GrabFood,1,Medan,0
USR000226,Champions,2024-12-20,12,20,1453000.0,13768,Gold,GrabFood|GrabCar|GrabExpress,3,Surabaya,0
USR001013,Champions,2024-12-29,3,19,1077000.0,9965,Gold,GrabMart|GrabExpress,2,Jakarta,0
USR006679,Promising,2024-12-20,12,4,167000.0,1811,Member,GrabBike,1,Jakarta,1
USR001929,Loyal,2024-12-12,20,11,644000.0,5307,Gold,GrabCar|GrabFood,2,Jakarta,0
USR001043,Champions,2024-12-31,1,22,1916000.0,15658,Platinum,GrabCar|GrabFood|GrabExpress|GrabBike,4,Bekasi,0
USR005251,At_Risk,2024-10-18,75,2,138000.0,1346,Member,GrabBike|GrabFood|GrabExpress|GrabMart,4,Bekasi,0
USR001404,Champions,2024-12-26,6,28,2241000.0,18389,Platinum,GrabCar|GrabExpress|GrabBike,3,Jakarta,0
USR002179,Loyal,2024-12-11,21,10,432000.0,4907,Silver,GrabMart|GrabCar|GrabBike,3,Medan,0
USR000697,Champions,2024-12-26,6,26,1912000.0,15997,Platinum,GrabExpress|GrabFood|GrabCar,3,Bandung,0
USR001124,Champions,2024-12-23,9,24,913000.0,10177,Gold,GrabFood|GrabMart|GrabBike,3,Bekasi,0
USR007378,Promising,2024-12-29,3,6,131000.0,1159,Member,GrabExpress|GrabCar|GrabBike,3,Bandung,0
USR003895,Loyal,2024-12-10,22,10,650000.0,7549,Gold,GrabBike|GrabMart|GrabExpress,3,Jakarta,0
USR008217,Hibernating,2024-06-17,198,0,46000.0,418,Member,GrabFood|GrabMart|GrabBike,3,Jakarta,1
USR005110,At_Risk,2024-11-11,51,5,302000.0,3169,Silver,GrabCar,1,Surabaya,0
USR001778,Loyal,2024-12-16,16,14,739000.0,7738,Gold,GrabMart,1,Jakarta,0
USR007786,Promising,2024-12-27,5,4,216000.0,2020,Silver,GrabMart,1,Surabaya,0
USR002634,Loyal,2024-12-23,9,14,402000.0,3283,Silver,GrabExpress,1,Jakarta,0
USR007187,Promising,2024-12-20,12,7,125000.0,1275,Member,GrabMart|GrabBike,2,Bandung,0
USR007544,Promising,2024-12-17,15,5,184000.0,1556,Member,GrabMart|GrabBike|GrabFood,3,Surabaya,0
USR007604,Promising,2024-12-23,9,6,104000.0,1061,Member,GrabMart,1,Jakarta,0
USR003489,Loyal,2024-12-25,7,12,601000.0,6602,Gold,GrabMart|GrabFood|GrabBike|GrabCar,4,Jakarta,0
USR008259,Hibernating,2024-06-02,213,0,9000.0,86,Member,GrabFood|GrabCar,2,Bekasi,1
USR001037,Champions,2024-12-31,1,15,1291000.0,12192,Gold,GrabFood|GrabMart|GrabCar,3,Jakarta,0
USR006093,Promising,2024-12-21,11,6,200000.0,2152,Member,GrabBike,1,Jakarta,0
USR002256,Loyal,2024-12-15,17,13,514000.0,5264,Silver,GrabBike|GrabCar|GrabMart,3,Jakarta,0
USR008188,Hibernating,2024-01-03,364,0,79000.0,854,Member,GrabMart|GrabExpress|GrabFood,3,Bekasi,1
USR002613,Loyal,2024-12-16,16,13,347000.0,3367,Silver,GrabMart|GrabExpress|GrabCar,3,Jakarta,0
USR000313,Champions,2024-12-22,10,17,2116000.0,20333,Platinum,GrabCar|GrabMart,2,Jakarta,0
USR002649,Loyal,2024-12-08,24,8,536000.0,4367,Silver,GrabBike|GrabExpress,2,Jakarta,1
USR002281,Loyal,2024-12-18,14,14,709000.0,7420,Gold,GrabFood,1,Jakarta,0
USR006741,Promising,2024-12-15,17,3,234000.0,2738,Silver,GrabFood,1,Jakarta,0
USR002979,Loyal,2024-12-07,25,9,562000.0,6165,Silver,GrabCar,1,Jakarta,0
USR002547,Loyal,2024-12-14,18,9,624000.0,5026,Gold,GrabBike|GrabExpress|GrabCar|GrabFood,4,Jakarta,1
USR005512,At_Risk,2024-11-10,52,2,152000.0,1762,Member,GrabMart|GrabBike,2,Jakarta,1
USR005132,At_Risk,2024-11-02,60,3,339000.0,2982,Silver,GrabCar|GrabMart|GrabExpress,3,Jakarta,1
USR002159,Loyal,2024-12-19,13,11,712000.0,6994,Gold,GrabMart|GrabExpress|GrabCar,3,Bekasi,1
USR007080,Promising,2024-12-25,7,7,133000.0,1247,Member,GrabCar,1,Bekasi,0
USR003137,Loyal,2024-12-24,8,12,764000.0,7438,Gold,GrabCar,1,Jakarta,0
USR009079,Hibernating,2024-07-02,183,0,77000.0,820,Member,GrabMart,1,Bandung,1
USR005850,At_Risk,2024-11-01,61,5,120000.0,1243,Member,GrabExpress,1,Surabaya,0
USR009865,Hibernating,2024-02-19,317,0,25000.0,208,Member,GrabMart|GrabBike|GrabFood|GrabCar,4,Jakarta,1
USR006445,Promising,2024-12-24,8,3,249000.0,2425,Silver,GrabCar,1,Bekasi,0
USR003967,Loyal,2024-12-04,28,10,715000.0,8357,Gold,GrabMart,1,Surabaya,0
USR001428,Champions,2024-12-29,3,25,2045000.0,23852,Platinum,GrabCar|GrabBike,2,Jakarta,0
USR008422,Hibernating,2024-02-10,326,0,3000.0,25,Member,GrabCar|GrabFood,2,Jakarta,1
USR002520,Loyal,2024-12-22,10,12,685000.0,6126,Gold,GrabExpress|GrabFood,2,Jakarta,0
USR007837,Promising,2024-12-25,7,6,101000.0,840,Member,GrabFood|GrabExpress|GrabMart,3,Jakarta,0
USR004969,At_Risk,2024-11-06,56,2,231000.0,2249,Silver,GrabExpress,1,Jakarta,0
USR001855,Loyal,2024-12-05,27,9,427000.0,4008,Silver,GrabFood,1,Bandung,0
USR008884,Hibernating,2024-07-18,167,0,61000.0,701,Member,GrabExpress|GrabFood,2,Jakarta,1
USR005602,At_Risk,2024-10-05,88,5,112000.0,1058,Member,GrabCar|GrabExpress|GrabMart,3,Bandung,0
USR009344,Hibernating,2024-09-04,119,0,32000.0,256,Member,GrabFood|GrabBike|GrabMart,3,Medan,1
USR009868,Hibernating,2024-08-03,151,0,23000.0,260,Member,GrabCar|GrabExpress,2,Bekasi,1
USR000448,Champions,2024-12-23,9,21,2328000.0,24367,Platinum,GrabMart|GrabBike|GrabExpress,3,Bekasi,0
USR007703,Promising,2024-12-16,16,3,160000.0,1384,Member,GrabFood|GrabBike|GrabMart,3,Jakarta,1
USR001284,Champions,2024-12-24,8,20,893000.0,10071,Gold,GrabBike|GrabExpress,2,Jakarta,0
USR005995,At_Risk,2024-10-19,74,5,250000.0,2111,Silver,GrabFood|GrabMart,2,Surabaya,1
USR007899,Promising,2024-12-14,18,6,183000.0,2118,Member,GrabBike|GrabExpress,2,Medan,0
USR003727,Loyal,2024-12-13,19,12,755000.0,6500,Gold,GrabBike|GrabCar|GrabExpress,3,Surabaya,0
USR007353,Promising,2024-12-23,9,6,231000.0,2600,Silver,GrabMart|GrabCar,2,Surabaya,0
USR000361,Champions,2024-12-20,12,19,1284000.0,15334,Gold,GrabExpress|GrabFood,2,Surabaya,0
USR006279,Promising,2024-12-22,10,3,177000.0,1814,Member,GrabMart|GrabExpress|GrabBike,3,Surabaya,1
USR005230,At_Risk,2024-11-05,57,3,266000.0,2866,Silver,GrabMart|GrabExpress|GrabCar,3,Surabaya,1
USR008942,Hibernating,2024-02-05,331,0,20000.0,188,Member,GrabCar,1,Jakarta,0
USR007295,Promising,2024-12-19,13,4,183000.0,1823,Member,GrabCar|GrabFood|GrabBike|GrabMart,4,Surabaya,0
USR008891,Hibernating,2024-02-10,326,0,68000.0,552,Member,GrabMart,1,Bekasi,1
USR007534,Promising,2024-12-23,9,7,139000.0,1305,Member,GrabBike,1,Jakarta,0
USR006251,Promising,2024-12-15,17,6,90000.0,1014,Member,GrabCar|GrabMart|GrabFood|GrabExpress,4,Jakarta,0
USR005926,At_Risk,2024-10-11,82,4,245000.0,2901,Silver,GrabMart,1,Jakarta,1
USR005149,At_Risk,2024-10-12,81,5,269000.0,2288,Silver,GrabBike|GrabExpress|GrabCar|GrabMart,4,Bekasi,0
USR002460,Loyal,2024-12-07,25,11,779000.0,9054,Gold,GrabMart,1,Jakarta,0
USR000022,Champions,2024-12-24,8,23,2348000.0,24075,Platinum,GrabMart|GrabFood|GrabExpress|GrabBike,4,Jakarta,0
USR002066,Loyal,2024-12-06,26,9,370000.0,3290,Silver,GrabMart,1,Bekasi,0
USR001653,Loyal,2024-12-08,24,11,543000.0,4842,Silver,GrabCar|GrabMart,2,Jakarta,0
USR000702,Champions,2024-12-21,11,15,1525000.0,15861,Platinum,GrabFood,1,Surabaya,0
USR008490,Hibernating,2024-01-05,362,0,11000.0,120,Member,GrabExpress,1,Bandung,1
USR002743,Loyal,2024-12-10,22,8,429000.0,4416,Silver,GrabExpress,1,Surabaya,0
USR001376,Champions,2024-12-30,2,16,1635000.0,19328,Platinum,GrabExpress|GrabBike,2,Jakarta,0
USR001724,Loyal,2024-12-03,29,13,599000.0,5579,Silver,GrabMart,1,Jakarta,1
USR002468,Loyal,2024-12-03,29,11,444000.0,4777,Silver,GrabBike|GrabFood,2,Medan,1
USR003754,Loyal,2024-12-25,7,13,645000.0,5275,Gold,GrabFood|GrabBike,2,Bandung,0
USR002325,Loyal,2024-12-04,28,11,328000.0,3074,Silver,GrabBike|GrabMart|GrabFood|GrabExpress,4,Bandung,0
USR000460,Champions,2024-12-24,8,18,2262000.0,26209,Platinum,GrabCar,1,Jakarta,0
USR005163,At_Risk,2024-10-06,87,3,202000.0,2287,Silver,GrabCar|GrabBike,2,Jakarta,1
USR004183,At_Risk,2024-10-30,63,5,114000.0,1274,Member,GrabExpress,1,Bandung,1
USR005526,At_Risk,2024-10-25,68,5,143000.0,1630,Member,GrabExpress|GrabBike|GrabFood,3,Jakarta,1
USR004082,At_Risk,2024-10-18,75,4,103000.0,977,Member,GrabFood|GrabBike|GrabExpress|GrabCar,4,Bekasi,1
USR001486,Champions,2024-12-25,7,24,1547000.0,16956,Platinum,GrabFood|GrabMart|GrabExpress|GrabCar,4,Jakarta,0
USR003678,Loyal,2024-12-15,17,12,670000.0,7555,Gold,GrabCar|GrabFood|GrabBike,3,Bandung,0
USR000282,Champions,2024-12-31,1,22,1247000.0,10705,Gold,GrabExpress,1,Jakarta,0
USR006579,Promising,2024-12-26,6,5,120000.0,1338,Member,GrabCar|GrabFood,2,Bekasi,1
USR004558,At_Risk,2024-10-09,84,5,125000.0,1201,Member,GrabBike|GrabFood|GrabCar,3,Surabaya,1
USR004308,At_Risk,2024-10-23,70,2,121000.0,1019,Member,GrabMart|GrabExpress|GrabFood,3,Jakarta,1
USR006684,Promising,2024-12-20,12,5,164000.0,1430,Member,GrabMart,1,Surabaya,0
USR004865,At_Risk,2024-10-28,65,5,264000.0,2728,Silver,GrabBike|GrabFood,2,Jakarta,0
USR003537,Loyal,2024-12-10,22,12,757000.0,8267,Gold,GrabFood,1,Bandung,0
USR003868,Loyal,2024-12-07,25,10,763000.0,8725,Gold,GrabCar|GrabExpress,2,Bekasi,0
USR007003,Promising,2024-12-27,5,3,88000.0,825,Member,GrabExpress,1,Jakarta,1
USR002581,Loyal,2024-12-23,9,9,472000.0,4870,Silver,GrabFood,1,Jakarta,0
USR001368,Champions,2024-12-29,3,15,1012000.0,11864,Gold,GrabMart|GrabCar|GrabFood,3,Bandung,0
USR009469,Hibernating,2024-07-11,174,0,60000.0,509,Member,GrabMart|GrabCar,2,Jakarta,1
USR008197,Hibernating,2024-06-05,210,0,51000.0,438,Member,GrabBike,1,Surabaya,1
USR000597,Champions,2024-12-30,2,19,1725000.0,14694,Platinum,GrabMart|GrabBike,2,Jakarta,0
USR004351,At_Risk,2024-10-25,68,3,127000.0,1391,Member,GrabBike|GrabCar,2,Jakarta,1
USR006346,Promising,2024-12-13,19,4,238000.0,2120,Silver,GrabFood,1,Bekasi,0
USR008976,Hibernating,2024-03-29,278,0,43000.0,358,Member,GrabCar,1,Bandung,0
USR006379,Promising,2024-12-21,11,3,208000.0,1689,Silver,GrabCar,1,Bandung,1
USR004758,At_Risk,2024-11-13,49,2,219000.0,1992,Silver,GrabMart,1,Bekasi,0
USR000646,Champions,2024-12-26,6,27,1688000.0,18129,Platinum,GrabFood|GrabExpress|GrabMart,3,Jakarta,0
USR006381,Promising,2024-12-22,10,5,118000.0,1037,Member,GrabExpress|GrabFood|GrabMart,3,Bekasi,0
USR007527,Promising,2024-12-26,6,6,174000.0,1542,Member,GrabCar,1,Jakarta,0
USR009697,Hibernating,2024-04-29,247,0,9000.0,74,Member,GrabMart|GrabExpress,2,Bandung,0
USR006023,Promising,2024-12-27,5,4,134000.0,1592,Member,GrabCar,1,Jakarta,0
USR007954,Promising,2024-12-18,14,4,82000.0,743,Member,GrabBike|GrabMart|GrabCar|GrabExpress,4,Bekasi,1
USR007165,Promising,2024-12-13,19,7,248000.0,2354,Silver,GrabBike|GrabExpress|GrabCar|GrabMart,4,Jakarta,0
USR003468,Loyal,2024-12-03,29,14,632000.0,5242,Gold,GrabFood,1,Jakarta,0
USR007797,Promising,2024-12-24,8,6,168000.0,1997,Member,GrabCar,1,Surabaya,1
USR007697,Promising,2024-12-14,18,5,100000.0,1029,Member,GrabExpress|GrabCar|GrabMart,3,Bandung,0
USR002990,Loyal,2024-12-14,18,13,761000.0,8276,Gold,GrabMart,1,Bekasi,0
USR009407,Hibernating,2024-05-17,229,0,17000.0,201,Member,GrabExpress|GrabCar,2,Jakarta,1
USR004875,At_Risk,2024-10-29,64,5,321000.0,2714,Silver,GrabMart|GrabBike|GrabFood|GrabCar,4,Medan,0
USR002544,Loyal,2024-12-04,28,14,627000.0,5239,Gold,GrabCar,1,Jakarta,0
USR008595,Hibernating,2024-05-14,232,0,72000.0,776,Member,GrabFood|GrabBike|GrabCar,3,Bekasi,1
USR005341,At_Risk,2024-10-07,86,2,166000.0,1878,Member,GrabBike,1,Medan,1
USR001567,Loyal,2024-12-03,29,14,356000.0,3307,Silver,GrabFood,1,Bandung,0
USR009994,Hibernating,2024-02-14,322,0,34000.0,325,Member,GrabExpress,1,Surabaya,1
USR004066,At_Risk,2024-11-17,45,4,100000.0,811,Member,GrabExpress,1,Jakarta,1
USR003988,Loyal,2024-12-22,10,14,374000.0,3553,Silver,GrabFood|GrabCar,2,Jakarta,0
USR007031,Promising,2024-12-23,9,7,205000.0,1749,Silver,GrabMart,1,Bandung,0
USR002160,Loyal,2024-12-21,11,10,658000.0,6597,Gold,GrabCar,1,Jakarta,0
USR000685,Champions,2024-12-23,9,16,1248000.0,12816,Gold,GrabFood|GrabMart|GrabCar,3,Jakarta,0
USR007602,Promising,2024-12-28,4,4,156000.0,1508,Member,GrabExpress|GrabMart,2,Jakarta,0
USR007784,Promising,2024-12-12,20,6,185000.0,1904,Member,GrabBike|GrabExpress,2,Jakarta,0
USR003243,Loyal,2024-12-14,18,14,716000.0,6174,Gold,GrabCar,1,Jakarta,0
USR005844,At_Risk,2024-11-12,50,5,269000.0,3161,Silver,GrabFood,1,Bekasi,1
USR009219,Hibernating,2024-07-06,179,0,68000.0,595,Member,GrabExpress,1,Surabaya,1
USR002461,Loyal,2024-12-15,17,12,467000.0,5495,Silver,GrabBike|GrabFood,2,Jakarta,0
USR004083,At_Risk,2024-10-24,69,3,347000.0,3478,Silver,GrabCar|GrabBike,2,Bekasi,0
USR002837,Loyal,2024-12-21,11,12,698000.0,7229,Gold,GrabBike|GrabFood,2,Medan,0
USR003697,Loyal,2024-12-04,28,9,519000.0,6025,Silver,GrabExpress|GrabBike,2,Jakarta,0
USR007128,Promising,2024-12-24,8,5,83000.0,707,Member,GrabExpress|GrabCar,2,Bandung,0
USR006267,Promising,2024-12-22,10,3,91000.0,1035,Member,GrabBike|GrabMart,2,Jakarta,0
USR004941,At_Risk,2024-11-08,54,2,206000.0,2288,Silver,GrabFood|GrabExpress|GrabCar,3,Jakarta,1
USR005946,At_Risk,2024-10-05,88,4,299000.0,2960,Silver,GrabFood,1,Jakarta,1
USR004583,At_Risk,2024-10-15,78,3,126000.0,1507,Member,GrabExpress|GrabMart,2,Surabaya,0
USR005784,At_Risk,2024-10-28,65,4,331000.0,3465,Silver,GrabExpress|GrabCar,2,Jakarta,0
USR004040,At_Risk,2024-11-01,61,5,273000.0,3069,Silver,GrabCar,1,Bekasi,1
USR002230,Loyal,2024-12-19,13,11,574000.0,5263,Silver,GrabExpress,1,Bandung,0
USR007569,Promising,2024-12-14,18,4,224000.0,2613,Silver,GrabMart|GrabFood|GrabBike,3,Jakarta,1
USR000935,Champions,2024-12-23,9,25,1316000.0,11527,Gold,GrabExpress|GrabMart,2,Jakarta,0
USR002320,Loyal,2024-12-15,17,11,759000.0,7721,Gold,GrabMart|GrabFood,2,Bekasi,0
USR004878,At_Risk,2024-10-06,87,2,340000.0,3533,Silver,GrabExpress|GrabFood|GrabMart,3,Surabaya,1
USR000521,Champions,2024-12-24,8,23,1223000.0,10659,Gold,GrabFood|GrabExpress|GrabCar,3,Jakarta,0
USR000522,Champions,2024-12-20,12,24,2093000.0,17361,Platinum,GrabMart|GrabFood|GrabBike,3,Jakarta,0
USR005345,At_Risk,2024-10-13,80,2,316000.0,2878,Silver,GrabCar|GrabBike|GrabMart,3,Jakarta,0
USR009876,Hibernating,2024-03-05,302,0,22000.0,200,Member,GrabFood|GrabBike|GrabExpress|GrabMart,4,Jakarta,1
USR003359,Loyal,2024-12-25,7,9,379000.0,4445,Silver,GrabFood|GrabCar|GrabBike,3,Jakarta,0
USR001311,Champions,2024-12-20,12,24,1973000.0,16705,Platinum,GrabCar|GrabMart|GrabExpress,3,Jakarta,0
USR003983,Loyal,2024-12-14,18,9,320000.0,2590,Silver,GrabBike|GrabCar|GrabMart,3,Bandung,0
USR006494,Promising,2024-12-16,16,3,135000.0,1490,Member,GrabFood|GrabExpress|GrabBike|GrabMart,4,Medan,0
USR009560,Hibernating,2024-07-13,172,0,17000.0,196,Member,GrabFood|GrabMart|GrabCar|GrabExpress,4,Jakarta,1
USR001716,Loyal,2024-12-14,18,10,644000.0,5402,Gold,GrabFood|GrabBike,2,Medan,0
USR000780,Champions,2024-12-30,2,29,1365000.0,12054,Gold,GrabFood|GrabBike|GrabCar|GrabMart,4,Jakarta,0
USR008798,Hibernating,2024-07-07,178,0,5000.0,58,Member,GrabFood|GrabBike|GrabMart,3,Bekasi,1
USR008231,Hibernating,2024-06-11,204,0,76000.0,819,Member,GrabFood|GrabBike|GrabExpress|GrabMart,4,Jakarta,1
USR005607,At_Risk,2024-10-06,87,5,314000.0,3715,Silver,GrabMart|GrabExpress,2,Bandung,0
USR005978,At_Risk,2024-11-09,53,4,161000.0,1623,Member,GrabExpress|GrabBike,2,Bandung,0
USR000651,Champions,2024-12-22,10,17,2499000.0,27280,Platinum,GrabExpress|GrabCar|GrabMart,3,Surabaya,0
USR003747,Loyal,2024-12-06,26,14,675000.0,6868,Gold,GrabBike,1,Surabaya,0
USR002196,Loyal,2024-12-11,21,12,606000.0,7203,Gold,GrabExpress,1,Surabaya,0
USR008418,Hibernating,2024-06-25,190,0,46000.0,410,Member,GrabCar|GrabFood,2,Surabaya,1
USR000369,Champions,2024-12-22,10,18,1320000.0,11137,Gold,GrabCar|GrabMart|GrabFood|GrabExpress,4,Jakarta,0
USR009884,Hibernating,2024-06-16,199,0,63000.0,734,Member,GrabFood,1,Jakarta,1
USR008005,Hibernating,2024-07-19,166,0,16000.0,137,Member,GrabBike|GrabExpress|GrabFood,3,Medan,1
USR004214,At_Risk,2024-10-26,67,3,184000.0,1663,Member,GrabExpress|GrabMart|GrabCar,3,Surabaya,0
USR000377,Champions,2024-12-19,13,23,2294000.0,20924,Platinum,GrabMart|GrabExpress|GrabBike,3,Bekasi,0
USR009446,Hibernating,2024-08-31,123,0,10000.0,104,Member,GrabExpress|GrabFood|GrabCar,3,Surabaya,0
USR002216,Loyal,2024-12-15,17,11,576000.0,6009,Silver,GrabExpress|GrabBike|GrabFood|GrabMart,4,Jakarta,0
USR008682,Hibernating,2024-02-04,332,0,53000.0,584,Member,GrabCar,1,Jakarta,1
USR001613,Loyal,2024-12-04,28,12,393000.0,4283,Silver,GrabFood|GrabExpress,2,Bekasi,0
USR006979,Promising,2024-12-16,16,6,157000.0,1624,Member,GrabCar|GrabExpress|GrabMart,3,Surabaya,0
USR007549,Promising,2024-12-19,13,7,85000.0,833,Member,GrabExpress,1,Medan,1
USR001827,Loyal,2024-12-13,19,9,624000.0,5829,Gold,GrabMart|GrabExpress,2,Jakarta,0
USR003632,Loyal,2024-12-03,29,10,711000.0,8299,Gold,GrabBike|GrabExpress|GrabFood,3,Jakarta,0
USR000962,Champions,2024-12-24,8,24,1105000.0,11730,Gold,GrabExpress|GrabFood,2,Bekasi,0
USR002993,Loyal,2024-12-24,8,9,796000.0,9286,Gold,GrabBike|GrabFood,2,Bekasi,0
USR006606,Promising,2024-12-28,4,3,246000.0,2249,Silver,GrabFood|GrabExpress,2,Bekasi,0
USR009672,Hibernating,2024-09-08,115,0,1000.0,9,Member,GrabBike|GrabFood,2,Jakarta,1
USR002376,Loyal,2024-12-04,28,8,424000.0,4260,Silver,GrabExpress|GrabCar,2,Jakarta,0
USR008880,Hibernating,2024-01-13,354,0,48000.0,568,Member,GrabFood,1,Jakarta,1
USR000359,Champions,2024-12-26,6,29,2415000.0,20476,Platinum,GrabBike|GrabFood|GrabExpress,3,Jakarta,1
USR003839,Loyal,2024-12-14,18,9,457000.0,3938,Silver,GrabExpress|GrabMart,2,Surabaya,0
USR008184,Hibernating,2024-01-29,338,0,36000.0,399,Member,GrabBike|GrabExpress,2,Medan,1
USR001246,Champions,2024-12-21,11,28,1553000.0,15235,Platinum,GrabMart|GrabCar|GrabExpress|GrabFood,4,Jakarta,0
USR007504,Promising,2024-12-15,17,6,158000.0,1569,Member,GrabExpress|GrabCar,2,Bandung,0
USR008349,Hibernating,2024-05-16,230,0,57000.0,564,Member,GrabBike|GrabExpress,2,Medan,0
USR006511,Promising,2024-12-28,4,3,198000.0,2156,Member,GrabMart|GrabFood,2,Medan,1
USR005087,At_Risk,2024-11-07,55,4,257000.0,2914,Silver,GrabFood|GrabMart,2,Jakarta,1
USR003694,Loyal,2024-12-06,26,10,794000.0,7727,Gold,GrabCar,1,Bekasi,0
USR001573,Loyal,2024-12-21,11,13,382000.0,4558,Silver,GrabFood|GrabBike,2,Jakarta,0
USR006281,Promising,2024-12-12,20,7,104000.0,1236,Member,GrabFood|GrabBike|GrabMart,3,Jakarta,1
USR005439,At_Risk,2024-11-06,56,2,274000.0,2414,Silver,GrabMart|GrabExpress|GrabFood,3,Bandung,1
USR002567,Loyal,2024-12-10,22,14,670000.0,7226,Gold,GrabBike,1,Jakarta,1
USR003423,Loyal,2024-12-11,21,9,394000.0,3684,Silver,GrabExpress,1,Jakarta,0
USR002037,Loyal,2024-12-11,21,10,650000.0,5809,Gold,GrabFood|GrabMart,2,Medan,0
USR009243,Hibernating,2024-07-04,181,0,22000.0,220,Member,GrabExpress|GrabFood|GrabMart,3,Jakarta,1
USR000772,Champions,2024-12-27,5,15,1024000.0,11777,Gold,GrabExpress|GrabBike,2,Jakarta,0
USR005380,At_Risk,2024-11-01,61,5,101000.0,1084,Member,GrabMart,1,Surabaya,0
USR009568,Hibernating,2024-07-03,182,0,6000.0,50,Member,GrabBike|GrabMart|GrabFood|GrabExpress,4,Jakarta,1
USR003562,Loyal,2024-12-08,24,10,376000.0,3072,Silver,GrabExpress,1,Medan,0
USR000562,Champions,2024-12-19,13,25,1066000.0,9979,Gold,GrabExpress|GrabMart|GrabFood,3,Jakarta,0
USR006683,Promising,2024-12-16,16,4,139000.0,1370,Member,GrabExpress,1,Jakarta,0
USR002546,Loyal,2024-12-11,21,12,471000.0,5428,Silver,GrabCar|GrabExpress,2,Jakarta,0
USR005510,At_Risk,2024-11-13,49,5,323000.0,3561,Silver,GrabFood,1,Jakarta,0
USR005330,At_Risk,2024-10-28,65,5,151000.0,1536,Member,GrabBike,1,Bandung,0
USR009667,Hibernating,2024-06-20,195,0,21000.0,182,Member,GrabBike|GrabExpress,2,Jakarta,1
USR004531,At_Risk,2024-10-22,71,3,311000.0,3686,Silver,GrabBike,1,Jakarta,0
USR001674,Loyal,2024-12-10,22,9,766000.0,8160,Gold,GrabBike,1,Jakarta,0
USR007395,Promising,2024-12-27,5,6,145000.0,1455,Member,GrabMart,1,Jakarta,0
USR000365,Champions,2024-12-20,12,18,1469000.0,13517,Gold,GrabFood|GrabExpress|GrabMart|GrabBike,4,Bandung,0
USR008016,Hibernating,2024-08-18,136,0,66000.0,756,Member,GrabBike,1,Jakarta,1
USR009376,Hibernating,2024-06-08,207,0,63000.0,598,Member,GrabCar|GrabExpress|GrabBike|GrabFood,4,Jakarta,1
USR004327,At_Risk,2024-11-17,45,4,101000.0,1080,Member,GrabCar,1,Jakarta,0
USR009983,Hibernating,2024-07-30,155,0,69000.0,748,Member,GrabExpress,1,Medan,1
USR000147,Champions,2024-12-24,8,16,1434000.0,14597,Gold,GrabBike|GrabCar|GrabMart|GrabExpress,4,Bekasi,0
USR001668,Loyal,2024-12-19,13,9,342000.0,3386,Silver,GrabFood|GrabCar,2,Jakarta,0
USR003088,Loyal,2024-12-15,17,13,411000.0,4279,Silver,GrabFood|GrabExpress|GrabMart|GrabBike,4,Bandung,0
USR008844,Hibernating,2024-05-10,236,0,22000.0,198,Member,GrabMart|GrabExpress,2,Surabaya,0
USR007650,Promising,2024-12-21,11,6,103000.0,882,Member,GrabFood|GrabBike|GrabExpress,3,Bandung,0
USR000407,Champions,2024-12-26,6,26,1846000.0,19744,Platinum,GrabCar|GrabExpress|GrabMart,3,Bandung,0
USR009584,Hibernating,2024-04-19,257,0,11000.0,128,Member,GrabCar|GrabMart,2,Bekasi,1
USR007788,Promising,2024-12-25,7,5,217000.0,2084,Silver,GrabFood,1,Jakarta,1
USR003456,Loyal,2024-12-13,19,14,482000.0,4362,Silver,GrabBike,1,Medan,1
USR006186,Promising,2024-12-20,12,3,188000.0,1688,Member,GrabCar,1,Bekasi,0
USR004182,At_Risk,2024-11-05,57,3,276000.0,2262,Silver,GrabExpress|GrabFood,2,Bandung,0
USR003576,Loyal,2024-12-10,22,12,520000.0,5757,Silver,GrabExpress,1,Jakarta,0
USR003271,Loyal,2024-12-25,7,11,382000.0,3902,Silver,GrabFood|GrabBike|GrabExpress|GrabMart,4,Jakarta,0
USR004940,At_Risk,2024-11-09,53,2,248000.0,2080,Silver,GrabFood,1,Jakarta,0
USR001031,Champions,2024-12-28,4,29,1516000.0,13820,Platinum,GrabBike|GrabMart|GrabFood,3,Jakarta,0
USR008872,Hibernating,2024-02-24,312,0,50000.0,579,Member,GrabCar,1,Jakarta,1
USR006230,Promising,2024-12-21,11,7,173000.0,1988,Member,GrabBike,1,Surabaya,0
USR006592,Promising,2024-12-14,18,4,102000.0,1103,Member,GrabExpress|GrabCar,2,Jakarta,0
USR008906,Hibernating,2024-06-16,199,0,4000.0,46,Member,GrabCar|GrabExpress|GrabFood,3,Bekasi,1
USR009811,Hibernating,2024-05-12,234,0,56000.0,508,Member,GrabFood,1,Jakarta,1
USR006724,Promising,2024-12-20,12,7,157000.0,1421,Member,GrabBike|GrabMart,2,Medan,0
USR008029,Hibernating,2024-05-12,234,0,40000.0,452,Member,GrabFood|GrabExpress|GrabBike|GrabMart,4,Jakarta,1
USR008052,Hibernating,2024-01-05,362,0,59000.0,642,Member,GrabMart|GrabCar|GrabExpress,3,Jakarta,1
USR000855,Champions,2024-12-26,6,20,1249000.0,11138,Gold,GrabBike,1,Surabaya,0
USR003926,Loyal,2024-12-22,10,14,737000.0,8452,Gold,GrabFood|GrabCar,2,Surabaya,0
USR008547,Hibernating,2024-05-26,220,0,46000.0,382,Member,GrabFood|GrabCar|GrabBike,3,Surabaya,1
USR000078,Champions,2024-12-22,10,17,1604000.0,15839,Platinum,GrabCar|GrabBike|GrabFood|GrabMart,4,Bekasi,0
USR007088,Promising,2024-12-20,12,5,161000.0,1397,Member,GrabMart,1,Bekasi,0
USR002247,Loyal,2024-12-10,22,12,552000.0,4551,Silver,GrabMart,1,Surabaya,0
USR008263,Hibernating,2024-08-18,136,0,10000.0,107,Member,GrabBike|GrabFood|GrabExpress,3,Jakarta,1
USR004026,At_Risk,2024-10-07,86,5,320000.0,3229,Silver,GrabFood|GrabExpress|GrabCar|GrabBike,4,Surabaya,1
USR009949,Hibernating,2024-01-08,359,0,21000.0,185,Member,GrabBike|GrabFood,2,Jakarta,1
USR009571,Hibernating,2024-05-01,245,0,78000.0,648,Member,GrabFood|GrabBike,2,Bandung,1
USR009295,Hibernating,2024-05-27,219,0,59000.0,617,Member,GrabMart|GrabExpress|GrabCar|GrabFood,4,Jakarta,1
USR000714,Champions,2024-12-26,6,28,1813000.0,16435,Platinum,GrabFood|GrabCar|GrabExpress|GrabBike,4,Bekasi,0
USR007451,Promising,2024-12-24,8,5,85000.0,876,Member,GrabFood,1,Bekasi,0
USR000788,Champions,2024-12-26,6,21,1735000.0,17405,Platinum,GrabBike,1,Jakarta,0
USR002279,Loyal,2024-12-04,28,14,419000.0,4990,Silver,GrabMart,1,Jakarta,0
USR004095,At_Risk,2024-11-10,52,2,339000.0,2771,Silver,GrabBike,1,Medan,0
USR003897,Loyal,2024-12-08,24,13,481000.0,4512,Silver,GrabMart,1,Surabaya,0
USR007944,Promising,2024-12-12,20,6,131000.0,1067,Member,GrabFood,1,Jakarta,1
USR007177,Promising,2024-12-18,14,5,161000.0,1659,Member,GrabCar,1,Jakarta,0
USR009076,Hibernating,2024-05-07,239,0,60000.0,519,Member,GrabFood|GrabMart,2,Jakarta,1
USR009452,Hibernating,2024-08-14,140,0,63000.0,541,Member,GrabExpress|GrabMart,2,Jakarta,1
USR003631,Loyal,2024-12-11,21,14,561000.0,6353,Silver,GrabCar|GrabMart,2,Jakarta,0
USR008624,Hibernating,2024-04-01,275,0,72000.0,642,Member,GrabFood,1,Bekasi,1
USR007297,Promising,2024-12-22,10,7,196000.0,1788,Member,GrabBike,1,Bekasi,0
USR006272,Promising,2024-12-28,4,3,227000.0,2297,Silver,GrabExpress,1,Bekasi,0
USR000424,Champions,2024-12-30,2,21,1745000.0,17834,Platinum,GrabCar|GrabFood|GrabMart,3,Bandung,0
USR000392,Champions,2024-12-19,13,27,2102000.0,25103,Platinum,GrabMart|GrabFood,2,Jakarta,0
USR003191,Loyal,2024-12-25,7,8,396000.0,3296,Silver,GrabBike,1,Jakarta,0
USR000016,Champions,2024-12-24,8,27,1411000.0,15622,Gold,GrabMart|GrabExpress|GrabFood|GrabBike,4,Jakarta,0
USR006335,Promising,2024-12-19,13,6,247000.0,2382,Silver,GrabMart,1,Jakarta,0
USR004200,At_Risk,2024-10-06,87,2,145000.0,1300,Member,GrabBike|GrabFood|GrabCar,3,Bekasi,1
USR002672,Loyal,2024-12-03,29,10,645000.0,6154,Gold,GrabCar,1,Jakarta,0
USR002444,Loyal,2024-12-12,20,14,775000.0,7730,Gold,GrabMart|GrabExpress|GrabFood|GrabBike,4,Jakarta,1
USR006697,Promising,2024-12-25,7,3,145000.0,1303,Member,GrabCar,1,Jakarta,1
USR006164,Promising,2024-12-17,15,7,148000.0,1464,Member,GrabCar|GrabMart|GrabExpress|GrabBike,4,Jakarta,0
USR002601,Loyal,2024-12-15,17,11,560000.0,5466,Silver,GrabMart|GrabCar,2,Jakarta,0
USR003493,Loyal,2024-12-23,9,8,354000.0,3465,Silver,GrabBike|GrabMart|GrabExpress,3,Surabaya,0
USR006044,Promising,2024-12-22,10,5,222000.0,1978,Silver,GrabBike|GrabExpress,2,Jakarta,0
USR001459,Champions,2024-12-31,1,21,1478000.0,13367,Gold,GrabFood|GrabMart|GrabExpress|GrabCar,4,Jakarta,0
USR003804,Loyal,2024-12-22,10,9,315000.0,2871,Silver,GrabMart|GrabFood|GrabExpress|GrabBike,4,Jakarta,0
USR009845,Hibernating,2024-09-13,110,0,70000.0,745,Member,GrabFood,1,Jakarta,1
USR007394,Promising,2024-12-28,4,6,114000.0,1095,Member,GrabBike|GrabFood,2,Jakarta,0
USR004839,At_Risk,2024-11-07,55,5,148000.0,1468,Member,GrabExpress|GrabMart,2,Jakarta,0
USR008111,Hibernating,2024-07-08,177,0,16000.0,138,Member,GrabMart|GrabBike,2,Bandung,1
USR003835,Loyal,2024-12-12,20,8,577000.0,5693,Silver,GrabMart,1,Jakarta,0
USR009313,Hibernating,2024-08-07,147,0,44000.0,494,Member,GrabCar|GrabBike,2,Medan,1
USR005683,At_Risk,2024-10-23,70,5,102000.0,1163,Member,GrabBike,1,Jakarta,0
USR008748,Hibernating,2024-07-04,181,0,12000.0,105,Member,GrabExpress|GrabMart,2,Bekasi,1
USR005827,At_Risk,2024-10-12,81,5,298000.0,2936,Silver,GrabCar|GrabMart,2,Bandung,1
USR009748,Hibernating,2024-03-21,286,0,67000.0,752,Member,GrabMart,1,Jakarta,1
USR004724,At_Risk,2024-10-15,78,5,205000.0,1893,Silver,GrabCar,1,Jakarta,0
USR008759,Hibernating,2024-06-22,193,0,50000.0,509,Member,GrabCar|GrabMart,2,Jakarta,1
USR005887,At_Risk,2024-10-30,63,3,314000.0,2751,Silver,GrabFood|GrabMart,2,Surabaya,0
USR002355,Loyal,2024-12-10,22,11,657000.0,6530,Gold,GrabCar,1,Medan,0
USR006036,Promising,2024-12-18,14,3,150000.0,1201,Member,GrabExpress|GrabCar,2,Jakarta,0
USR004798,At_Risk,2024-11-13,49,5,270000.0,2348,Silver,GrabFood,1,Jakarta,0
USR002442,Loyal,2024-12-24,8,11,565000.0,6489,Silver,GrabCar|GrabBike,2,Jakarta,0
USR008645,Hibernating,2024-01-11,356,0,76000.0,766,Member,GrabExpress|GrabFood,2,Jakarta,1
USR004592,At_Risk,2024-10-23,70,4,293000.0,3128,Silver,GrabBike,1,Jakarta,0
USR008772,Hibernating,2024-06-23,192,0,8000.0,71,Member,GrabExpress|GrabFood|GrabCar,3,Jakarta,1
USR000464,Champions,2024-12-28,4,18,1553000.0,16342,Platinum,GrabFood|GrabExpress,2,Jakarta,0
USR000163,Champions,2024-12-30,2,17,1596000.0,18790,Platinum,GrabBike|GrabCar|GrabFood|GrabMart,4,Surabaya,0
USR009261,Hibernating,2024-01-15,352,0,10000.0,91,Member,GrabExpress,1,Surabaya,1
USR009433,Hibernating,2024-06-12,203,0,62000.0,580,Member,GrabMart|GrabCar|GrabExpress|GrabFood,4,Surabaya,1
USR008405,Hibernating,2024-09-06,117,0,11000.0,111,Member,GrabFood,1,Surabaya,1
USR009777,Hibernating,2024-08-16,138,0,77000.0,705,Member,GrabCar|GrabMart,2,Jakarta,0
USR009478,Hibernating,2024-04-28,248,0,33000.0,369,Member,GrabFood|GrabBike,2,Jakarta,1
USR007380,Promising,2024-12-16,16,4,171000.0,1700,Member,GrabBike|GrabExpress|GrabCar|GrabMart,4,Bekasi,0
USR006636,Promising,2024-12-14,18,7,208000.0,2030,Silver,GrabFood|GrabCar,2,Bekasi,0
USR000241,Champions,2024-12-21,11,22,2199000.0,21731,Platinum,GrabExpress,1,Medan,0
USR002009,Loyal,2024-12-11,21,9,319000.0,2588,Silver,GrabExpress|GrabMart|GrabFood,3,Surabaya,0
USR006356,Promising,2024-12-18,14,3,239000.0,2266,Silver,GrabCar,1,Bandung,1
USR003084,Loyal,2024-12-17,15,8,507000.0,4718,Silver,GrabMart,1,Surabaya,0
USR006208,Promising,2024-12-13,19,7,203000.0,1855,Silver,GrabMart|GrabCar|GrabFood,3,Jakarta,0
USR000900,Champions,2024-12-26,6,19,1342000.0,12373,Gold,GrabFood|GrabMart|GrabCar,3,Bandung,0
USR005542,At_Risk,2024-10-15,78,5,300000.0,2642,Silver,GrabExpress|GrabBike,2,Jakarta,1
USR006007,Promising,2024-12-20,12,3,184000.0,2120,Member,GrabBike,1,Jakarta,0
USR007638,Promising,2024-12-12,20,4,98000.0,934,Member,GrabExpress,1,Surabaya,0
USR006793,Promising,2024-12-22,10,3,86000.0,914,Member,GrabMart|GrabFood|GrabExpress,3,Jakarta,0
USR008869,Hibernating,2024-02-04,332,0,15000.0,157,Member,GrabBike|GrabMart|GrabCar,3,Bandung,1
USR007758,Promising,2024-12-20,12,3,88000.0,882,Member,GrabFood|GrabMart|GrabCar,3,Jakarta,0
USR004837,At_Risk,2024-10-24,69,2,147000.0,1617,Member,GrabCar|GrabFood,2,Bekasi,1
USR002293,Loyal,2024-12-04,28,12,337000.0,2721,Silver,GrabBike|GrabMart|GrabCar,3,Medan,1
USR006548,Promising,2024-12-26,6,5,142000.0,1358,Member,GrabMart|GrabFood|GrabExpress|GrabBike,4,Bandung,0
USR007898,Promising,2024-12-23,9,5,182000.0,2056,Member,GrabBike|GrabCar|GrabExpress,3,Jakarta,0
USR007977,Promising,2024-12-29,3,4,137000.0,1514,Member,GrabMart,1,Jakarta,1
USR004481,At_Risk,2024-10-18,75,2,342000.0,3506,Silver,GrabExpress,1,Surabaya,0
USR005302,At_Risk,2024-11-05,57,4,347000.0,2787,Silver,GrabMart|GrabExpress|GrabFood,3,Bandung,0
USR004605,At_Risk,2024-10-15,78,2,268000.0,3103,Silver,GrabExpress|GrabBike,2,Bandung,0
USR003716,Loyal,2024-12-03,29,8,558000.0,6320,Silver,GrabMart|GrabFood|GrabBike,3,Bekasi,0
USR009071,Hibernating,2024-03-21,286,0,19000.0,176,Member,GrabMart|GrabExpress,2,Jakarta,1
USR006140,Promising,2024-12-18,14,4,105000.0,989,Member,GrabExpress|GrabBike|GrabFood,3,Jakarta,0
USR001764,Loyal,2024-12-19,13,12,350000.0,3665,Silver,GrabBike|GrabExpress|GrabFood,3,Medan,0
USR006598,Promising,2024-12-17,15,7,203000.0,1688,Silver,GrabMart|GrabFood,2,Bekasi,0
USR001549,Loyal,2024-12-11,21,12,422000.0,4160,Silver,GrabFood,1,Bekasi,0
USR003029,Loyal,2024-12-04,28,11,444000.0,4830,Silver,GrabBike|GrabCar,2,Surabaya,0
USR008653,Hibernating,2024-06-23,192,0,1000.0,9,Member,GrabMart|GrabFood,2,Jakarta,1
USR006298,Promising,2024-12-13,19,3,122000.0,1169,Member,GrabMart|GrabFood|GrabBike,3,Surabaya,0
USR006662,Promising,2024-12-29,3,6,107000.0,1160,Member,GrabCar,1,Bandung,0
USR006626,Promising,2024-12-16,16,3,161000.0,1864,Member,GrabCar|GrabMart|GrabExpress,3,Jakarta,0
USR002044,Loyal,2024-12-15,17,14,471000.0,5357,Silver,GrabMart|GrabCar,2,Bekasi,0
USR000767,Champions,2024-12-27,5,28,1781000.0,14574,Platinum,GrabFood|GrabCar|GrabBike,3,Medan,0
USR005693,At_Risk,2024-10-31,62,3,169000.0,1803,Member,GrabExpress|GrabFood,2,Bandung,0
USR007870,Promising,2024-12-21,11,4,98000.0,986,Member,GrabCar|GrabMart,2,Bandung,1
USR007795,Promising,2024-12-28,4,5,195000.0,1719,Member,GrabCar|GrabBike,2,Surabaya,0
USR001508,Loyal,2024-12-23,9,9,695000.0,5942,Gold,GrabFood|GrabCar|GrabMart|GrabBike,4,Bandung,1
USR007230,Promising,2024-12-12,20,6,89000.0,923,Member,GrabMart|GrabFood,2,Medan,0
USR007857,Promising,2024-12-12,20,6,230000.0,1856,Silver,GrabExpress,1,Jakarta,1
USR003302,Loyal,2024-12-04,28,11,710000.0,6392,Gold,GrabFood|GrabCar,2,Bandung,0
USR004517,At_Risk,2024-10-26,67,5,332000.0,3668,Silver,GrabFood|GrabCar,2,Jakarta,1
USR004219,At_Risk,2024-10-30,63,3,116000.0,1323,Member,GrabCar,1,Jakarta,0
USR009078,Hibernating,2024-03-25,282,0,57000.0,644,Member,GrabExpress|GrabCar,2,Bandung,1
USR009940,Hibernating,2024-01-03,364,0,65000.0,621,Member,GrabFood,1,Bandung,1
USR003292,Loyal,2024-12-13,19,12,533000.0,4524,Silver,GrabFood,1,Bekasi,0
USR000819,Champions,2024-12-29,3,20,1300000.0,12555,Gold,GrabExpress|GrabBike,2,Surabaya,0
USR001403,Champions,2024-12-24,8,21,1085000.0,10813,Gold,GrabFood|GrabCar,2,Medan,0
USR001382,Champions,2024-12-22,10,26,1538000.0,12907,Platinum,GrabFood|GrabMart|GrabExpress,3,Surabaya,0
USR002148,Loyal,2024-12-09,23,11,755000.0,8691,Gold,GrabMart|GrabCar,2,Medan,0
USR006928,Promising,2024-12-29,3,5,152000.0,1435,Member,GrabCar,1,Bandung,1
USR005671,At_Risk,2024-11-05,57,2,144000.0,1682,Member,GrabBike,1,Medan,0
USR001638,Loyal,2024-12-14,18,14,532000.0,5562,Silver,GrabBike|GrabCar|GrabFood|GrabExpress,4,Surabaya,0
USR005891,At_Risk,2024-11-15,47,5,119000.0,1044,Member,GrabFood,1,Jakarta,0
USR007427,Promising,2024-12-20,12,4,187000.0,1533,Member,GrabBike,1,Jakarta,0
USR000608,Champions,2024-12-19,13,25,976000.0,9064,Gold,GrabExpress|GrabMart|GrabFood,3,Medan,0
USR006907,Promising,2024-12-27,5,6,181000.0,1679,Member,GrabFood|GrabExpress|GrabCar,3,Medan,0
USR000399,Champions,2024-12-25,7,25,1342000.0,14945,Gold,GrabExpress,1,Bekasi,0
USR007247,Promising,2024-12-24,8,7,105000.0,847,Member,GrabFood|GrabExpress,2,Jakarta,0
USR006406,Promising,2024-12-26,6,3,83000.0,876,Member,GrabExpress,1,Bekasi,0
USR000882,Champions,2024-12-25,7,20,2068000.0,21766,Platinum,GrabCar|GrabBike|GrabMart,3,Jakarta,0
USR003565,Loyal,2024-12-08,24,13,462000.0,4193,Silver,GrabBike|GrabFood,2,Jakarta,0
USR004285,At_Risk,2024-11-15,47,3,162000.0,1873,Member,GrabCar|GrabFood,2,Jakarta,0
USR001179,Champions,2024-12-23,9,25,2407000.0,28191,Platinum,GrabExpress|GrabCar|GrabMart,3,Surabaya,0
USR005448,At_Risk,2024-11-10,52,5,288000.0,2477,Silver,GrabBike|GrabMart|GrabExpress,3,Bekasi,0
USR004244,At_Risk,2024-10-05,88,3,243000.0,2568,Silver,GrabBike,1,Jakarta,1
USR005218,At_Risk,2024-10-10,83,2,339000.0,3299,Silver,GrabMart|GrabExpress,2,Jakarta,1
USR003976,Loyal,2024-12-13,19,8,588000.0,4891,Silver,GrabExpress|GrabFood|GrabCar,3,Surabaya,0
USR002130,Loyal,2024-12-08,24,10,701000.0,7165,Gold,GrabBike|GrabExpress|GrabCar,3,Bandung,0
USR005078,At_Risk,2024-10-10,83,3,246000.0,2930,Silver,GrabFood,1,Jakarta,0
USR000456,Champions,2024-12-20,12,18,2445000.0,25945,Platinum,GrabFood|GrabCar|GrabBike|GrabExpress,4,Jakarta,0
USR005582,At_Risk,2024-11-11,51,3,295000.0,2961,Silver,GrabExpress,1,Jakarta,1
USR005175,At_Risk,2024-10-10,83,3,139000.0,1147,Member,GrabFood|GrabBike,2,Surabaya,0
USR001950,Loyal,2024-12-15,17,10,658000.0,6908,Gold,GrabBike,1,Jakarta,0
USR005372,At_Risk,2024-10-31,62,4,150000.0,1373,Member,GrabFood,1,Jakarta,1
USR000689,Champions,2024-12-21,11,21,1699000.0,15987,Platinum,GrabFood|GrabCar|GrabBike|GrabMart,4,Bekasi,0
USR008852,Hibernating,2024-08-02,152,0,50000.0,485,Member,GrabExpress|GrabBike|GrabMart|GrabFood,4,Surabaya,1
USR006525,Promising,2024-12-18,14,7,142000.0,1593,Member,GrabExpress|GrabMart,2,Bandung,0
USR009821,Hibernating,2024-05-04,242,0,66000.0,718,Member,GrabBike|GrabFood|GrabExpress,3,Bandung,0
USR006488,Promising,2024-12-13,19,4,221000.0,2448,Silver,GrabExpress|GrabMart,2,Medan,1
USR006921,Promising,2024-12-15,17,4,220000.0,1841,Silver,GrabExpress|GrabFood,2,Jakarta,0
USR001953,Loyal,2024-12-11,21,14,448000.0,5092,Silver,GrabFood|GrabCar,2,Bandung,0
USR007634,Promising,2024-12-12,20,3,150000.0,1670,Member,GrabMart|GrabExpress|GrabFood,3,Surabaya,0
USR005636,At_Risk,2024-11-04,58,4,325000.0,3209,Silver,GrabBike,1,Bandung,1
USR007154,Promising,2024-12-17,15,7,117000.0,984,Member,GrabFood,1,Jakarta,1
USR008424,Hibernating,2024-05-05,241,0,67000.0,565,Member,GrabFood|GrabBike|GrabMart|GrabExpress,4,Bandung,0
USR006610,Promising,2024-12-28,4,3,113000.0,962,Member,GrabMart|GrabBike|GrabExpress,3,Surabaya,0
USR002710,Loyal,2024-12-08,24,13,497000.0,5344,Silver,GrabExpress,1,Bandung,0
USR008730,Hibernating,2024-04-01,275,0,38000.0,438,Member,GrabFood,1,Jakarta,1
USR003201,Loyal,2024-12-18,14,11,446000.0,4290,Silver,GrabExpress|GrabBike,2,Jakarta,0
USR004349,At_Risk,2024-10-08,85,2,106000.0,1256,Member,GrabCar|GrabExpress|GrabBike|GrabMart,4,Medan,0
USR004138,At_Risk,2024-10-04,89,3,208000.0,2050,Silver,GrabFood,1,Jakarta,0
USR001884,Loyal,2024-12-20,12,10,441000.0,3693,Silver,GrabFood,1,Jakarta,1
USR008639,Hibernating,2024-08-03,151,0,15000.0,121,Member,GrabCar|GrabExpress|GrabMart|GrabBike,4,Bandung,1
USR004485,At_Risk,2024-11-09,53,4,243000.0,2180,Silver,GrabMart,1,Jakarta,0
USR002494,Loyal,2024-12-06,26,11,758000.0,8648,Gold,GrabCar,1,Jakarta,0
USR005947,At_Risk,2024-10-15,78,2,303000.0,2438,Silver,GrabCar|GrabFood,2,Jakarta,0
USR003036,Loyal,2024-12-04,28,14,780000.0,6541,Gold,GrabCar,1,Jakarta,0
USR005777,At_Risk,2024-11-03,59,4,240000.0,2473,Silver,GrabExpress,1,Jakarta,1
USR003603,Loyal,2024-12-21,11,14,497000.0,4446,Silver,GrabMart|GrabCar|GrabBike,3,Medan,0
USR000845,Champions,2024-12-28,4,16,1866000.0,15052,Platinum,GrabFood|GrabCar|GrabMart|GrabBike,4,Jakarta,0
USR000542,Champions,2024-12-29,3,22,1143000.0,9447,Gold,GrabBike|GrabCar|GrabFood,3,Bandung,0
USR003724,Loyal,2024-12-23,9,11,521000.0,5213,Silver,GrabCar,1,Jakarta,0
USR004187,At_Risk,2024-11-13,49,3,141000.0,1425,Member,GrabExpress|GrabCar,2,Jakarta,0
USR003679,Loyal,2024-12-14,18,11,549000.0,4855,Silver,GrabCar|GrabBike|GrabFood|GrabMart,4,Bekasi,0
USR008899,Hibernating,2024-02-28,308,0,73000.0,762,Member,GrabFood|GrabMart|GrabExpress,3,Jakarta,1
USR007967,Promising,2024-12-26,6,6,100000.0,1198,Member,GrabFood|GrabMart|GrabCar|GrabExpress,4,Jakarta,0
USR008485,Hibernating,2024-05-07,239,0,10000.0,94,Member,GrabFood|GrabCar|GrabMart,3,Bandung,1
USR006075,Promising,2024-12-20,12,3,88000.0,737,Member,GrabBike,1,Jakarta,1
USR007340,Promising,2024-12-22,10,4,190000.0,2036,Member,GrabFood,1,Jakarta,0
USR008225,Hibernating,2024-02-07,329,0,39000.0,452,Member,GrabCar,1,Medan,1
USR007246,Promising,2024-12-25,7,4,162000.0,1832,Member,GrabFood,1,Bekasi,1
USR009710,Hibernating,2024-04-17,259,0,28000.0,335,Member,GrabMart,1,Bandung,1
USR008290,Hibernating,2024-04-27,249,0,28000.0,329,Member,GrabBike,1,Jakarta,1
USR007137,Promising,2024-12-28,4,6,226000.0,1958,Silver,GrabFood,1,Jakarta,0
USR002964,Loyal,2024-12-22,10,12,733000.0,7984,Gold,GrabBike|GrabExpress,2,Bekasi,0
USR007559,Promising,2024-12-15,17,4,186000.0,2197,Member,GrabCar,1,Bekasi,0
USR002529,Loyal,2024-12-20,12,14,382000.0,4095,Silver,GrabBike|GrabMart,2,Jakarta,0
USR007284,Promising,2024-12-14,18,4,136000.0,1094,Member,GrabFood|GrabMart,2,Jakarta,0
USR005772,At_Risk,2024-10-07,86,4,139000.0,1116,Member,GrabCar|GrabMart|GrabBike,3,Bandung,0
USR001048,Champions,2024-12-25,7,27,2199000.0,18461,Platinum,GrabBike|GrabFood|GrabMart,3,Bandung,0
USR007045,Promising,2024-12-19,13,7,167000.0,1398,Member,GrabCar|GrabFood,2,Bekasi,0
USR001960,Loyal,2024-12-03,29,8,746000.0,7083,Gold,GrabMart|GrabExpress|GrabFood,3,Bekasi,0
USR002530,Loyal,2024-12-05,27,8,309000.0,3212,Silver,GrabCar,1,Bandung,0
USR009048,Hibernating,2024-09-10,113,0,5000.0,54,Member,GrabMart,1,Jakarta,1
USR007603,Promising,2024-12-14,18,4,246000.0,2108,Silver,GrabMart|GrabBike,2,Jakarta,0
USR006524,Promising,2024-12-21,11,3,186000.0,1845,Member,GrabExpress|GrabCar|GrabFood,3,Jakarta,0
USR000237,Champions,2024-12-28,4,29,1640000.0,16380,Platinum,GrabMart|GrabCar|GrabFood,3,Surabaya,0
USR004917,At_Risk,2024-11-13,49,5,122000.0,1048,Member,GrabMart,1,Surabaya,1
USR006479,Promising,2024-12-26,6,6,218000.0,2116,Silver,GrabMart|GrabExpress|GrabBike,3,Medan,0
USR001133,Champions,2024-12-26,6,24,2035000.0,16843,Platinum,GrabBike|GrabCar,2,Bekasi,0
USR006976,Promising,2024-12-16,16,7,227000.0,2136,Silver,GrabExpress|GrabBike|GrabCar,3,Jakarta,1
USR005901,At_Risk,2024-10-20,73,2,314000.0,3403,Silver,GrabFood,1,Medan,0
USR009057,Hibernating,2024-01-22,345,0,47000.0,397,Member,GrabMart|GrabCar,2,Jakarta,1
USR004259,At_Risk,2024-11-09,53,2,341000.0,3444,Silver,GrabMart|GrabCar,2,Bekasi,0
USR008840,Hibernating,2024-04-12,264,0,73000.0,720,Member,GrabFood|GrabBike|GrabExpress,3,Jakarta,1
USR006965,Promising,2024-12-27,5,4,196000.0,2054,Member,GrabBike,1,Jakarta,0
USR009979,Hibernating,2024-02-25,311,0,22000.0,193,Member,GrabMart|GrabCar|GrabFood|GrabBike,4,Jakarta,1
USR000792,Champions,2024-12-21,11,28,2379000.0,21130,Platinum,GrabFood,1,Jakarta,0
USR001985,Loyal,2024-12-17,15,12,572000.0,5981,Silver,GrabBike|GrabMart,2,Medan,0
USR005656,At_Risk,2024-10-20,73,2,301000.0,2523,Silver,GrabFood,1,Medan,0
USR008739,Hibernating,2024-02-28,308,0,49000.0,445,Member,GrabFood|GrabExpress|GrabMart,3,Jakarta,1
USR007935,Promising,2024-12-12,20,6,109000.0,1044,Member,GrabCar|GrabExpress|GrabMart|GrabFood,4,Bekasi,1
USR006097,Promising,2024-12-29,3,7,128000.0,1515,Member,GrabFood|GrabMart|GrabExpress|GrabCar,4,Medan,0
USR005907,At_Risk,2024-11-04,58,4,287000.0,3122,Silver,GrabExpress|GrabBike|GrabMart|GrabFood,4,Surabaya,0
USR007373,Promising,2024-12-17,15,5,109000.0,876,Member,GrabExpress,1,Surabaya,0
USR008128,Hibernating,2024-05-04,242,0,28000.0,244,Member,GrabCar,1,Bekasi,1
USR002978,Loyal,2024-12-09,23,12,539000.0,5682,Silver,GrabMart|GrabFood,2,Jakarta,0
USR008861,Hibernating,2024-01-22,345,0,8000.0,86,Member,GrabExpress|GrabFood|GrabCar,3,Jakarta,1
USR009301,Hibernating,2024-03-03,304,0,62000.0,709,Member,GrabCar|GrabExpress,2,Jakarta,1
USR006721,Promising,2024-12-13,19,6,239000.0,2313,Silver,GrabFood,1,Bandung,0
USR007842,Promising,2024-12-25,7,3,164000.0,1797,Member,GrabCar|GrabFood,2,Surabaya,0
USR005524,At_Risk,2024-10-15,78,2,145000.0,1484,Member,GrabCar,1,Bekasi,1
USR008721,Hibernating,2024-06-22,193,0,13000.0,155,Member,GrabMart|GrabBike,2,Jakarta,1
USR008431,Hibernating,2024-07-27,158,0,73000.0,585,Member,GrabBike|GrabExpress,2,Jakarta,1
USR009008,Hibernating,2024-04-22,254,0,20000.0,198,Member,GrabCar|GrabFood|GrabBike,3,Surabaya,1
USR008603,Hibernating,2024-01-30,337,0,0.0,0,Member,GrabCar|GrabBike,2,Jakarta,0
USR007174,Promising,2024-12-28,4,6,210000.0,2383,Silver,GrabFood|GrabBike|GrabMart|GrabExpress,4,Jakarta,0
USR003919,Loyal,2024-12-18,14,11,663000.0,7227,Gold,GrabCar|GrabBike,2,Jakarta,0
USR003138,Loyal,2024-12-20,12,12,301000.0,3203,Silver,GrabBike|GrabMart,2,Jakarta,0
USR009416,Hibernating,2024-04-25,251,0,74000.0,859,Member,GrabExpress,1,Bekasi,1
USR009933,Hibernating,2024-03-28,279,0,62000.0,673,Member,GrabMart|GrabBike,2,Jakarta,1
USR005789,At_Risk,2024-11-02,60,3,268000.0,2864,Silver,GrabCar|GrabFood|GrabMart,3,Jakarta,1
USR004073,At_Risk,2024-10-09,84,4,239000.0,2242,Silver,GrabBike,1,Jakarta,0
USR003287,Loyal,2024-12-07,25,13,625000.0,7255,Gold,GrabCar,1,Bekasi,0
USR003229,Loyal,2024-12-18,14,12,657000.0,6072,Gold,GrabMart|GrabBike|GrabFood,3,Bekasi,0
USR001826,Loyal,2024-12-08,24,13,486000.0,4747,Silver,GrabCar|GrabBike|GrabFood,3,Bandung,1
USR005548,At_Risk,2024-11-12,50,5,218000.0,1775,Silver,GrabCar|GrabBike,2,Medan,1
USR000593,Champions,2024-12-31,1,26,1726000.0,15273,Platinum,GrabBike|GrabFood,2,Bandung,0
USR002725,Loyal,2024-12-15,17,11,656000.0,6051,Gold,GrabExpress|GrabCar,2,Bekasi,1
USR004137,At_Risk,2024-10-16,77,2,205000.0,1743,Silver,GrabFood|GrabExpress,2,Surabaya,1
USR000560,Champions,2024-12-28,4,22,1959000.0,23289,Platinum,GrabMart|GrabExpress|GrabCar|GrabBike,4,Jakarta,0
USR007406,Promising,2024-12-28,4,5,140000.0,1546,Member,GrabMart,1,Surabaya,0
USR008806,Hibernating,2024-05-25,221,0,70000.0,565,Member,GrabExpress,1,Surabaya,0
USR008386,Hibernating,2024-07-21,164,0,48000.0,472,Member,GrabExpress|GrabMart|GrabFood,3,Bekasi,1
USR000243,Champions,2024-12-23,9,18,1695000.0,14140,Platinum,GrabBike|GrabMart,2,Bandung,0
USR007268,Promising,2024-12-28,4,4,91000.0,785,Member,GrabFood|GrabCar,2,Jakarta,1
USR005435,At_Risk,2024-10-19,74,3,133000.0,1245,Member,GrabFood,1,Jakarta,1
USR004437,At_Risk,2024-11-12,50,4,189000.0,1979,Member,GrabExpress|GrabBike,2,Jakarta,1
USR009684,Hibernating,2024-09-03,120,0,10000.0,116,Member,GrabBike|GrabCar|GrabMart,3,Jakarta,1
USR008106,Hibernating,2024-09-24,99,0,57000.0,601,Member,GrabExpress|GrabMart|GrabCar|GrabBike,4,Jakarta,0
USR000405,Champions,2024-12-19,13,29,1351000.0,16000,Gold,GrabFood|GrabExpress|GrabCar,3,Bandung,0
USR001442,Champions,2024-12-30,2,28,837000.0,9240,Gold,GrabBike|GrabMart,2,Surabaya,0
USR000261,Champions,2024-12-27,5,29,1441000.0,15269,Gold,GrabBike|GrabExpress|GrabFood|GrabCar,4,Jakarta,0
USR004406,At_Risk,2024-10-23,70,4,190000.0,2162,Member,GrabExpress,1,Jakarta,1
USR007633,Promising,2024-12-19,13,5,181000.0,1617,Member,GrabBike,1,Jakarta,0
USR009533,Hibernating,2024-01-31,336,0,34000.0,314,Member,GrabCar,1,Jakarta,0
USR001689,Loyal,2024-12-08,24,14,393000.0,3706,Silver,GrabFood|GrabBike|GrabExpress|GrabCar,4,Surabaya,1
USR009866,Hibernating,2024-03-04,303,0,53000.0,502,Member,GrabCar|GrabBike,2,Jakarta,1
USR001725,Loyal,2024-12-06,26,12,479000.0,5309,Silver,GrabBike,1,Surabaya,0
USR008994,Hibernating,2024-05-15,231,0,79000.0,806,Member,GrabExpress|GrabMart,2,Bandung,1
USR004930,At_Risk,2024-10-21,72,3,100000.0,995,Member,GrabCar|GrabFood,2,Bandung,0
USR005962,At_Risk,2024-10-22,71,4,117000.0,994,Member,GrabFood,1,Bandung,0
USR002496,Loyal,2024-12-09,23,10,527000.0,5484,Silver,GrabExpress,1,Jakarta,0
USR009014,Hibernating,2024-07-13,172,0,44000.0,467,Member,GrabFood,1,Jakarta,1
USR006904,Promising,2024-12-16,16,3,90000.0,998,Member,GrabFood|GrabCar,2,Bekasi,0
USR006106,Promising,2024-12-24,8,7,132000.0,1484,Member,GrabFood,1,Surabaya,0
USR008200,Hibernating,2024-09-14,109,0,36000.0,342,Member,GrabMart,1,Jakarta,1
USR000340,Champions,2024-12-30,2,17,1942000.0,21392,Platinum,GrabFood|GrabCar|GrabBike,3,Jakarta,1
USR002408,Loyal,2024-12-17,15,10,737000.0,8323,Gold,GrabFood|GrabMart|GrabExpress,3,Surabaya,0
USR001601,Loyal,2024-12-17,15,12,556000.0,4750,Silver,GrabMart,1,Bekasi,0
USR009864,Hibernating,2024-09-22,101,0,40000.0,445,Member,GrabFood|GrabMart,2,Bandung,1
USR008359,Hibernating,2024-04-07,269,0,17000.0,145,Member,GrabBike,1,Medan,1
USR005782,At_Risk,2024-11-11,51,3,197000.0,2346,Member,GrabBike|GrabMart|GrabFood,3,Jakarta,1
USR004576,At_Risk,2024-10-21,72,5,346000.0,2842,Silver,GrabFood|GrabBike,2,Jakarta,1
USR007971,Promising,2024-12-19,13,4,138000.0,1160,Member,GrabCar,1,Jakarta,0
USR003725,Loyal,2024-12-19,13,10,531000.0,6167,Silver,GrabExpress|GrabFood|GrabMart,3,Jakarta,0
USR002556,Loyal,2024-12-15,17,8,403000.0,3779,Silver,GrabCar,1,Jakarta,0
USR002785,Loyal,2024-12-13,19,13,543000.0,6070,Silver,GrabCar|GrabFood|GrabExpress,3,Jakarta,0
USR001523,Loyal,2024-12-22,10,13,523000.0,4567,Silver,GrabCar,1,Jakarta,0
USR007717,Promising,2024-12-15,17,3,246000.0,2772,Silver,GrabFood,1,Surabaya,0
USR002507,Loyal,2024-12-16,16,13,595000.0,6915,Silver,GrabMart,1,Bandung,0
USR002831,Loyal,2024-12-22,10,12,620000.0,6676,Gold,GrabBike,1,Bekasi,0
USR001012,Champions,2024-12-26,6,20,2183000.0,25261,Platinum,GrabFood|GrabCar|GrabExpress|GrabMart,4,Bandung,0
USR005280,At_Risk,2024-11-04,58,4,219000.0,2580,Silver,GrabMart|GrabFood|GrabCar,3,Bekasi,1
USR004895,At_Risk,2024-10-13,80,5,325000.0,2987,Silver,GrabBike,1,Bekasi,1
USR001766,Loyal,2024-12-21,11,9,529000.0,5401,Silver,GrabMart,1,Medan,0
USR004551,At_Risk,2024-10-09,84,4,227000.0,1966,Silver,GrabMart,1,Jakarta,0
USR007121,Promising,2024-12-17,15,4,135000.0,1373,Member,GrabExpress|GrabBike|GrabFood,3,Jakarta,0
USR006549,Promising,2024-12-27,5,6,226000.0,2021,Silver,GrabMart|GrabCar,2,Jakarta,0
USR004037,At_Risk,2024-11-01,61,4,163000.0,1462,Member,GrabCar|GrabBike,2,Jakarta,0
USR008270,Hibernating,2024-02-26,310,0,11000.0,104,Member,GrabMart|GrabBike|GrabCar|GrabFood,4,Surabaya,1
USR000148,Champions,2024-12-20,12,22,1463000.0,15223,Gold,GrabBike|GrabMart|GrabExpress,3,Medan,0
USR000285,Champions,2024-12-25,7,29,928000.0,8380,Gold,GrabBike|GrabCar|GrabMart,3,Jakarta,0
USR007800,Promising,2024-12-12,20,5,154000.0,1565,Member,GrabBike|GrabFood|GrabMart|GrabExpress,4,Jakarta,0
USR009651,Hibernating,2024-04-30,246,0,45000.0,530,Member,GrabFood|GrabExpress,2,Medan,0
USR000363,Champions,2024-12-26,6,20,1962000.0,19998,Platinum,GrabMart|GrabFood|GrabCar|GrabBike,4,Jakarta,0
USR005367,At_Risk,2024-11-01,61,2,168000.0,1515,Member,GrabBike|GrabMart,2,Surabaya,1
USR009945,Hibernating,2024-09-20,103,0,20000.0,165,Member,GrabBike|GrabCar|GrabFood,3,Bekasi,1
USR008410,Hibernating,2024-08-15,139,0,16000.0,134,Member,GrabMart,1,Jakarta,1
USR009453,Hibernating,2024-01-13,354,0,17000.0,174,Member,GrabBike|GrabFood,2,Surabaya,1
USR004725,At_Risk,2024-10-28,65,2,236000.0,2215,Silver,GrabMart,1,Medan,0
USR007271,Promising,2024-12-28,4,3,169000.0,1949,Member,GrabMart|GrabCar|GrabBike,3,Jakarta,0
USR006770,Promising,2024-12-14,18,3,105000.0,1228,Member,GrabCar|GrabMart|GrabFood|GrabBike,4,Bandung,0
USR004443,At_Risk,2024-10-05,88,5,214000.0,2347,Silver,GrabFood|GrabBike,2,Jakarta,1
USR007446,Promising,2024-12-14,18,6,121000.0,1013,Member,GrabBike|GrabFood|GrabExpress,3,Bandung,1
USR000236,Champions,2024-12-27,5,15,2072000.0,19506,Platinum,GrabMart|GrabBike,2,Jakarta,0
USR007709,Promising,2024-12-17,15,7,189000.0,2008,Member,GrabBike,1,Surabaya,0
USR009585,Hibernating,2024-07-02,183,0,28000.0,327,Member,GrabCar|GrabFood|GrabBike,3,Medan,1
USR002562,Loyal,2024-12-10,22,10,787000.0,6505,Gold,GrabFood|GrabExpress|GrabMart,3,Surabaya,0
USR007123,Promising,2024-12-18,14,3,166000.0,1804,Member,GrabExpress|GrabBike|GrabMart|GrabCar,4,Surabaya,1
USR008536,Hibernating,2024-02-22,314,0,72000.0,726,Member,GrabBike|GrabMart|GrabCar,3,Surabaya,1
USR009602,Hibernating,2024-01-10,357,0,70000.0,734,Member,GrabExpress|GrabFood|GrabCar,3,Bekasi,1
USR005519,At_Risk,2024-11-09,53,5,171000.0,1404,Member,GrabBike|GrabFood|GrabExpress|GrabMart,4,Surabaya,0
USR009613,Hibernating,2024-03-22,285,0,48000.0,494,Member,GrabMart,1,Jakarta,1
USR003083,Loyal,2024-12-03,29,14,421000.0,5035,Silver,GrabMart,1,Medan,1
USR002959,Loyal,2024-12-17,15,11,491000.0,5151,Silver,GrabExpress|GrabFood|GrabCar|GrabMart,4,Jakarta,0
USR002102,Loyal,2024-12-20,12,11,699000.0,5930,Gold,GrabBike,1,Jakarta,0
USR000632,Champions,2024-12-22,10,19,1930000.0,20580,Platinum,GrabCar|GrabFood|GrabExpress,3,Medan,0
USR006813,Promising,2024-12-15,17,3,118000.0,1011,Member,GrabCar|GrabBike|GrabFood|GrabMart,4,Jakarta,1
USR002493,Loyal,2024-12-09,23,9,665000.0,6387,Gold,GrabFood|GrabMart|GrabCar,3,Bekasi,1
USR002665,Loyal,2024-12-18,14,8,651000.0,6690,Gold,GrabMart,1,Bekasi,0
USR008494,Hibernating,2024-03-29,278,0,78000.0,930,Member,GrabMart|GrabBike,2,Surabaya,1
USR008425,Hibernating,2024-09-29,94,0,1000.0,11,Member,GrabBike,1,Jakarta,0
USR009266,Hibernating,2024-01-17,350,0,55000.0,479,Member,GrabFood|GrabCar,2,Bekasi,1
USR004211,At_Risk,2024-10-22,71,3,143000.0,1294,Member,GrabFood|GrabBike,2,Jakarta,1
USR003874,Loyal,2024-12-24,8,9,423000.0,4056,Silver,GrabExpress,1,Bandung,0
USR002817,Loyal,2024-12-25,7,12,775000.0,8907,Gold,GrabMart|GrabFood|GrabExpress,3,Bandung,0
USR008268,Hibernating,2024-01-30,337,0,65000.0,760,Member,GrabFood,1,Bekasi,1
USR009815,Hibernating,2024-05-06,240,0,2000.0,16,Member,GrabExpress,1,Jakarta,1
USR007426,Promising,2024-12-20,12,3,208000.0,2129,Silver,GrabExpress|GrabFood,2,Bandung,1
USR008602,Hibernating,2024-05-29,217,0,73000.0,775,Member,GrabBike,1,Jakarta,1
USR008475,Hibernating,2024-05-19,227,0,64000.0,547,Member,GrabFood,1,Medan,1
USR001735,Loyal,2024-12-08,24,13,352000.0,2970,Silver,GrabBike|GrabExpress|GrabCar,3,Bandung,0
USR007397,Promising,2024-12-19,13,5,248000.0,2708,Silver,GrabMart|GrabFood|GrabBike,3,Jakarta,0
USR004255,At_Risk,2024-11-04,58,4,205000.0,2404,Silver,GrabExpress|GrabCar,2,Jakarta,0
USR008288,Hibernating,2024-04-24,252,0,77000.0,909,Member,GrabBike|GrabExpress|GrabMart,3,Surabaya,1
USR002475,Loyal,2024-12-17,15,13,348000.0,3621,Silver,GrabCar|GrabMart|GrabFood,3,Bekasi,0
USR009984,Hibernating,2024-05-09,237,0,1000.0,9,Member,GrabFood|GrabBike,2,Jakarta,1
USR003713,Loyal,2024-12-03,29,11,563000.0,4719,Silver,GrabExpress,1,Bandung,0
USR008978,Hibernating,2024-09-12,111,0,31000.0,311,Member,GrabCar|GrabFood|GrabExpress,3,Jakarta,1
USR001804,Loyal,2024-12-11,21,10,402000.0,4558,Silver,GrabCar,1,Medan,0
USR000707,Champions,2024-12-22,10,20,2287000.0,20139,Platinum,GrabMart,1,Surabaya,0
USR009191,Hibernating,2024-08-22,132,0,2000.0,22,Member,GrabCar|GrabMart|GrabExpress,3,Surabaya,1
USR005189,At_Risk,2024-10-17,76,4,306000.0,2540,Silver,GrabBike,1,Bandung,0
USR005472,At_Risk,2024-10-17,76,5,340000.0,2782,Silver,GrabExpress,1,Jakarta,0
USR000072,Champions,2024-12-26,6,17,1289000.0,14275,Gold,GrabCar|GrabExpress|GrabFood|GrabMart,4,Bekasi,0
USR007843,Promising,2024-12-12,20,7,110000.0,1258,Member,GrabCar|GrabExpress,2,Bekasi,0
USR005101,At_Risk,2024-10-30,63,5,145000.0,1397,Member,GrabExpress,1,Jakarta,1
USR006764,Promising,2024-12-26,6,4,227000.0,2612,Silver,GrabCar|GrabExpress|GrabFood,3,Bekasi,0
USR001125,Champions,2024-12-31,1,20,1302000.0,14559,Gold,GrabCar|GrabExpress|GrabBike,3,Jakarta,0
USR001241,Champions,2024-12-29,3,22,1225000.0,13896,Gold,GrabCar|GrabMart|GrabExpress|GrabBike,4,Bekasi,0
USR008253,Hibernating,2024-01-26,341,0,28000.0,248,Member,GrabMart|GrabCar,2,Jakarta,1
USR002349,Loyal,2024-12-22,10,14,301000.0,3430,Silver,GrabCar,1,Surabaya,0
USR006602,Promising,2024-12-15,17,4,172000.0,2015,Member,GrabBike|GrabExpress,2,Jakarta,0
USR006780,Promising,2024-12-29,3,7,233000.0,2180,Silver,GrabFood|GrabCar,2,Bandung,0
USR004358,At_Risk,2024-10-31,62,3,147000.0,1647,Member,GrabExpress|GrabCar|GrabBike|GrabFood,4,Jakarta,0
USR001343,Champions,2024-12-28,4,21,1449000.0,15693,Gold,GrabExpress|GrabMart|GrabBike,3,Medan,0
USR009988,Hibernating,2024-09-05,118,0,22000.0,237,Member,GrabMart|GrabExpress,2,Bekasi,1
USR008679,Hibernating,2024-09-27,96,0,8000.0,71,Member,GrabCar|GrabMart,2,Jakarta,1
USR009575,Hibernating,2024-03-31,276,0,25000.0,207,Member,GrabCar|GrabMart,2,Jakarta,1
USR006652,Promising,2024-12-27,5,3,229000.0,2737,Silver,GrabBike|GrabCar,2,Surabaya,1
USR001100,Champions,2024-12-19,13,15,2040000.0,24131,Platinum,GrabExpress|GrabFood,2,Jakarta,0
USR007327,Promising,2024-12-22,10,7,144000.0,1707,Member,GrabExpress|GrabFood|GrabBike|GrabCar,4,Medan,0
USR007622,Promising,2024-12-24,8,7,209000.0,1748,Silver,GrabExpress|GrabBike|GrabMart|GrabCar,4,Jakarta,0
USR000987,Champions,2024-12-29,3,15,1254000.0,12690,Gold,GrabFood|GrabExpress|GrabBike|GrabCar,4,Surabaya,0
USR002852,Loyal,2024-12-06,26,11,334000.0,3534,Silver,GrabMart|GrabExpress,2,Surabaya,0
USR000630,Champions,2024-12-22,10,26,1864000.0,20827,Platinum,GrabBike,1,Medan,0
USR001249,Champions,2024-12-23,9,15,2058000.0,23353,Platinum,GrabFood|GrabBike,2,Bandung,0
USR003179,Loyal,2024-12-25,7,11,720000.0,6498,Gold,GrabExpress,1,Bekasi,0
USR000482,Champions,2024-12-22,10,18,1790000.0,14340,Platinum,GrabExpress|GrabMart|GrabFood,3,Jakarta,0
USR003040,Loyal,2024-12-09,23,13,733000.0,7333,Gold,GrabExpress|GrabFood,2,Bekasi,0
USR005010,At_Risk,2024-11-08,54,5,189000.0,1907,Member,GrabMart|GrabBike,2,Bandung,0
USR008727,Hibernating,2024-06-12,203,0,22000.0,234,Member,GrabCar|GrabBike|GrabMart|GrabFood,4,Jakarta,1
USR007000,Promising,2024-12-20,12,5,88000.0,790,Member,GrabCar,1,Surabaya,0
USR003273,Loyal,2024-12-11,21,12,478000.0,4133,Silver,GrabCar,1,Bekasi,0
USR007227,Promising,2024-12-29,3,7,138000.0,1318,Member,GrabFood,1,Jakarta,0
USR003683,Loyal,2024-12-18,14,14,779000.0,9151,Gold,GrabMart|GrabExpress|GrabBike|GrabCar,4,Medan,0
USR006674,Promising,2024-12-29,3,6,148000.0,1723,Member,GrabCar,1,Bandung,1
USR006807,Promising,2024-12-16,16,4,191000.0,2079,Member,GrabBike|GrabExpress|GrabMart,3,Bekasi,1
USR009738,Hibernating,2024-06-14,201,0,63000.0,652,Member,GrabFood|GrabMart|GrabBike,3,Jakarta,1
USR001316,Champions,2024-12-28,4,17,934000.0,8000,Gold,GrabMart|GrabExpress,2,Jakarta,0
USR003225,Loyal,2024-12-10,22,10,774000.0,9082,Gold,GrabFood,1,Jakarta,0
USR001072,Champions,2024-12-19,13,15,2245000.0,25070,Platinum,GrabMart|GrabFood|GrabCar|GrabBike,4,Bekasi,0
USR004815,At_Risk,2024-10-26,67,5,121000.0,1114,Member,GrabFood|GrabBike,2,Bandung,1
USR008459,Hibernating,2024-07-31,154,0,45000.0,378,Member,GrabExpress|GrabFood,2,Surabaya,1
USR005752,At_Risk,2024-11-04,58,2,222000.0,1880,Silver,GrabFood|GrabExpress|GrabMart,3,Bekasi,1
USR009145,Hibernating,2024-08-13,141,0,71000.0,640,Member,GrabFood|GrabMart|GrabBike,3,Bekasi,1
USR004616,At_Risk,2024-10-09,84,2,346000.0,3890,Silver,GrabMart,1,Jakarta,0
USR003097,Loyal,2024-12-21,11,13,484000.0,5307,Silver,GrabBike,1,Jakarta,0
USR006869,Promising,2024-12-18,14,7,193000.0,1555,Member,GrabFood|GrabBike|GrabCar,3,Jakarta,1
USR001300,Champions,2024-12-22,10,25,2226000.0,22561,Platinum,GrabFood|GrabBike,2,Surabaya,0
USR007285,Promising,2024-12-28,4,3,107000.0,1162,Member,GrabCar,1,Bekasi,0
USR006284,Promising,2024-12-29,3,7,93000.0,807,Member,GrabBike|GrabCar,2,Jakarta,0
USR005495,At_Risk,2024-11-07,55,2,178000.0,2066,Member,GrabMart|GrabCar,2,Bandung,1
USR005291,At_Risk,2024-10-27,66,4,314000.0,3399,Silver,GrabExpress|GrabBike,2,Jakarta,1
USR001798,Loyal,2024-12-19,13,8,494000.0,5860,Silver,GrabCar,1,Medan,0
USR005203,At_Risk,2024-10-24,69,3,241000.0,2565,Silver,GrabCar,1,Bandung,1
USR008227,Hibernating,2024-05-18,228,0,55000.0,578,Member,GrabFood|GrabCar|GrabExpress|GrabBike,4,Surabaya,1
USR005047,At_Risk,2024-10-20,73,3,219000.0,2093,Silver,GrabExpress,1,Bandung,1
USR006441,Promising,2024-12-22,10,7,92000.0,864,Member,GrabCar,1,Bandung,1
USR008105,Hibernating,2024-02-07,329,0,39000.0,407,Member,GrabCar|GrabBike,2,Jakarta,1
USR002359,Loyal,2024-12-17,15,9,536000.0,5235,Silver,GrabMart,1,Jakarta,0
USR009380,Hibernating,2024-07-09,176,0,66000.0,684,Member,GrabFood|GrabExpress,2,Surabaya,1
USR003654,Loyal,2024-12-11,21,11,365000.0,3510,Silver,GrabCar,1,Bandung,0
USR007052,Promising,2024-12-12,20,7,118000.0,956,Member,GrabBike|GrabCar,2,Bekasi,1
USR001286,Champions,2024-12-31,1,26,1751000.0,15809,Platinum,GrabFood|GrabExpress,2,Bandung,0
USR009126,Hibernating,2024-08-21,133,0,5000.0,58,Member,GrabExpress|GrabMart,2,Bekasi,1
USR004445,At_Risk,2024-10-29,64,2,235000.0,2670,Silver,GrabFood|GrabCar,2,Jakarta,0
USR002137,Loyal,2024-12-08,24,8,739000.0,8835,Gold,GrabCar|GrabBike,2,Jakarta,0
USR006787,Promising,2024-12-23,9,7,185000.0,1617,Member,GrabExpress|GrabFood|GrabCar,3,Jakarta,1
USR009752,Hibernating,2024-08-10,144,0,30000.0,287,Member,GrabCar,1,Jakarta,1
USR008510,Hibernating,2024-06-02,213,0,30000.0,356,Member,GrabCar|GrabMart|GrabFood|GrabBike,4,Jakarta,1
USR009539,Hibernating,2024-06-22,193,0,41000.0,472,Member,GrabExpress|GrabFood,2,Bekasi,0
USR006894,Promising,2024-12-15,17,4,208000.0,2414,Silver,GrabMart,1,Surabaya,0
USR008569,Hibernating,2024-03-10,297,0,72000.0,635,Member,GrabCar|GrabExpress,2,Jakarta,1
USR007151,Promising,2024-12-23,9,6,202000.0,2398,Silver,GrabExpress,1,Bekasi,0
USR000963,Champions,2024-12-24,8,16,995000.0,10790,Gold,GrabCar|GrabFood|GrabExpress,3,Jakarta,0
USR006012,Promising,2024-12-26,6,4,165000.0,1658,Member,GrabExpress,1,Bekasi,0
USR004882,At_Risk,2024-10-06,87,4,345000.0,4087,Silver,GrabFood|GrabCar,2,Surabaya,1
USR000140,Champions,2024-12-30,2,16,1245000.0,11831,Gold,GrabBike|GrabCar|GrabFood,3,Bekasi,0
USR009032,Hibernating,2024-02-09,327,0,31000.0,331,Member,GrabFood|GrabMart|GrabExpress,3,Bekasi,1
USR006936,Promising,2024-12-21,11,6,194000.0,1623,Member,GrabExpress,1,Jakarta,0
USR006542,Promising,2024-12-20,12,3,180000.0,1930,Member,GrabCar|GrabMart,2,Jakarta,1
USR005243,At_Risk,2024-10-20,73,3,134000.0,1454,Member,GrabBike,1,Surabaya,0
USR004431,At_Risk,2024-10-29,64,4,317000.0,2703,Silver,GrabExpress,1,Jakarta,0
USR000406,Champions,2024-12-30,2,29,889000.0,9396,Gold,GrabCar|GrabFood|GrabMart|GrabExpress,4,Jakarta,0
USR008212,Hibernating,2024-03-24,283,0,75000.0,786,Member,GrabExpress,1,Jakarta,1
USR008376,Hibernating,2024-08-18,136,0,16000.0,157,Member,GrabBike|GrabMart,2,Bekasi,1
USR008627,Hibernating,2024-02-16,320,0,78000.0,768,Member,GrabCar,1,Jakarta,1
USR008234,Hibernating,2024-01-22,345,0,41000.0,409,Member,GrabCar|GrabFood|GrabMart|GrabBike,4,Surabaya,1
USR004399,At_Risk,2024-11-04,58,4,288000.0,3400,Silver,GrabCar|GrabMart|GrabFood,3,Bekasi,1
USR005252,At_Risk,2024-10-24,69,2,271000.0,2214,Silver,GrabExpress,1,Bandung,1
USR000011,Champions,2024-12-23,9,19,2274000.0,18621,Platinum,GrabExpress,1,Jakarta,0
USR004760,At_Risk,2024-11-01,61,4,201000.0,2376,Silver,GrabCar|GrabExpress,2,Bekasi,0
USR001177,Champions,2024-12-27,5,23,2068000.0,21594,Platinum,GrabBike|GrabFood,2,Surabaya,0
USR002863,Loyal,2024-12-04,28,10,538000.0,5668,Silver,GrabBike|GrabCar,2,Surabaya,0
USR006471,Promising,2024-12-17,15,3,136000.0,1257,Member,GrabCar|GrabMart,2,Bekasi,0
USR006228,Promising,2024-12-23,9,7,146000.0,1339,Member,GrabCar,1,Jakarta,0
USR002989,Loyal,2024-12-17,15,11,582000.0,5783,Silver,GrabBike,1,Bandung,0
USR007117,Promising,2024-12-18,14,7,129000.0,1152,Member,GrabExpress|GrabFood,2,Bekasi,0
USR007010,Promising,2024-12-19,13,3,226000.0,2689,Silver,GrabBike,1,Bekasi,0
USR008557,Hibernating,2024-06-23,192,0,57000.0,670,Member,GrabMart,1,Bandung,1
USR001440,Champions,2024-12-24,8,20,1396000.0,12410,Gold,GrabMart|GrabCar,2,Medan,0
USR009747,Hibernating,2024-01-30,337,0,5000.0,44,Member,GrabBike|GrabExpress|GrabCar,3,Jakarta,1
USR002875,Loyal,2024-12-16,16,9,352000.0,3359,Silver,GrabCar|GrabMart|GrabExpress|GrabFood,4,Medan,0
USR009098,Hibernating,2024-04-14,262,0,50000.0,558,Member,GrabCar,1,Bandung,1
USR008788,Hibernating,2024-08-02,152,0,42000.0,414,Member,GrabFood,1,Bekasi,1
USR007232,Promising,2024-12-15,17,3,189000.0,1806,Member,GrabBike|GrabFood,2,Jakarta,0
USR003726,Loyal,2024-12-19,13,14,409000.0,4185,Silver,GrabExpress|GrabMart,2,Jakarta,0
USR002772,Loyal,2024-12-22,10,10,667000.0,6621,Gold,GrabExpress|GrabFood|GrabBike,3,Surabaya,0
USR000454,Champions,2024-12-23,9,18,1824000.0,20449,Platinum,GrabFood|GrabExpress|GrabCar|GrabBike,4,Medan,0
USR008189,Hibernating,2024-07-11,174,0,75000.0,665,Member,GrabFood|GrabBike|GrabMart,3,Jakarta,1
USR001367,Champions,2024-12-30,2,29,1335000.0,12246,Gold,GrabCar|GrabFood,2,Jakarta,0
USR003712,Loyal,2024-12-09,23,11,642000.0,7503,Gold,GrabBike|GrabFood|GrabMart,3,Bandung,0
USR009852,Hibernating,2024-06-12,203,0,66000.0,727,Member,GrabExpress,1,Jakarta,1
USR001388,Champions,2024-12-26,6,26,836000.0,7400,Gold,GrabExpress|GrabCar|GrabFood|GrabBike,4,Jakarta,0
USR001000,Champions,2024-12-22,10,28,1922000.0,22304,Platinum,GrabBike|GrabFood|GrabExpress,3,Surabaya,0
USR007761,Promising,2024-12-21,11,6,186000.0,1830,Member,GrabMart|GrabBike,2,Jakarta,0
USR003553,Loyal,2024-12-06,26,14,738000.0,6468,Gold,GrabMart,1,Surabaya,0
USR004114,At_Risk,2024-10-26,67,2,190000.0,2138,Member,GrabExpress,1,Jakarta,1
USR001667,Loyal,2024-12-13,19,10,428000.0,4990,Silver,GrabMart|GrabExpress,2,Jakarta,0
USR003173,Loyal,2024-12-07,25,14,703000.0,6842,Gold,GrabFood|GrabMart,2,Jakarta,0
USR009397,Hibernating,2024-01-06,361,0,69000.0,792,Member,GrabFood|GrabBike|GrabMart,3,Jakarta,1
USR000488,Champions,2024-12-24,8,20,2425000.0,20470,Platinum,GrabCar|GrabBike|GrabMart,3,Bekasi,0
USR003230,Loyal,2024-12-07,25,13,553000.0,4787,Silver,GrabBike,1,Jakarta,0
USR003828,Loyal,2024-12-06,26,14,557000.0,4697,Silver,GrabExpress|GrabFood,2,Jakarta,0
USR008651,Hibernating,2024-04-06,270,0,29000.0,286,Member,GrabFood|GrabMart,2,Jakarta,1
USR005208,At_Risk,2024-11-16,46,2,321000.0,3022,Silver,GrabFood|GrabMart|GrabCar,3,Jakarta,1
USR007848,Promising,2024-12-19,13,7,164000.0,1336,Member,GrabFood|GrabBike,2,Surabaya,1
USR005704,At_Risk,2024-10-13,80,3,167000.0,1687,Member,GrabMart,1,Surabaya,0
USR009639,Hibernating,2024-04-14,262,0,17000.0,154,Member,GrabCar|GrabFood|GrabMart|GrabExpress,4,Jakarta,1
USR008133,Hibernating,2024-04-16,260,0,44000.0,398,Member,GrabFood|GrabMart|GrabExpress|GrabCar,4,Medan,1
USR000703,Champions,2024-12-31,1,29,2228000.0,22960,Platinum,GrabExpress|GrabCar|GrabFood|GrabMart,4,Medan,0
USR005105,At_Risk,2024-10-30,63,5,119000.0,1089,Member,GrabBike|GrabMart,2,Jakarta,0
USR008893,Hibernating,2024-05-07,239,0,57000.0,570,Member,GrabExpress|GrabMart|GrabBike|GrabCar,4,Jakarta,1
USR003291,Loyal,2024-12-21,11,14,379000.0,3136,Silver,GrabMart|GrabCar,2,Jakarta,0
USR008125,Hibernating,2024-07-12,173,0,16000.0,163,Member,GrabExpress|GrabBike,2,Jakarta,1
USR009631,Hibernating,2024-05-24,222,0,24000.0,224,Member,GrabCar|GrabFood|GrabExpress,3,Jakarta,1
USR009021,Hibernating,2024-08-09,145,0,63000.0,572,Member,GrabFood|GrabMart|GrabCar|GrabExpress,4,Medan,1
USR004909,At_Risk,2024-11-13,49,2,122000.0,1042,Member,GrabFood|GrabCar,2,Bekasi,0
USR004440,At_Risk,2024-10-25,68,5,220000.0,2265,Silver,GrabMart|GrabFood|GrabExpress|GrabCar,4,Surabaya,0
USR000986,Champions,2024-12-27,5,23,1538000.0,16936,Platinum,GrabFood|GrabMart|GrabCar|GrabExpress,4,Jakarta,0
USR009236,Hibernating,2024-05-10,236,0,34000.0,380,Member,GrabFood|GrabCar|GrabBike|GrabExpress,4,Bandung,1
USR009883,Hibernating,2024-09-28,95,0,71000.0,815,Member,GrabExpress|GrabCar,2,Surabaya,0
USR007705,Promising,2024-12-17,15,6,188000.0,2099,Member,GrabExpress|GrabCar|GrabMart,3,Jakarta,0
USR006257,Promising,2024-12-25,7,4,196000.0,2204,Member,GrabMart|GrabBike,2,Bekasi,0
USR006089,Promising,2024-12-14,18,6,140000.0,1157,Member,GrabMart|GrabBike,2,Jakarta,0
USR005238,At_Risk,2024-11-10,52,2,176000.0,2022,Member,GrabFood|GrabMart,2,Medan,1
USR001198,Champions,2024-12-19,13,25,888000.0,10629,Gold,GrabFood|GrabCar|GrabMart|GrabExpress,4,Jakarta,0
USR009070,Hibernating,2024-06-26,189,0,68000.0,804,Member,GrabExpress|GrabCar,2,Bekasi,1
USR007519,Promising,2024-12-26,6,4,247000.0,2902,Silver,GrabCar|GrabFood,2,Jakarta,0
USR006812,Promising,2024-12-12,20,3,94000.0,1116,Member,GrabFood|GrabBike,2,Jakarta,0
USR008320,Hibernating,2024-06-27,188,0,71000.0,838,Member,GrabCar|GrabExpress|GrabBike,3,Surabaya,0
USR007175,Promising,2024-12-18,14,7,168000.0,1376,Member,GrabCar,1,Bekasi,0
USR004470,At_Risk,2024-11-10,52,3,151000.0,1800,Member,GrabCar|GrabExpress,2,Jakarta,1
USR000891,Champions,2024-12-25,7,23,859000.0,8649,Gold,GrabBike|GrabMart,2,Jakarta,0
USR001969,Loyal,2024-12-04,28,11,747000.0,8834,Gold,GrabExpress,1,Bekasi,0
USR005757,At_Risk,2024-10-19,74,5,251000.0,2741,Silver,GrabFood|GrabExpress|GrabCar,3,Bandung,0
USR006527,Promising,2024-12-29,3,4,91000.0,872,Member,GrabCar,1,Bekasi,0
USR006294,Promising,2024-12-21,11,5,148000.0,1284,Member,GrabMart|GrabCar|GrabBike|GrabFood,4,Jakarta,0
USR007595,Promising,2024-12-24,8,6,164000.0,1892,Member,GrabFood|GrabExpress|GrabCar,3,Jakarta,1
USR003249,Loyal,2024-12-24,8,12,678000.0,6314,Gold,GrabExpress|GrabCar,2,Surabaya,0
USR006570,Promising,2024-12-17,15,3,204000.0,2011,Silver,GrabFood,1,Bekasi,0
USR006638,Promising,2024-12-24,8,5,92000.0,829,Member,GrabBike|GrabExpress|GrabFood|GrabMart,4,Surabaya,0
USR007351,Promising,2024-12-17,15,6,245000.0,2437,Silver,GrabExpress|GrabMart,2,Jakarta,0
USR009172,Hibernating,2024-06-25,190,0,59000.0,517,Member,GrabExpress|GrabBike|GrabMart,3,Jakarta,1
USR007473,Promising,2024-12-19,13,6,125000.0,1407,Member,GrabCar|GrabBike|GrabExpress,3,Surabaya,0
USR009601,Hibernating,2024-07-01,184,0,68000.0,762,Member,GrabExpress|GrabFood,2,Bekasi,0
USR008673,Hibernating,2024-04-26,250,0,1000.0,9,Member,GrabMart|GrabFood,2,Jakarta,0
USR001239,Champions,2024-12-20,12,26,1223000.0,11788,Gold,GrabFood|GrabMart,2,Jakarta,0
USR002289,Loyal,2024-12-03,29,8,712000.0,8127,Gold,GrabBike|GrabFood|GrabExpress|GrabCar,4,Jakarta,0
USR002740,Loyal,2024-12-15,17,9,787000.0,9229,Gold,GrabFood,1,Jakarta,0
USR004585,At_Risk,2024-11-17,45,4,274000.0,2192,Silver,GrabExpress,1,Medan,0
USR001229,Champions,2024-12-20,12,29,1408000.0,16423,Gold,GrabCar|GrabBike,2,Jakarta,0
USR006980,Promising,2024-12-29,3,3,131000.0,1057,Member,GrabMart,1,Jakarta,1
USR005178,At_Risk,2024-10-19,74,3,206000.0,2141,Silver,GrabFood,1,Jakarta,0
USR004293,At_Risk,2024-10-23,70,2,150000.0,1263,Member,GrabExpress,1,Jakarta,0
USR001058,Champions,2024-12-23,9,25,1590000.0,15979,Platinum,GrabFood|GrabBike|GrabExpress,3,Jakarta,0
USR006262,Promising,2024-12-27,5,3,243000.0,2664,Silver,GrabCar,1,Jakarta,0
USR000281,Champions,2024-12-27,5,24,1814000.0,20643,Platinum,GrabMart|GrabCar|GrabExpress,3,Bandung,0
USR000968,Champions,2024-12-20,12,27,1104000.0,10333,Gold,GrabExpress|GrabBike,2,Jakarta,0
USR003953,Loyal,2024-12-07,25,10,420000.0,4709,Silver,GrabCar,1,Medan,0
USR001939,Loyal,2024-12-13,19,9,323000.0,3411,Silver,GrabCar|GrabMart|GrabFood,3,Bandung,1
USR008464,Hibernating,2024-04-23,253,0,80000.0,759,Member,GrabExpress,1,Bekasi,1
USR001274,Champions,2024-12-19,13,22,1621000.0,16827,Platinum,GrabBike|GrabExpress|GrabMart,3,Jakarta,0
USR000619,Champions,2024-12-30,2,19,2037000.0,20636,Platinum,GrabCar|GrabFood|GrabMart,3,Bekasi,0
USR008505,Hibernating,2024-04-11,265,0,71000.0,597,Member,GrabBike,1,Jakarta,1
USR001742,Loyal,2024-12-03,29,11,608000.0,5738,Gold,GrabExpress|GrabBike|GrabFood|GrabCar,4,Bandung,0
USR001390,Champions,2024-12-24,8,27,921000.0,7733,Gold,GrabMart|GrabExpress|GrabFood,3,Jakarta,0
USR002203,Loyal,2024-12-23,9,9,423000.0,3665,Silver,GrabMart|GrabCar|GrabExpress,3,Jakarta,0
USR003568,Loyal,2024-12-11,21,11,336000.0,2745,Silver,GrabCar|GrabExpress,2,Bandung,0
USR006116,Promising,2024-12-28,4,6,83000.0,874,Member,GrabExpress|GrabBike,2,Jakarta,0
USR009970,Hibernating,2024-02-03,333,0,26000.0,294,Member,GrabBike|GrabFood|GrabCar,3,Medan,1
USR006052,Promising,2024-12-19,13,5,187000.0,1759,Member,GrabCar|GrabBike,2,Surabaya,0
USR003178,Loyal,2024-12-18,14,10,551000.0,5721,Silver,GrabCar,1,Jakarta,0
USR003192,Loyal,2024-12-25,7,8,668000.0,6937,Gold,GrabFood|GrabBike,2,Surabaya,0
USR006099,Promising,2024-12-15,17,6,233000.0,2009,Silver,GrabMart,1,Jakarta,0
USR007029,Promising,2024-12-12,20,7,165000.0,1490,Member,GrabMart,1,Bekasi,1
USR000575,Champions,2024-12-27,5,20,2200000.0,23372,Platinum,GrabBike|GrabExpress|GrabCar,3,Jakarta,0
USR006656,Promising,2024-12-20,12,3,238000.0,1993,Silver,GrabMart|GrabBike,2,Surabaya,0
USR007115,Promising,2024-12-29,3,3,138000.0,1270,Member,GrabExpress|GrabFood,2,Jakarta,0
USR008802,Hibernating,2024-09-06,117,0,15000.0,170,Member,GrabMart,1,Jakarta,0
USR006276,Promising,2024-12-26,6,7,86000.0,883,Member,GrabBike,1,Medan,0
USR008984,Hibernating,2024-04-17,259,0,29000.0,254,Member,GrabMart,1,Jakarta,1
USR005897,At_Risk,2024-10-22,71,3,281000.0,2914,Silver,GrabCar|GrabExpress|GrabBike,3,Jakarta,0
USR005724,At_Risk,2024-11-15,47,4,160000.0,1320,Member,GrabBike,1,Jakarta,1
USR000269,Champions,2024-12-31,1,20,2113000.0,24338,Platinum,GrabMart|GrabExpress|GrabBike,3,Jakarta,0
USR000629,Champions,2024-12-26,6,18,1355000.0,15004,Gold,GrabCar|GrabFood|GrabBike|GrabMart,4,Jakarta,0
USR003081,Loyal,2024-12-15,17,9,450000.0,4011,Silver,GrabMart,1,Bandung,0
USR003466,Loyal,2024-12-13,19,9,720000.0,6186,Gold,GrabBike,1,Medan,0
USR006430,Promising,2024-12-25,7,3,125000.0,1474,Member,GrabCar,1,Medan,0
USR009311,Hibernating,2024-07-30,155,0,49000.0,576,Member,GrabFood|GrabExpress,2,Surabaya,1
USR007062,Promising,2024-12-23,9,6,220000.0,2457,Silver,GrabMart|GrabCar|GrabBike|GrabFood,4,Jakarta,0
USR009727,Hibernating,2024-06-04,211,0,65000.0,535,Member,GrabBike|GrabFood,2,Bekasi,1
USR005543,At_Risk,2024-10-12,81,2,259000.0,2341,Silver,GrabCar,1,Bekasi,0
USR004356,At_Risk,2024-10-31,62,4,270000.0,2825,Silver,GrabFood|GrabExpress,2,Surabaya,0
USR002113,Loyal,2024-12-11,21,12,497000.0,5794,Silver,GrabCar,1,Jakarta,0
USR008219,Hibernating,2024-07-03,182,0,78000.0,733,Member,GrabFood,1,Jakarta,1
USR003216,Loyal,2024-12-19,13,14,494000.0,4204,Silver,GrabExpress|GrabBike|GrabFood,3,Medan,0
USR003814,Loyal,2024-12-12,20,13,462000.0,5489,Silver,GrabBike|GrabFood|GrabMart,3,Medan,0
USR008321,Hibernating,2024-09-26,97,0,51000.0,560,Member,GrabCar|GrabBike,2,Jakarta,1
USR008589,Hibernating,2024-04-21,255,0,47000.0,531,Member,GrabBike|GrabFood,2,Bandung,1
USR002278,Loyal,2024-12-17,15,12,667000.0,5353,Gold,GrabBike|GrabCar,2,Jakarta,1
USR004599,At_Risk,2024-10-26,67,2,162000.0,1839,Member,GrabCar,1,Bekasi,0
USR000013,Champions,2024-12-31,1,29,1790000.0,20447,Platinum,GrabMart|GrabCar|GrabBike,3,Bekasi,0
USR009225,Hibernating,2024-02-10,326,0,55000.0,618,Member,GrabExpress|GrabBike,2,Jakarta,1
USR001525,Loyal,2024-12-19,13,12,720000.0,7489,Gold,GrabMart|GrabBike,2,Medan,0
USR002365,Loyal,2024-12-17,15,10,520000.0,5668,Silver,GrabMart|GrabCar,2,Medan,0
USR004648,At_Risk,2024-11-13,49,4,255000.0,2749,Silver,GrabFood,1,Jakarta,0
USR000374,Champions,2024-12-19,13,23,1804000.0,21526,Platinum,GrabBike|GrabCar,2,Jakarta,0
USR008521,Hibernating,2024-05-18,228,0,71000.0,840,Member,GrabExpress,1,Jakarta,1
USR006477,Promising,2024-12-27,5,4,154000.0,1385,Member,GrabExpress,1,Medan,0
USR000525,Champions,2024-12-20,12,18,1133000.0,13546,Gold,GrabBike|GrabMart|GrabCar,3,Jakarta,0
USR006895,Promising,2024-12-14,18,3,160000.0,1301,Member,GrabCar,1,Bekasi,0
USR003591,Loyal,2024-12-20,12,9,441000.0,4804,Silver,GrabBike|GrabFood|GrabMart|GrabCar,4,Surabaya,1
USR007904,Promising,2024-12-20,12,6,159000.0,1345,Member,GrabMart|GrabBike|GrabExpress,3,Surabaya,0
USR002958,Loyal,2024-12-14,18,12,459000.0,4778,Silver,GrabFood,1,Jakarta,0
USR000529,Champions,2024-12-27,5,24,1803000.0,17470,Platinum,GrabFood|GrabBike|GrabExpress,3,Jakarta,0
USR003714,Loyal,2024-12-25,7,8,738000.0,7734,Gold,GrabBike|GrabExpress|GrabMart,3,Medan,0
USR004732,At_Risk,2024-10-04,89,3,113000.0,1343,Member,GrabExpress|GrabFood|GrabBike,3,Jakarta,0
USR001394,Champions,2024-12-20,12,15,1902000.0,15895,Platinum,GrabFood|GrabBike,2,Jakarta,0
USR005631,At_Risk,2024-11-17,45,2,246000.0,2505,Silver,GrabFood,1,Bandung,1
USR006563,Promising,2024-12-29,3,4,228000.0,2699,Silver,GrabCar|GrabBike|GrabMart,3,Medan,0
USR004703,At_Risk,2024-11-04,58,5,234000.0,2427,Silver,GrabBike,1,Bandung,1
USR001712,Loyal,2024-12-04,28,14,335000.0,3573,Silver,GrabMart|GrabBike|GrabExpress,3,Jakarta,0
USR009755,Hibernating,2024-01-05,362,0,11000.0,119,Member,GrabExpress|GrabCar,2,Jakarta,1
USR000955,Champions,2024-12-29,3,19,1495000.0,12897,Gold,GrabMart|GrabFood|GrabBike|GrabCar,4,Bandung,0
USR006675,Promising,2024-12-20,12,4,230000.0,2346,Silver,GrabBike|GrabMart|GrabCar,3,Jakarta,1
USR003453,Loyal,2024-12-04,28,14,713000.0,5707,Gold,GrabBike,1,Jakarta,0
USR002071,Loyal,2024-12-15,17,12,552000.0,6304,Silver,GrabExpress|GrabFood,2,Jakarta,0
USR009740,Hibernating,2024-01-20,347,0,25000.0,234,Member,GrabFood,1,Jakarta,1
USR000158,Champions,2024-12-30,2,21,2425000.0,23481,Platinum,GrabMart|GrabCar,2,Jakarta,0
USR007005,Promising,2024-12-16,16,6,93000.0,1044,Member,GrabMart,1,Jakarta,0
USR000352,Champions,2024-12-21,11,20,1467000.0,16841,Gold,GrabFood|GrabCar|GrabMart,3,Surabaya,0
USR006078,Promising,2024-12-23,9,6,248000.0,2813,Silver,GrabCar,1,Jakarta,1
USR006236,Promising,2024-12-21,11,4,129000.0,1350,Member,GrabMart|GrabCar,2,Bekasi,0
USR002920,Loyal,2024-12-20,12,9,329000.0,3594,Silver,GrabExpress|GrabCar,2,Jakarta,0
USR004644,At_Risk,2024-11-04,58,2,338000.0,3423,Silver,GrabFood|GrabBike,2,Medan,0
USR000661,Champions,2024-12-20,12,21,1560000.0,18014,Platinum,GrabFood|GrabBike|GrabCar|GrabMart,4,Surabaya,0
USR007057,Promising,2024-12-15,17,4,236000.0,2552,Silver,GrabMart,1,Bekasi,0
USR003665,Loyal,2024-12-16,16,11,404000.0,3320,Silver,GrabMart|GrabCar|GrabBike|GrabFood,4,Bandung,0
USR007979,Promising,2024-12-23,9,7,91000.0,806,Member,GrabExpress|GrabBike,2,Jakarta,1
USR000306,Champions,2024-12-24,8,15,2018000.0,21610,Platinum,GrabExpress|GrabMart|GrabFood|GrabCar,4,Bekasi,0
USR004790,At_Risk,2024-11-06,56,2,215000.0,2395,Silver,GrabFood,1,Jakarta,1
USR002356,Loyal,2024-12-15,17,9,426000.0,5021,Silver,GrabBike|GrabMart|GrabFood|GrabCar,4,Bandung,0
USR001927,Loyal,2024-12-18,14,9,438000.0,4943,Silver,GrabMart,1,Jakarta,0
USR009939,Hibernating,2024-05-01,245,0,29000.0,295,Member,GrabBike|GrabCar,2,Medan,1
USR003427,Loyal,2024-12-20,12,9,467000.0,5037,Silver,GrabMart|GrabBike|GrabCar,3,Jakarta,0
USR003638,Loyal,2024-12-05,27,12,567000.0,5369,Silver,GrabMart|GrabBike|GrabExpress,3,Surabaya,0
USR001266,Champions,2024-12-22,10,15,1239000.0,12502,Gold,GrabCar|GrabMart,2,Jakarta,0
USR001560,Loyal,2024-12-08,24,13,429000.0,4350,Silver,GrabMart,1,Bandung,0
USR007179,Promising,2024-12-26,6,3,191000.0,1864,Member,GrabCar|GrabBike|GrabFood,3,Surabaya,0
USR004109,At_Risk,2024-11-04,58,4,142000.0,1670,Member,GrabCar,1,Jakarta,1
USR007867,Promising,2024-12-16,16,4,154000.0,1730,Member,GrabMart|GrabCar,2,Jakarta,0
USR004904,At_Risk,2024-10-25,68,2,281000.0,2427,Silver,GrabExpress,1,Bandung,1
USR007294,Promising,2024-12-23,9,7,191000.0,2009,Member,GrabExpress,1,Jakarta,0
USR000514,Champions,2024-12-28,4,24,2018000.0,18326,Platinum,GrabBike|GrabCar|GrabMart|GrabExpress,4,Bandung,0
USR000894,Champions,2024-12-30,2,20,874000.0,7624,Gold,GrabCar|GrabBike|GrabMart,3,Bekasi,0
USR000021,Champions,2024-12-24,8,27,1232000.0,13812,Gold,GrabFood|GrabBike|GrabCar|GrabMart,4,Bekasi,0
USR000899,Champions,2024-12-20,12,22,2406000.0,27172,Platinum,GrabFood|GrabCar|GrabBike|GrabMart,4,Surabaya,0
USR000207,Champions,2024-12-25,7,18,1821000.0,17575,Platinum,GrabExpress|GrabMart|GrabCar,3,Jakarta,0
USR000458,Champions,2024-12-19,13,29,1629000.0,17242,Platinum,GrabExpress|GrabMart,2,Jakarta,0
USR002430,Loyal,2024-12-17,15,14,310000.0,2879,Silver,GrabFood|GrabExpress,2,Bekasi,0
USR008442,Hibernating,2024-08-24,130,0,2000.0,20,Member,GrabCar,1,Surabaya,0
USR003389,Loyal,2024-12-13,19,9,517000.0,4732,Silver,GrabFood,1,Jakarta,0
USR003911,Loyal,2024-12-07,25,12,626000.0,6241,Gold,GrabExpress|GrabCar|GrabBike|GrabFood,4,Jakarta,0
USR005383,At_Risk,2024-10-21,72,5,295000.0,3129,Silver,GrabBike|GrabCar,2,Jakarta,1
USR000552,Champions,2024-12-20,12,20,1505000.0,18015,Platinum,GrabExpress|GrabCar|GrabMart,3,Jakarta,0
USR003144,Loyal,2024-12-20,12,10,313000.0,3066,Silver,GrabMart,1,Bandung,0
USR006917,Promising,2024-12-28,4,4,89000.0,1017,Member,GrabBike,1,Bekasi,0
USR002056,Loyal,2024-12-03,29,10,797000.0,7894,Gold,GrabCar,1,Medan,1
USR001925,Loyal,2024-12-23,9,9,650000.0,7273,Gold,GrabMart|GrabBike,2,Bekasi,0
USR000634,Champions,2024-12-23,9,16,994000.0,9282,Gold,GrabMart|GrabCar|GrabExpress,3,Jakarta,0
USR006082,Promising,2024-12-21,11,4,98000.0,1109,Member,GrabMart,1,Surabaya,0
USR009270,Hibernating,2024-09-16,107,0,71000.0,729,Member,GrabExpress|GrabBike,2,Jakarta,0
USR009678,Hibernating,2024-02-14,322,0,33000.0,372,Member,GrabCar,1,Jakarta,1
USR000105,Champions,2024-12-20,12,19,971000.0,9285,Gold,GrabExpress|GrabMart|GrabFood,3,Bekasi,0
USR003041,Loyal,2024-12-05,27,8,333000.0,3813,Silver,GrabMart|GrabBike|GrabExpress|GrabCar,4,Jakarta,0
USR001709,Loyal,2024-12-08,24,13,545000.0,5922,Silver,GrabBike,1,Jakarta,0
USR000089,Champions,2024-12-23,9,22,1209000.0,13651,Gold,GrabBike|GrabExpress|GrabCar,3,Bandung,0
USR007014,Promising,2024-12-29,3,5,132000.0,1276,Member,GrabExpress,1,Jakarta,0
USR003174,Loyal,2024-12-13,19,12,643000.0,6401,Gold,GrabBike|GrabMart|GrabCar,3,Bandung,0
USR000917,Champions,2024-12-19,13,25,1068000.0,8761,Gold,GrabFood|GrabMart|GrabCar,3,Bandung,0
USR007833,Promising,2024-12-13,19,7,168000.0,1753,Member,GrabExpress,1,Medan,0
USR006732,Promising,2024-12-28,4,7,192000.0,1639,Member,GrabBike|GrabMart|GrabExpress,3,Jakarta,0
USR001949,Loyal,2024-12-14,18,8,486000.0,5573,Silver,GrabExpress|GrabBike,2,Jakarta,0
USR006368,Promising,2024-12-15,17,5,115000.0,967,Member,GrabBike|GrabMart|GrabExpress|GrabFood,4,Bandung,0
USR000001,Champions,2024-12-19,13,16,890000.0,8558,Gold,GrabCar|GrabBike|GrabExpress|GrabFood,4,Bandung,0
USR008032,Hibernating,2024-05-04,242,0,69000.0,597,Member,GrabExpress|GrabCar|GrabMart|GrabFood,4,Jakarta,1
USR006047,Promising,2024-12-22,10,5,186000.0,1579,Member,GrabMart,1,Jakarta,1
USR002720,Loyal,2024-12-14,18,11,332000.0,3842,Silver,GrabExpress|GrabBike,2,Surabaya,0
USR009812,Hibernating,2024-02-15,321,0,42000.0,423,Member,GrabFood|GrabExpress,2,Bekasi,1
USR003117,Loyal,2024-12-22,10,10,791000.0,6381,Gold,GrabBike|GrabFood,2,Jakarta,0
USR009465,Hibernating,2024-03-28,279,0,44000.0,499,Member,GrabFood|GrabCar|GrabBike|GrabMart,4,Jakarta,1
USR003762,Loyal,2024-12-03,29,14,327000.0,3921,Silver,GrabFood|GrabMart|GrabCar,3,Bekasi,0
USR000213,Champions,2024-12-28,4,28,1439000.0,14358,Gold,GrabMart|GrabBike,2,Surabaya,0
USR000778,Champions,2024-12-22,10,23,1708000.0,16870,Platinum,GrabFood|GrabCar,2,Bandung,0
USR003496,Loyal,2024-12-12,20,9,322000.0,2946,Silver,GrabExpress,1,Jakarta,0
USR008817,Hibernating,2024-09-05,118,0,14000.0,112,Member,GrabCar|GrabExpress,2,Jakarta,0
USR002043,Loyal,2024-12-16,16,12,706000.0,6352,Gold,GrabBike|GrabMart|GrabExpress,3,Jakarta,0
USR005420,At_Risk,2024-10-24,69,4,143000.0,1266,Member,GrabBike|GrabExpress|GrabFood,3,Jakarta,1
USR006154,Promising,2024-12-29,3,7,250000.0,2589,Silver,GrabExpress,1,Bekasi,1
USR008357,Hibernating,2024-06-26,189,0,45000.0,400,Member,GrabBike|GrabMart|GrabExpress,3,Jakarta,1
USR008707,Hibernating,2024-06-20,195,0,56000.0,570,Member,GrabBike|GrabCar,2,Jakarta,1
USR008465,Hibernating,2024-01-12,355,0,3000.0,27,Member,GrabMart|GrabFood,2,Jakarta,1
USR004167,At_Risk,2024-11-14,48,5,220000.0,2055,Silver,GrabFood|GrabExpress,2,Jakarta,0
USR003788,Loyal,2024-12-21,11,14,585000.0,4995,Silver,GrabExpress,1,Jakarta,0
USR000583,Champions,2024-12-26,6,18,2341000.0,23034,Platinum,GrabCar,1,Jakarta,0
USR009911,Hibernating,2024-06-14,201,0,13000.0,145,Member,GrabMart|GrabBike,2,Surabaya,0
USR009986,Hibernating,2024-02-12,324,0,68000.0,778,Member,GrabMart|GrabCar,2,Jakarta,1
USR000116,Champions,2024-12-22,10,28,841000.0,7472,Gold,GrabExpress|GrabFood|GrabCar|GrabBike,4,Jakarta,0
USR006644,Promising,2024-12-14,18,3,129000.0,1470,Member,GrabExpress|GrabMart|GrabBike,3,Bandung,0
USR009033,Hibernating,2024-02-18,318,0,68000.0,673,Member,GrabBike|GrabFood|GrabMart,3,Jakarta,1
USR009951,Hibernating,2024-01-12,355,0,73000.0,772,Member,GrabFood|GrabMart|GrabBike,3,Bandung,1
USR008959,Hibernating,2024-09-14,109,0,40000.0,320,Member,GrabExpress|GrabMart,2,Bandung,1
USR001763,Loyal,2024-12-11,21,9,377000.0,4130,Silver,GrabFood|GrabBike|GrabCar,3,Medan,0
USR001875,Loyal,2024-12-10,22,13,641000.0,7375,Gold,GrabBike|GrabMart,2,Jakarta,1
USR003224,Loyal,2024-12-18,14,11,565000.0,5726,Silver,GrabCar,1,Bandung,0
USR000526,Champions,2024-12-24,8,26,881000.0,7211,Gold,GrabFood|GrabExpress,2,Jakarta,0
USR007725,Promising,2024-12-22,10,4,172000.0,1841,Member,GrabExpress,1,Bandung,1
USR002946,Loyal,2024-12-15,17,10,451000.0,4350,Silver,GrabExpress|GrabFood,2,Jakarta,0
USR004473,At_Risk,2024-11-03,59,5,155000.0,1827,Member,GrabMart,1,Bandung,0
USR005655,At_Risk,2024-11-13,49,3,241000.0,2236,Silver,GrabBike,1,Medan,0
USR006059,Promising,2024-12-22,10,4,109000.0,1282,Member,GrabExpress,1,Medan,0
USR000959,Champions,2024-12-26,6,15,852000.0,7696,Gold,GrabBike|GrabCar,2,Jakarta,0
USR006342,Promising,2024-12-17,15,5,183000.0,2070,Member,GrabMart,1,Jakarta,0
USR003633,Loyal,2024-12-22,10,14,318000.0,2635,Silver,GrabCar|GrabBike,2,Jakarta,0
USR001050,Champions,2024-12-30,2,24,1009000.0,10254,Gold,GrabBike|GrabCar|GrabMart|GrabExpress,4,Jakarta,0
USR003380,Loyal,2024-12-19,13,8,585000.0,6320,Silver,GrabBike,1,Jakarta,0
USR003676,Loyal,2024-12-07,25,13,385000.0,4337,Silver,GrabMart,1,Medan,0
USR005776,At_Risk,2024-10-05,88,5,257000.0,2141,Silver,GrabBike|GrabFood,2,Bandung,0
USR009045,Hibernating,2024-06-24,191,0,48000.0,409,Member,GrabFood,1,Bekasi,1
USR006573,Promising,2024-12-15,17,6,219000.0,2063,Silver,GrabBike|GrabFood|GrabMart,3,Jakarta,1
USR005179,At_Risk,2024-10-22,71,5,261000.0,2553,Silver,GrabFood|GrabExpress,2,Jakarta,1
USR001607,Loyal,2024-12-05,27,9,333000.0,3883,Silver,GrabMart|GrabCar,2,Jakarta,0
USR003610,Loyal,2024-12-12,20,10,673000.0,7047,Gold,GrabMart|GrabBike,2,Jakarta,0
USR009758,Hibernating,2024-10-03,90,0,6000.0,66,Member,GrabMart,1,Medan,1
USR006635,Promising,2024-12-26,6,4,160000.0,1859,Member,GrabExpress|GrabFood|GrabBike|GrabCar,4,Jakarta,0
USR009997,Hibernating,2024-03-29,278,0,53000.0,437,Member,GrabCar|GrabMart,2,Jakarta,1
USR000791,Champions,2024-12-30,2,29,1426000.0,15636,Gold,GrabCar|GrabFood,2,Bekasi,0
USR003056,Loyal,2024-12-05,27,11,349000.0,3532,Silver,GrabMart|GrabFood|GrabBike|GrabExpress,4,Surabaya,0
USR001980,Loyal,2024-12-24,8,9,471000.0,5401,Silver,GrabBike|GrabMart|GrabExpress,3,Jakarta,0
USR003598,Loyal,2024-12-24,8,12,453000.0,5295,Silver,GrabFood|GrabMart|GrabBike,3,Bandung,0
USR000933,Champions,2024-12-24,8,22,1351000.0,11715,Gold,GrabFood|GrabCar|GrabMart,3,Jakarta,1
USR007424,Promising,2024-12-16,16,3,238000.0,1934,Silver,GrabFood|GrabBike,2,Jakarta,1
USR005626,At_Risk,2024-10-30,63,3,191000.0,2099,Member,GrabFood|GrabMart|GrabBike,3,Jakarta,0
USR001682,Loyal,2024-12-16,16,13,768000.0,8719,Gold,GrabBike,1,Medan,0
USR004179,At_Risk,2024-10-07,86,2,261000.0,2151,Silver,GrabCar|GrabBike|GrabFood,3,Jakarta,1
USR006446,Promising,2024-12-19,13,4,198000.0,1666,Member,GrabBike|GrabFood,2,Jakarta,0
USR004116,At_Risk,2024-10-25,68,3,317000.0,2899,Silver,GrabFood,1,Medan,1
USR000988,Champions,2024-12-26,6,21,982000.0,8177,Gold,GrabExpress|GrabMart|GrabBike,3,Jakarta,0
USR002896,Loyal,2024-12-21,11,11,577000.0,6513,Silver,GrabCar,1,Surabaya,0
USR003778,Loyal,2024-12-10,22,8,353000.0,2826,Silver,GrabMart,1,Jakarta,0
USR005658,At_Risk,2024-10-05,88,3,286000.0,2649,Silver,GrabFood|GrabCar|GrabMart,3,Surabaya,0
USR003093,Loyal,2024-12-03,29,14,717000.0,6867,Gold,GrabMart|GrabCar|GrabExpress,3,Bekasi,0
USR003155,Loyal,2024-12-20,12,13,525000.0,5356,Silver,GrabCar|GrabBike,2,Jakarta,0
USR001823,Loyal,2024-12-11,21,11,464000.0,4900,Silver,GrabCar,1,Jakarta,0
USR009622,Hibernating,2024-06-11,204,0,69000.0,695,Member,GrabFood,1,Jakarta,0
USR001098,Champions,2024-12-27,5,18,1664000.0,19668,Platinum,GrabFood|GrabBike,2,Bekasi,0
USR002844,Loyal,2024-12-03,29,13,477000.0,4170,Silver,GrabExpress|GrabFood|GrabBike|GrabCar,4,Surabaya,0
USR003342,Loyal,2024-12-16,16,12,633000.0,5325,Gold,GrabCar,1,Bandung,0
USR000038,Champions,2024-12-27,5,16,1985000.0,17368,Platinum,GrabMart,1,Jakarta,0
USR006540,Promising,2024-12-15,17,5,98000.0,1155,Member,GrabExpress|GrabBike,2,Jakarta,0
USR009473,Hibernating,2024-02-15,321,0,3000.0,35,Member,GrabFood|GrabCar|GrabExpress,3,Bekasi,1
USR003356,Loyal,2024-12-11,21,10,540000.0,4575,Silver,GrabExpress|GrabBike,2,Surabaya,0
USR007813,Promising,2024-12-20,12,4,234000.0,2724,Silver,GrabMart|GrabExpress,2,Medan,0
USR008220,Hibernating,2024-06-30,185,0,22000.0,182,Member,GrabBike,1,Jakarta,0
USR009227,Hibernating,2024-09-22,101,0,26000.0,285,Member,GrabBike|GrabCar,2,Medan,0
USR002428,Loyal,2024-12-13,19,9,349000.0,4044,Silver,GrabFood|GrabBike,2,Medan,0
USR005043,At_Risk,2024-11-04,58,4,118000.0,950,Member,GrabFood,1,Jakarta,0
USR005346,At_Risk,2024-11-13,49,4,341000.0,3020,Silver,GrabCar|GrabMart|GrabExpress,3,Medan,1
USR004811,At_Risk,2024-10-12,81,2,237000.0,2202,Silver,GrabCar,1,Jakarta,1
USR008476,Hibernating,2024-01-21,346,0,38000.0,411,Member,GrabBike|GrabMart|GrabFood|GrabCar,4,Surabaya,1
USR000686,Champions,2024-12-26,6,15,926000.0,8554,Gold,GrabExpress|GrabFood,2,Medan,0
USR004799,At_Risk,2024-10-05,88,2,254000.0,2186,Silver,GrabFood|GrabCar,2,Bandung,0
USR007437,Promising,2024-12-20,12,3,196000.0,2158,Member,GrabBike|GrabCar,2,Jakarta,0
USR002353,Loyal,2024-12-15,17,13,624000.0,5798,Gold,GrabExpress,1,Medan,0
USR006353,Promising,2024-12-26,6,7,154000.0,1530,Member,GrabMart,1,Jakarta,1
USR004569,At_Risk,2024-10-07,86,3,213000.0,2118,Silver,GrabMart,1,Bekasi,0
USR008213,Hibernating,2024-06-20,195,0,2000.0,22,Member,GrabMart|GrabExpress,2,Medan,1
USR002752,Loyal,2024-12-18,14,9,715000.0,5851,Gold,GrabExpress|GrabBike,2,Jakarta,0
USR008073,Hibernating,2024-09-05,118,0,58000.0,662,Member,GrabMart|GrabFood|GrabExpress,3,Bekasi,0
USR001040,Champions,2024-12-29,3,29,1385000.0,13245,Gold,GrabBike|GrabExpress,2,Jakarta,0
USR007491,Promising,2024-12-27,5,3,194000.0,1765,Member,GrabExpress|GrabCar|GrabFood|GrabBike,4,Jakarta,1
USR001265,Champions,2024-12-27,5,23,2279000.0,19802,Platinum,GrabMart,1,Bandung,0
USR009265,Hibernating,2024-08-09,145,0,21000.0,182,Member,GrabExpress|GrabCar,2,Bekasi,1
USR007059,Promising,2024-12-27,5,7,162000.0,1789,Member,GrabExpress|GrabMart|GrabCar|GrabBike,4,Jakarta,0
USR000277,Champions,2024-12-26,6,26,1168000.0,11556,Gold,GrabBike|GrabCar|GrabFood,3,Jakarta,0
USR005084,At_Risk,2024-10-06,87,3,231000.0,2492,Silver,GrabCar,1,Bandung,1
USR002382,Loyal,2024-12-24,8,8,478000.0,3981,Silver,GrabExpress|GrabMart,2,Bekasi,0
USR000571,Champions,2024-12-28,4,19,1507000.0,17399,Platinum,GrabMart|GrabFood,2,Medan,0
USR001435,Champions,2024-12-19,13,24,2424000.0,24440,Platinum,GrabBike|GrabCar|GrabExpress,3,Bekasi,0
USR005352,At_Risk,2024-10-04,89,3,155000.0,1505,Member,GrabBike|GrabCar,2,Jakarta,1
USR005445,At_Risk,2024-10-23,70,5,329000.0,3913,Silver,GrabExpress,1,Bekasi,0
USR001007,Champions,2024-12-20,12,16,1892000.0,16300,Platinum,GrabMart|GrabExpress,2,Jakarta,0
USR004543,At_Risk,2024-10-20,73,5,243000.0,1993,Silver,GrabFood|GrabCar,2,Jakarta,1
USR008816,Hibernating,2024-04-21,255,0,25000.0,279,Member,GrabFood|GrabBike|GrabExpress,3,Jakarta,1
USR002064,Loyal,2024-12-04,28,12,541000.0,6128,Silver,GrabMart|GrabExpress,2,Jakarta,0
USR001136,Champions,2024-12-24,8,16,1469000.0,12698,Gold,GrabCar|GrabFood,2,Bekasi,0
USR005343,At_Risk,2024-10-06,87,3,337000.0,3577,Silver,GrabBike,1,Bekasi,1
USR000294,Champions,2024-12-20,12,18,1421000.0,15317,Gold,GrabFood|GrabBike|GrabMart,3,Bandung,0
USR002403,Loyal,2024-12-08,24,10,390000.0,3460,Silver,GrabExpress,1,Jakarta,0
USR003998,Loyal,2024-12-25,7,12,506000.0,5320,Silver,GrabCar|GrabExpress,2,Jakarta,0
USR003741,Loyal,2024-12-09,23,8,775000.0,6336,Gold,GrabMart,1,Surabaya,0
USR009222,Hibernating,2024-08-29,125,0,70000.0,603,Member,GrabExpress,1,Jakarta,1
USR002719,Loyal,2024-12-25,7,11,460000.0,4891,Silver,GrabMart|GrabCar,2,Medan,0
USR009199,Hibernating,2024-05-11,235,0,47000.0,523,Member,GrabMart|GrabBike,2,Jakarta,1
USR005150,At_Risk,2024-10-22,71,2,112000.0,1266,Member,GrabFood,1,Jakarta,0
USR002808,Loyal,2024-12-06,26,11,563000.0,5533,Silver,GrabFood,1,Jakarta,0
USR000556,Champions,2024-12-31,1,24,1972000.0,20377,Platinum,GrabMart|GrabFood|GrabCar|GrabBike,4,Jakarta,0
USR008925,Hibernating,2024-06-14,201,0,22000.0,217,Member,GrabMart,1,Surabaya,1
USR004795,At_Risk,2024-10-16,77,2,173000.0,1435,Member,GrabFood,1,Bekasi,0
USR002469,Loyal,2024-12-03,29,13,579000.0,5080,Silver,GrabMart|GrabCar|GrabBike,3,Jakarta,0
USR003738,Loyal,2024-12-19,13,12,394000.0,4435,Silver,GrabMart|GrabCar,2,Jakarta,1
USR004286,At_Risk,2024-11-10,52,5,225000.0,2117,Silver,GrabMart|GrabExpress|GrabCar|GrabBike,4,Jakarta,0
USR002604,Loyal,2024-12-07,25,14,673000.0,6834,Gold,GrabMart,1,Surabaya,0
USR000362,Champions,2024-12-20,12,20,1916000.0,16447,Platinum,GrabFood|GrabCar|GrabMart,3,Surabaya,0
USR006924,Promising,2024-12-15,17,6,102000.0,894,Member,GrabCar|GrabBike,2,Bandung,0
USR001704,Loyal,2024-12-21,11,8,695000.0,8219,Gold,GrabBike|GrabFood|GrabCar,3,Jakarta,0
USR002139,Loyal,2024-12-11,21,13,430000.0,4445,Silver,GrabFood,1,Jakarta,0
USR003239,Loyal,2024-12-16,16,14,412000.0,4004,Silver,GrabExpress,1,Bekasi,0
USR002383,Loyal,2024-12-08,24,10,358000.0,4142,Silver,GrabExpress,1,Jakarta,1
USR007314,Promising,2024-12-20,12,4,125000.0,1310,Member,GrabExpress|GrabBike,2,Jakarta,0
USR004311,At_Risk,2024-11-07,55,5,192000.0,1706,Member,GrabFood,1,Jakarta,1
USR001312,Champions,2024-12-26,6,16,2190000.0,23332,Platinum,GrabFood|GrabExpress,2,Jakarta,0
USR003930,Loyal,2024-12-04,28,11,770000.0,9057,Gold,GrabExpress,1,Jakarta,0
USR006183,Promising,2024-12-28,4,4,227000.0,2347,Silver,GrabCar|GrabMart|GrabExpress,3,Bandung,0
USR001591,Loyal,2024-12-24,8,9,532000.0,5471,Silver,GrabCar,1,Medan,0
USR009387,Hibernating,2024-05-09,237,0,79000.0,728,Member,GrabBike,1,Jakarta,1
USR002162,Loyal,2024-12-06,26,13,536000.0,5186,Silver,GrabExpress|GrabMart,2,Jakarta,0
USR002396,Loyal,2024-12-05,27,12,790000.0,6573,Gold,GrabFood,1,Bandung,0
USR000317,Champions,2024-12-31,1,22,1225000.0,14070,Gold,GrabBike|GrabCar|GrabMart,3,Jakarta,0
USR005233,At_Risk,2024-10-12,81,3,138000.0,1252,Member,GrabExpress,1,Bandung,0
USR005068,At_Risk,2024-11-03,59,4,192000.0,1651,Member,GrabBike|GrabMart|GrabFood,3,Jakarta,0
USR004036,At_Risk,2024-10-04,89,5,220000.0,2525,Silver,GrabBike|GrabFood|GrabMart,3,Bandung,0
USR003020,Loyal,2024-12-20,12,13,785000.0,7083,Gold,GrabCar,1,Jakarta,0
USR008228,Hibernating,2024-06-17,198,0,3000.0,32,Member,GrabBike|GrabCar,2,Jakarta,1
USR005295,At_Risk,2024-10-13,80,4,141000.0,1273,Member,GrabMart|GrabFood|GrabCar,3,Jakarta,0
USR003972,Loyal,2024-12-16,16,14,563000.0,6144,Silver,GrabExpress,1,Bekasi,0
USR005370,At_Risk,2024-10-22,71,4,171000.0,1991,Member,GrabMart,1,Jakarta,0
USR004133,At_Risk,2024-11-08,54,3,143000.0,1358,Member,GrabMart,1,Jakarta,1
USR000974,Champions,2024-12-22,10,28,2301000.0,24414,Platinum,GrabExpress,1,Jakarta,0
USR007291,Promising,2024-12-22,10,5,245000.0,1988,Silver,GrabFood|GrabBike,2,Bekasi,1
USR000954,Champions,2024-12-22,10,28,1412000.0,12507,Gold,GrabExpress|GrabBike|GrabFood|GrabMart,4,Jakarta,0
USR009306,Hibernating,2024-09-20,103,0,47000.0,432,Member,GrabCar,1,Jakarta,1
USR005016,At_Risk,2024-10-17,76,5,269000.0,2905,Silver,GrabExpress,1,Surabaya,0
USR009730,Hibernating,2024-01-06,361,0,35000.0,376,Member,GrabExpress|GrabBike,2,Surabaya,1
USR007490,Promising,2024-12-12,20,7,131000.0,1346,Member,GrabFood|GrabExpress,2,Jakarta,0
USR001640,Loyal,2024-12-09,23,11,336000.0,4005,Silver,GrabCar|GrabExpress,2,Jakarta,0
USR001290,Champions,2024-12-24,8,21,1696000.0,16587,Platinum,GrabExpress|GrabMart|GrabCar,3,Jakarta,0
USR001380,Champions,2024-12-26,6,24,2034000.0,19348,Platinum,GrabFood|GrabExpress|GrabCar,3,Surabaya,0
USR001933,Loyal,2024-12-23,9,11,682000.0,6639,Gold,GrabCar,1,Bandung,0
USR004675,At_Risk,2024-10-06,87,2,327000.0,3916,Silver,GrabBike|GrabCar|GrabExpress|GrabMart,4,Jakarta,0
USR000892,Champions,2024-12-21,11,27,933000.0,7925,Gold,GrabExpress|GrabFood|GrabBike,3,Jakarta,0
USR007287,Promising,2024-12-20,12,3,119000.0,1255,Member,GrabFood,1,Jakarta,0
USR004876,At_Risk,2024-11-08,54,3,341000.0,3743,Silver,GrabExpress|GrabCar,2,Surabaya,1
USR007906,Promising,2024-12-22,10,3,192000.0,1654,Member,GrabFood,1,Medan,1
USR008194,Hibernating,2024-03-29,278,0,61000.0,689,Member,GrabCar|GrabMart,2,Surabaya,0
USR009379,Hibernating,2024-01-10,357,0,24000.0,203,Member,GrabBike|GrabCar|GrabMart,3,Jakarta,1
USR002466,Loyal,2024-12-16,16,13,480000.0,4615,Silver,GrabExpress|GrabFood|GrabMart,3,Surabaya,0
USR007657,Promising,2024-12-18,14,3,178000.0,2124,Member,GrabCar,1,Bekasi,0
USR001913,Loyal,2024-12-14,18,14,705000.0,6233,Gold,GrabExpress|GrabBike,2,Jakarta,0
USR002736,Loyal,2024-12-04,28,10,503000.0,4566,Silver,GrabCar,1,Jakarta,0
USR000726,Champions,2024-12-22,10,17,923000.0,9858,Gold,GrabExpress|GrabBike,2,Surabaya,0
USR007214,Promising,2024-12-20,12,5,185000.0,1708,Member,GrabCar|GrabBike|GrabExpress,3,Jakarta,0
USR008245,Hibernating,2024-08-26,128,0,11000.0,97,Member,GrabCar,1,Jakarta,1
USR001796,Loyal,2024-12-14,18,10,458000.0,4789,Silver,GrabCar|GrabMart,2,Jakarta,0
USR003845,Loyal,2024-12-24,8,9,520000.0,6021,Silver,GrabBike|GrabFood|GrabMart|GrabExpress,4,Jakarta,0
USR006402,Promising,2024-12-15,17,5,180000.0,1853,Member,GrabExpress,1,Jakarta,0
USR000936,Champions,2024-12-20,12,16,2026000.0,20611,Platinum,GrabFood|GrabExpress|GrabCar,3,Jakarta,0
USR002265,Loyal,2024-12-10,22,14,376000.0,3858,Silver,GrabMart|GrabBike,2,Jakarta,0
USR000824,Champions,2024-12-29,3,15,1763000.0,17330,Platinum,GrabMart|GrabCar|GrabFood|GrabBike,4,Jakarta,0
USR007274,Promising,2024-12-25,7,5,141000.0,1162,Member,GrabMart|GrabBike,2,Jakarta,0
USR001389,Champions,2024-12-23,9,26,2079000.0,17355,Platinum,GrabFood|GrabExpress|GrabMart,3,Surabaya,0
USR003564,Loyal,2024-12-06,26,8,656000.0,6225,Gold,GrabExpress|GrabCar|GrabBike,3,Medan,0
USR005429,At_Risk,2024-11-10,52,4,165000.0,1858,Member,GrabFood,1,Bandung,1
USR007827,Promising,2024-12-26,6,4,236000.0,2800,Silver,GrabBike,1,Surabaya,0
USR005690,At_Risk,2024-11-16,46,2,205000.0,2206,Silver,GrabMart|GrabExpress|GrabBike|GrabFood,4,Jakarta,0
USR007878,Promising,2024-12-18,14,7,188000.0,2113,Member,GrabExpress,1,Surabaya,0
USR001868,Loyal,2024-12-06,26,10,623000.0,6099,Gold,GrabCar|GrabMart,2,Jakarta,0
USR008202,Hibernating,2024-02-05,331,0,11000.0,103,Member,GrabFood,1,Surabaya,1
USR007486,Promising,2024-12-16,16,6,150000.0,1265,Member,GrabBike,1,Surabaya,1
USR000806,Champions,2024-12-29,3,17,1790000.0,21316,Platinum,GrabExpress|GrabFood,2,Jakarta,0
USR004805,At_Risk,2024-11-09,53,3,137000.0,1464,Member,GrabCar,1,Jakarta,0
USR009152,Hibernating,2024-01-23,344,0,55000.0,506,Member,GrabBike,1,Medan,1
USR007511,Promising,2024-12-20,12,5,117000.0,1386,Member,GrabMart|GrabCar,2,Jakarta,0
USR008056,Hibernating,2024-06-27,188,0,47000.0,466,Member,GrabFood|GrabMart,2,Jakarta,1
USR004494,At_Risk,2024-10-10,83,4,241000.0,2215,Silver,GrabMart,1,Bandung,1
USR002632,Loyal,2024-12-10,22,9,589000.0,5211,Silver,GrabExpress|GrabCar|GrabMart,3,Surabaya,0
USR008900,Hibernating,2024-10-02,91,0,72000.0,861,Member,GrabFood,1,Surabaya,1
USR008623,Hibernating,2024-05-30,216,0,50000.0,496,Member,GrabMart|GrabCar,2,Surabaya,1
USR007832,Promising,2024-12-21,11,5,168000.0,1760,Member,GrabFood,1,Jakarta,0
USR004388,At_Risk,2024-11-05,57,3,286000.0,2627,Silver,GrabFood,1,Bekasi,1
USR000145,Champions,2024-12-30,2,25,2233000.0,18866,Platinum,GrabExpress|GrabBike,2,Surabaya,0
USR006467,Promising,2024-12-20,12,4,101000.0,856,Member,GrabFood,1,Surabaya,1
USR002033,Loyal,2024-12-20,12,9,473000.0,4675,Silver,GrabBike|GrabCar,2,Surabaya,0
USR009127,Hibernating,2024-03-24,283,0,68000.0,673,Member,GrabExpress|GrabMart|GrabBike,3,Jakarta,1
USR001165,Champions,2024-12-26,6,22,1675000.0,18702,Platinum,GrabBike|GrabExpress,2,Jakarta,0
USR002050,Loyal,2024-12-06,26,8,681000.0,7572,Gold,GrabBike,1,Jakarta,0
USR003760,Loyal,2024-12-22,10,12,588000.0,6190,Silver,GrabFood|GrabCar,2,Bekasi,0
USR004435,At_Risk,2024-10-22,71,2,282000.0,2389,Silver,GrabExpress|GrabMart|GrabFood,3,Surabaya,0
USR003430,Loyal,2024-12-09,23,11,395000.0,3476,Silver,GrabFood,1,Jakarta,0
USR008190,Hibernating,2024-09-05,118,0,79000.0,818,Member,GrabCar,1,Jakarta,1
USR008753,Hibernating,2024-09-26,97,0,66000.0,663,Member,GrabBike|GrabMart,2,Surabaya,1
USR007069,Promising,2024-12-28,4,3,169000.0,1736,Member,GrabBike|GrabMart,2,Jakarta,0
USR004361,At_Risk,2024-11-14,48,3,241000.0,2822,Silver,GrabBike|GrabExpress,2,Surabaya,1
USR001771,Loyal,2024-12-25,7,11,615000.0,6660,Gold,GrabFood|GrabBike,2,Bandung,0
USR003511,Loyal,2024-12-15,17,13,697000.0,8237,Gold,GrabCar,1,Surabaya,0
USR000271,Champions,2024-12-26,6,23,1126000.0,12067,Gold,GrabMart|GrabBike,2,Bandung,0
USR008436,Hibernating,2024-07-28,157,0,46000.0,539,Member,GrabFood|GrabExpress|GrabBike,3,Jakarta,1
USR002032,Loyal,2024-12-19,13,9,369000.0,2958,Silver,GrabMart|GrabFood,2,Jakarta,0
USR009664,Hibernating,2024-08-01,153,0,7000.0,79,Member,GrabBike,1,Jakarta,0
USR003810,Loyal,2024-12-05,27,13,658000.0,6268,Gold,GrabBike,1,Surabaya,1
USR004346,At_Risk,2024-10-22,71,2,317000.0,2625,Silver,GrabMart|GrabCar,2,Bandung,1
USR000545,Champions,2024-12-24,8,23,1595000.0,14353,Platinum,GrabBike|GrabExpress|GrabCar|GrabMart,4,Bandung,0
USR003241,Loyal,2024-12-09,23,13,369000.0,4048,Silver,GrabBike,1,Medan,0
USR008502,Hibernating,2024-09-24,99,0,76000.0,617,Member,GrabExpress,1,Medan,1
USR009918,Hibernating,2024-03-18,289,0,41000.0,435,Member,GrabMart,1,Bandung,0
USR007564,Promising,2024-12-27,5,5,209000.0,1950,Silver,GrabCar,1,Bandung,0
USR000920,Champions,2024-12-29,3,20,977000.0,11680,Gold,GrabMart,1,Medan,0
USR009118,Hibernating,2024-09-26,97,0,45000.0,364,Member,GrabCar,1,Bandung,1
USR006640,Promising,2024-12-25,7,4,217000.0,2032,Silver,GrabBike,1,Jakarta,1
USR007694,Promising,2024-12-25,7,4,142000.0,1152,Member,GrabMart,1,Medan,1
USR008230,Hibernating,2024-05-30,216,0,21000.0,243,Member,GrabFood|GrabExpress,2,Bandung,1
USR007126,Promising,2024-12-27,5,4,223000.0,2595,Silver,GrabCar|GrabMart|GrabFood,3,Bekasi,0
USR004278,At_Risk,2024-11-06,56,5,221000.0,2279,Silver,GrabExpress|GrabFood,2,Surabaya,1
USR002983,Loyal,2024-12-24,8,9,315000.0,3436,Silver,GrabFood|GrabExpress,2,Jakarta,0
USR000130,Champions,2024-12-30,2,25,1350000.0,12938,Gold,GrabExpress|GrabFood|GrabBike,3,Jakarta,0
USR007980,Promising,2024-12-12,20,6,149000.0,1213,Member,GrabFood,1,Bekasi,0
USR002667,Loyal,2024-12-04,28,12,756000.0,6463,Gold,GrabExpress,1,Jakarta,0
USR007138,Promising,2024-12-16,16,4,128000.0,1201,Member,GrabMart,1,Bandung,0
USR003223,Loyal,2024-12-18,14,9,477000.0,4739,Silver,GrabCar,1,Jakarta,1
USR007693,Promising,2024-12-15,17,5,132000.0,1496,Member,GrabCar,1,Jakarta,1
USR005392,At_Risk,2024-11-15,47,5,128000.0,1295,Member,GrabMart|GrabFood|GrabCar|GrabExpress,4,Jakarta,0
USR000614,Champions,2024-12-20,12,24,1057000.0,11917,Gold,GrabCar|GrabMart|GrabFood,3,Bandung,0
USR009902,Hibernating,2024-06-23,192,0,77000.0,858,Member,GrabExpress|GrabBike|GrabFood,3,Bandung,1
USR001466,Champions,2024-12-27,5,27,1939000.0,23182,Platinum,GrabBike|GrabMart,2,Medan,0
USR004497,At_Risk,2024-11-05,57,4,220000.0,1987,Silver,GrabExpress,1,Surabaya,1
USR003042,Loyal,2024-12-05,27,9,768000.0,7784,Gold,GrabExpress,1,Surabaya,0
USR002419,Loyal,2024-12-23,9,9,634000.0,6235,Gold,GrabMart|GrabCar,2,Jakarta,0
USR005085,At_Risk,2024-11-02,60,3,283000.0,2417,Silver,GrabBike|GrabFood,2,Jakarta,0
USR003294,Loyal,2024-12-04,28,12,633000.0,5710,Gold,GrabExpress|GrabCar,2,Jakarta,0
USR006737,Promising,2024-12-26,6,7,248000.0,2788,Silver,GrabBike|GrabMart|GrabExpress,3,Jakarta,0
USR001500,Loyal,2024-12-22,10,14,611000.0,5564,Gold,GrabFood|GrabBike|GrabExpress,3,Jakarta,0
USR001521,Loyal,2024-12-05,27,11,397000.0,4246,Silver,GrabExpress|GrabMart,2,Bandung,0
USR009117,Hibernating,2024-05-24,222,0,10000.0,84,Member,GrabCar|GrabExpress,2,Jakarta,1
USR004232,At_Risk,2024-10-24,69,5,208000.0,2493,Silver,GrabMart|GrabExpress|GrabFood,3,Bandung,1
USR007686,Promising,2024-12-21,11,6,188000.0,1615,Member,GrabBike|GrabMart|GrabCar,3,Jakarta,1
USR004430,At_Risk,2024-11-04,58,4,348000.0,3566,Silver,GrabMart,1,Jakarta,1
USR000390,Champions,2024-12-31,1,29,2070000.0,22749,Platinum,GrabExpress|GrabFood|GrabCar,3,Jakarta,0
USR009858,Hibernating,2024-07-07,178,0,48000.0,563,Member,GrabExpress,1,Surabaya,0
USR007124,Promising,2024-12-14,18,3,179000.0,2032,Member,GrabFood|GrabExpress|GrabMart,3,Medan,0
USR005913,At_Risk,2024-10-07,86,2,104000.0,832,Member,GrabFood|GrabMart,2,Jakarta,0
USR008592,Hibernating,2024-07-27,158,0,13000.0,153,Member,GrabBike|GrabMart|GrabFood,3,Bandung,0
USR004806,At_Risk,2024-10-12,81,5,274000.0,2575,Silver,GrabMart,1,Jakarta,0
USR008954,Hibernating,2024-04-03,273,0,12000.0,98,Member,GrabFood|GrabBike,2,Bandung,0
USR008238,Hibernating,2024-07-19,166,0,51000.0,576,Member,GrabBike|GrabFood|GrabMart,3,Surabaya,1
USR008044,Hibernating,2024-08-01,153,0,17000.0,177,Member,GrabCar,1,Bandung,1
USR009782,Hibernating,2024-02-25,311,0,69000.0,622,Member,GrabExpress,1,Jakarta,1
USR003993,Loyal,2024-12-13,19,13,782000.0,9337,Gold,GrabFood,1,Jakarta,0
USR009551,Hibernating,2024-05-13,233,0,57000.0,494,Member,GrabExpress,1,Surabaya,1
USR006609,Promising,2024-12-28,4,4,153000.0,1383,Member,GrabExpress|GrabBike,2,Bekasi,0
USR005319,At_Risk,2024-11-03,59,4,116000.0,979,Member,GrabExpress,1,Bekasi,0
USR007119,Promising,2024-12-28,4,4,123000.0,1272,Member,GrabCar|GrabBike|GrabMart,3,Jakarta,0
USR002421,Loyal,2024-12-04,28,12,634000.0,5930,Gold,GrabBike|GrabMart|GrabFood|GrabExpress,4,Jakarta,0
USR005604,At_Risk,2024-10-10,83,3,188000.0,1834,Member,GrabBike|GrabMart|GrabFood|GrabCar,4,Jakarta,1
USR001750,Loyal,2024-12-25,7,13,511000.0,5943,Silver,GrabBike|GrabExpress|GrabFood,3,Jakarta,0
USR009015,Hibernating,2024-03-27,280,0,54000.0,528,Member,GrabFood|GrabMart,2,Jakarta,1
USR009718,Hibernating,2024-06-15,200,0,48000.0,465,Member,GrabMart|GrabCar,2,Surabaya,1
USR000338,Champions,2024-12-26,6,27,1906000.0,22188,Platinum,GrabFood|GrabMart|GrabExpress,3,Jakarta,0
USR008407,Hibernating,2024-04-03,273,0,25000.0,245,Member,GrabFood|GrabBike,2,Bekasi,0
USR001341,Champions,2024-12-28,4,26,921000.0,10199,Gold,GrabCar|GrabFood|GrabBike,3,Bekasi,0
USR009544,Hibernating,2024-06-29,186,0,9000.0,81,Member,GrabFood,1,Bandung,1
USR007982,Promising,2024-12-28,4,5,123000.0,1247,Member,GrabBike|GrabMart,2,Bandung,0
USR003640,Loyal,2024-12-24,8,12,587000.0,6871,Silver,GrabExpress|GrabMart|GrabBike|GrabFood,4,Bekasi,0
USR000329,Champions,2024-12-22,10,28,1526000.0,14240,Platinum,GrabMart|GrabCar|GrabBike|GrabFood,4,Medan,0
USR008828,Hibernating,2024-08-17,137,0,66000.0,635,Member,GrabCar|GrabBike,2,Jakarta,1
USR003004,Loyal,2024-12-19,13,13,611000.0,5132,Gold,GrabFood,1,Bekasi,0
USR006960,Promising,2024-12-14,18,3,127000.0,1408,Member,GrabCar|GrabFood|GrabMart,3,Jakarta,1
USR004090,At_Risk,2024-11-17,45,5,278000.0,3236,Silver,GrabExpress|GrabBike|GrabMart|GrabCar,4,Bekasi,1
USR002322,Loyal,2024-12-08,24,10,390000.0,3853,Silver,GrabCar,1,Jakarta,0
USR006667,Promising,2024-12-23,9,7,226000.0,2577,Silver,GrabCar|GrabExpress,2,Jakarta,1
USR007009,Promising,2024-12-21,11,7,182000.0,1969,Member,GrabMart|GrabExpress|GrabCar,3,Jakarta,0
USR004197,At_Risk,2024-10-08,85,4,187000.0,1895,Member,GrabCar,1,Jakarta,0
USR003549,Loyal,2024-12-22,10,14,468000.0,4931,Silver,GrabBike|GrabExpress|GrabFood,3,Jakarta,0
USR008363,Hibernating,2024-08-03,151,0,14000.0,135,Member,GrabMart|GrabExpress|GrabCar,3,Bekasi,1
USR004203,At_Risk,2024-11-17,45,3,318000.0,2703,Silver,GrabMart|GrabExpress,2,Jakarta,0
USR009310,Hibernating,2024-06-27,188,0,72000.0,654,Member,GrabMart,1,Medan,1
USR008936,Hibernating,2024-08-19,135,0,18000.0,169,Member,GrabFood,1,Medan,1
USR006185,Promising,2024-12-29,3,6,140000.0,1175,Member,GrabCar|GrabExpress,2,Medan,0
USR001639,Loyal,2024-12-07,25,9,687000.0,6302,Gold,GrabCar,1,Bandung,0
USR000060,Champions,2024-12-24,8,15,1402000.0,11361,Gold,GrabCar|GrabFood|GrabBike,3,Jakarta,0
USR001240,Champions,2024-12-23,9,16,2156000.0,22055,Platinum,GrabExpress,1,Jakarta,0
USR005760,At_Risk,2024-10-08,85,3,157000.0,1282,Member,GrabExpress|GrabCar|GrabMart,3,Jakarta,0
USR005136,At_Risk,2024-10-21,72,5,216000.0,1999,Silver,GrabBike|GrabExpress,2,Jakarta,0
USR002343,Loyal,2024-12-05,27,12,468000.0,4432,Silver,GrabCar|GrabBike,2,Surabaya,0
USR002120,Loyal,2024-12-17,15,14,652000.0,6699,Gold,GrabFood|GrabExpress|GrabMart,3,Bekasi,0
USR001524,Loyal,2024-12-04,28,9,368000.0,3724,Silver,GrabExpress|GrabCar,2,Bandung,0
USR007617,Promising,2024-12-22,10,6,194000.0,1954,Member,GrabFood,1,Jakarta,1
USR000153,Champions,2024-12-28,4,18,1895000.0,16016,Platinum,GrabCar|GrabExpress,2,Jakarta,0
USR000481,Champions,2024-12-21,11,17,2196000.0,20274,Platinum,GrabCar|GrabMart,2,Surabaya,0
USR006122,Promising,2024-12-22,10,5,225000.0,2311,Silver,GrabExpress|GrabCar,2,Jakarta,0
USR007674,Promising,2024-12-22,10,3,192000.0,1878,Member,GrabCar|GrabMart,2,Bekasi,1
USR007101,Promising,2024-12-26,6,4,99000.0,827,Member,GrabFood|GrabExpress|GrabMart,3,Jakarta,1
USR001762,Loyal,2024-12-12,20,14,351000.0,2839,Silver,GrabExpress|GrabFood,2,Jakarta,0
USR007715,Promising,2024-12-29,3,5,221000.0,1965,Silver,GrabBike|GrabExpress,2,Jakarta,0
USR009081,Hibernating,2024-04-14,262,0,58000.0,575,Member,GrabCar|GrabExpress|GrabMart|GrabFood,4,Bandung,0
USR007479,Promising,2024-12-14,18,6,95000.0,1001,Member,GrabCar|GrabFood,2,Jakarta,1
USR006212,Promising,2024-12-25,7,5,235000.0,2439,Silver,GrabFood|GrabMart,2,Jakarta,0
USR004853,At_Risk,2024-10-14,79,2,210000.0,1849,Silver,GrabExpress,1,Jakarta,0
USR002711,Loyal,2024-12-19,13,8,641000.0,7472,Gold,GrabBike|GrabMart,2,Surabaya,0
USR006766,Promising,2024-12-19,13,3,207000.0,2310,Silver,GrabCar|GrabExpress|GrabBike|GrabFood,4,Surabaya,1
USR004150,At_Risk,2024-10-21,72,3,144000.0,1509,Member,GrabExpress,1,Bekasi,0
USR001333,Champions,2024-12-24,8,22,1225000.0,13991,Gold,GrabMart|GrabFood|GrabCar|GrabBike,4,Surabaya,0
USR008378,Hibernating,2024-02-05,331,0,49000.0,416,Member,GrabMart,1,Jakarta,1
USR009389,Hibernating,2024-07-08,177,0,41000.0,343,Member,GrabExpress|GrabCar|GrabBike,3,Medan,0
USR009707,Hibernating,2024-01-22,345,0,61000.0,568,Member,GrabCar,1,Bandung,1
USR009121,Hibernating,2024-02-11,325,0,20000.0,189,Member,GrabExpress|GrabFood|GrabBike,3,Bekasi,1
USR003850,Loyal,2024-12-03,29,13,537000.0,5918,Silver,GrabCar,1,Jakarta,0
USR008340,Hibernating,2024-03-21,286,0,16000.0,186,Member,GrabExpress,1,Jakarta,1
USR004124,At_Risk,2024-11-07,55,2,232000.0,1968,Silver,GrabBike,1,Jakarta,1
USR008963,Hibernating,2024-03-31,276,0,37000.0,352,Member,GrabBike|GrabFood|GrabMart,3,Bekasi,1
USR004788,At_Risk,2024-10-22,71,3,224000.0,2340,Silver,GrabCar,1,Bekasi,1
USR002866,Loyal,2024-12-07,25,9,664000.0,6159,Gold,GrabExpress,1,Bandung,0
USR001386,Champions,2024-12-21,11,24,1444000.0,16057,Gold,GrabBike|GrabMart,2,Jakarta,0
USR005941,At_Risk,2024-10-04,89,2,106000.0,1058,Member,GrabBike|GrabExpress,2,Bandung,1
USR003067,Loyal,2024-12-17,15,11,341000.0,3793,Silver,GrabMart,1,Bandung,0
USR009058,Hibernating,2024-04-30,246,0,46000.0,523,Member,GrabExpress|GrabFood|GrabMart,3,Surabaya,1
USR003629,Loyal,2024-12-09,23,9,531000.0,5846,Silver,GrabFood|GrabCar|GrabBike,3,Jakarta,0
USR009455,Hibernating,2024-08-04,150,0,19000.0,176,Member,GrabCar,1,Jakarta,0
USR008949,Hibernating,2024-08-01,153,0,46000.0,543,Member,GrabExpress,1,Surabaya,1
USR003028,Loyal,2024-12-23,9,9,442000.0,3964,Silver,GrabBike,1,Jakarta,0
USR002969,Loyal,2024-12-16,16,10,355000.0,3253,Silver,GrabMart,1,Jakarta,0
USR008646,Hibernating,2024-02-03,333,0,14000.0,114,Member,GrabBike|GrabCar,2,Surabaya,1
USR006136,Promising,2024-12-20,12,6,156000.0,1550,Member,GrabBike|GrabFood|GrabCar,3,Jakarta,0
USR008801,Hibernating,2024-07-10,175,0,74000.0,842,Member,GrabMart|GrabCar|GrabFood|GrabBike,4,Jakarta,1
USR004263,At_Risk,2024-11-16,46,2,261000.0,2307,Silver,GrabMart|GrabExpress,2,Bekasi,1
USR000645,Champions,2024-12-30,2,28,1982000.0,19463,Platinum,GrabCar|GrabFood|GrabExpress,3,Surabaya,0
USR009653,Hibernating,2024-04-24,252,0,56000.0,464,Member,GrabCar|GrabBike,2,Bandung,1
USR002074,Loyal,2024-12-05,27,10,485000.0,5447,Silver,GrabMart|GrabCar,2,Jakarta,0
USR000341,Champions,2024-12-24,8,26,1076000.0,11705,Gold,GrabBike,1,Bekasi,0
USR008041,Hibernating,2024-07-19,166,0,46000.0,370,Member,GrabBike|GrabExpress,2,Surabaya,1
USR001622,Loyal,2024-12-07,25,14,738000.0,7608,Gold,GrabExpress,1,Bandung,0
USR007141,Promising,2024-12-22,10,4,101000.0,940,Member,GrabBike,1,Jakarta,0
USR005796,At_Risk,2024-10-12,81,5,115000.0,1135,Member,GrabBike|GrabFood,2,Bandung,0
USR007184,Promising,2024-12-15,17,6,194000.0,2015,Member,GrabCar|GrabMart,2,Medan,0
USR008232,Hibernating,2024-04-25,251,0,73000.0,767,Member,GrabFood|GrabExpress,2,Surabaya,1
USR005475,At_Risk,2024-11-16,46,4,143000.0,1392,Member,GrabCar|GrabMart|GrabExpress,3,Jakarta,1
USR009252,Hibernating,2024-06-14,201,0,15000.0,179,Member,GrabFood|GrabBike|GrabExpress,3,Bekasi,1
USR000074,Champions,2024-12-24,8,27,2066000.0,18984,Platinum,GrabFood,1,Jakarta,0
USR008633,Hibernating,2024-03-30,277,0,17000.0,171,Member,GrabBike,1,Jakarta,1
USR009229,Hibernating,2024-01-16,351,0,36000.0,340,Member,GrabBike|GrabFood,2,Surabaya,1
USR002051,Loyal,2024-12-10,22,14,615000.0,5842,Gold,GrabCar,1,Bekasi,0
USR002541,Loyal,2024-12-18,14,12,682000.0,7901,Gold,GrabFood|GrabMart|GrabExpress,3,Jakarta,0
USR001301,Champions,2024-12-29,3,17,2033000.0,20191,Platinum,GrabBike|GrabFood|GrabCar,3,Bandung,0
USR005877,At_Risk,2024-10-21,72,3,220000.0,2468,Silver,GrabCar,1,Jakarta,0
USR007368,Promising,2024-12-23,9,7,126000.0,1370,Member,GrabBike,1,Jakarta,0
USR001304,Champions,2024-12-22,10,29,1225000.0,12811,Gold,GrabBike|GrabFood|GrabCar|GrabMart,4,Jakarta,0
USR008428,Hibernating,2024-01-10,357,0,68000.0,639,Member,GrabCar|GrabExpress|GrabBike,3,Bekasi,1
USR009094,Hibernating,2024-01-22,345,0,19000.0,216,Member,GrabBike|GrabCar,2,Surabaya,1
USR002599,Loyal,2024-12-21,11,8,499000.0,4904,Silver,GrabBike,1,Jakarta,0
USR002573,Loyal,2024-12-07,25,12,728000.0,6994,Gold,GrabExpress,1,Bekasi,0
USR003186,Loyal,2024-12-15,17,11,586000.0,5442,Silver,GrabExpress|GrabFood,2,Jakarta,0
USR002768,Loyal,2024-12-11,21,14,555000.0,5114,Silver,GrabBike|GrabMart,2,Bekasi,0
USR004831,At_Risk,2024-10-05,88,4,274000.0,2276,Silver,GrabExpress|GrabFood,2,Surabaya,1
USR004223,At_Risk,2024-10-16,77,3,245000.0,2197,Silver,GrabFood|GrabExpress|GrabCar|GrabMart,4,Bekasi,1
USR009649,Hibernating,2024-03-17,290,0,30000.0,315,Member,GrabExpress,1,Jakarta,1
USR002106,Loyal,2024-12-21,11,12,646000.0,7343,Gold,GrabMart,1,Bekasi,0
USR002679,Loyal,2024-12-11,21,13,617000.0,7053,Gold,GrabCar,1,Jakarta,0
USR001387,Champions,2024-12-21,11,22,1805000.0,15152,Platinum,GrabMart|GrabCar|GrabExpress,3,Bandung,0
USR008931,Hibernating,2024-06-20,195,0,63000.0,690,Member,GrabExpress,1,Jakarta,0
USR009659,Hibernating,2024-04-04,272,0,44000.0,430,Member,GrabBike,1,Jakarta,1
USR007083,Promising,2024-12-19,13,5,232000.0,2158,Silver,GrabMart|GrabBike|GrabExpress,3,Surabaya,0
USR001279,Champions,2024-12-19,13,28,1355000.0,11643,Gold,GrabExpress|GrabBike|GrabCar|GrabFood,4,Jakarta,0
USR000804,Champions,2024-12-26,6,27,1885000.0,18212,Platinum,GrabBike|GrabCar|GrabMart,3,Bekasi,0
USR001555,Loyal,2024-12-12,20,9,523000.0,4520,Silver,GrabFood|GrabExpress,2,Bekasi,0
USR009486,Hibernating,2024-03-18,289,0,37000.0,396,Member,GrabExpress|GrabBike|GrabCar,3,Jakarta,1
USR004566,At_Risk,2024-11-08,54,3,165000.0,1900,Member,GrabMart|GrabFood,2,Bekasi,0
USR009669,Hibernating,2024-01-06,361,0,68000.0,699,Member,GrabCar,1,Medan,1
USR004841,At_Risk,2024-11-04,58,2,186000.0,1532,Member,GrabMart|GrabExpress|GrabFood,3,Jakarta,1
USR003594,Loyal,2024-12-03,29,9,760000.0,7134,Gold,GrabCar|GrabFood|GrabMart|GrabExpress,4,Medan,0
USR006035,Promising,2024-12-15,17,4,105000.0,1086,Member,GrabExpress|GrabCar,2,Bandung,0
USR006852,Promising,2024-12-12,20,5,189000.0,2243,Member,GrabMart|GrabFood,2,Jakarta,0
USR008705,Hibernating,2024-05-09,237,0,73000.0,735,Member,GrabMart|GrabFood,2,Jakarta,1
USR004177,At_Risk,2024-10-12,81,3,344000.0,3688,Silver,GrabMart|GrabExpress,2,Jakarta,0
USR001308,Champions,2024-12-30,2,29,2332000.0,25380,Platinum,GrabBike|GrabFood,2,Bandung,1
USR003452,Loyal,2024-12-08,24,13,312000.0,2683,Silver,GrabExpress,1,Surabaya,1
USR003695,Loyal,2024-12-04,28,11,631000.0,7084,Gold,GrabMart|GrabExpress,2,Bekasi,0
USR004242,At_Risk,2024-10-09,84,3,252000.0,2919,Silver,GrabFood|GrabMart|GrabCar|GrabBike,4,Bandung,0
USR002198,Loyal,2024-12-20,12,10,711000.0,6351,Gold,GrabFood|GrabExpress,2,Jakarta,0
USR004425,At_Risk,2024-10-13,80,4,191000.0,2141,Member,GrabMart,1,Bandung,0
USR006150,Promising,2024-12-12,20,6,222000.0,2176,Silver,GrabExpress|GrabMart|GrabFood,3,Bandung,0
USR000943,Champions,2024-12-23,9,17,2150000.0,20945,Platinum,GrabCar|GrabBike|GrabFood|GrabExpress,4,Jakarta,0
USR000822,Champions,2024-12-19,13,16,1726000.0,15168,Platinum,GrabCar|GrabBike|GrabFood|GrabExpress,4,Jakarta,0
USR005005,At_Risk,2024-11-15,47,3,203000.0,2287,Silver,GrabMart|GrabBike|GrabExpress,3,Jakarta,1
USR006612,Promising,2024-12-14,18,4,213000.0,2376,Silver,GrabExpress|GrabFood|GrabMart|GrabBike,4,Bandung,0
USR008356,Hibernating,2024-08-09,145,0,24000.0,241,Member,GrabMart|GrabExpress|GrabBike,3,Surabaya,1
USR005619,At_Risk,2024-10-11,82,4,250000.0,2476,Silver,GrabExpress|GrabCar|GrabFood|GrabMart,4,Jakarta,1
USR004547,At_Risk,2024-11-12,50,2,172000.0,1873,Member,GrabExpress,1,Bekasi,1
USR002538,Loyal,2024-12-06,26,9,350000.0,3578,Silver,GrabCar|GrabExpress,2,Jakarta,0
USR005207,At_Risk,2024-11-06,56,4,153000.0,1673,Member,GrabFood|GrabBike|GrabMart,3,Surabaya,0
USR009514,Hibernating,2024-08-23,131,0,71000.0,753,Member,GrabBike|GrabExpress|GrabFood,3,Medan,1
USR009009,Hibernating,2024-08-18,136,0,1000.0,11,Member,GrabBike|GrabCar,2,Bandung,1
USR003054,Loyal,2024-12-24,8,8,679000.0,7725,Gold,GrabCar|GrabExpress|GrabFood,3,Jakarta,0
USR003675,Loyal,2024-12-11,21,14,496000.0,5947,Silver,GrabExpress|GrabBike|GrabCar|GrabFood,4,Surabaya,0
USR007776,Promising,2024-12-16,16,5,212000.0,2388,Silver,GrabMart|GrabCar,2,Bandung,0
USR007218,Promising,2024-12-18,14,3,121000.0,1121,Member,GrabMart,1,Bandung,0
USR006722,Promising,2024-12-16,16,3,141000.0,1589,Member,GrabExpress,1,Medan,0
USR003300,Loyal,2024-12-23,9,9,328000.0,2706,Silver,GrabFood|GrabBike,2,Jakarta,0
USR003310,Loyal,2024-12-14,18,11,453000.0,3707,Silver,GrabCar,1,Surabaya,0
USR007221,Promising,2024-12-16,16,7,204000.0,1907,Silver,GrabExpress,1,Jakarta,0
USR008519,Hibernating,2024-08-10,144,0,40000.0,347,Member,GrabFood,1,Bandung,0
USR005954,At_Risk,2024-11-12,50,2,269000.0,2615,Silver,GrabBike|GrabFood|GrabExpress,3,Bandung,0
USR000832,Champions,2024-12-26,6,15,2224000.0,20528,Platinum,GrabMart|GrabFood|GrabExpress,3,Jakarta,0
USR003462,Loyal,2024-12-23,9,11,486000.0,5792,Silver,GrabCar|GrabExpress|GrabFood,3,Jakarta,0
USR007643,Promising,2024-12-25,7,6,99000.0,843,Member,GrabExpress,1,Jakarta,0
USR000054,Champions,2024-12-29,3,24,1451000.0,13812,Gold,GrabCar|GrabMart,2,Surabaya,0
USR003451,Loyal,2024-12-06,26,12,621000.0,5491,Gold,GrabCar,1,Jakarta,0
USR006305,Promising,2024-12-23,9,5,186000.0,2033,Member,GrabMart,1,Jakarta,0
USR001481,Champions,2024-12-29,3,16,1337000.0,14930,Gold,GrabFood|GrabMart|GrabExpress,3,Bekasi,0
USR004873,At_Risk,2024-11-05,57,2,338000.0,4027,Silver,GrabCar,1,Jakarta,0
USR008038,Hibernating,2024-02-13,323,0,30000.0,304,Member,GrabFood|GrabExpress,2,Bandung,0
USR003335,Loyal,2024-12-20,12,9,684000.0,5905,Gold,GrabExpress,1,Jakarta,0
USR006016,Promising,2024-12-14,18,7,113000.0,944,Member,GrabCar|GrabMart,2,Bekasi,0
USR004926,At_Risk,2024-11-10,52,4,116000.0,1290,Member,GrabBike,1,Jakarta,0
USR005797,At_Risk,2024-10-25,68,3,325000.0,2830,Silver,GrabMart|GrabCar|GrabExpress|GrabFood,4,Jakarta,1
USR009831,Hibernating,2024-03-03,304,0,68000.0,646,Member,GrabFood|GrabExpress|GrabMart,3,Bandung,1
USR005083,At_Risk,2024-10-26,67,2,248000.0,2127,Silver,GrabMart|GrabFood,2,Bandung,0
USR006645,Promising,2024-12-13,19,6,159000.0,1593,Member,GrabFood|GrabExpress|GrabCar,3,Bandung,0
USR005490,At_Risk,2024-11-05,57,3,141000.0,1267,Member,GrabMart,1,Medan,0
USR000768,Champions,2024-12-26,6,27,2331000.0,27168,Platinum,GrabBike,1,Jakarta,1
USR002065,Loyal,2024-12-18,14,14,691000.0,7337,Gold,GrabMart|GrabFood,2,Jakarta,0
USR009500,Hibernating,2024-05-22,224,0,65000.0,714,Member,GrabMart,1,Bekasi,1
USR007311,Promising,2024-12-23,9,7,193000.0,1654,Member,GrabCar,1,Jakarta,0
USR008477,Hibernating,2024-07-07,178,0,32000.0,318,Member,GrabExpress|GrabCar,2,Surabaya,1
USR004524,At_Risk,2024-10-18,75,2,139000.0,1144,Member,GrabCar|GrabMart|GrabFood,3,Bandung,0
USR002717,Loyal,2024-12-21,11,9,382000.0,3931,Silver,GrabCar|GrabBike,2,Jakarta,0
USR002079,Loyal,2024-12-03,29,9,553000.0,5305,Silver,GrabFood|GrabMart|GrabExpress,3,Medan,0
USR008914,Hibernating,2024-04-02,274,0,39000.0,329,Member,GrabFood,1,Jakarta,1
USR000951,Champions,2024-12-20,12,18,934000.0,7509,Gold,GrabCar|GrabBike,2,Bandung,0
USR008058,Hibernating,2024-07-09,176,0,13000.0,155,Member,GrabFood,1,Jakarta,1
USR002482,Loyal,2024-12-03,29,9,352000.0,3584,Silver,GrabMart|GrabExpress|GrabCar|GrabFood,4,Surabaya,1
USR001759,Loyal,2024-12-05,27,10,744000.0,6609,Gold,GrabBike,1,Jakarta,0
USR004422,At_Risk,2024-10-19,74,3,146000.0,1502,Member,GrabMart|GrabFood|GrabExpress,3,Surabaya,0
USR006704,Promising,2024-12-29,3,3,179000.0,1852,Member,GrabCar,1,Jakarta,0
USR005182,At_Risk,2024-10-26,67,2,272000.0,2838,Silver,GrabCar|GrabMart|GrabExpress,3,Bekasi,0
USR008533,Hibernating,2024-04-30,246,0,47000.0,518,Member,GrabCar,1,Bandung,1
USR003701,Loyal,2024-12-11,21,11,661000.0,5688,Gold,GrabExpress,1,Jakarta,0
USR004243,At_Risk,2024-10-30,63,4,220000.0,2363,Silver,GrabCar|GrabMart|GrabBike|GrabExpress,4,Jakarta,0
USR000688,Champions,2024-12-19,13,24,1735000.0,15888,Platinum,GrabCar|GrabMart|GrabExpress,3,Bekasi,0
USR003432,Loyal,2024-12-05,27,8,478000.0,4471,Silver,GrabCar|GrabBike|GrabExpress,3,Jakarta,0
USR004944,At_Risk,2024-10-31,62,3,100000.0,977,Member,GrabBike|GrabFood|GrabCar|GrabExpress,4,Jakarta,0
USR000966,Champions,2024-12-26,6,15,1530000.0,12468,Platinum,GrabFood|GrabBike,2,Medan,0
USR009484,Hibernating,2024-09-09,114,0,35000.0,315,Member,GrabBike|GrabFood,2,Jakarta,1
USR002713,Loyal,2024-12-04,28,13,732000.0,6072,Gold,GrabFood,1,Jakarta,0
USR004757,At_Risk,2024-10-24,69,3,164000.0,1870,Member,GrabFood,1,Jakarta,1
USR009545,Hibernating,2024-06-09,206,0,42000.0,419,Member,GrabCar|GrabBike,2,Bandung,1
USR006320,Promising,2024-12-26,6,6,202000.0,1742,Silver,GrabFood,1,Bandung,0
USR005975,At_Risk,2024-11-08,54,3,345000.0,3093,Silver,GrabFood|GrabExpress,2,Bandung,0
USR003572,Loyal,2024-12-09,23,9,477000.0,4163,Silver,GrabCar,1,Bekasi,0
USR005299,At_Risk,2024-11-07,55,3,166000.0,1430,Member,GrabBike|GrabFood,2,Bandung,1
USR001990,Loyal,2024-12-20,12,8,473000.0,5574,Silver,GrabBike,1,Jakarta,0
USR001205,Champions,2024-12-23,9,21,1237000.0,11509,Gold,GrabMart|GrabCar|GrabBike,3,Bandung,0
USR004971,At_Risk,2024-10-25,68,5,347000.0,3905,Silver,GrabExpress|GrabCar,2,Bekasi,1
USR006783,Promising,2024-12-18,14,5,112000.0,986,Member,GrabCar|GrabBike|GrabMart,3,Bandung,1
USR003600,Loyal,2024-12-08,24,13,336000.0,3113,Silver,GrabFood,1,Medan,0
USR006490,Promising,2024-12-25,7,7,134000.0,1582,Member,GrabCar|GrabMart,2,Medan,0
USR008609,Hibernating,2024-03-28,279,0,10000.0,95,Member,GrabBike|GrabCar,2,Bekasi,1
USR009978,Hibernating,2024-01-05,362,0,65000.0,752,Member,GrabBike|GrabExpress,2,Bandung,1
USR008070,Hibernating,2024-05-03,243,0,12000.0,98,Member,GrabFood,1,Surabaya,1
USR008577,Hibernating,2024-03-31,276,0,17000.0,156,Member,GrabFood|GrabExpress,2,Medan,1
USR007973,Promising,2024-12-16,16,6,112000.0,1046,Member,GrabFood|GrabMart,2,Jakarta,1
USR001625,Loyal,2024-12-16,16,12,636000.0,7480,Gold,GrabBike|GrabFood|GrabMart,3,Surabaya,0
USR000536,Champions,2024-12-19,13,25,1739000.0,19898,Platinum,GrabFood|GrabCar|GrabMart,3,Surabaya,1
USR008766,Hibernating,2024-02-18,318,0,33000.0,395,Member,GrabBike,1,Bandung,1
USR007970,Promising,2024-12-28,4,5,105000.0,894,Member,GrabFood,1,Jakarta,1
USR004212,At_Risk,2024-10-29,64,2,114000.0,1309,Member,GrabFood|GrabBike|GrabCar,3,Medan,1
USR006456,Promising,2024-12-18,14,5,91000.0,978,Member,GrabMart|GrabExpress,2,Surabaya,0
USR003507,Loyal,2024-12-21,11,12,756000.0,6470,Gold,GrabMart|GrabBike|GrabFood,3,Jakarta,0
USR008393,Hibernating,2024-01-03,364,0,70000.0,578,Member,GrabBike|GrabMart,2,Medan,1
USR007112,Promising,2024-12-28,4,7,109000.0,1295,Member,GrabExpress|GrabBike|GrabMart,3,Jakarta,0
USR002708,Loyal,2024-12-05,27,11,734000.0,7781,Gold,GrabExpress,1,Surabaya,0
USR005031,At_Risk,2024-10-13,80,5,124000.0,1403,Member,GrabFood|GrabCar|GrabExpress,3,Bandung,1
USR006514,Promising,2024-12-22,10,4,85000.0,768,Member,GrabBike,1,Jakarta,1
USR004662,At_Risk,2024-10-26,67,4,240000.0,2684,Silver,GrabFood|GrabMart,2,Bekasi,1
USR004021,At_Risk,2024-11-04,58,5,130000.0,1111,Member,GrabCar,1,Bandung,0
USR001854,Loyal,2024-12-08,24,14,623000.0,6780,Gold,GrabExpress|GrabCar|GrabFood,3,Jakarta,0
USR009425,Hibernating,2024-05-30,216,0,48000.0,417,Member,GrabMart|GrabExpress,2,Surabaya,0
USR002872,Loyal,2024-12-19,13,12,538000.0,4632,Silver,GrabMart,1,Jakarta,0
USR003030,Loyal,2024-12-18,14,9,705000.0,5959,Gold,GrabExpress,1,Medan,1
USR001645,Loyal,2024-12-20,12,9,673000.0,7331,Gold,GrabMart|GrabFood,2,Bekasi,0
USR003417,Loyal,2024-12-23,9,11,582000.0,5649,Silver,GrabMart,1,Surabaya,0
USR003476,Loyal,2024-12-12,20,8,646000.0,5602,Gold,GrabFood|GrabMart,2,Jakarta,0
USR009552,Hibernating,2024-05-11,235,0,29000.0,301,Member,GrabFood|GrabCar,2,Bandung,1
USR001792,Loyal,2024-12-18,14,13,328000.0,2711,Silver,GrabBike,1,Jakarta,1
USR003797,Loyal,2024-12-23,9,13,368000.0,3157,Silver,GrabCar|GrabFood|GrabBike,3,Bandung,0
USR003368,Loyal,2024-12-07,25,8,528000.0,6052,Silver,GrabMart|GrabExpress,2,Jakarta,0
USR007196,Promising,2024-12-17,15,5,89000.0,921,Member,GrabFood|GrabExpress|GrabMart,3,Bekasi,1
USR009641,Hibernating,2024-07-28,157,0,28000.0,308,Member,GrabCar|GrabMart,2,Bekasi,1
USR005109,At_Risk,2024-10-15,78,2,315000.0,2527,Silver,GrabMart|GrabBike,2,Jakarta,1
USR006024,Promising,2024-12-17,15,7,172000.0,1664,Member,GrabExpress|GrabFood|GrabCar,3,Bekasi,0
USR008795,Hibernating,2024-02-23,313,0,18000.0,160,Member,GrabBike|GrabFood,2,Bekasi,1
USR009294,Hibernating,2024-02-23,313,0,54000.0,444,Member,GrabBike,1,Jakarta,1
USR000126,Champions,2024-12-19,13,19,2452000.0,27113,Platinum,GrabMart|GrabExpress,2,Surabaya,0
USR005959,At_Risk,2024-11-16,46,4,137000.0,1287,Member,GrabCar,1,Bekasi,1
USR003876,Loyal,2024-12-08,24,9,635000.0,7553,Gold,GrabFood|GrabMart,2,Jakarta,0
USR004451,At_Risk,2024-10-28,65,4,130000.0,1090,Member,GrabExpress,1,Bandung,0
USR007147,Promising,2024-12-14,18,3,228000.0,2209,Silver,GrabFood,1,Surabaya,0
USR003531,Loyal,2024-12-04,28,9,594000.0,5915,Silver,GrabCar|GrabMart,2,Jakarta,0
USR000827,Champions,2024-12-22,10,15,1163000.0,12293,Gold,GrabCar|GrabMart,2,Jakarta,0
USR007790,Promising,2024-12-23,9,6,170000.0,1802,Member,GrabFood|GrabBike|GrabCar,3,Jakarta,0
USR000984,Champions,2024-12-26,6,28,1896000.0,19409,Platinum,GrabExpress|GrabBike,2,Surabaya,0
USR007783,Promising,2024-12-27,5,3,100000.0,856,Member,GrabExpress,1,Surabaya,0
USR002443,Loyal,2024-12-17,15,10,620000.0,5196,Gold,GrabCar|GrabMart,2,Jakarta,0
USR008554,Hibernating,2024-02-28,308,0,77000.0,655,Member,GrabBike|GrabExpress|GrabMart,3,Jakarta,1
USR000345,Champions,2024-12-30,2,28,1665000.0,15362,Platinum,GrabFood|GrabCar|GrabMart,3,Jakarta,0
USR000814,Champions,2024-12-21,11,25,2351000.0,26659,Platinum,GrabExpress|GrabCar|GrabFood|GrabBike,4,Bekasi,0
USR006166,Promising,2024-12-14,18,7,244000.0,2783,Silver,GrabExpress|GrabBike|GrabCar,3,Bekasi,0
USR005779,At_Risk,2024-10-30,63,2,138000.0,1417,Member,GrabFood|GrabMart,2,Jakarta,1
USR002116,Loyal,2024-12-06,26,14,786000.0,9186,Gold,GrabBike|GrabCar|GrabFood|GrabExpress,4,Jakarta,0
USR000793,Champions,2024-12-20,12,29,810000.0,9434,Gold,GrabFood|GrabMart,2,Medan,0
USR006898,Promising,2024-12-23,9,6,173000.0,1548,Member,GrabMart,1,Jakarta,0
USR002674,Loyal,2024-12-05,27,13,571000.0,6208,Silver,GrabMart,1,Jakarta,0
USR000094,Champions,2024-12-24,8,28,1728000.0,18408,Platinum,GrabFood|GrabMart|GrabExpress,3,Jakarta,0
USR004225,At_Risk,2024-10-17,76,5,299000.0,2640,Silver,GrabBike|GrabExpress|GrabMart,3,Medan,1
USR003756,Loyal,2024-12-07,25,11,642000.0,6754,Gold,GrabBike|GrabExpress|GrabCar|GrabMart,4,Jakarta,0
USR002891,Loyal,2024-12-25,7,12,763000.0,8833,Gold,GrabMart|GrabFood|GrabCar,3,Jakarta,0
USR002371,Loyal,2024-12-22,10,10,677000.0,8007,Gold,GrabExpress|GrabBike|GrabFood,3,Jakarta,0
USR009388,Hibernating,2024-07-15,170,0,15000.0,122,Member,GrabMart,1,Bekasi,1
USR003228,Loyal,2024-12-05,27,8,632000.0,7133,Gold,GrabMart|GrabFood,2,Bekasi,0
USR007863,Promising,2024-12-22,10,3,237000.0,2314,Silver,GrabCar|GrabExpress,2,Bekasi,0
USR006359,Promising,2024-12-17,15,3,200000.0,1612,Member,GrabExpress,1,Jakarta,0
USR009196,Hibernating,2024-08-29,125,0,17000.0,172,Member,GrabCar|GrabFood|GrabExpress,3,Surabaya,1
USR007326,Promising,2024-12-21,11,7,182000.0,1857,Member,GrabBike|GrabMart,2,Jakarta,0
USR006028,Promising,2024-12-13,19,7,148000.0,1700,Member,GrabBike|GrabCar,2,Jakarta,1
USR001865,Loyal,2024-12-16,16,10,452000.0,5057,Silver,GrabFood,1,Jakarta,0
USR004612,At_Risk,2024-11-10,52,4,112000.0,1207,Member,GrabBike|GrabCar|GrabExpress,3,Jakarta,1
USR002645,Loyal,2024-12-04,28,14,321000.0,3090,Silver,GrabExpress|GrabFood,2,Bandung,0
USR002243,Loyal,2024-12-16,16,9,568000.0,6714,Silver,GrabCar|GrabExpress,2,Jakarta,0
USR005373,At_Risk,2024-11-11,51,3,244000.0,2449,Silver,GrabMart|GrabExpress,2,Medan,0
USR002336,Loyal,2024-12-16,16,13,748000.0,6898,Gold,GrabBike|GrabMart|GrabExpress,3,Medan,0
USR000950,Champions,2024-12-22,10,22,1236000.0,11668,Gold,GrabBike|GrabExpress,2,Jakarta,0
USR001120,Champions,2024-12-19,13,19,1466000.0,17356,Gold,GrabExpress|GrabBike|GrabCar,3,Jakarta,0
USR002204,Loyal,2024-12-25,7,9,423000.0,4550,Silver,GrabCar|GrabExpress|GrabBike|GrabFood,4,Surabaya,0
USR000419,Champions,2024-12-27,5,29,1299000.0,11970,Gold,GrabMart|GrabExpress|GrabFood|GrabBike,4,Bandung,0
USR000922,Champions,2024-12-27,5,21,838000.0,7786,Gold,GrabMart|GrabBike,2,Jakarta,0
USR008669,Hibernating,2024-02-23,313,0,9000.0,100,Member,GrabBike|GrabCar|GrabFood|GrabMart,4,Jakarta,1
USR005408,At_Risk,2024-10-22,71,2,275000.0,2696,Silver,GrabFood,1,Jakarta,0
USR005788,At_Risk,2024-10-31,62,2,245000.0,2776,Silver,GrabExpress|GrabFood,2,Jakarta,0
USR005742,At_Risk,2024-11-05,57,3,266000.0,2957,Silver,GrabMart,1,Bandung,0
USR007667,Promising,2024-12-13,19,7,137000.0,1136,Member,GrabCar,1,Bandung,0
USR005567,At_Risk,2024-10-16,77,4,337000.0,3890,Silver,GrabMart|GrabExpress,2,Surabaya,1
USR008135,Hibernating,2024-06-14,201,0,3000.0,27,Member,GrabExpress|GrabMart|GrabCar,3,Jakarta,1
USR001202,Champions,2024-12-21,11,20,2494000.0,27793,Platinum,GrabFood|GrabBike|GrabExpress,3,Jakarta,0
USR005765,At_Risk,2024-10-19,74,4,325000.0,2855,Silver,GrabMart|GrabBike|GrabCar,3,Bekasi,1
USR008389,Hibernating,2024-07-27,158,0,21000.0,240,Member,GrabFood|GrabCar|GrabExpress,3,Jakarta,1
USR001970,Loyal,2024-12-25,7,11,407000.0,3825,Silver,GrabMart|GrabFood,2,Jakarta,0
USR004018,At_Risk,2024-10-11,82,5,204000.0,2064,Silver,GrabFood|GrabCar|GrabBike,3,Surabaya,1
USR003687,Loyal,2024-12-19,13,8,546000.0,5952,Silver,GrabBike|GrabFood,2,Bekasi,0
USR001997,Loyal,2024-12-11,21,11,386000.0,4352,Silver,GrabBike|GrabCar,2,Bandung,0
USR004033,At_Risk,2024-11-12,50,5,184000.0,1514,Member,GrabBike|GrabExpress,2,Medan,0
USR001248,Champions,2024-12-30,2,27,1966000.0,22452,Platinum,GrabBike|GrabExpress|GrabMart|GrabCar,4,Jakarta,0
USR002192,Loyal,2024-12-19,13,11,436000.0,5085,Silver,GrabBike,1,Bekasi,0
USR002712,Loyal,2024-12-22,10,12,328000.0,3677,Silver,GrabMart,1,Jakarta,1
USR002190,Loyal,2024-12-13,19,8,738000.0,8176,Gold,GrabExpress|GrabBike,2,Surabaya,1
USR004670,At_Risk,2024-11-07,55,3,120000.0,1232,Member,GrabExpress,1,Jakarta,1
USR005142,At_Risk,2024-10-29,64,3,331000.0,3048,Silver,GrabMart|GrabBike,2,Jakarta,0
USR005984,At_Risk,2024-10-06,87,5,264000.0,2908,Silver,GrabFood|GrabMart|GrabExpress,3,Bekasi,0
USR006565,Promising,2024-12-14,18,4,188000.0,1918,Member,GrabFood,1,Jakarta,1
USR007804,Promising,2024-12-20,12,6,190000.0,2222,Member,GrabExpress|GrabBike,2,Bekasi,0
USR006943,Promising,2024-12-25,7,7,199000.0,1920,Member,GrabCar,1,Jakarta,0
USR002136,Loyal,2024-12-21,11,10,653000.0,5229,Gold,GrabFood|GrabExpress|GrabCar|GrabMart,4,Jakarta,0
USR001065,Champions,2024-12-24,8,22,1539000.0,14777,Platinum,GrabBike|GrabMart|GrabFood,3,Surabaya,0
USR000600,Champions,2024-12-20,12,24,957000.0,7658,Gold,GrabExpress|GrabFood|GrabCar,3,Jakarta,0
USR004227,At_Risk,2024-10-22,71,3,162000.0,1692,Member,GrabCar,1,Jakarta,1
USR007577,Promising,2024-12-14,18,7,204000.0,2373,Silver,GrabExpress|GrabMart|GrabBike,3,Jakarta,0
USR000077,Champions,2024-12-29,3,17,1508000.0,17977,Platinum,GrabCar|GrabExpress|GrabBike|GrabFood,4,Bandung,0
USR007546,Promising,2024-12-16,16,3,145000.0,1604,Member,GrabFood|GrabBike|GrabCar|GrabMart,4,Bekasi,0
USR002898,Loyal,2024-12-12,20,8,577000.0,6211,Silver,GrabMart|GrabBike|GrabFood|GrabCar,4,Jakarta,0
USR004820,At_Risk,2024-10-24,69,3,276000.0,2637,Silver,GrabBike|GrabCar|GrabMart,3,Bekasi,1
USR009302,Hibernating,2024-07-01,184,0,12000.0,97,Member,GrabBike,1,Jakarta,1
USR006413,Promising,2024-12-27,5,5,234000.0,1962,Silver,GrabMart|GrabFood|GrabExpress|GrabCar,4,Bandung,0
USR009064,Hibernating,2024-01-07,360,0,65000.0,598,Member,GrabBike,1,Jakarta,1
USR008007,Hibernating,2024-08-11,143,0,13000.0,143,Member,GrabMart|GrabFood|GrabExpress|GrabBike,4,Jakarta,1
USR005468,At_Risk,2024-10-04,89,3,335000.0,3630,Silver,GrabBike,1,Jakarta,0
USR005951,At_Risk,2024-11-11,51,3,113000.0,1090,Member,GrabExpress|GrabMart|GrabCar|GrabFood,4,Bekasi,0
USR003391,Loyal,2024-12-21,11,9,510000.0,5255,Silver,GrabMart|GrabExpress|GrabBike,3,Jakarta,1
USR005415,At_Risk,2024-10-26,67,4,213000.0,1949,Silver,GrabExpress,1,Bandung,0
USR002560,Loyal,2024-12-22,10,9,626000.0,5569,Gold,GrabCar|GrabExpress,2,Surabaya,0
USR008162,Hibernating,2024-04-10,266,0,63000.0,632,Member,GrabCar,1,Jakarta,1
USR002635,Loyal,2024-12-24,8,10,526000.0,4671,Silver,GrabCar|GrabFood|GrabBike|GrabExpress,4,Jakarta,0
USR005256,At_Risk,2024-10-14,79,3,281000.0,3345,Silver,GrabMart|GrabFood,2,Bekasi,0
USR003530,Loyal,2024-12-11,21,10,741000.0,7838,Gold,GrabCar,1,Bandung,0
USR008567,Hibernating,2024-06-27,188,0,71000.0,740,Member,GrabMart|GrabExpress,2,Jakarta,1
USR001908,Loyal,2024-12-14,18,11,797000.0,8316,Gold,GrabFood,1,Bekasi,0
USR000235,Champions,2024-12-19,13,23,2302000.0,20148,Platinum,GrabBike|GrabExpress,2,Bandung,0
USR001604,Loyal,2024-12-19,13,8,437000.0,3803,Silver,GrabBike,1,Bandung,1
USR007984,Promising,2024-12-18,14,7,106000.0,1264,Member,GrabMart,1,Jakarta,0
USR003490,Loyal,2024-12-19,13,12,323000.0,2965,Silver,GrabExpress|GrabCar,2,Jakarta,0
USR001994,Loyal,2024-12-18,14,12,629000.0,5149,Gold,GrabExpress|GrabMart,2,Bandung,1
USR002824,Loyal,2024-12-24,8,13,627000.0,5449,Gold,GrabBike|GrabFood,2,Bekasi,0
USR009285,Hibernating,2024-06-13,202,0,31000.0,307,Member,GrabBike|GrabExpress,2,Surabaya,1
USR001342,Champions,2024-12-26,6,16,1380000.0,11113,Gold,GrabMart|GrabExpress|GrabBike|GrabCar,4,Surabaya,0
USR008512,Hibernating,2024-06-28,187,0,54000.0,558,Member,GrabMart|GrabFood,2,Jakarta,1
USR001619,Loyal,2024-12-25,7,10,649000.0,5353,Gold,GrabBike|GrabFood,2,Bandung,0
USR005287,At_Risk,2024-10-16,77,3,331000.0,3587,Silver,GrabFood,1,Jakarta,0
USR002060,Loyal,2024-12-10,22,11,410000.0,4492,Silver,GrabExpress|GrabFood,2,Surabaya,0
USR009955,Hibernating,2024-09-25,98,0,32000.0,302,Member,GrabMart|GrabBike,2,Bekasi,0
USR002219,Loyal,2024-12-06,26,8,418000.0,3527,Silver,GrabExpress,1,Bekasi,0
USR006038,Promising,2024-12-14,18,7,195000.0,1648,Member,GrabExpress|GrabBike|GrabMart,3,Jakarta,0
USR000260,Champions,2024-12-21,11,15,1043000.0,10575,Gold,GrabMart|GrabExpress|GrabCar,3,Jakarta,0
USR009365,Hibernating,2024-08-11,143,0,65000.0,690,Member,GrabFood,1,Bekasi,1
USR009093,Hibernating,2024-09-23,100,0,14000.0,153,Member,GrabBike|GrabMart,2,Surabaya,1
USR003744,Loyal,2024-12-07,25,11,763000.0,6757,Gold,GrabMart|GrabFood,2,Jakarta,0
USR002026,Loyal,2024-12-07,25,8,707000.0,5984,Gold,GrabCar|GrabExpress,2,Jakarta,0
USR006988,Promising,2024-12-25,7,7,232000.0,2674,Silver,GrabMart,1,Medan,1
USR004234,At_Risk,2024-11-15,47,4,153000.0,1262,Member,GrabCar|GrabFood|GrabBike,3,Jakarta,1
USR001917,Loyal,2024-12-24,8,13,757000.0,8633,Gold,GrabMart|GrabFood,2,Jakarta,0
USR001828,Loyal,2024-12-19,13,9,734000.0,8054,Gold,GrabBike,1,Jakarta,0
USR006233,Promising,2024-12-20,12,4,242000.0,2489,Silver,GrabBike|GrabCar|GrabMart|GrabExpress,4,Jakarta,0
USR009332,Hibernating,2024-01-19,348,0,48000.0,558,Member,GrabExpress,1,Surabaya,1
USR006283,Promising,2024-12-22,10,7,178000.0,1933,Member,GrabMart|GrabCar|GrabFood|GrabBike,4,Jakarta,0
USR004208,At_Risk,2024-10-27,66,3,216000.0,2565,Silver,GrabExpress,1,Bekasi,0
USR000224,Champions,2024-12-22,10,28,1918000.0,17390,Platinum,GrabBike|GrabCar|GrabFood,3,Jakarta,0
USR008915,Hibernating,2024-06-26,189,0,4000.0,35,Member,GrabExpress,1,Bandung,1
USR006469,Promising,2024-12-20,12,7,106000.0,1105,Member,GrabExpress|GrabMart,2,Jakarta,0
USR009413,Hibernating,2024-08-24,130,0,9000.0,74,Member,GrabCar|GrabMart|GrabExpress,3,Surabaya,1
USR000846,Champions,2024-12-29,3,17,1271000.0,13971,Gold,GrabFood|GrabCar,2,Surabaya,0
USR004289,At_Risk,2024-11-05,57,3,111000.0,1119,Member,GrabFood|GrabCar,2,Jakarta,0
USR005560,At_Risk,2024-11-17,45,4,155000.0,1644,Member,GrabBike|GrabFood,2,Bandung,0
USR002551,Loyal,2024-12-18,14,11,635000.0,5247,Gold,GrabMart|GrabCar,2,Surabaya,0
USR000117,Champions,2024-12-20,12,29,2246000.0,23181,Platinum,GrabMart|GrabBike|GrabExpress|GrabCar,4,Jakarta,0
USR008837,Hibernating,2024-07-24,161,0,51000.0,429,Member,GrabCar|GrabFood|GrabBike,3,Jakarta,1
USR005966,At_Risk,2024-11-06,56,2,315000.0,3410,Silver,GrabExpress|GrabCar,2,Jakarta,0
USR008195,Hibernating,2024-08-25,129,0,61000.0,627,Member,GrabCar|GrabBike|GrabFood,3,Jakarta,1
USR008659,Hibernating,2024-04-28,248,0,43000.0,375,Member,GrabBike|GrabExpress,2,Bekasi,1
USR007489,Promising,2024-12-26,6,3,174000.0,2042,Member,GrabMart,1,Bandung,0
USR000005,Champions,2024-12-31,1,27,1516000.0,17258,Platinum,GrabMart|GrabBike|GrabExpress,3,Surabaya,0
USR005342,At_Risk,2024-10-07,86,5,191000.0,2204,Member,GrabExpress,1,Bekasi,0
USR009111,Hibernating,2024-05-30,216,0,38000.0,389,Member,GrabFood|GrabExpress,2,Jakarta,1
USR004324,At_Risk,2024-11-08,54,2,312000.0,3430,Silver,GrabExpress,1,Bekasi,1
USR001063,Champions,2024-12-27,5,27,1640000.0,14268,Platinum,GrabCar|GrabMart|GrabExpress|GrabFood,4,Jakarta,0
USR002590,Loyal,2024-12-19,13,10,580000.0,6426,Silver,GrabMart|GrabFood|GrabBike,3,Jakarta,1
USR008434,Hibernating,2024-01-18,349,0,26000.0,282,Member,GrabCar|GrabFood,2,Bandung,1
USR003735,Loyal,2024-12-19,13,8,703000.0,7097,Gold,GrabExpress,1,Jakarta,0
USR003517,Loyal,2024-12-08,24,8,498000.0,4946,Silver,GrabCar,1,Bekasi,0
USR006986,Promising,2024-12-18,14,3,233000.0,2295,Silver,GrabFood,1,Medan,0
USR006767,Promising,2024-12-22,10,3,116000.0,1312,Member,GrabMart|GrabFood,2,Bandung,0
USR005622,At_Risk,2024-11-13,49,5,151000.0,1610,Member,GrabMart,1,Bandung,1
USR001605,Loyal,2024-12-22,10,10,750000.0,7675,Gold,GrabBike|GrabMart,2,Jakarta,0
USR001733,Loyal,2024-12-04,28,12,702000.0,6834,Gold,GrabExpress,1,Bandung,0
USR009341,Hibernating,2024-06-18,197,0,21000.0,211,Member,GrabFood|GrabMart,2,Surabaya,1
USR003812,Loyal,2024-12-12,20,13,307000.0,3302,Silver,GrabBike|GrabMart|GrabCar|GrabFood,4,Jakarta,0
USR009624,Hibernating,2024-06-15,200,0,51000.0,441,Member,GrabFood,1,Jakarta,1
USR001761,Loyal,2024-12-07,25,9,752000.0,6166,Gold,GrabMart,1,Bekasi,0
USR005401,At_Risk,2024-10-08,85,2,227000.0,2610,Silver,GrabExpress|GrabCar|GrabBike,3,Surabaya,0
USR002739,Loyal,2024-12-10,22,12,699000.0,7878,Gold,GrabBike|GrabCar|GrabMart|GrabFood,4,Bandung,0
USR002472,Loyal,2024-12-14,18,8,320000.0,2863,Silver,GrabExpress|GrabMart,2,Jakarta,0
USR006738,Promising,2024-12-18,14,7,227000.0,2444,Silver,GrabExpress|GrabBike,2,Jakarta,1
USR006891,Promising,2024-12-23,9,6,147000.0,1660,Member,GrabCar,1,Jakarta,0
USR007943,Promising,2024-12-28,4,3,127000.0,1216,Member,GrabCar|GrabBike|GrabMart,3,Jakarta,0
USR004206,At_Risk,2024-11-14,48,2,289000.0,2597,Silver,GrabMart|GrabFood|GrabExpress,3,Jakarta,0
USR006371,Promising,2024-12-14,18,4,184000.0,1488,Member,GrabFood|GrabBike|GrabExpress,3,Bekasi,0
USR000232,Champions,2024-12-20,12,27,1259000.0,13017,Gold,GrabCar|GrabBike,2,Jakarta,0
USR008258,Hibernating,2024-04-16,260,0,16000.0,178,Member,GrabCar|GrabBike,2,Medan,1
USR007561,Promising,2024-12-18,14,3,186000.0,1721,Member,GrabExpress|GrabBike,2,Bekasi,1
USR006168,Promising,2024-12-20,12,3,169000.0,1615,Member,GrabFood|GrabCar,2,Medan,0
USR003596,Loyal,2024-12-09,23,8,628000.0,6129,Gold,GrabCar|GrabBike,2,Surabaya,0
USR006288,Promising,2024-12-15,17,4,110000.0,1221,Member,GrabExpress,1,Surabaya,0
USR004632,At_Risk,2024-10-05,88,2,165000.0,1715,Member,GrabBike|GrabExpress,2,Surabaya,0
USR000125,Champions,2024-12-31,1,16,1073000.0,8835,Gold,GrabBike|GrabExpress|GrabMart|GrabCar,4,Bandung,0
USR007641,Promising,2024-12-27,5,3,100000.0,862,Member,GrabExpress|GrabMart|GrabCar|GrabFood,4,Bandung,0
USR006229,Promising,2024-12-27,5,6,95000.0,799,Member,GrabExpress|GrabCar|GrabFood,3,Surabaya,0
USR001296,Champions,2024-12-27,5,22,1476000.0,15890,Gold,GrabFood|GrabExpress|GrabCar|GrabMart,4,Jakarta,0
USR001976,Loyal,2024-12-03,29,10,313000.0,3450,Silver,GrabBike|GrabCar,2,Medan,0
USR009480,Hibernating,2024-05-14,232,0,71000.0,670,Member,GrabMart|GrabFood,2,Jakarta,1
USR009581,Hibernating,2024-05-12,234,0,8000.0,82,Member,GrabBike|GrabExpress,2,Bandung,1
USR005750,At_Risk,2024-10-08,85,3,310000.0,3409,Silver,GrabExpress|GrabCar,2,Jakarta,0
USR008152,Hibernating,2024-03-13,294,0,61000.0,488,Member,GrabMart|GrabFood,2,Jakarta,1
USR003086,Loyal,2024-12-09,23,8,564000.0,4960,Silver,GrabCar|GrabFood|GrabMart,3,Bekasi,0
USR009276,Hibernating,2024-05-25,221,0,22000.0,250,Member,GrabCar|GrabExpress|GrabFood,3,Jakarta,1
USR006882,Promising,2024-12-15,17,7,116000.0,1203,Member,GrabCar,1,Bandung,1
USR009305,Hibernating,2024-04-27,249,0,27000.0,269,Member,GrabCar,1,Medan,0
USR007673,Promising,2024-12-21,11,3,238000.0,2149,Silver,GrabFood|GrabBike,2,Bekasi,1
USR003345,Loyal,2024-12-18,14,11,332000.0,3270,Silver,GrabExpress,1,Jakarta,0
USR008172,Hibernating,2024-04-17,259,0,77000.0,806,Member,GrabExpress,1,Jakarta,1
USR009421,Hibernating,2024-04-17,259,0,30000.0,312,Member,GrabFood|GrabBike,2,Surabaya,0
USR005870,At_Risk,2024-11-16,46,3,282000.0,2724,Silver,GrabExpress|GrabMart|GrabCar,3,Bekasi,0
USR006506,Promising,2024-12-22,10,5,239000.0,2276,Silver,GrabCar,1,Bandung,0
USR002797,Loyal,2024-12-14,18,8,731000.0,7646,Gold,GrabBike|GrabFood|GrabCar|GrabExpress,4,Bandung,0
USR000918,Champions,2024-12-19,13,25,1984000.0,16543,Platinum,GrabMart,1,Jakarta,0
USR001646,Loyal,2024-12-18,14,8,369000.0,3428,Silver,GrabMart,1,Bandung,1
USR005122,At_Risk,2024-10-09,84,4,233000.0,2053,Silver,GrabBike,1,Jakarta,0
USR005126,At_Risk,2024-11-17,45,4,291000.0,3091,Silver,GrabExpress|GrabCar,2,Bekasi,1
USR004621,At_Risk,2024-11-17,45,3,129000.0,1179,Member,GrabFood|GrabCar|GrabExpress,3,Bandung,1
USR006809,Promising,2024-12-18,14,3,172000.0,2040,Member,GrabMart,1,Jakarta,0
USR000364,Champions,2024-12-30,2,20,2335000.0,25015,Platinum,GrabExpress,1,Jakarta,0
USR002125,Loyal,2024-12-25,7,10,629000.0,7371,Gold,GrabBike,1,Surabaya,0
USR008150,Hibernating,2024-07-21,164,0,31000.0,340,Member,GrabExpress|GrabCar,2,Surabaya,1
USR008717,Hibernating,2024-02-12,324,0,36000.0,314,Member,GrabExpress|GrabCar,2,Medan,1
USR000055,Champions,2024-12-20,12,26,1897000.0,16774,Platinum,GrabExpress|GrabMart|GrabBike,3,Medan,0
USR000638,Champions,2024-12-20,12,20,1738000.0,17599,Platinum,GrabExpress|GrabBike|GrabCar,3,Bekasi,0
USR000302,Champions,2024-12-26,6,25,2295000.0,26542,Platinum,GrabExpress|GrabFood|GrabBike,3,Jakarta,0
USR005811,At_Risk,2024-10-11,82,5,335000.0,3557,Silver,GrabCar|GrabMart|GrabExpress,3,Jakarta,1
USR001276,Champions,2024-12-27,5,26,1596000.0,18596,Platinum,GrabBike,1,Bekasi,0
USR004432,At_Risk,2024-11-02,60,3,329000.0,3592,Silver,GrabMart,1,Jakarta,0
USR003644,Loyal,2024-12-12,20,13,561000.0,5369,Silver,GrabMart|GrabBike|GrabExpress|GrabCar,4,Bandung,1
USR004143,At_Risk,2024-10-25,68,2,190000.0,2197,Member,GrabBike|GrabFood,2,Jakarta,1
USR002878,Loyal,2024-12-20,12,9,549000.0,6036,Silver,GrabBike,1,Medan,0
USR006493,Promising,2024-12-20,12,3,246000.0,2270,Silver,GrabMart|GrabFood|GrabExpress,3,Surabaya,1
USR005240,At_Risk,2024-10-09,84,3,112000.0,1299,Member,GrabMart,1,Surabaya,1
USR009408,Hibernating,2024-08-04,150,0,71000.0,774,Member,GrabMart,1,Surabaya,1
USR006937,Promising,2024-12-12,20,5,87000.0,815,Member,GrabFood,1,Bekasi,0
USR007240,Promising,2024-12-29,3,7,194000.0,1794,Member,GrabCar|GrabBike|GrabMart|GrabExpress,4,Jakarta,0
USR002593,Loyal,2024-12-11,21,10,536000.0,6340,Silver,GrabBike,1,Surabaya,0
USR002393,Loyal,2024-12-20,12,14,371000.0,3981,Silver,GrabBike|GrabMart,2,Surabaya,0
USR000523,Champions,2024-12-30,2,18,1953000.0,18900,Platinum,GrabBike|GrabFood|GrabCar,3,Surabaya,0
USR006376,Promising,2024-12-28,4,6,125000.0,1192,Member,GrabExpress|GrabBike,2,Bandung,0
USR006981,Promising,2024-12-26,6,3,180000.0,1961,Member,GrabCar,1,Surabaya,0
USR006677,Promising,2024-12-28,4,3,246000.0,2145,Silver,GrabFood,1,Jakarta,0
USR003900,Loyal,2024-12-05,27,12,776000.0,7406,Gold,GrabMart|GrabCar|GrabExpress|GrabFood,4,Bandung,0
USR009634,Hibernating,2024-04-19,257,0,43000.0,383,Member,GrabMart|GrabBike,2,Jakarta,0
USR005585,At_Risk,2024-11-02,60,2,305000.0,2935,Silver,GrabExpress,1,Bandung,1
USR009360,Hibernating,2024-08-05,149,0,48000.0,475,Member,GrabFood,1,Bekasi,1
USR007956,Promising,2024-12-12,20,7,189000.0,1627,Member,GrabExpress|GrabMart,2,Bekasi,1
USR007570,Promising,2024-12-15,17,7,167000.0,1537,Member,GrabBike,1,Jakarta,0
USR006777,Promising,2024-12-13,19,5,110000.0,951,Member,GrabCar|GrabFood|GrabMart,3,Bekasi,0
USR000671,Champions,2024-12-27,5,15,934000.0,9924,Gold,GrabCar|GrabBike,2,Bekasi,0
USR004188,At_Risk,2024-10-20,73,2,304000.0,2965,Silver,GrabExpress,1,Bekasi,1
USR000666,Champions,2024-12-28,4,18,1920000.0,16975,Platinum,GrabExpress|GrabCar|GrabFood|GrabMart,4,Medan,0
USR003266,Loyal,2024-12-25,7,10,632000.0,6652,Gold,GrabExpress,1,Bandung,0
USR001887,Loyal,2024-12-19,13,9,691000.0,7817,Gold,GrabMart,1,Jakarta,0
USR008472,Hibernating,2024-03-26,281,0,68000.0,704,Member,GrabBike|GrabExpress,2,Bekasi,1
USR009091,Hibernating,2024-09-28,95,0,62000.0,583,Member,GrabExpress|GrabCar|GrabBike,3,Bandung,1
USR007687,Promising,2024-12-20,12,6,130000.0,1418,Member,GrabCar|GrabMart|GrabBike|GrabExpress,4,Bekasi,0
USR006031,Promising,2024-12-17,15,3,130000.0,1469,Member,GrabExpress,1,Bekasi,1
USR006090,Promising,2024-12-24,8,4,99000.0,992,Member,GrabMart|GrabCar|GrabBike,3,Bekasi,0
USR006238,Promising,2024-12-20,12,3,227000.0,2509,Silver,GrabMart|GrabCar,2,Jakarta,0
USR007350,Promising,2024-12-27,5,4,191000.0,2198,Member,GrabExpress|GrabFood,2,Jakarta,0
USR007830,Promising,2024-12-19,13,7,134000.0,1570,Member,GrabBike|GrabFood,2,Surabaya,0
USR000760,Champions,2024-12-23,9,25,1468000.0,13053,Gold,GrabMart|GrabBike|GrabCar,3,Bekasi,0
USR006254,Promising,2024-12-21,11,4,249000.0,2668,Silver,GrabMart,1,Bekasi,1
USR001906,Loyal,2024-12-11,21,8,337000.0,3212,Silver,GrabFood|GrabCar|GrabMart,3,Medan,0
USR003818,Loyal,2024-12-06,26,12,708000.0,8385,Gold,GrabCar,1,Jakarta,0
USR006269,Promising,2024-12-28,4,6,95000.0,917,Member,GrabCar|GrabMart,2,Bekasi,0
USR004300,At_Risk,2024-10-21,72,5,179000.0,2134,Member,GrabFood|GrabCar,2,Surabaya,0
USR005569,At_Risk,2024-11-03,59,4,306000.0,2656,Silver,GrabBike|GrabFood|GrabCar,3,Surabaya,1
USR007941,Promising,2024-12-23,9,3,117000.0,1003,Member,GrabExpress,1,Bandung,0
USR004164,At_Risk,2024-10-28,65,5,112000.0,938,Member,GrabMart|GrabBike|GrabFood|GrabCar,4,Jakarta,1
USR005971,At_Risk,2024-10-28,65,5,316000.0,3206,Silver,GrabMart,1,Bandung,1
USR003579,Loyal,2024-12-18,14,8,503000.0,5861,Silver,GrabMart|GrabExpress,2,Bekasi,0
USR002832,Loyal,2024-12-06,26,14,526000.0,5548,Silver,GrabMart,1,Surabaya,0
USR005449,At_Risk,2024-11-14,48,2,349000.0,2868,Silver,GrabMart|GrabExpress,2,Jakarta,1
USR003472,Loyal,2024-12-13,19,10,764000.0,8085,Gold,GrabCar|GrabExpress|GrabMart|GrabBike,4,Medan,0
USR006327,Promising,2024-12-16,16,7,217000.0,1797,Silver,GrabExpress,1,Jakarta,1
USR000137,Champions,2024-12-20,12,21,1068000.0,12736,Gold,GrabCar|GrabExpress|GrabMart|GrabFood,4,Surabaya,1
USR007043,Promising,2024-12-29,3,3,119000.0,1337,Member,GrabExpress|GrabMart,2,Jakarta,1
USR004892,At_Risk,2024-11-03,59,3,347000.0,2912,Silver,GrabBike,1,Bekasi,0
USR002180,Loyal,2024-12-13,19,8,767000.0,7912,Gold,GrabCar|GrabFood,2,Medan,0
USR007730,Promising,2024-12-21,11,3,148000.0,1625,Member,GrabBike|GrabFood|GrabMart,3,Jakarta,0
USR003177,Loyal,2024-12-07,25,12,733000.0,8622,Gold,GrabCar|GrabBike|GrabExpress|GrabFood,4,Bandung,0
USR004854,At_Risk,2024-11-02,60,5,285000.0,2478,Silver,GrabFood,1,Bekasi,1
USR004637,At_Risk,2024-11-02,60,3,195000.0,1605,Member,GrabBike,1,Surabaya,0
USR005115,At_Risk,2024-10-20,73,3,310000.0,3390,Silver,GrabMart,1,Surabaya,0
USR007648,Promising,2024-12-29,3,4,150000.0,1560,Member,GrabFood|GrabBike|GrabExpress|GrabMart,4,Bekasi,1
USR004261,At_Risk,2024-10-16,77,3,175000.0,1407,Member,GrabCar|GrabMart|GrabExpress|GrabBike,4,Jakarta,0
USR001331,Champions,2024-12-23,9,17,1093000.0,11530,Gold,GrabBike|GrabExpress|GrabMart|GrabCar,4,Jakarta,0
USR007002,Promising,2024-12-13,19,4,232000.0,2780,Silver,GrabMart|GrabBike|GrabExpress,3,Jakarta,0
USR006941,Promising,2024-12-20,12,3,238000.0,2079,Silver,GrabFood|GrabBike|GrabMart,3,Bekasi,1
USR008017,Hibernating,2024-09-17,106,0,8000.0,92,Member,GrabMart|GrabExpress,2,Surabaya,1
USR006241,Promising,2024-12-25,7,5,97000.0,924,Member,GrabFood|GrabBike,2,Jakarta,0
USR009987,Hibernating,2024-01-09,358,0,64000.0,570,Member,GrabCar,1,Medan,1
USR006881,Promising,2024-12-18,14,5,192000.0,1606,Member,GrabBike,1,Surabaya,1
USR004530,At_Risk,2024-11-12,50,3,170000.0,1731,Member,GrabFood|GrabExpress|GrabCar|GrabBike,4,Medan,1
USR004673,At_Risk,2024-11-07,55,4,324000.0,2799,Silver,GrabBike|GrabExpress|GrabMart,3,Jakarta,1
USR006996,Promising,2024-12-12,20,6,156000.0,1789,Member,GrabFood,1,Jakarta,0
USR001252,Champions,2024-12-27,5,21,994000.0,8846,Gold,GrabExpress|GrabCar,2,Jakarta,0
USR003374,Loyal,2024-12-09,23,12,399000.0,4450,Silver,GrabBike|GrabExpress,2,Jakarta,0
USR002814,Loyal,2024-12-24,8,8,659000.0,5940,Gold,GrabBike,1,Bandung,0
USR004719,At_Risk,2024-11-08,54,5,304000.0,3483,Silver,GrabFood,1,Medan,0
USR006544,Promising,2024-12-22,10,4,203000.0,2310,Silver,GrabCar|GrabExpress|GrabBike,3,Jakarta,0
USR004858,At_Risk,2024-11-15,47,2,115000.0,1101,Member,GrabMart|GrabCar|GrabBike,3,Bandung,0
USR007901,Promising,2024-12-23,9,4,116000.0,1117,Member,GrabBike|GrabExpress|GrabMart|GrabFood,4,Jakarta,0
USR008580,Hibernating,2024-08-27,127,0,77000.0,878,Member,GrabFood|GrabBike|GrabExpress,3,Jakarta,1
USR008427,Hibernating,2024-06-07,208,0,0.0,0,Member,GrabMart,1,Jakarta,1
USR001077,Champions,2024-12-20,12,15,1677000.0,16538,Platinum,GrabMart|GrabBike|GrabCar|GrabFood,4,Surabaya,0
USR004363,At_Risk,2024-10-06,87,5,142000.0,1241,Member,GrabFood,1,Jakarta,1
USR000770,Champions,2024-12-27,5,18,1976000.0,21455,Platinum,GrabBike|GrabExpress|GrabCar|GrabFood,4,Bandung,0
USR008865,Hibernating,2024-06-20,195,0,44000.0,405,Member,GrabBike,1,Jakarta,1
USR000249,Champions,2024-12-19,13,24,1942000.0,16638,Platinum,GrabCar,1,Medan,0
USR007239,Promising,2024-12-27,5,6,165000.0,1811,Member,GrabMart|GrabCar|GrabBike,3,Bandung,0
USR003419,Loyal,2024-12-14,18,11,457000.0,4090,Silver,GrabCar|GrabBike|GrabExpress,3,Jakarta,0
USR004976,At_Risk,2024-11-05,57,3,330000.0,3135,Silver,GrabCar,1,Jakarta,0
USR004544,At_Risk,2024-10-11,82,5,270000.0,3082,Silver,GrabBike,1,Jakarta,1
USR005565,At_Risk,2024-10-15,78,5,288000.0,2948,Silver,GrabExpress,1,Bandung,1
USR007939,Promising,2024-12-26,6,3,159000.0,1604,Member,GrabBike|GrabMart|GrabExpress|GrabCar,4,Jakarta,0
USR000716,Champions,2024-12-23,9,16,1028000.0,10641,Gold,GrabCar|GrabFood,2,Medan,0
USR009652,Hibernating,2024-04-03,273,0,19000.0,213,Member,GrabMart|GrabCar|GrabExpress,3,Jakarta,1
USR002048,Loyal,2024-12-16,16,8,391000.0,4128,Silver,GrabExpress,1,Jakarta,0
USR005997,At_Risk,2024-11-02,60,3,184000.0,1706,Member,GrabFood|GrabBike|GrabCar,3,Bekasi,0
USR006600,Promising,2024-12-23,9,5,147000.0,1673,Member,GrabBike|GrabExpress|GrabFood|GrabCar,4,Jakarta,1
USR007245,Promising,2024-12-14,18,7,134000.0,1160,Member,GrabCar|GrabExpress|GrabBike|GrabFood,4,Jakarta,0
USR004178,At_Risk,2024-11-13,49,4,135000.0,1205,Member,GrabExpress|GrabCar,2,Medan,0
USR004809,At_Risk,2024-10-24,69,2,197000.0,2147,Member,GrabFood|GrabMart|GrabBike|GrabExpress,4,Bandung,0
USR009482,Hibernating,2024-08-22,132,0,25000.0,220,Member,GrabBike|GrabMart|GrabCar,3,Bandung,1
USR007140,Promising,2024-12-16,16,3,139000.0,1180,Member,GrabFood|GrabMart,2,Bandung,0
USR007190,Promising,2024-12-23,9,7,240000.0,2621,Silver,GrabMart|GrabExpress|GrabCar|GrabBike,4,Jakarta,1
USR001460,Champions,2024-12-23,9,16,1683000.0,14919,Platinum,GrabBike|GrabMart|GrabCar|GrabExpress,4,Jakarta,0
USR005989,At_Risk,2024-11-13,49,3,300000.0,3559,Silver,GrabFood|GrabExpress,2,Jakarta,1
USR002000,Loyal,2024-12-25,7,10,515000.0,4777,Silver,GrabMart|GrabFood|GrabBike,3,Medan,0
USR008175,Hibernating,2024-04-26,250,0,52000.0,558,Member,GrabFood|GrabBike,2,Jakarta,1
USR000404,Champions,2024-12-20,12,24,2267000.0,22689,Platinum,GrabCar,1,Bandung,0
USR000384,Champions,2024-12-24,8,29,998000.0,10745,Gold,GrabFood|GrabExpress,2,Jakarta,0
USR009448,Hibernating,2024-06-15,200,0,28000.0,335,Member,GrabBike|GrabFood|GrabExpress|GrabMart,4,Bandung,1
USR009487,Hibernating,2024-08-28,126,0,79000.0,856,Member,GrabBike|GrabFood,2,Bekasi,1
USR001633,Loyal,2024-12-03,29,10,482000.0,5424,Silver,GrabMart,1,Bandung,0
USR009853,Hibernating,2024-07-08,177,0,34000.0,317,Member,GrabMart,1,Medan,1
USR004784,At_Risk,2024-10-15,78,4,261000.0,2731,Silver,GrabCar|GrabMart|GrabExpress,3,Surabaya,0
USR009456,Hibernating,2024-08-02,152,0,54000.0,533,Member,GrabCar,1,Surabaya,1
USR006970,Promising,2024-12-28,4,3,91000.0,885,Member,GrabExpress,1,Jakarta,0
USR003925,Loyal,2024-12-23,9,14,631000.0,6274,Gold,GrabCar|GrabFood|GrabMart|GrabExpress,4,Medan,0
USR004158,At_Risk,2024-11-05,57,5,212000.0,2363,Silver,GrabExpress,1,Bekasi,0
USR007449,Promising,2024-12-17,15,5,219000.0,2576,Silver,GrabCar,1,Jakarta,0
USR008415,Hibernating,2024-09-25,98,0,8000.0,82,Member,GrabFood,1,Jakarta,0
USR002193,Loyal,2024-12-21,11,8,504000.0,5254,Silver,GrabFood,1,Medan,0
USR001015,Champions,2024-12-28,4,21,2103000.0,24084,Platinum,GrabMart|GrabBike,2,Jakarta,1
USR005124,At_Risk,2024-10-18,75,5,193000.0,2080,Member,GrabFood,1,Jakarta,1
USR007418,Promising,2024-12-20,12,4,97000.0,1033,Member,GrabBike|GrabMart|GrabExpress|GrabFood,4,Surabaya,0
USR007409,Promising,2024-12-14,18,7,141000.0,1307,Member,GrabExpress,1,Surabaya,0
USR008989,Hibernating,2024-03-27,280,0,31000.0,321,Member,GrabCar|GrabFood,2,Bekasi,1
USR002871,Loyal,2024-12-16,16,14,793000.0,6350,Gold,GrabFood,1,Bekasi,1
USR000009,Champions,2024-12-25,7,26,1511000.0,15066,Platinum,GrabMart|GrabBike|GrabExpress,3,Jakarta,0
USR001838,Loyal,2024-12-21,11,10,760000.0,7207,Gold,GrabCar,1,Bandung,0
USR004804,At_Risk,2024-10-29,64,5,237000.0,2738,Silver,GrabFood|GrabBike,2,Jakarta,0
USR000255,Champions,2024-12-29,3,23,1598000.0,17233,Platinum,GrabCar|GrabFood,2,Surabaya,0
USR007026,Promising,2024-12-29,3,6,109000.0,939,Member,GrabMart,1,Bandung,0
USR005713,At_Risk,2024-10-15,78,4,218000.0,1818,Silver,GrabFood,1,Jakarta,1
USR003324,Loyal,2024-12-15,17,8,399000.0,3393,Silver,GrabExpress|GrabCar|GrabBike,3,Jakarta,0
USR007714,Promising,2024-12-27,5,5,247000.0,2135,Silver,GrabExpress|GrabFood|GrabCar,3,Surabaya,0
USR001581,Loyal,2024-12-24,8,12,530000.0,6281,Silver,GrabMart|GrabExpress,2,Jakarta,0
USR000924,Champions,2024-12-25,7,25,1866000.0,20914,Platinum,GrabCar|GrabExpress,2,Jakarta,0
USR002779,Loyal,2024-12-06,26,14,559000.0,4963,Silver,GrabMart|GrabBike,2,Bandung,0
USR007891,Promising,2024-12-28,4,7,172000.0,1941,Member,GrabFood,1,Jakarta,0
USR006132,Promising,2024-12-27,5,4,105000.0,1147,Member,GrabCar|GrabBike|GrabMart,3,Bandung,0
USR005320,At_Risk,2024-10-04,89,4,109000.0,1018,Member,GrabFood|GrabCar|GrabExpress,3,Surabaya,0
USR007312,Promising,2024-12-18,14,6,194000.0,2102,Member,GrabMart,1,Bekasi,0
USR007102,Promising,2024-12-17,15,3,89000.0,814,Member,GrabMart|GrabCar,2,Bandung,0
USR006042,Promising,2024-12-14,18,3,126000.0,1047,Member,GrabCar|GrabFood,2,Surabaya,0
USR003775,Loyal,2024-12-19,13,14,721000.0,5818,Gold,GrabBike|GrabMart,2,Jakarta,0
USR004835,At_Risk,2024-10-28,65,3,293000.0,2700,Silver,GrabCar,1,Jakarta,1
USR004964,At_Risk,2024-10-25,68,2,272000.0,2177,Silver,GrabExpress,1,Bekasi,0
USR000539,Champions,2024-12-31,1,26,2478000.0,21725,Platinum,GrabExpress|GrabCar,2,Bandung,0
USR007483,Promising,2024-12-20,12,3,233000.0,2284,Silver,GrabExpress|GrabMart|GrabCar,3,Jakarta,0
USR002745,Loyal,2024-12-06,26,14,654000.0,6428,Gold,GrabCar|GrabFood,2,Jakarta,0
USR003719,Loyal,2024-12-12,20,10,525000.0,4649,Silver,GrabFood|GrabCar|GrabExpress|GrabBike,4,Medan,0
USR006819,Promising,2024-12-17,15,6,108000.0,1031,Member,GrabFood|GrabMart,2,Medan,1
USR009337,Hibernating,2024-03-04,303,0,31000.0,321,Member,GrabExpress|GrabCar,2,Jakarta,1
USR004468,At_Risk,2024-10-19,74,3,167000.0,1760,Member,GrabFood,1,Bekasi,0
USR000667,Champions,2024-12-25,7,27,2464000.0,23975,Platinum,GrabFood|GrabCar|GrabExpress|GrabMart,4,Surabaya,0
USR007575,Promising,2024-12-27,5,3,206000.0,2401,Silver,GrabMart|GrabFood,2,Jakarta,0
USR008549,Hibernating,2024-04-10,266,0,61000.0,645,Member,GrabFood|GrabMart,2,Bekasi,1
USR005063,At_Risk,2024-10-17,76,3,306000.0,2894,Silver,GrabFood|GrabBike|GrabCar,3,Jakarta,0
USR001353,Champions,2024-12-26,6,17,1785000.0,19304,Platinum,GrabFood|GrabBike,2,Bekasi,0
USR007114,Promising,2024-12-29,3,6,141000.0,1660,Member,GrabExpress|GrabMart,2,Bekasi,0
USR009773,Hibernating,2024-01-20,347,0,6000.0,48,Member,GrabExpress,1,Surabaya,1
USR008662,Hibernating,2024-06-01,214,0,51000.0,433,Member,GrabFood|GrabBike,2,Jakarta,0
USR002703,Loyal,2024-12-21,11,14,704000.0,5708,Gold,GrabBike|GrabExpress|GrabFood,3,Jakarta,0
USR003330,Loyal,2024-12-22,10,12,623000.0,5629,Gold,GrabExpress|GrabFood,2,Surabaya,0
USR008053,Hibernating,2024-03-26,281,0,33000.0,342,Member,GrabFood|GrabBike,2,Jakarta,1
USR003584,Loyal,2024-12-16,16,12,570000.0,6308,Silver,GrabExpress|GrabCar,2,Jakarta,0
USR009441,Hibernating,2024-08-04,150,0,25000.0,224,Member,GrabFood|GrabExpress,2,Medan,1
USR005645,At_Risk,2024-11-12,50,5,213000.0,2499,Silver,GrabBike,1,Jakarta,0
USR003376,Loyal,2024-12-03,29,14,780000.0,6962,Gold,GrabExpress|GrabMart,2,Bandung,0
USR001256,Champions,2024-12-26,6,24,1079000.0,10370,Gold,GrabExpress|GrabCar|GrabBike,3,Bandung,0
USR006190,Promising,2024-12-17,15,7,125000.0,1075,Member,GrabExpress|GrabCar|GrabFood|GrabMart,4,Jakarta,0
USR005348,At_Risk,2024-11-11,51,4,244000.0,2325,Silver,GrabBike,1,Jakarta,0
USR004175,At_Risk,2024-11-17,45,3,185000.0,1622,Member,GrabCar,1,Surabaya,1
USR004910,At_Risk,2024-11-15,47,4,300000.0,3490,Silver,GrabFood|GrabCar|GrabBike,3,Bandung,1
USR001852,Loyal,2024-12-11,21,8,349000.0,3428,Silver,GrabMart|GrabBike,2,Medan,0
USR006316,Promising,2024-12-28,4,3,181000.0,1813,Member,GrabBike|GrabCar|GrabExpress,3,Bekasi,0
USR009854,Hibernating,2024-05-07,239,0,52000.0,471,Member,GrabFood|GrabMart,2,Jakarta,1
USR002105,Loyal,2024-12-23,9,10,738000.0,7442,Gold,GrabFood|GrabCar,2,Jakarta,0
USR000133,Champions,2024-12-27,5,25,1551000.0,16537,Platinum,GrabBike,1,Jakarta,0
USR005029,At_Risk,2024-10-26,67,2,286000.0,2962,Silver,GrabFood|GrabBike|GrabCar|GrabMart,4,Bekasi,1
USR000928,Champions,2024-12-29,3,17,1597000.0,18591,Platinum,GrabCar|GrabBike|GrabMart,3,Bandung,0
USR000823,Champions,2024-12-27,5,26,1645000.0,14113,Platinum,GrabBike,1,Jakarta,0
USR007576,Promising,2024-12-28,4,7,158000.0,1453,Member,GrabFood|GrabCar,2,Jakarta,0
USR001531,Loyal,2024-12-06,26,10,624000.0,7436,Gold,GrabMart,1,Jakarta,0
USR001214,Champions,2024-12-19,13,28,893000.0,9606,Gold,GrabMart|GrabBike,2,Jakarta,0
USR000504,Champions,2024-12-26,6,25,2128000.0,23759,Platinum,GrabMart,1,Bekasi,0
USR006530,Promising,2024-12-21,11,7,185000.0,1517,Member,GrabExpress,1,Jakarta,0
USR003072,Loyal,2024-12-19,13,10,739000.0,8597,Gold,GrabExpress|GrabFood,2,Jakarta,0
USR009086,Hibernating,2024-08-08,146,0,67000.0,554,Member,GrabMart,1,Surabaya,1
USR008647,Hibernating,2024-01-27,340,0,6000.0,57,Member,GrabCar|GrabMart|GrabFood,3,Surabaya,1
USR006619,Promising,2024-12-21,11,4,91000.0,947,Member,GrabExpress,1,Medan,1
USR009273,Hibernating,2024-08-08,146,0,78000.0,680,Member,GrabCar|GrabMart|GrabExpress|GrabBike,4,Jakarta,1
USR003709,Loyal,2024-12-18,14,14,441000.0,4636,Silver,GrabBike|GrabFood|GrabMart,3,Bekasi,1
USR004849,At_Risk,2024-10-13,80,5,269000.0,2731,Silver,GrabFood|GrabBike,2,Jakarta,0
USR004748,At_Risk,2024-10-31,62,4,301000.0,2456,Silver,GrabFood|GrabMart,2,Surabaya,1
USR004268,At_Risk,2024-11-17,45,5,282000.0,2843,Silver,GrabBike|GrabCar,2,Bekasi,1
USR009878,Hibernating,2024-06-04,211,0,48000.0,560,Member,GrabFood,1,Jakarta,1
USR008905,Hibernating,2024-09-07,116,0,70000.0,797,Member,GrabBike|GrabExpress,2,Jakarta,1
USR004186,At_Risk,2024-10-15,78,5,326000.0,2805,Silver,GrabCar,1,Medan,1
USR005301,At_Risk,2024-11-01,61,2,120000.0,1227,Member,GrabMart,1,Medan,1
USR002923,Loyal,2024-12-07,25,14,764000.0,7949,Gold,GrabMart,1,Surabaya,0
USR006588,Promising,2024-12-16,16,6,82000.0,668,Member,GrabCar|GrabBike,2,Jakarta,0
USR001810,Loyal,2024-12-07,25,10,599000.0,5915,Silver,GrabCar|GrabBike,2,Jakarta,0
USR003486,Loyal,2024-12-03,29,10,482000.0,4569,Silver,GrabCar,1,Jakarta,0
USR007419,Promising,2024-12-15,17,5,83000.0,984,Member,GrabCar|GrabFood|GrabBike|GrabMart,4,Bandung,1
USR003141,Loyal,2024-12-23,9,8,561000.0,4862,Silver,GrabBike|GrabExpress,2,Jakarta,0
USR009347,Hibernating,2024-07-23,162,0,18000.0,206,Member,GrabBike|GrabFood,2,Bandung,1
USR001324,Champions,2024-12-27,5,15,2115000.0,22487,Platinum,GrabCar|GrabMart,2,Jakarta,0
USR004312,At_Risk,2024-11-05,57,2,337000.0,4006,Silver,GrabExpress|GrabCar|GrabMart|GrabFood,4,Bekasi,0
USR007494,Promising,2024-12-20,12,3,113000.0,994,Member,GrabMart,1,Jakarta,0
USR008702,Hibernating,2024-05-25,221,0,17000.0,160,Member,GrabCar|GrabBike|GrabFood,3,Bekasi,0
USR008691,Hibernating,2024-04-22,254,0,40000.0,476,Member,GrabCar,1,Bandung,0
USR009503,Hibernating,2024-04-14,262,0,64000.0,572,Member,GrabExpress|GrabBike|GrabMart,3,Surabaya,0
USR005541,At_Risk,2024-11-14,48,4,334000.0,3654,Silver,GrabCar,1,Jakarta,0
USR006172,Promising,2024-12-25,7,7,245000.0,2451,Silver,GrabCar|GrabExpress,2,Bandung,0
USR001540,Loyal,2024-12-11,21,8,781000.0,9233,Gold,GrabFood|GrabCar|GrabExpress,3,Surabaya,0
USR009409,Hibernating,2024-03-06,301,0,70000.0,584,Member,GrabMart|GrabCar|GrabExpress,3,Bekasi,0
USR002681,Loyal,2024-12-07,25,8,747000.0,7446,Gold,GrabCar|GrabBike|GrabMart,3,Jakarta,0
USR009882,Hibernating,2024-02-18,318,0,34000.0,312,Member,GrabExpress,1,Surabaya,1
USR006313,Promising,2024-12-20,12,3,149000.0,1659,Member,GrabCar,1,Bandung,1
USR001191,Champions,2024-12-31,1,22,1807000.0,18582,Platinum,GrabExpress|GrabFood|GrabBike,3,Bekasi,0
USR005293,At_Risk,2024-10-24,69,4,188000.0,2129,Member,GrabMart|GrabExpress,2,Jakarta,1
USR001542,Loyal,2024-12-19,13,11,489000.0,4014,Silver,GrabExpress,1,Surabaya,0
USR007056,Promising,2024-12-15,17,6,106000.0,958,Member,GrabBike,1,Jakarta,0
USR002539,Loyal,2024-12-04,28,9,380000.0,3730,Silver,GrabCar,1,Bandung,0
USR000953,Champions,2024-12-21,11,22,1906000.0,16902,Platinum,GrabMart|GrabExpress|GrabCar|GrabBike,4,Medan,0
USR007241,Promising,2024-12-12,20,6,202000.0,1692,Silver,GrabFood,1,Jakarta,0
USR006731,Promising,2024-12-26,6,5,213000.0,2552,Silver,GrabExpress|GrabFood|GrabCar,3,Bandung,1
USR004846,At_Risk,2024-11-16,46,3,314000.0,3705,Silver,GrabExpress|GrabFood,2,Jakarta,1
USR006801,Promising,2024-12-14,18,7,163000.0,1348,Member,GrabCar|GrabExpress|GrabFood|GrabBike,4,Jakarta,0
USR008010,Hibernating,2024-07-19,166,0,40000.0,349,Member,GrabBike|GrabFood|GrabCar,3,Bekasi,1
USR004330,At_Risk,2024-11-03,59,5,188000.0,2134,Member,GrabMart,1,Jakarta,1
USR008924,Hibernating,2024-05-10,236,0,58000.0,599,Member,GrabBike|GrabExpress,2,Jakarta,1
USR005334,At_Risk,2024-10-19,74,5,171000.0,1796,Member,GrabFood,1,Jakarta,0
USR007330,Promising,2024-12-15,17,4,135000.0,1306,Member,GrabCar,1,Bekasi,0
USR009348,Hibernating,2024-09-21,102,0,8000.0,64,Member,GrabBike,1,Medan,1
USR004729,At_Risk,2024-10-18,75,4,106000.0,943,Member,GrabFood,1,Medan,0
USR006541,Promising,2024-12-21,11,7,106000.0,1220,Member,GrabCar|GrabExpress|GrabFood,3,Surabaya,0
USR005305,At_Risk,2024-11-10,52,4,226000.0,2333,Silver,GrabMart|GrabBike,2,Surabaya,0
USR005161,At_Risk,2024-10-31,62,3,167000.0,1726,Member,GrabMart,1,Bandung,1
USR007860,Promising,2024-12-12,20,4,224000.0,2341,Silver,GrabExpress|GrabCar|GrabFood,3,Bandung,0
USR002156,Loyal,2024-12-24,8,14,430000.0,5081,Silver,GrabFood,1,Bekasi,0
USR001062,Champions,2024-12-22,10,29,1371000.0,13178,Gold,GrabExpress|GrabCar|GrabMart,3,Jakarta,0
USR001167,Champions,2024-12-29,3,15,1873000.0,19230,Platinum,GrabBike,1,Jakarta,0
USR003636,Loyal,2024-12-10,22,14,677000.0,8116,Gold,GrabExpress,1,Jakarta,0
USR007651,Promising,2024-12-21,11,4,195000.0,1783,Member,GrabCar|GrabExpress,2,Jakarta,1
USR005588,At_Risk,2024-11-15,47,4,314000.0,3511,Silver,GrabBike|GrabCar|GrabMart|GrabFood,4,Bandung,1
USR007192,Promising,2024-12-23,9,6,240000.0,2802,Silver,GrabExpress,1,Surabaya,0
USR004491,At_Risk,2024-11-02,60,3,164000.0,1457,Member,GrabMart,1,Surabaya,1
USR007266,Promising,2024-12-18,14,4,122000.0,1319,Member,GrabExpress,1,Surabaya,0
USR004980,At_Risk,2024-10-23,70,5,309000.0,3558,Silver,GrabMart|GrabCar|GrabFood,3,Medan,1
USR008335,Hibernating,2024-01-21,346,0,27000.0,269,Member,GrabCar,1,Bandung,1
USR009952,Hibernating,2024-08-31,123,0,79000.0,754,Member,GrabFood,1,Medan,1
USR004946,At_Risk,2024-11-11,51,3,113000.0,1100,Member,GrabCar|GrabMart,2,Jakarta,1
USR002782,Loyal,2024-12-07,25,11,361000.0,4289,Silver,GrabExpress,1,Jakarta,1
USR000717,Champions,2024-12-21,11,20,965000.0,10822,Gold,GrabExpress|GrabMart|GrabFood,3,Jakarta,0
USR002502,Loyal,2024-12-22,10,13,394000.0,4226,Silver,GrabCar|GrabMart,2,Jakarta,0
USR004360,At_Risk,2024-10-05,88,4,128000.0,1186,Member,GrabFood,1,Jakarta,1
USR004171,At_Risk,2024-10-30,63,4,141000.0,1237,Member,GrabCar,1,Bekasi,0
USR008082,Hibernating,2024-02-18,318,0,69000.0,615,Member,GrabCar,1,Jakarta,1
USR009760,Hibernating,2024-08-02,152,0,42000.0,418,Member,GrabExpress,1,Surabaya,1
USR000395,Champions,2024-12-21,11,20,2264000.0,26153,Platinum,GrabCar|GrabFood|GrabExpress|GrabMart,4,Jakarta,0
USR007186,Promising,2024-12-20,12,6,167000.0,1916,Member,GrabExpress,1,Bandung,0
USR009822,Hibernating,2024-07-23,162,0,63000.0,664,Member,GrabBike|GrabFood|GrabMart,3,Bekasi,1
USR004492,At_Risk,2024-11-01,61,4,297000.0,3537,Silver,GrabMart,1,Jakarta,0
USR001365,Champions,2024-12-22,10,20,1931000.0,19095,Platinum,GrabBike|GrabCar|GrabMart,3,Bandung,0
USR009526,Hibernating,2024-07-06,179,0,15000.0,145,Member,GrabExpress|GrabMart,2,Bekasi,1
USR008787,Hibernating,2024-09-04,119,0,71000.0,625,Member,GrabCar|GrabMart|GrabExpress|GrabFood,4,Bekasi,1
USR005917,At_Risk,2024-10-29,64,2,228000.0,2169,Silver,GrabBike,1,Bandung,1
USR004968,At_Risk,2024-10-04,89,3,291000.0,2601,Silver,GrabExpress,1,Surabaya,1
USR002914,Loyal,2024-12-09,23,8,688000.0,5992,Gold,GrabBike,1,Medan,0
USR005644,At_Risk,2024-10-21,72,4,148000.0,1302,Member,GrabFood,1,Bekasi,0
USR003766,Loyal,2024-12-17,15,8,314000.0,3490,Silver,GrabMart,1,Bandung,0
USR003440,Loyal,2024-12-11,21,12,520000.0,5174,Silver,GrabExpress|GrabBike|GrabCar|GrabFood,4,Medan,1
USR007357,Promising,2024-12-16,16,7,162000.0,1796,Member,GrabExpress|GrabFood|GrabBike,3,Medan,0
USR006806,Promising,2024-12-28,4,4,100000.0,912,Member,GrabCar,1,Bekasi,1
USR002143,Loyal,2024-12-15,17,14,586000.0,6232,Silver,GrabMart,1,Jakarta,0
USR005104,At_Risk,2024-11-08,54,2,315000.0,2888,Silver,GrabExpress|GrabCar|GrabBike,3,Surabaya,1
USR005073,At_Risk,2024-11-07,55,5,315000.0,3043,Silver,GrabMart,1,Bekasi,0
USR001571,Loyal,2024-12-25,7,10,582000.0,6520,Silver,GrabBike,1,Bandung,0
USR004079,At_Risk,2024-10-17,76,5,124000.0,1164,Member,GrabCar|GrabMart|GrabBike,3,Jakarta,0
USR001122,Champions,2024-12-22,10,17,2239000.0,24981,Platinum,GrabBike|GrabCar|GrabMart,3,Medan,0
USR002786,Loyal,2024-12-14,18,9,378000.0,4140,Silver,GrabBike,1,Jakarta,0
USR002967,Loyal,2024-12-20,12,9,598000.0,4801,Silver,GrabBike|GrabFood,2,Jakarta,0
USR002504,Loyal,2024-12-18,14,12,545000.0,5789,Silver,GrabMart,1,Surabaya,0
USR005988,At_Risk,2024-10-09,84,2,318000.0,3432,Silver,GrabExpress|GrabBike,2,Jakarta,0
USR008867,Hibernating,2024-03-29,278,0,52000.0,453,Member,GrabCar,1,Bandung,1
USR007164,Promising,2024-12-17,15,6,238000.0,1970,Silver,GrabFood,1,Jakarta,0
USR000728,Champions,2024-12-28,4,29,2151000.0,23460,Platinum,GrabMart|GrabFood|GrabExpress,3,Jakarta,0
USR007587,Promising,2024-12-15,17,3,119000.0,1138,Member,GrabFood|GrabCar,2,Jakarta,0
USR007543,Promising,2024-12-20,12,5,118000.0,1290,Member,GrabMart|GrabFood,2,Jakarta,1
USR000412,Champions,2024-12-27,5,25,862000.0,7839,Gold,GrabMart,1,Bandung,0
USR005745,At_Risk,2024-11-08,54,5,200000.0,2288,Member,GrabExpress|GrabMart|GrabCar,3,Jakarta,1
USR007668,Promising,2024-12-26,6,5,227000.0,2636,Silver,GrabExpress|GrabBike,2,Bandung,0
USR000825,Champions,2024-12-20,12,26,1180000.0,10838,Gold,GrabFood|GrabExpress|GrabMart,3,Jakarta,0
USR003267,Loyal,2024-12-10,22,12,702000.0,7958,Gold,GrabExpress|GrabCar,2,Jakarta,0
USR003974,Loyal,2024-12-16,16,9,630000.0,6157,Gold,GrabFood|GrabCar,2,Bekasi,0
USR008808,Hibernating,2024-05-28,218,0,23000.0,216,Member,GrabCar|GrabMart,2,Jakarta,1
USR008306,Hibernating,2024-07-02,183,0,6000.0,59,Member,GrabCar|GrabExpress|GrabMart,3,Jakarta,1
USR000417,Champions,2024-12-21,11,22,1649000.0,13623,Platinum,GrabBike,1,Jakarta,0
USR006748,Promising,2024-12-14,18,3,227000.0,2270,Silver,GrabMart,1,Jakarta,0
USR008967,Hibernating,2024-03-25,282,0,79000.0,920,Member,GrabFood|GrabMart,2,Surabaya,1
USR002082,Loyal,2024-12-11,21,11,749000.0,8871,Gold,GrabExpress|GrabCar,2,Medan,0
USR008945,Hibernating,2024-07-16,169,0,15000.0,131,Member,GrabFood|GrabExpress|GrabBike,3,Jakarta,0
USR003373,Loyal,2024-12-16,16,13,422000.0,5009,Silver,GrabCar|GrabExpress|GrabFood,3,Bandung,0
USR005726,At_Risk,2024-10-25,68,3,137000.0,1400,Member,GrabMart|GrabBike,2,Bandung,1
USR004107,At_Risk,2024-10-05,88,4,219000.0,1804,Silver,GrabExpress|GrabFood|GrabCar,3,Jakarta,1
USR004380,At_Risk,2024-11-14,48,3,203000.0,2019,Silver,GrabMart,1,Jakarta,1
USR007723,Promising,2024-12-16,16,4,186000.0,1685,Member,GrabExpress|GrabBike|GrabCar|GrabFood,4,Jakarta,0
USR001066,Champions,2024-12-24,8,22,1972000.0,21879,Platinum,GrabMart,1,Jakarta,0
USR003913,Loyal,2024-12-09,23,12,315000.0,2706,Silver,GrabFood,1,Jakarta,0
USR005536,At_Risk,2024-10-17,76,5,154000.0,1473,Member,GrabFood,1,Surabaya,0
USR008002,Hibernating,2024-03-08,299,0,36000.0,420,Member,GrabBike,1,Jakarta,1
USR005387,At_Risk,2024-11-03,59,3,221000.0,2283,Silver,GrabBike,1,Medan,0
USR005732,At_Risk,2024-11-17,45,3,129000.0,1334,Member,GrabMart|GrabExpress|GrabFood,3,Bandung,1
USR002738,Loyal,2024-12-19,13,11,467000.0,5193,Silver,GrabCar,1,Surabaya,0
USR005052,At_Risk,2024-11-02,60,2,336000.0,3340,Silver,GrabBike|GrabMart|GrabExpress,3,Bekasi,0
USR004000,At_Risk,2024-10-31,62,4,325000.0,3700,Silver,GrabFood|GrabExpress,2,Jakarta,0
USR002427,Loyal,2024-12-20,12,14,644000.0,5311,Gold,GrabCar,1,Medan,0
USR006833,Promising,2024-12-12,20,5,112000.0,1240,Member,GrabMart,1,Bandung,0
USR001687,Loyal,2024-12-09,23,9,393000.0,3723,Silver,GrabBike,1,Jakarta,0
USR000851,Champions,2024-12-20,12,15,2398000.0,19355,Platinum,GrabMart|GrabExpress,2,Bekasi,0
USR006303,Promising,2024-12-16,16,7,243000.0,2031,Silver,GrabBike,1,Medan,0
USR009087,Hibernating,2024-08-05,149,0,75000.0,702,Member,GrabFood|GrabExpress|GrabBike|GrabCar,4,Surabaya,0
USR005878,At_Risk,2024-10-04,89,4,203000.0,1974,Silver,GrabMart,1,Jakarta,0
USR008527,Hibernating,2024-07-01,184,0,22000.0,230,Member,GrabExpress|GrabFood|GrabMart,3,Jakarta,1
USR002839,Loyal,2024-12-17,15,13,745000.0,8345,Gold,GrabCar|GrabMart,2,Jakarta,0
USR004611,At_Risk,2024-10-21,72,3,277000.0,2438,Silver,GrabExpress|GrabMart|GrabCar,3,Medan,1
USR009540,Hibernating,2024-07-14,171,0,59000.0,528,Member,GrabCar|GrabFood|GrabMart,3,Bandung,1
USR009207,Hibernating,2024-03-21,286,0,72000.0,704,Member,GrabFood|GrabBike|GrabMart|GrabCar,4,Bekasi,1
USR002489,Loyal,2024-12-24,8,11,456000.0,4238,Silver,GrabBike|GrabCar,2,Bekasi,0
USR006905,Promising,2024-12-21,11,5,98000.0,836,Member,GrabMart,1,Bekasi,1
USR007390,Promising,2024-12-26,6,7,202000.0,2002,Silver,GrabBike|GrabFood|GrabCar,3,Surabaya,0
USR002849,Loyal,2024-12-04,28,10,713000.0,7783,Gold,GrabFood|GrabBike|GrabCar|GrabMart,4,Jakarta,0
USR006665,Promising,2024-12-19,13,4,107000.0,900,Member,GrabMart|GrabExpress|GrabCar,3,Bekasi,0
USR005881,At_Risk,2024-10-04,89,4,248000.0,2256,Silver,GrabCar,1,Jakarta,1
USR004452,At_Risk,2024-11-17,45,2,171000.0,1810,Member,GrabFood,1,Jakarta,1
USR007421,Promising,2024-12-20,12,7,174000.0,1874,Member,GrabBike,1,Bandung,0
USR006484,Promising,2024-12-25,7,5,211000.0,1748,Silver,GrabFood|GrabExpress|GrabCar|GrabMart,4,Jakarta,0
USR002479,Loyal,2024-12-07,25,9,495000.0,4471,Silver,GrabBike|GrabCar|GrabFood|GrabExpress,4,Medan,0
USR006617,Promising,2024-12-26,6,7,215000.0,2097,Silver,GrabExpress|GrabBike|GrabFood|GrabMart,4,Medan,1
USR002141,Loyal,2024-12-06,26,13,502000.0,5350,Silver,GrabCar,1,Surabaya,0
USR005188,At_Risk,2024-10-26,67,3,159000.0,1753,Member,GrabBike|GrabFood,2,Surabaya,1
USR009704,Hibernating,2024-07-08,177,0,42000.0,466,Member,GrabFood,1,Bandung,1
USR002744,Loyal,2024-12-11,21,9,499000.0,4411,Silver,GrabExpress|GrabCar,2,Bandung,0
USR007253,Promising,2024-12-18,14,3,169000.0,1544,Member,GrabBike|GrabFood,2,Jakarta,0
USR003506,Loyal,2024-12-14,18,13,408000.0,3991,Silver,GrabExpress|GrabMart,2,Bandung,0
USR001679,Loyal,2024-12-19,13,12,505000.0,4669,Silver,GrabCar,1,Bandung,0
USR004249,At_Risk,2024-10-27,66,4,325000.0,3598,Silver,GrabExpress,1,Bandung,0
USR003147,Loyal,2024-12-20,12,12,713000.0,6430,Gold,GrabBike,1,Bekasi,1
USR008130,Hibernating,2024-06-15,200,0,0.0,0,Member,GrabMart|GrabCar|GrabExpress,3,Medan,1
USR007004,Promising,2024-12-25,7,4,184000.0,1834,Member,GrabMart|GrabCar,2,Jakarta,0
USR000580,Champions,2024-12-19,13,26,2155000.0,18495,Platinum,GrabMart|GrabCar|GrabExpress|GrabBike,4,Medan,0
USR004070,At_Risk,2024-11-13,49,2,317000.0,3515,Silver,GrabFood|GrabCar,2,Jakarta,0
USR003343,Loyal,2024-12-21,11,11,489000.0,5326,Silver,GrabExpress|GrabCar|GrabBike,3,Jakarta,0
USR007404,Promising,2024-12-16,16,7,248000.0,2120,Silver,GrabFood,1,Jakarta,0
USR003672,Loyal,2024-12-13,19,10,505000.0,4594,Silver,GrabMart|GrabBike|GrabFood,3,Surabaya,0
USR000559,Champions,2024-12-27,5,18,2346000.0,21780,Platinum,GrabExpress|GrabFood|GrabBike|GrabCar,4,Jakarta,0
USR005237,At_Risk,2024-10-22,71,5,178000.0,1599,Member,GrabFood,1,Surabaya,0
USR007805,Promising,2024-12-16,16,5,96000.0,940,Member,GrabExpress|GrabMart,2,Jakarta,1
USR000512,Champions,2024-12-31,1,28,1618000.0,18114,Platinum,GrabCar|GrabBike|GrabExpress,3,Jakarta,0
USR001081,Champions,2024-12-31,1,17,1245000.0,12340,Gold,GrabBike|GrabExpress|GrabFood|GrabMart,4,Surabaya,0
USR001664,Loyal,2024-12-19,13,11,418000.0,4854,Silver,GrabBike|GrabMart|GrabCar|GrabExpress,4,Surabaya,0
USR009204,Hibernating,2024-02-11,325,0,46000.0,541,Member,GrabCar|GrabMart,2,Surabaya,1
USR001931,Loyal,2024-12-24,8,9,648000.0,7767,Gold,GrabExpress|GrabBike,2,Jakarta,0
USR009666,Hibernating,2024-05-17,229,0,27000.0,285,Member,GrabBike|GrabCar,2,Jakarta,1
USR001150,Champions,2024-12-31,1,29,1017000.0,10817,Gold,GrabBike|GrabCar|GrabFood,3,Jakarta,0
USR002838,Loyal,2024-12-18,14,13,773000.0,8083,Gold,GrabFood,1,Medan,0
USR005949,At_Risk,2024-10-17,76,4,151000.0,1671,Member,GrabFood|GrabBike,2,Bandung,1
USR008308,Hibernating,2024-06-27,188,0,48000.0,399,Member,GrabCar|GrabExpress|GrabFood|GrabMart,4,Jakarta,1
USR008932,Hibernating,2024-08-30,124,0,79000.0,945,Member,GrabCar,1,Bandung,1
USR009788,Hibernating,2024-03-06,301,0,30000.0,248,Member,GrabMart|GrabFood|GrabBike|GrabCar,4,Surabaya,1
USR005177,At_Risk,2024-10-26,67,4,296000.0,3257,Silver,GrabMart|GrabExpress,2,Jakarta,1
USR000830,Champions,2024-12-29,3,25,995000.0,10851,Gold,GrabMart|GrabCar|GrabExpress,3,Surabaya,0
USR008311,Hibernating,2024-01-12,355,0,12000.0,98,Member,GrabExpress|GrabFood|GrabCar,3,Jakarta,0
USR004752,At_Risk,2024-10-26,67,5,273000.0,2411,Silver,GrabFood,1,Jakarta,0
USR009850,Hibernating,2024-08-26,128,0,36000.0,297,Member,GrabCar,1,Bekasi,1
USR000635,Champions,2024-12-23,9,16,2370000.0,20480,Platinum,GrabExpress|GrabBike|GrabCar,3,Bekasi,0
USR004465,At_Risk,2024-10-11,82,2,244000.0,2625,Silver,GrabMart|GrabBike|GrabCar|GrabFood,4,Jakarta,0
USR006799,Promising,2024-12-15,17,5,80000.0,767,Member,GrabExpress,1,Jakarta,0
USR007987,Promising,2024-12-13,19,7,194000.0,1935,Member,GrabCar|GrabExpress,2,Surabaya,0
USR007079,Promising,2024-12-19,13,7,134000.0,1487,Member,GrabMart|GrabFood,2,Jakarta,0
USR006966,Promising,2024-12-17,15,4,124000.0,1050,Member,GrabFood,1,Bandung,0
USR004142,At_Risk,2024-10-24,69,3,200000.0,1884,Member,GrabFood,1,Jakarta,0
USR007027,Promising,2024-12-27,5,4,149000.0,1722,Member,GrabBike|GrabMart,2,Bandung,0
USR009183,Hibernating,2024-10-02,91,0,45000.0,499,Member,GrabExpress,1,Jakarta,0
USR000876,Champions,2024-12-23,9,29,2031000.0,19449,Platinum,GrabExpress|GrabFood|GrabCar,3,Surabaya,0
USR004869,At_Risk,2024-10-20,73,2,163000.0,1382,Member,GrabCar|GrabBike,2,Surabaya,1
USR005315,At_Risk,2024-10-19,74,5,229000.0,2512,Silver,GrabCar|GrabBike,2,Jakarta,1
USR005222,At_Risk,2024-11-04,58,5,281000.0,3243,Silver,GrabExpress|GrabMart|GrabCar|GrabBike,4,Jakarta,0
USR000004,Champions,2024-12-31,1,18,2231000.0,18665,Platinum,GrabBike,1,Jakarta,0
USR003051,Loyal,2024-12-12,20,12,793000.0,6382,Gold,GrabBike|GrabMart,2,Surabaya,1
USR005691,At_Risk,2024-11-16,46,5,343000.0,2875,Silver,GrabExpress,1,Jakarta,0
USR003124,Loyal,2024-12-14,18,8,354000.0,3867,Silver,GrabCar,1,Bandung,0
USR002491,Loyal,2024-12-17,15,12,690000.0,6928,Gold,GrabMart,1,Surabaya,0
USR003854,Loyal,2024-12-16,16,8,435000.0,3497,Silver,GrabCar|GrabFood,2,Bekasi,0
USR004777,At_Risk,2024-10-15,78,2,157000.0,1525,Member,GrabFood,1,Surabaya,1
USR007509,Promising,2024-12-23,9,3,148000.0,1413,Member,GrabFood|GrabBike|GrabCar,3,Jakarta,1
USR006457,Promising,2024-12-21,11,7,110000.0,1229,Member,GrabCar|GrabBike|GrabExpress,3,Jakarta,0
USR006293,Promising,2024-12-13,19,6,175000.0,1702,Member,GrabBike,1,Bandung,1
USR001148,Champions,2024-12-23,9,16,1164000.0,9755,Gold,GrabBike|GrabCar|GrabFood,3,Jakarta,0
USR000574,Champions,2024-12-30,2,29,1704000.0,20093,Platinum,GrabFood|GrabMart,2,Jakarta,0
USR003769,Loyal,2024-12-25,7,10,509000.0,4411,Silver,GrabCar|GrabMart,2,Surabaya,1
USR004146,At_Risk,2024-11-12,50,2,231000.0,2005,Silver,GrabMart|GrabFood|GrabExpress,3,Medan,1
USR000853,Champions,2024-12-29,3,21,1599000.0,19090,Platinum,GrabCar|GrabExpress|GrabFood,3,Bandung,0
USR005919,At_Risk,2024-11-04,58,4,109000.0,1275,Member,GrabFood|GrabCar,2,Jakarta,1
USR009358,Hibernating,2024-02-10,326,0,8000.0,69,Member,GrabFood|GrabCar,2,Jakarta,1
USR006614,Promising,2024-12-19,13,4,151000.0,1220,Member,GrabBike|GrabFood|GrabMart|GrabExpress,4,Bandung,0
USR006002,Promising,2024-12-16,16,6,161000.0,1404,Member,GrabBike,1,Jakarta,1
USR009163,Hibernating,2024-03-12,295,0,57000.0,548,Member,GrabMart|GrabExpress,2,Bekasi,0
USR004495,At_Risk,2024-10-26,67,2,305000.0,2995,Silver,GrabExpress|GrabFood,2,Bekasi,1
USR008173,Hibernating,2024-05-30,216,0,37000.0,300,Member,GrabMart|GrabFood,2,Surabaya,0
USR006655,Promising,2024-12-17,15,4,201000.0,1646,Silver,GrabExpress|GrabCar|GrabBike|GrabFood,4,Surabaya,1
USR002368,Loyal,2024-12-15,17,8,549000.0,4883,Silver,GrabFood|GrabBike,2,Bandung,0
USR004780,At_Risk,2024-11-02,60,4,342000.0,4100,Silver,GrabBike|GrabExpress,2,Jakarta,0
USR007992,Promising,2024-12-21,11,7,217000.0,2051,Silver,GrabMart,1,Jakarta,0
USR002950,Loyal,2024-12-15,17,11,515000.0,5698,Silver,GrabFood,1,Bekasi,0
USR005625,At_Risk,2024-10-12,81,2,338000.0,3940,Silver,GrabCar|GrabExpress,2,Surabaya,0
USR006971,Promising,2024-12-28,4,3,86000.0,790,Member,GrabCar,1,Jakarta,0
USR008716,Hibernating,2024-06-02,213,0,60000.0,639,Member,GrabFood|GrabMart|GrabBike,3,Surabaya,1
USR001841,Loyal,2024-12-07,25,13,670000.0,5971,Gold,GrabFood|GrabBike,2,Jakarta,0
USR005986,At_Risk,2024-10-19,74,3,283000.0,3279,Silver,GrabExpress,1,Jakarta,0
USR000537,Champions,2024-12-25,7,27,1842000.0,15125,Platinum,GrabExpress|GrabCar,2,Bekasi,0
USR002806,Loyal,2024-12-12,20,11,376000.0,3341,Silver,GrabBike|GrabExpress|GrabCar,3,Bandung,0
USR005801,At_Risk,2024-10-11,82,3,183000.0,1522,Member,GrabCar|GrabFood,2,Bekasi,0
USR005596,At_Risk,2024-10-10,83,5,225000.0,2134,Silver,GrabBike|GrabCar|GrabMart,3,Jakarta,0
USR007206,Promising,2024-12-21,11,4,191000.0,1988,Member,GrabBike|GrabCar|GrabMart,3,Jakarta,1
USR007343,Promising,2024-12-25,7,5,194000.0,1981,Member,GrabMart|GrabExpress,2,Medan,0
USR007560,Promising,2024-12-13,19,7,142000.0,1531,Member,GrabBike|GrabMart|GrabExpress,3,Bekasi,0
USR008096,Hibernating,2024-02-18,318,0,35000.0,334,Member,GrabExpress,1,Jakarta,0
USR000784,Champions,2024-12-22,10,19,1818000.0,20563,Platinum,GrabMart|GrabCar,2,Surabaya,0
USR001409,Champions,2024-12-24,8,27,1833000.0,21771,Platinum,GrabFood|GrabCar,2,Bandung,0
USR000154,Champions,2024-12-31,1,25,1949000.0,21906,Platinum,GrabFood|GrabMart|GrabExpress,3,Bandung,0
USR007806,Promising,2024-12-13,19,5,104000.0,886,Member,GrabBike,1,Bandung,0
USR003009,Loyal,2024-12-17,15,12,322000.0,3705,Silver,GrabExpress,1,Jakarta,0
USR001686,Loyal,2024-12-13,19,12,392000.0,3671,Silver,GrabBike,1,Bekasi,0
USR004014,At_Risk,2024-10-23,70,4,299000.0,2650,Silver,GrabExpress,1,Surabaya,1
USR007455,Promising,2024-12-14,18,3,136000.0,1160,Member,GrabMart,1,Bandung,1
USR003863,Loyal,2024-12-20,12,8,708000.0,6733,Gold,GrabCar|GrabFood|GrabBike|GrabMart,4,Jakarta,0
USR002733,Loyal,2024-12-16,16,9,707000.0,7036,Gold,GrabBike,1,Bekasi,0
USR001895,Loyal,2024-12-17,15,10,562000.0,6375,Silver,GrabFood|GrabCar,2,Bekasi,0
USR005442,At_Risk,2024-10-28,65,2,272000.0,2469,Silver,GrabFood|GrabBike,2,Bandung,0
USR000569,Champions,2024-12-19,13,20,2434000.0,25330,Platinum,GrabBike|GrabCar|GrabMart,3,Jakarta,0
USR006709,Promising,2024-12-14,18,3,102000.0,1068,Member,GrabExpress,1,Surabaya,0
USR005854,At_Risk,2024-10-08,85,2,195000.0,1746,Member,GrabBike|GrabFood,2,Jakarta,1
USR001816,Loyal,2024-12-14,18,13,759000.0,8041,Gold,GrabExpress|GrabFood|GrabBike,3,Jakarta,0
USR008319,Hibernating,2024-09-08,115,0,45000.0,370,Member,GrabExpress|GrabBike|GrabFood,3,Jakarta,1
USR003394,Loyal,2024-12-14,18,10,459000.0,4126,Silver,GrabExpress|GrabCar,2,Jakarta,0
USR003327,Loyal,2024-12-14,18,8,452000.0,5157,Silver,GrabCar|GrabFood|GrabMart,3,Jakarta,1
USR009982,Hibernating,2024-05-27,219,0,58000.0,536,Member,GrabExpress,1,Surabaya,1
USR006102,Promising,2024-12-15,17,4,167000.0,1385,Member,GrabFood|GrabExpress,2,Medan,0
USR002975,Loyal,2024-12-25,7,13,530000.0,5001,Silver,GrabMart|GrabBike|GrabCar,3,Jakarta,0
USR000980,Champions,2024-12-25,7,28,1240000.0,12521,Gold,GrabCar|GrabBike|GrabFood|GrabExpress,4,Surabaya,0
USR000190,Champions,2024-12-22,10,29,2171000.0,22574,Platinum,GrabCar|GrabFood|GrabBike,3,Jakarta,0
USR009331,Hibernating,2024-05-26,220,0,10000.0,119,Member,GrabCar|GrabBike,2,Jakarta,1
USR005088,At_Risk,2024-10-10,83,4,202000.0,2226,Silver,GrabCar,1,Bandung,0
USR000699,Champions,2024-12-28,4,20,2445000.0,24651,Platinum,GrabExpress|GrabBike,2,Surabaya,0
USR009759,Hibernating,2024-07-04,181,0,48000.0,494,Member,GrabCar|GrabFood,2,Jakarta,1
USR000606,Champions,2024-12-30,2,19,1148000.0,9372,Gold,GrabCar|GrabFood|GrabBike|GrabExpress,4,Medan,0
USR000301,Champions,2024-12-20,12,26,908000.0,9844,Gold,GrabMart|GrabFood|GrabBike,3,Bandung,0
USR003420,Loyal,2024-12-09,23,12,407000.0,3977,Silver,GrabMart|GrabBike,2,Jakarta,1
USR009804,Hibernating,2024-02-26,310,0,26000.0,239,Member,GrabBike|GrabCar,2,Medan,1
USR001060,Champions,2024-12-31,1,29,2111000.0,19609,Platinum,GrabBike|GrabFood|GrabCar,3,Surabaya,0
USR003444,Loyal,2024-12-14,18,14,619000.0,5816,Gold,GrabFood|GrabBike|GrabMart,3,Medan,0
USR001069,Champions,2024-12-19,13,23,1918000.0,21974,Platinum,GrabMart|GrabCar,2,Bekasi,0
USR002205,Loyal,2024-12-22,10,9,744000.0,6605,Gold,GrabCar,1,Medan,0
USR009435,Hibernating,2024-08-05,149,0,26000.0,251,Member,GrabFood,1,Jakarta,0
USR007339,Promising,2024-12-16,16,4,162000.0,1699,Member,GrabCar|GrabMart|GrabFood,3,Medan,1
USR008208,Hibernating,2024-04-05,271,0,11000.0,127,Member,GrabBike,1,Bandung,1
USR007679,Promising,2024-12-13,19,7,177000.0,1833,Member,GrabMart,1,Jakarta,0
USR004642,At_Risk,2024-10-05,88,2,288000.0,2960,Silver,GrabBike|GrabCar|GrabExpress,3,Jakarta,0
USR007683,Promising,2024-12-13,19,5,237000.0,2108,Silver,GrabBike|GrabExpress|GrabMart,3,Jakarta,0
USR009007,Hibernating,2024-04-18,258,0,48000.0,426,Member,GrabBike|GrabMart,2,Jakarta,1
USR007996,Promising,2024-12-22,10,4,156000.0,1388,Member,GrabExpress,1,Bekasi,0
USR005600,At_Risk,2024-11-03,59,2,189000.0,1732,Member,GrabMart|GrabExpress|GrabBike,3,Jakarta,0
USR009151,Hibernating,2024-01-20,347,0,7000.0,78,Member,GrabFood,1,Jakarta,1
USR007022,Promising,2024-12-27,5,7,161000.0,1369,Member,GrabBike|GrabFood,2,Bekasi,0
USR004893,At_Risk,2024-11-10,52,4,185000.0,1515,Member,GrabExpress,1,Jakarta,1
USR000225,Champions,2024-12-20,12,19,1493000.0,13297,Gold,GrabCar,1,Jakarta,0
USR003354,Loyal,2024-12-06,26,8,486000.0,5002,Silver,GrabBike|GrabMart,2,Jakarta,0
USR005895,At_Risk,2024-10-14,79,5,265000.0,3088,Silver,GrabExpress,1,Jakarta,1
USR008754,Hibernating,2024-05-04,242,0,37000.0,342,Member,GrabFood,1,Bandung,1
USR003436,Loyal,2024-12-14,18,9,799000.0,8478,Gold,GrabBike|GrabCar,2,Bekasi,0
USR001693,Loyal,2024-12-20,12,9,386000.0,3350,Silver,GrabBike|GrabCar,2,Medan,1
USR006893,Promising,2024-12-29,3,7,240000.0,2806,Silver,GrabMart|GrabBike|GrabExpress,3,Bekasi,1
USR001045,Champions,2024-12-25,7,25,2295000.0,25704,Platinum,GrabCar|GrabBike|GrabMart|GrabFood,4,Jakarta,0
USR003446,Loyal,2024-12-11,21,13,698000.0,5981,Gold,GrabExpress,1,Bandung,0
USR008050,Hibernating,2024-07-04,181,0,24000.0,246,Member,GrabFood|GrabExpress|GrabCar|GrabBike,4,Jakarta,1
USR009146,Hibernating,2024-03-21,286,0,28000.0,288,Member,GrabExpress,1,Surabaya,1
USR009981,Hibernating,2024-02-11,325,0,6000.0,62,Member,GrabCar,1,Jakarta,1
USR004735,At_Risk,2024-10-24,69,4,168000.0,1450,Member,GrabExpress,1,Jakarta,1
USR004496,At_Risk,2024-10-04,89,4,223000.0,1837,Silver,GrabExpress,1,Jakarta,0
USR001218,Champions,2024-12-29,3,17,902000.0,9480,Gold,GrabCar|GrabExpress|GrabMart,3,Jakarta,0
USR006015,Promising,2024-12-17,15,4,204000.0,2177,Silver,GrabBike|GrabCar|GrabFood,3,Bandung,0
USR009719,Hibernating,2024-05-17,229,0,13000.0,133,Member,GrabCar|GrabBike|GrabFood,3,Medan,1
USR003987,Loyal,2024-12-03,29,8,757000.0,7002,Gold,GrabExpress|GrabCar|GrabMart,3,Jakarta,0
USR004911,At_Risk,2024-10-10,83,4,143000.0,1581,Member,GrabMart,1,Jakarta,0
USR009492,Hibernating,2024-01-13,354,0,7000.0,63,Member,GrabMart|GrabBike|GrabFood,3,Jakarta,0
USR004493,At_Risk,2024-11-10,52,2,223000.0,1887,Silver,GrabExpress,1,Jakarta,1
USR006944,Promising,2024-12-21,11,3,140000.0,1552,Member,GrabMart|GrabFood,2,Surabaya,1
USR005699,At_Risk,2024-11-08,54,4,166000.0,1786,Member,GrabBike,1,Bekasi,1
USR008352,Hibernating,2024-04-06,270,0,30000.0,266,Member,GrabExpress|GrabFood|GrabMart,3,Bandung,1
USR000956,Champions,2024-12-23,9,26,1562000.0,13114,Platinum,GrabCar|GrabMart,2,Jakarta,0
USR002869,Loyal,2024-12-25,7,12,673000.0,5501,Gold,GrabBike,1,Bandung,0
USR004433,At_Risk,2024-11-03,59,3,104000.0,1085,Member,GrabBike|GrabMart,2,Jakarta,0
USR004973,At_Risk,2024-10-27,66,4,229000.0,2114,Silver,GrabMart,1,Jakarta,1
USR002961,Loyal,2024-12-11,21,13,790000.0,7893,Gold,GrabBike|GrabFood|GrabExpress,3,Bandung,1
USR002200,Loyal,2024-12-10,22,10,766000.0,6862,Gold,GrabMart|GrabBike|GrabExpress|GrabFood,4,Jakarta,0
USR000098,Champions,2024-12-26,6,24,1846000.0,21631,Platinum,GrabCar|GrabFood|GrabMart,3,Surabaya,0
USR009849,Hibernating,2024-05-30,216,0,65000.0,581,Member,GrabFood,1,Bandung,1
USR002557,Loyal,2024-12-06,26,13,614000.0,7336,Gold,GrabExpress|GrabCar|GrabMart,3,Jakarta,0
USR008445,Hibernating,2024-09-29,94,0,71000.0,779,Member,GrabFood|GrabMart,2,Jakarta,1
USR004199,At_Risk,2024-11-11,51,5,310000.0,3221,Silver,GrabMart|GrabCar,2,Bandung,0
USR009637,Hibernating,2024-06-01,214,0,5000.0,49,Member,GrabMart,1,Jakarta,1
USR005539,At_Risk,2024-10-08,85,2,222000.0,2274,Silver,GrabExpress,1,Jakarta,0
USR001648,Loyal,2024-12-23,9,13,589000.0,4735,Silver,GrabBike|GrabMart,2,Jakarta,0
USR006197,Promising,2024-12-12,20,6,203000.0,1863,Silver,GrabBike|GrabCar|GrabExpress|GrabFood,4,Bandung,0
USR006295,Promising,2024-12-28,4,3,171000.0,1586,Member,GrabCar|GrabMart,2,Medan,0
USR004499,At_Risk,2024-11-12,50,3,294000.0,3421,Silver,GrabExpress,1,Surabaya,1
USR001154,Champions,2024-12-29,3,29,930000.0,7954,Gold,GrabExpress|GrabBike|GrabMart,3,Surabaya,0
USR002255,Loyal,2024-12-03,29,8,309000.0,3472,Silver,GrabBike|GrabExpress|GrabCar,3,Jakarta,0
USR003170,Loyal,2024-12-14,18,13,776000.0,7678,Gold,GrabMart|GrabBike,2,Jakarta,0
USR007400,Promising,2024-12-21,11,5,119000.0,988,Member,GrabCar|GrabExpress,2,Jakarta,1
USR007158,Promising,2024-12-20,12,7,84000.0,912,Member,GrabBike,1,Bandung,0
USR003108,Loyal,2024-12-20,12,13,728000.0,6804,Gold,GrabBike,1,Bekasi,0
USR004548,At_Risk,2024-10-17,76,4,276000.0,2641,Silver,GrabExpress,1,Jakarta,0
USR005423,At_Risk,2024-11-09,53,2,136000.0,1145,Member,GrabBike|GrabExpress,2,Bandung,0
USR002049,Loyal,2024-12-20,12,10,553000.0,5306,Silver,GrabMart|GrabBike,2,Bandung,0
USR009208,Hibernating,2024-04-07,269,0,59000.0,555,Member,GrabFood,1,Bekasi,0
USR008815,Hibernating,2024-04-05,271,0,56000.0,524,Member,GrabBike|GrabCar|GrabFood,3,Surabaya,1
USR009797,Hibernating,2024-05-29,217,0,75000.0,845,Member,GrabExpress|GrabCar|GrabFood,3,Medan,0
USR000262,Champions,2024-12-20,12,21,1126000.0,9384,Gold,GrabCar|GrabBike|GrabExpress,3,Jakarta,0
USR004061,At_Risk,2024-10-28,65,4,286000.0,2738,Silver,GrabFood,1,Bekasi,0
USR005534,At_Risk,2024-10-21,72,2,125000.0,1441,Member,GrabBike|GrabMart,2,Jakarta,0
USR006616,Promising,2024-12-17,15,4,88000.0,823,Member,GrabExpress,1,Jakarta,0
USR008120,Hibernating,2024-08-14,140,0,48000.0,547,Member,GrabMart|GrabCar|GrabExpress,3,Surabaya,1
USR008155,Hibernating,2024-02-28,308,0,19000.0,189,Member,GrabCar|GrabFood,2,Bandung,1
USR001802,Loyal,2024-12-04,28,11,302000.0,2883,Silver,GrabMart|GrabCar,2,Jakarta,0
USR004736,At_Risk,2024-10-28,65,4,236000.0,2183,Silver,GrabMart,1,Surabaya,1
USR002385,Loyal,2024-12-16,16,9,764000.0,6671,Gold,GrabMart|GrabBike|GrabCar,3,Jakarta,0
USR006694,Promising,2024-12-18,14,7,114000.0,916,Member,GrabFood|GrabMart|GrabCar,3,Bekasi,1
USR005759,At_Risk,2024-10-24,69,5,157000.0,1284,Member,GrabMart|GrabFood,2,Jakarta,0
USR001959,Loyal,2024-12-17,15,10,644000.0,5899,Gold,GrabMart,1,Medan,0
USR002976,Loyal,2024-12-24,8,13,309000.0,2721,Silver,GrabCar,1,Bekasi,0
USR008680,Hibernating,2024-04-09,267,0,6000.0,66,Member,GrabCar|GrabMart,2,Jakarta,1
USR001843,Loyal,2024-12-10,22,10,329000.0,2847,Silver,GrabCar|GrabBike|GrabExpress|GrabMart,4,Jakarta,0
USR001734,Loyal,2024-12-09,23,8,423000.0,3767,Silver,GrabMart|GrabCar|GrabExpress,3,Medan,0
USR002911,Loyal,2024-12-11,21,11,338000.0,3585,Silver,GrabMart|GrabCar,2,Bandung,0
USR008338,Hibernating,2024-03-15,292,0,48000.0,441,Member,GrabCar,1,Jakarta,1
USR001986,Loyal,2024-12-20,12,10,555000.0,5201,Silver,GrabCar,1,Bekasi,0
USR009561,Hibernating,2024-05-15,231,0,14000.0,151,Member,GrabFood|GrabBike,2,Surabaya,1
USR006546,Promising,2024-12-25,7,6,209000.0,1899,Silver,GrabMart,1,Bekasi,0
USR007098,Promising,2024-12-28,4,3,170000.0,1971,Member,GrabMart|GrabCar|GrabFood,3,Medan,0
USR002811,Loyal,2024-12-09,23,9,601000.0,6958,Gold,GrabBike|GrabExpress|GrabFood,3,Surabaya,0
USR000659,Champions,2024-12-24,8,17,1217000.0,11881,Gold,GrabMart|GrabFood|GrabBike,3,Surabaya,0
USR002511,Loyal,2024-12-23,9,10,366000.0,3196,Silver,GrabExpress,1,Medan,1
USR004282,At_Risk,2024-10-21,72,2,315000.0,3411,Silver,GrabBike,1,Jakarta,0
USR009339,Hibernating,2024-06-29,186,0,9000.0,75,Member,GrabExpress|GrabBike,2,Bandung,1
USR008800,Hibernating,2024-02-17,319,0,78000.0,694,Member,GrabMart,1,Jakarta,0
USR006287,Promising,2024-12-16,16,3,139000.0,1214,Member,GrabFood,1,Bekasi,0
USR001930,Loyal,2024-12-03,29,10,775000.0,6465,Gold,GrabFood|GrabCar|GrabExpress,3,Jakarta,0
USR007125,Promising,2024-12-18,14,6,92000.0,816,Member,GrabCar|GrabMart|GrabBike|GrabFood,4,Bandung,0
USR000197,Champions,2024-12-31,1,19,2005000.0,23279,Platinum,GrabExpress|GrabMart|GrabCar,3,Jakarta,0
USR007777,Promising,2024-12-29,3,3,249000.0,2114,Silver,GrabBike|GrabFood,2,Bandung,1
USR002931,Loyal,2024-12-15,17,8,534000.0,6181,Silver,GrabExpress,1,Jakarta,0
USR008004,Hibernating,2024-03-24,283,0,64000.0,733,Member,GrabBike|GrabExpress,2,Jakarta,1
USR002327,Loyal,2024-12-05,27,12,788000.0,7290,Gold,GrabMart|GrabFood,2,Jakarta,0
USR004389,At_Risk,2024-11-03,59,3,139000.0,1321,Member,GrabCar|GrabExpress|GrabFood,3,Jakarta,0
USR008958,Hibernating,2024-07-30,155,0,2000.0,16,Member,GrabBike|GrabFood,2,Jakarta,0
USR004218,At_Risk,2024-10-07,86,4,265000.0,3000,Silver,GrabBike|GrabMart|GrabFood|GrabExpress,4,Jakarta,1
USR000202,Champions,2024-12-23,9,24,1233000.0,11595,Gold,GrabFood|GrabCar|GrabBike|GrabExpress,4,Bandung,0
USR003510,Loyal,2024-12-16,16,14,673000.0,8017,Gold,GrabExpress,1,Bekasi,0
USR004931,At_Risk,2024-11-02,60,3,149000.0,1327,Member,GrabCar|GrabExpress|GrabBike|GrabMart,4,Bekasi,1
USR005535,At_Risk,2024-10-11,82,5,302000.0,2539,Silver,GrabCar|GrabExpress|GrabBike,3,Bekasi,1
USR005791,At_Risk,2024-10-11,82,3,175000.0,1838,Member,GrabBike|GrabMart,2,Surabaya,1
USR001707,Loyal,2024-12-10,22,10,738000.0,6158,Gold,GrabExpress|GrabCar,2,Medan,0
USR005172,At_Risk,2024-11-04,58,4,251000.0,2685,Silver,GrabFood|GrabCar|GrabMart,3,Bandung,1
USR005249,At_Risk,2024-10-16,77,2,102000.0,1116,Member,GrabBike|GrabMart,2,Jakarta,1
USR006528,Promising,2024-12-17,15,5,88000.0,1049,Member,GrabMart|GrabBike|GrabCar,3,Bekasi,1
USR009848,Hibernating,2024-06-06,209,0,30000.0,327,Member,GrabCar,1,Jakarta,1
USR005855,At_Risk,2024-10-09,84,2,200000.0,2368,Member,GrabFood|GrabCar|GrabMart|GrabBike,4,Bekasi,0
USR008164,Hibernating,2024-09-02,121,0,20000.0,239,Member,GrabBike|GrabCar,2,Bekasi,1
USR000854,Champions,2024-12-21,11,29,1054000.0,9226,Gold,GrabFood|GrabMart|GrabExpress,3,Medan,0
USR004737,At_Risk,2024-10-12,81,5,292000.0,2407,Silver,GrabExpress|GrabCar|GrabFood|GrabBike,4,Jakarta,1
USR000698,Champions,2024-12-19,13,22,1307000.0,11514,Gold,GrabBike,1,Surabaya,0
USR003696,Loyal,2024-12-25,7,14,729000.0,5895,Gold,GrabCar|GrabExpress|GrabMart,3,Bandung,0
USR001636,Loyal,2024-12-21,11,13,589000.0,6298,Silver,GrabExpress,1,Bekasi,0
USR007280,Promising,2024-12-12,20,4,171000.0,1575,Member,GrabCar,1,Jakarta,0
USR007554,Promising,2024-12-14,18,6,179000.0,1670,Member,GrabFood,1,Jakarta,1
USR003581,Loyal,2024-12-25,7,13,486000.0,5091,Silver,GrabFood|GrabCar,2,Medan,0
USR001291,Champions,2024-12-24,8,17,2333000.0,25112,Platinum,GrabCar|GrabFood|GrabExpress|GrabMart,4,Surabaya,0
USR006585,Promising,2024-12-27,5,4,145000.0,1348,Member,GrabFood,1,Jakarta,0
USR001853,Loyal,2024-12-16,16,14,349000.0,2930,Silver,GrabMart|GrabFood|GrabExpress,3,Surabaya,0
USR005232,At_Risk,2024-10-16,77,4,114000.0,1067,Member,GrabMart,1,Surabaya,0
USR003763,Loyal,2024-12-13,19,9,510000.0,5321,Silver,GrabFood,1,Bandung,0
USR003304,Loyal,2024-12-17,15,10,385000.0,3882,Silver,GrabMart|GrabCar|GrabExpress,3,Jakarta,0
USR001495,Champions,2024-12-25,7,21,1175000.0,11204,Gold,GrabBike|GrabCar,2,Jakarta,1
USR007994,Promising,2024-12-16,16,3,106000.0,911,Member,GrabFood|GrabMart|GrabBike,3,Surabaya,0
USR001998,Loyal,2024-12-08,24,11,725000.0,8373,Gold,GrabCar|GrabBike,2,Surabaya,0
USR000663,Champions,2024-12-25,7,22,1446000.0,17311,Gold,GrabCar|GrabMart|GrabBike,3,Jakarta,0
USR003748,Loyal,2024-12-09,23,12,367000.0,3197,Silver,GrabCar|GrabFood|GrabExpress|GrabMart,4,Jakarta,0
USR004413,At_Risk,2024-10-12,81,3,191000.0,1924,Member,GrabFood|GrabBike|GrabMart,3,Medan,0
USR005530,At_Risk,2024-11-08,54,5,119000.0,1158,Member,GrabCar,1,Medan,0
USR005575,At_Risk,2024-10-08,85,2,280000.0,2493,Silver,GrabMart,1,Jakarta,1
USR008901,Hibernating,2024-04-30,246,0,19000.0,207,Member,GrabFood,1,Bandung,1
USR007526,Promising,2024-12-17,15,4,177000.0,2069,Member,GrabExpress|GrabCar|GrabFood|GrabMart,4,Jakarta,0
USR009474,Hibernating,2024-09-30,93,0,3000.0,33,Member,GrabExpress|GrabCar,2,Bekasi,1
USR005864,At_Risk,2024-11-14,48,4,278000.0,2327,Silver,GrabMart,1,Bandung,1
USR006776,Promising,2024-12-26,6,5,94000.0,949,Member,GrabMart,1,Jakarta,1
USR001306,Champions,2024-12-31,1,21,1649000.0,17530,Platinum,GrabExpress|GrabCar,2,Bekasi,0
USR007392,Promising,2024-12-25,7,3,140000.0,1415,Member,GrabExpress|GrabCar,2,Surabaya,1
USR005592,At_Risk,2024-11-01,61,4,325000.0,3003,Silver,GrabExpress,1,Surabaya,0
USR009721,Hibernating,2024-03-24,283,0,79000.0,641,Member,GrabBike,1,Surabaya,1
USR001663,Loyal,2024-12-22,10,14,720000.0,6056,Gold,GrabMart|GrabBike|GrabExpress,3,Jakarta,0
USR005450,At_Risk,2024-10-19,74,5,115000.0,1175,Member,GrabMart|GrabExpress,2,Bandung,0
USR009954,Hibernating,2024-06-03,212,0,40000.0,320,Member,GrabCar|GrabMart,2,Surabaya,1
USR003627,Loyal,2024-12-25,7,11,492000.0,5394,Silver,GrabBike|GrabExpress,2,Surabaya,0
USR002693,Loyal,2024-12-05,27,14,712000.0,6654,Gold,GrabMart|GrabExpress,2,Medan,0
USR009789,Hibernating,2024-02-26,310,0,53000.0,604,Member,GrabExpress|GrabMart|GrabFood|GrabBike,4,Bandung,0
USR005915,At_Risk,2024-10-08,85,3,174000.0,1831,Member,GrabFood|GrabExpress|GrabCar|GrabBike,4,Medan,0
USR003157,Loyal,2024-12-12,20,8,304000.0,2452,Silver,GrabBike|GrabMart,2,Bandung,0
USR006668,Promising,2024-12-20,12,7,151000.0,1644,Member,GrabMart|GrabExpress,2,Surabaya,0
USR001059,Champions,2024-12-21,11,16,1982000.0,20017,Platinum,GrabCar|GrabExpress|GrabBike|GrabMart,4,Medan,0
USR004636,At_Risk,2024-11-10,52,4,286000.0,2461,Silver,GrabExpress|GrabBike|GrabFood,3,Surabaya,1
USR003242,Loyal,2024-12-23,9,11,596000.0,5830,Silver,GrabCar,1,Jakarta,0
USR001678,Loyal,2024-12-15,17,8,319000.0,2945,Silver,GrabExpress|GrabCar,2,Jakarta,0
USR006892,Promising,2024-12-29,3,6,138000.0,1419,Member,GrabBike|GrabCar|GrabMart|GrabExpress,4,Bekasi,0
USR006374,Promising,2024-12-14,18,6,134000.0,1513,Member,GrabMart,1,Bandung,1
USR007574,Promising,2024-12-16,16,6,181000.0,2072,Member,GrabExpress|GrabBike,2,Jakarta,1
USR001757,Loyal,2024-12-22,10,13,421000.0,4656,Silver,GrabFood|GrabMart,2,Jakarta,0
USR006019,Promising,2024-12-14,18,5,247000.0,2144,Silver,GrabExpress,1,Jakarta,1
USR005116,At_Risk,2024-10-06,87,5,295000.0,3227,Silver,GrabBike|GrabCar,2,Jakarta,1
USR008755,Hibernating,2024-07-11,174,0,29000.0,343,Member,GrabMart|GrabFood,2,Surabaya,1
USR007408,Promising,2024-12-18,14,6,107000.0,1275,Member,GrabExpress|GrabMart,2,Bandung,0
USR002790,Loyal,2024-12-03,29,13,762000.0,8110,Gold,GrabBike,1,Bandung,0
USR000863,Champions,2024-12-20,12,15,827000.0,7741,Gold,GrabExpress|GrabFood|GrabMart,3,Bekasi,0
USR007858,Promising,2024-12-28,4,3,145000.0,1710,Member,GrabBike|GrabFood|GrabMart,3,Jakarta,0
USR001484,Champions,2024-12-23,9,20,1406000.0,11880,Gold,GrabCar|GrabFood|GrabMart,3,Jakarta,0
USR007035,Promising,2024-12-15,17,3,143000.0,1652,Member,GrabCar|GrabMart|GrabBike,3,Bekasi,1
USR007721,Promising,2024-12-22,10,5,111000.0,1118,Member,GrabMart|GrabBike,2,Bekasi,0
USR005977,At_Risk,2024-10-11,82,5,104000.0,922,Member,GrabExpress|GrabFood,2,Surabaya,0
USR005134,At_Risk,2024-10-09,84,5,262000.0,2891,Silver,GrabExpress|GrabMart,2,Jakarta,0
USR000206,Champions,2024-12-25,7,27,844000.0,8108,Gold,GrabCar|GrabMart,2,Medan,0
USR004488,At_Risk,2024-11-04,58,5,279000.0,3341,Silver,GrabFood|GrabCar|GrabBike,3,Medan,1
USR006938,Promising,2024-12-22,10,6,198000.0,1870,Member,GrabMart,1,Jakarta,1
USR009062,Hibernating,2024-09-06,117,0,20000.0,187,Member,GrabCar,1,Bekasi,1
USR006910,Promising,2024-12-14,18,4,206000.0,2397,Silver,GrabExpress,1,Bekasi,0
USR000502,Champions,2024-12-31,1,21,1417000.0,11475,Gold,GrabBike|GrabCar|GrabFood,3,Bekasi,0
USR007385,Promising,2024-12-14,18,4,230000.0,1898,Silver,GrabExpress|GrabBike|GrabMart,3,Medan,0
USR001028,Champions,2024-12-20,12,26,1269000.0,10839,Gold,GrabCar|GrabMart|GrabBike,3,Bandung,0
USR003840,Loyal,2024-12-23,9,12,610000.0,7172,Gold,GrabBike|GrabMart|GrabFood,3,Jakarta,0
USR008110,Hibernating,2024-09-21,102,0,4000.0,40,Member,GrabMart|GrabFood|GrabCar|GrabBike,4,Jakarta,1
USR005056,At_Risk,2024-11-05,57,4,275000.0,2720,Silver,GrabExpress|GrabCar|GrabBike,3,Jakarta,1
USR009762,Hibernating,2024-03-25,282,0,32000.0,316,Member,GrabBike|GrabFood|GrabCar|GrabExpress,4,Jakarta,1
USR008154,Hibernating,2024-08-10,144,0,50000.0,497,Member,GrabCar,1,Bekasi,1
USR002731,Loyal,2024-12-21,11,14,734000.0,6293,Gold,GrabCar|GrabFood|GrabExpress|GrabBike,4,Surabaya,0
USR008996,Hibernating,2024-03-20,287,0,38000.0,413,Member,GrabMart,1,Bekasi,1
USR002454,Loyal,2024-12-15,17,9,452000.0,5166,Silver,GrabCar|GrabBike|GrabMart|GrabFood,4,Bandung,0
USR007215,Promising,2024-12-16,16,7,136000.0,1359,Member,GrabCar|GrabFood|GrabBike,3,Medan,0
USR003104,Loyal,2024-12-05,27,10,306000.0,3658,Silver,GrabCar,1,Bekasi,0
USR008392,Hibernating,2024-02-27,309,0,70000.0,730,Member,GrabBike,1,Bandung,1
USR006278,Promising,2024-12-19,13,7,85000.0,808,Member,GrabCar,1,Jakarta,0
USR003099,Loyal,2024-12-07,25,12,319000.0,2790,Silver,GrabFood|GrabMart,2,Surabaya,0
USR006184,Promising,2024-12-22,10,5,91000.0,968,Member,GrabMart,1,Jakarta,0
USR003561,Loyal,2024-12-09,23,12,420000.0,4511,Silver,GrabCar|GrabBike|GrabExpress,3,Jakarta,0
USR005892,At_Risk,2024-11-10,52,2,179000.0,1852,Member,GrabCar,1,Jakarta,1
USR000391,Champions,2024-12-25,7,26,2284000.0,21272,Platinum,GrabExpress|GrabMart,2,Bekasi,0
USR006736,Promising,2024-12-21,11,7,197000.0,1727,Member,GrabCar|GrabFood|GrabExpress,3,Bekasi,1
USR005618,At_Risk,2024-10-18,75,2,277000.0,2696,Silver,GrabExpress|GrabBike|GrabCar,3,Medan,0
USR005258,At_Risk,2024-10-19,74,5,104000.0,1022,Member,GrabExpress,1,Bekasi,0
USR009687,Hibernating,2024-07-26,159,0,69000.0,698,Member,GrabMart|GrabFood,2,Bandung,1
USR002695,Loyal,2024-12-16,16,13,742000.0,7936,Gold,GrabMart|GrabCar,2,Jakarta,1
USR002027,Loyal,2024-12-09,23,14,515000.0,4314,Silver,GrabBike|GrabFood,2,Surabaya,0
USR005463,At_Risk,2024-10-12,81,2,316000.0,3258,Silver,GrabFood|GrabBike|GrabExpress|GrabMart,4,Bekasi,1
USR002568,Loyal,2024-12-14,18,13,683000.0,6919,Gold,GrabCar,1,Jakarta,0
USR008006,Hibernating,2024-05-16,230,0,18000.0,180,Member,GrabCar|GrabMart|GrabExpress,3,Jakarta,1
USR000064,Champions,2024-12-25,7,16,1785000.0,17910,Platinum,GrabFood|GrabExpress|GrabMart,3,Jakarta,0
USR002062,Loyal,2024-12-14,18,13,615000.0,6414,Gold,GrabExpress|GrabFood|GrabMart,3,Jakarta,0
USR005276,At_Risk,2024-10-06,87,3,194000.0,1633,Member,GrabCar|GrabExpress,2,Jakarta,0
USR007208,Promising,2024-12-14,18,5,89000.0,947,Member,GrabExpress,1,Bandung,0
USR008684,Hibernating,2024-09-27,96,0,7000.0,79,Member,GrabBike,1,Jakarta,1
USR008571,Hibernating,2024-09-18,105,0,54000.0,447,Member,GrabBike,1,Bekasi,0
USR006331,Promising,2024-12-12,20,4,209000.0,1884,Silver,GrabFood,1,Jakarta,1
USR004859,At_Risk,2024-11-10,52,2,320000.0,3090,Silver,GrabBike,1,Jakarta,0
USR004887,At_Risk,2024-11-06,56,2,274000.0,2668,Silver,GrabExpress|GrabCar|GrabFood,3,Surabaya,0
USR009268,Hibernating,2024-09-30,93,0,38000.0,341,Member,GrabExpress|GrabMart,2,Bekasi,1
USR000878,Champions,2024-12-19,13,26,1211000.0,10350,Gold,GrabMart|GrabExpress|GrabCar,3,Bekasi,0
USR008529,Hibernating,2024-06-25,190,0,6000.0,67,Member,GrabMart,1,Jakarta,1
USR007916,Promising,2024-12-18,14,3,110000.0,1199,Member,GrabCar|GrabFood|GrabMart,3,Jakarta,0
USR006863,Promising,2024-12-13,19,4,132000.0,1080,Member,GrabMart,1,Medan,1
USR007892,Promising,2024-12-12,20,4,88000.0,919,Member,GrabMart,1,Jakarta,0
USR006439,Promising,2024-12-23,9,5,186000.0,2154,Member,GrabMart|GrabCar,2,Jakarta,1
USR007869,Promising,2024-12-19,13,7,209000.0,2229,Silver,GrabBike|GrabCar,2,Surabaya,0
USR001016,Champions,2024-12-19,13,24,868000.0,9866,Gold,GrabMart|GrabBike|GrabCar,3,Jakarta,0
USR009467,Hibernating,2024-07-16,169,0,47000.0,559,Member,GrabMart|GrabCar,2,Bandung,1
USR007629,Promising,2024-12-15,17,5,133000.0,1434,Member,GrabBike|GrabMart|GrabExpress|GrabCar,4,Medan,1
USR000995,Champions,2024-12-31,1,22,1384000.0,16399,Gold,GrabFood|GrabCar,2,Surabaya,0
USR004297,At_Risk,2024-11-16,46,4,223000.0,2021,Silver,GrabBike|GrabExpress|GrabMart,3,Medan,0
USR000161,Champions,2024-12-22,10,29,1584000.0,14640,Platinum,GrabExpress|GrabMart|GrabFood,3,Jakarta,0
USR005675,At_Risk,2024-10-14,79,4,185000.0,1514,Member,GrabFood,1,Jakarta,0
USR006873,Promising,2024-12-18,14,6,156000.0,1645,Member,GrabCar,1,Medan,0
USR009692,Hibernating,2024-09-30,93,0,64000.0,702,Member,GrabFood|GrabCar,2,Jakarta,1
USR007989,Promising,2024-12-26,6,7,133000.0,1322,Member,GrabBike|GrabExpress|GrabCar|GrabMart,4,Jakarta,0
USR003843,Loyal,2024-12-21,11,12,733000.0,6580,Gold,GrabMart,1,Jakarta,0
USR001021,Champions,2024-12-26,6,21,1133000.0,11287,Gold,GrabExpress|GrabFood|GrabCar,3,Bekasi,0
USR003073,Loyal,2024-12-15,17,13,708000.0,7557,Gold,GrabMart|GrabBike|GrabFood|GrabCar,4,Bandung,0
USR007555,Promising,2024-12-26,6,6,159000.0,1376,Member,GrabExpress,1,Bekasi,1
USR003943,Loyal,2024-12-20,12,8,343000.0,2818,Silver,GrabExpress,1,Jakarta,0
USR001585,Loyal,2024-12-04,28,8,304000.0,2613,Silver,GrabBike|GrabCar,2,Surabaya,0
USR003152,Loyal,2024-12-21,11,13,610000.0,6409,Gold,GrabCar,1,Jakarta,0
USR008226,Hibernating,2024-07-05,180,0,64000.0,614,Member,GrabMart,1,Bandung,1
USR000775,Champions,2024-12-22,10,29,2130000.0,18085,Platinum,GrabCar|GrabExpress,2,Surabaya,0
USR009670,Hibernating,2024-08-12,142,0,6000.0,59,Member,GrabFood|GrabMart,2,Medan,1
USR007099,Promising,2024-12-15,17,4,208000.0,2019,Silver,GrabCar|GrabMart|GrabExpress|GrabBike,4,Jakarta,1
USR005486,At_Risk,2024-11-08,54,3,152000.0,1459,Member,GrabFood|GrabBike|GrabMart,3,Bekasi,1
USR006235,Promising,2024-12-25,7,7,219000.0,2296,Silver,GrabExpress|GrabFood,2,Jakarta,0
USR009555,Hibernating,2024-02-25,311,0,33000.0,381,Member,GrabExpress,1,Bandung,1
USR007041,Promising,2024-12-15,17,4,226000.0,2175,Silver,GrabExpress,1,Jakarta,1
USR002612,Loyal,2024-12-03,29,8,337000.0,3171,Silver,GrabExpress|GrabMart,2,Bandung,0
USR007513,Promising,2024-12-21,11,7,249000.0,2358,Silver,GrabMart|GrabExpress|GrabBike,3,Bekasi,0
USR008433,Hibernating,2024-05-18,228,0,20000.0,180,Member,GrabFood|GrabExpress|GrabBike,3,Jakarta,1
USR008792,Hibernating,2024-07-05,180,0,9000.0,89,Member,GrabMart|GrabBike,2,Jakarta,0
USR005393,At_Risk,2024-11-12,50,3,228000.0,2675,Silver,GrabCar,1,Jakarta,1
USR008838,Hibernating,2024-06-13,202,0,6000.0,63,Member,GrabCar|GrabFood,2,Surabaya,1
USR003890,Loyal,2024-12-07,25,14,365000.0,4015,Silver,GrabMart|GrabBike,2,Jakarta,0
USR003556,Loyal,2024-12-20,12,12,763000.0,8394,Gold,GrabMart|GrabFood,2,Medan,0
USR001528,Loyal,2024-12-05,27,11,306000.0,3543,Silver,GrabBike|GrabMart,2,Jakarta,0
USR001267,Champions,2024-12-25,7,25,1466000.0,13775,Gold,GrabCar|GrabExpress|GrabMart,3,Jakarta,0
USR007734,Promising,2024-12-21,11,6,94000.0,810,Member,GrabBike|GrabExpress,2,Bandung,1
USR001899,Loyal,2024-12-11,21,8,784000.0,7341,Gold,GrabFood,1,Jakarta,0
USR004658,At_Risk,2024-10-17,76,3,113000.0,1210,Member,GrabFood|GrabMart|GrabExpress,3,Jakarta,1
USR003005,Loyal,2024-12-06,26,11,724000.0,7732,Gold,GrabCar,1,Bandung,0
USR002734,Loyal,2024-12-03,29,12,573000.0,5012,Silver,GrabCar,1,Jakarta,0
USR000189,Champions,2024-12-27,5,23,1206000.0,13228,Gold,GrabBike|GrabExpress|GrabCar,3,Jakarta,0
USR009167,Hibernating,2024-04-28,248,0,30000.0,245,Member,GrabCar|GrabExpress,2,Surabaya,1
USR002747,Loyal,2024-12-16,16,14,516000.0,5238,Silver,GrabExpress|GrabMart,2,Bandung,0
USR002047,Loyal,2024-12-11,21,8,320000.0,3224,Silver,GrabExpress,1,Surabaya,0
USR007849,Promising,2024-12-26,6,5,249000.0,2954,Silver,GrabFood|GrabMart|GrabBike,3,Jakarta,0
USR002558,Loyal,2024-12-06,26,9,431000.0,4680,Silver,GrabMart|GrabCar|GrabExpress,3,Medan,0
USR009274,Hibernating,2024-06-28,187,0,5000.0,51,Member,GrabExpress,1,Jakarta,1
USR008666,Hibernating,2024-09-26,97,0,66000.0,754,Member,GrabBike|GrabCar,2,Surabaya,1
USR006396,Promising,2024-12-13,19,6,99000.0,916,Member,GrabBike,1,Jakarta,0
USR003385,Loyal,2024-12-03,29,11,413000.0,3820,Silver,GrabCar,1,Surabaya,0
USR004555,At_Risk,2024-10-22,71,5,163000.0,1648,Member,GrabExpress,1,Bandung,1
USR001184,Champions,2024-12-19,13,23,1955000.0,22993,Platinum,GrabCar|GrabExpress|GrabBike,3,Medan,0
USR006420,Promising,2024-12-20,12,3,100000.0,1192,Member,GrabCar|GrabBike|GrabFood|GrabMart,4,Jakarta,0
USR005051,At_Risk,2024-11-09,53,4,298000.0,2589,Silver,GrabCar|GrabMart,2,Bekasi,0
USR005311,At_Risk,2024-10-06,87,5,348000.0,3086,Silver,GrabCar|GrabBike|GrabExpress,3,Jakarta,1
USR002433,Loyal,2024-12-07,25,11,429000.0,4069,Silver,GrabCar|GrabMart|GrabFood,3,Jakarta,0
USR006949,Promising,2024-12-21,11,4,241000.0,1945,Silver,GrabMart,1,Jakarta,0
USR000769,Champions,2024-12-25,7,15,2467000.0,28887,Platinum,GrabExpress|GrabFood|GrabBike,3,Jakarta,0
USR001685,Loyal,2024-12-25,7,10,772000.0,8410,Gold,GrabExpress|GrabBike,2,Jakarta,0
USR008322,Hibernating,2024-02-05,331,0,78000.0,852,Member,GrabFood,1,Medan,0
USR005578,At_Risk,2024-11-08,54,2,207000.0,2028,Silver,GrabExpress|GrabMart|GrabBike|GrabCar,4,Bekasi,1
USR004426,At_Risk,2024-11-08,54,4,287000.0,2652,Silver,GrabExpress|GrabCar,2,Jakarta,1
USR000466,Champions,2024-12-22,10,18,1442000.0,14391,Gold,GrabExpress|GrabCar,2,Jakarta,0
USR006265,Promising,2024-12-28,4,6,170000.0,1585,Member,GrabMart,1,Bekasi,1
USR005734,At_Risk,2024-11-08,54,2,293000.0,2926,Silver,GrabMart|GrabExpress,2,Bandung,0
USR005191,At_Risk,2024-10-11,82,2,283000.0,3013,Silver,GrabFood|GrabExpress,2,Jakarta,1
USR005390,At_Risk,2024-10-20,73,4,317000.0,3641,Silver,GrabBike|GrabMart|GrabExpress,3,Jakarta,1
USR000860,Champions,2024-12-26,6,15,2056000.0,19797,Platinum,GrabMart|GrabFood|GrabExpress,3,Medan,0
USR007270,Promising,2024-12-27,5,3,236000.0,2819,Silver,GrabBike|GrabFood|GrabMart,3,Jakarta,0
